# https://github.com/mikedh/trimesh
v -0.16409826 -0.64062500 0.03125000
v -0.16406250 -0.64077297 0.03125000
v -0.16406250 -0.64062500 0.03101861
v -0.16413337 -0.64062500 0.03906250
v -0.16406250 -0.64085186 0.03906250
v -0.16406250 -0.64062500 0.03948474
v -0.16406250 -0.64027777 0.03125000
v -0.16406250 -0.63281250 0.03871524
v -0.16412991 -0.63281250 0.03906250
v -0.16406250 -0.63323474 0.04687500
v -0.16414595 -0.63281250 0.04687500
v -0.16406250 -0.63281250 0.04782140
v -0.16411978 -0.62500000 0.03906250
v -0.16406250 -0.62500000 0.03885698
v -0.16413397 -0.62500000 0.04687500
v -0.16406250 -0.62594640 0.05468750
v -0.16413432 -0.62500000 0.05468750
v -0.16406250 -0.62500000 0.05470669
v -0.16410476 -0.61718750 0.03906250
v -0.16406250 -0.61718750 0.03885818
v -0.16411954 -0.61718750 0.04687500
v -0.16409904 -0.61718750 0.05468750
v -0.16406250 -0.61718750 0.05470300
v -0.16409546 -0.60937500 0.03906250
v -0.16406250 -0.60937500 0.03887069
v -0.16410482 -0.60937500 0.04687500
v -0.16406250 -0.60937500 0.04920828
v -0.16406250 -0.61539233 0.05468750
v -0.16406250 -0.60912535 0.03906250
v -0.16406250 -0.60339835 0.04687500
v -0.15628201 -0.65625000 0.02343750
v -0.15625000 -0.65629020 0.02343750
v -0.15625000 -0.65625000 0.02320790
v -0.15629441 -0.65625000 0.03125000
v -0.15625000 -0.65632138 0.03125000
v -0.15631199 -0.65625000 0.03906250
v -0.15625000 -0.65636307 0.03906250
v -0.15625000 -0.65625000 0.03930688
v -0.15627509 -0.64843750 0.00000000
v -0.15625000 -0.64870501 0.00000000
v -0.15625000 -0.64843750 -0.00008845
v -0.15627950 -0.64843750 0.00781250
v -0.15625000 -0.64865425 0.00781250
v -0.15628934 -0.64843750 0.01562500
v -0.15625000 -0.64866710 0.01562500
v -0.15632373 -0.64843750 0.02343750
v -0.15639794 -0.64843750 0.03125000
v -0.15647686 -0.64843750 0.03906250
v -0.15625000 -0.64868182 0.04687500
v -0.15633345 -0.64843750 0.04687500
v -0.15625000 -0.64843750 0.04752386
v -0.15628165 -0.64062500 0.00000000
v -0.15625000 -0.64062500 -0.00014782
v -0.15628558 -0.64062500 0.00781250
v -0.15629554 -0.64062500 0.01562500
v -0.15648144 -0.64062500 0.02343750
v -0.15667224 -0.64062500 0.04687500
v -0.15625000 -0.64127389 0.05468750
v -0.15633225 -0.64062500 0.05468750
v -0.15625000 -0.64062500 0.05470395
v -0.15627325 -0.63281250 0.00000000
v -0.15625000 -0.63281250 -0.00004619
v -0.15627694 -0.63281250 0.00781250
v -0.15628767 -0.63281250 0.01562500
v -0.15633440 -0.63281250 0.02343750
v -0.15659726 -0.63281250 0.03125000
v -0.15719640 -0.63281250 0.05468750
v -0.15625000 -0.63281250 0.05470753
v -0.15625000 -0.63273373 0.00000000
v -0.15625000 -0.63266081 0.00781250
v -0.15625000 -0.62500000 0.01547337
v -0.15628946 -0.62500000 0.01562500
v -0.15633047 -0.62500000 0.02343750
v -0.15645552 -0.62500000 0.03125000
v -0.15625000 -0.62500000 0.05471802
v -0.15629095 -0.61718750 0.01562500
v -0.15625000 -0.61718750 0.01545644
v -0.15633440 -0.61718750 0.02343750
v -0.15645438 -0.61718750 0.03125000
v -0.15625000 -0.61718750 0.05472589
v -0.15628809 -0.60937500 0.01562500
v -0.15625000 -0.60937500 0.01551223
v -0.15632981 -0.60937500 0.02343750
v -0.15644181 -0.60937500 0.03125000
v -0.15858328 -0.60937500 0.05468750
v -0.15625000 -0.60937500 0.05473220
v -0.15625000 -0.60875225 0.01562500
v -0.15625000 -0.60156250 0.02281475
v -0.15630090 -0.60156250 0.02343750
v -0.15633833 -0.60156250 0.03125000
v -0.15649968 -0.60156250 0.03906250
v -0.16222668 -0.60156250 0.04687500
v -0.15638530 -0.60156250 0.05468750
v -0.15625000 -0.60156250 0.05473411
v -0.15627873 -0.59375000 0.02343750
v -0.15625000 -0.59375000 0.02330780
v -0.15629113 -0.59375000 0.03125000
v -0.15634513 -0.59375000 0.03906250
v -0.15637243 -0.59375000 0.04687500
v -0.15626723 -0.59375000 0.05468750
v -0.15625000 -0.59375000 0.05470645
v -0.15625000 -0.59365126 0.02343750
v -0.15625000 -0.59322512 0.03125000
v -0.15625000 -0.58593750 0.03853762
v -0.15628284 -0.58593750 0.03906250
v -0.15627873 -0.58593750 0.04687500
v -0.15625000 -0.58593750 0.04704380
v -0.15625000 -0.59366420 0.05468750
v -0.15625000 -0.58547547 0.03906250
v -0.15625000 -0.58582389 0.04687500
v -0.14870501 -0.65625000 0.00000000
v -0.14843750 -0.65630862 0.00000000
v -0.14843750 -0.65625000 -0.00010175
v -0.14865428 -0.65625000 0.00781250
v -0.14843750 -0.65629742 0.00781250
v -0.14866710 -0.65625000 0.01562500
v -0.14843750 -0.65631598 0.01562500
v -0.14843750 -0.65634683 0.02343750
v -0.14843750 -0.65633574 0.03125000
v -0.14843750 -0.65634033 0.03906250
v -0.14843750 -0.65625000 0.03920007
v -0.14852595 -0.64843750 -0.00781250
v -0.14843750 -0.64853925 -0.00781250
v -0.14843750 -0.64843750 -0.00783783
v -0.14843750 -0.64857510 0.04687500
v -0.14908642 -0.64843750 0.05468750
v -0.14843750 -0.64849088 0.05468750
v -0.14843750 -0.64843750 0.05470741
v -0.14858532 -0.64062500 -0.00781250
v -0.14843750 -0.64062500 -0.00784791
v -0.14843750 -0.64062500 0.05470932
v -0.14848369 -0.63281250 -0.00781250
v -0.14843750 -0.63281250 -0.00783980
v -0.14843750 -0.63281250 0.05471945
v -0.14843750 -0.63192981 -0.00781250
v -0.14851630 -0.62500000 0.00000000
v -0.14843750 -0.62500000 -0.00088269
v -0.14858919 -0.62500000 0.00781250
v -0.14843750 -0.62500000 0.05477333
v -0.14850307 -0.61718750 0.00000000
v -0.14843750 -0.61718750 -0.00008601
v -0.14860612 -0.61718750 0.00781250
v -0.14843750 -0.61718750 0.05486190
v -0.14848262 -0.60937500 0.00000000
v -0.14843750 -0.60937500 -0.00005424
v -0.14855033 -0.60937500 0.00781250
v -0.14843750 -0.60937500 0.05490935
v -0.14846885 -0.60156250 0.00000000
v -0.14843750 -0.60156250 -0.00004083
v -0.14849359 -0.60156250 0.00781250
v -0.14906025 -0.60156250 0.01562500
v -0.14843750 -0.60156250 0.05496645
v -0.14843750 -0.60113370 0.00000000
v -0.14843750 -0.59375000 0.00738370
v -0.14847738 -0.59375000 0.00781250
v -0.14856714 -0.59375000 0.01562500
v -0.14843750 -0.59375000 0.05539954
v -0.14843750 -0.59321460 0.00781250
v -0.14843750 -0.58593750 0.01508963
v -0.14848304 -0.58593750 0.01562500
v -0.14853626 -0.58593750 0.02343750
v -0.14896238 -0.58593750 0.03125000
v -0.14860624 -0.58593750 0.05468750
v -0.14843750 -0.58593750 0.05490148
v -0.14846104 -0.57812500 0.01562500
v -0.14843750 -0.57812500 0.01539826
v -0.14846963 -0.57812500 0.02343750
v -0.14849877 -0.57812500 0.03125000
v -0.14889950 -0.57812500 0.03906250
v -0.14855111 -0.57812500 0.04687500
v -0.14847457 -0.57812500 0.05468750
v -0.14843750 -0.57812500 0.05475760
v -0.14843750 -0.57799894 0.01562500
v -0.14843750 -0.57031250 0.02339637
v -0.14844364 -0.57031250 0.02343750
v -0.14846385 -0.57031250 0.03125000
v -0.14847451 -0.57031250 0.03906250
v -0.14846504 -0.57031250 0.04687500
v -0.14845586 -0.57031250 0.05468750
v -0.14843750 -0.57031250 0.05472541
v -0.14843750 -0.57029220 0.02343750
v -0.14843750 -0.56921697 0.03125000
v -0.14843750 -0.56250000 0.03796697
v -0.14845592 -0.56250000 0.03906250
v -0.14843750 -0.56250000 0.04016900
v -0.14843750 -0.56920597 0.04687500
v -0.14843750 -0.57025227 0.05468750
v -0.14843750 -0.56244874 0.03906250
v -0.14062500 -0.65633246 0.00000000
v -0.14062500 -0.65625000 -0.00007313
v -0.14062500 -0.65631500 0.00781250
v -0.14062500 -0.65627733 0.01562500
v -0.14804584 -0.65625000 0.02343750
v -0.14062500 -0.65625000 0.01584315
v -0.14832336 -0.65625000 0.03125000
v -0.14836174 -0.65625000 0.03906250
v -0.14062500 -0.64851063 -0.00781250
v -0.14062500 -0.64843750 -0.00783378
v -0.14062500 -0.64882916 0.02343750
v -0.14062500 -0.64855161 0.03125000
v -0.14062500 -0.64851326 0.03906250
v -0.14804089 -0.64843750 0.04687500
v -0.14062500 -0.64843750 0.03945911
v -0.14834410 -0.64843750 0.05468750
v -0.14062500 -0.64062500 -0.00784743
v -0.14062500 -0.64102161 0.04687500
v -0.14062500 -0.64071843 0.05468750
v -0.14062500 -0.64062500 0.05471158
v -0.14062500 -0.63281250 -0.00787997
v -0.14062500 -0.63281250 0.05474138
v -0.14150769 -0.62500000 -0.00781250
v -0.14062500 -0.62500000 -0.00786608
v -0.14062500 -0.62500000 0.05515218
v -0.14071101 -0.61718750 -0.00781250
v -0.14062500 -0.61718750 -0.00784922
v -0.14062500 -0.61718750 0.05632663
v -0.14067924 -0.60937500 -0.00781250
v -0.14062500 -0.60937500 -0.00783765
v -0.14062500 -0.60937500 0.05707800
v -0.14062500 -0.60894012 -0.00781250
v -0.14062500 -0.60156250 -0.00043488
v -0.14062500 -0.60156250 0.05985355
v -0.14105380 -0.59375000 0.00000000
v -0.14062500 -0.59375000 -0.00010717
v -0.14062500 -0.59891602 0.06250000
v -0.14133710 -0.59375000 0.06250000
v -0.14062500 -0.59375000 0.06251824
v -0.14075279 -0.58593750 0.00000000
v -0.14062500 -0.58593750 -0.00008059
v -0.14116043 -0.58593750 0.00781250
v -0.14083904 -0.58593750 0.06250000
v -0.14062500 -0.58593750 0.06253433
v -0.14073139 -0.57812500 0.00000000
v -0.14062500 -0.57812500 -0.00006586
v -0.14085168 -0.57812500 0.00781250
v -0.14069515 -0.57812500 0.06250000
v -0.14062500 -0.57812500 0.06254113
v -0.14073223 -0.57031250 0.00000000
v -0.14062500 -0.57031250 -0.00006312
v -0.14074785 -0.57031250 0.00781250
v -0.14075106 -0.57031250 0.01562500
v -0.14066297 -0.57031250 0.06250000
v -0.14062500 -0.57031250 0.06253231
v -0.14067578 -0.56250000 0.00000000
v -0.14062500 -0.56250000 -0.00006145
v -0.14067107 -0.56250000 0.00781250
v -0.14066499 -0.56250000 0.01562500
v -0.14068753 -0.56250000 0.02343750
v -0.14172053 -0.56250000 0.03125000
v -0.14173156 -0.56250000 0.04687500
v -0.14068526 -0.56250000 0.05468750
v -0.14062500 -0.56250000 0.05847895
v -0.14062500 -0.56652108 0.06250000
v -0.14065546 -0.55468750 0.00000000
v -0.14062500 -0.55468750 -0.00005913
v -0.14065343 -0.55468750 0.00781250
v -0.14065015 -0.55468750 0.01562500
v -0.14065444 -0.55468750 0.02343750
v -0.14067578 -0.55468750 0.03125000
v -0.14067626 -0.55468750 0.03906250
v -0.14066285 -0.55468750 0.04687500
v -0.14064878 -0.55468750 0.05468750
v -0.14062500 -0.55468750 0.05479920
v -0.14064699 -0.54687500 0.00000000
v -0.14062500 -0.54687500 -0.00004530
v -0.14064574 -0.54687500 0.00781250
v -0.14064425 -0.54687500 0.01562500
v -0.14064568 -0.54687500 0.02343750
v -0.14064920 -0.54687500 0.03125000
v -0.14064872 -0.54687500 0.03906250
v -0.14064544 -0.54687500 0.04687500
v -0.14062500 -0.54687500 0.04737329
v -0.14062500 -0.55418926 0.05468750
v -0.14062500 -0.54653773 0.00000000
v -0.14062500 -0.54668012 0.00781250
v -0.14062500 -0.54674056 0.01562500
v -0.14062500 -0.54673415 0.02343750
v -0.14062500 -0.54668328 0.03125000
v -0.14062500 -0.54671472 0.03906250
v -0.14062500 -0.54679993 0.04687500
v -0.14066768 -0.17968750 0.00000000
v -0.14062500 -0.17978454 0.00000000
v -0.14062500 -0.17968750 -0.00007236
v -0.14067203 -0.17968750 0.00781250
v -0.14062500 -0.17982543 0.00781250
v -0.14067602 -0.17968750 0.01562500
v -0.14062500 -0.17987889 0.01562500
v -0.14067394 -0.17968750 0.02343750
v -0.14062500 -0.17989761 0.02343750
v -0.14065987 -0.17968750 0.03125000
v -0.14062500 -0.17981404 0.03125000
v -0.14062500 -0.17968750 0.03157675
v -0.14071661 -0.17187500 0.00000000
v -0.14062500 -0.17187500 -0.00013489
v -0.14073449 -0.17187500 0.00781250
v -0.14072305 -0.17187500 0.01562500
v -0.14071590 -0.17187500 0.02343750
v -0.14069027 -0.17187500 0.03125000
v -0.14062500 -0.17220175 0.03906250
v -0.14066589 -0.17187500 0.03906250
v -0.14062500 -0.17187500 0.03947663
v -0.14075232 -0.16406250 0.00000000
v -0.14062500 -0.16406250 -0.00011402
v -0.14085090 -0.16406250 0.00781250
v -0.14081001 -0.16406250 0.01562500
v -0.14075243 -0.16406250 0.02343750
v -0.14069891 -0.16406250 0.03125000
v -0.14066571 -0.16406250 0.03906250
v -0.14062500 -0.16406250 0.03921783
v -0.14062500 -0.16373914 0.00000000
v -0.14062500 -0.15625000 0.00748909
v -0.14068162 -0.15625000 0.00781250
v -0.14068902 -0.15625000 0.01562500
v -0.14067858 -0.15625000 0.02343750
v -0.14062500 -0.15625000 0.02364874
v -0.14062500 -0.16385120 0.03125000
v -0.14062500 -0.16398203 0.03906250
v -0.14062500 -0.15619481 0.00781250
v -0.14062500 -0.15617657 0.01562500
v -0.14062500 -0.15620762 0.02343750
v -0.14054823 -0.65625000 0.00000000
v -0.14056814 -0.65625000 0.00781250
v -0.14060342 -0.65625000 0.01562500
v -0.14054149 -0.64843750 -0.00781250
v -0.13281250 -0.64843750 -0.00008351
v -0.13281250 -0.64851424 0.00000000
v -0.13281250 -0.64849439 0.00781250
v -0.14028519 -0.64843750 0.01562500
v -0.13281250 -0.64843750 0.00815225
v -0.14051676 -0.64843750 0.02343750
v -0.14056408 -0.64843750 0.03125000
v -0.14058077 -0.64843750 0.03906250
v -0.13281250 -0.64070851 -0.00781250
v -0.13281250 -0.64062500 -0.00783259
v -0.13281250 -0.64096481 0.01562500
v -0.13281250 -0.64073324 0.02343750
v -0.13281250 -0.64068592 0.03125000
v -0.14014655 -0.64062500 0.03906250
v -0.13281250 -0.64062500 0.03172851
v -0.14047092 -0.64062500 0.04687500
v -0.14056158 -0.64062500 0.05468750
v -0.13281250 -0.63281250 -0.00784820
v -0.13281250 -0.63329095 0.03906250
v -0.13281250 -0.63296658 0.04687500
v -0.13281250 -0.63286769 0.05468750
v -0.13281250 -0.63281250 0.05472338
v -0.13281250 -0.62500000 -0.00791365
v -0.13281250 -0.62500000 0.05478263
v -0.13281250 -0.61718750 -0.00790054
v -0.13281250 -0.61718750 0.05492747
v -0.13281250 -0.60937500 -0.00788271
v -0.13281250 -0.60937500 0.05533445
v -0.13324738 -0.60156250 -0.00781250
v -0.13281250 -0.60156250 -0.00785869
v -0.13281250 -0.60220942 0.06250000
v -0.13797849 -0.60156250 0.06250000
v -0.13281250 -0.60156250 0.06251514
v -0.13291967 -0.59375000 -0.00781250
v -0.13281250 -0.59375000 -0.00784904
v -0.13281250 -0.59375000 0.06252658
v -0.13289309 -0.58593750 -0.00781250
v -0.13281250 -0.58593750 -0.00784659
v -0.13281250 -0.58593750 0.06261420
v -0.13287836 -0.57812500 -0.00781250
v -0.13281250 -0.57812500 -0.00784594
v -0.13281250 -0.57812500 0.06341803
v -0.13287562 -0.57031250 -0.00781250
v -0.13281250 -0.57031250 -0.00784403
v -0.13281250 -0.57031250 0.06347966
v -0.13287395 -0.56250000 -0.00781250
v -0.13281250 -0.56250000 -0.00784206
v -0.13660395 -0.56250000 0.06250000
v -0.13281250 -0.56250000 0.06278300
v -0.13287163 -0.55468750 -0.00781250
v -0.13281250 -0.55468750 -0.00784147
v -0.13292414 -0.55468750 0.06250000
v -0.13281250 -0.55468750 0.06258571
v -0.13285780 -0.54687500 -0.00781250
v -0.13281250 -0.54687500 -0.00784135
v -0.13331074 -0.54687500 0.05468750
v -0.13284791 -0.54687500 0.06250000
v -0.13281250 -0.54687500 0.06254911
v -0.13284475 -0.53906250 -0.00781250
v -0.13281250 -0.53906250 -0.00784129
v -0.13314980 -0.53906250 0.00000000
v -0.13300735 -0.53906250 0.00781250
v -0.13294691 -0.53906250 0.01562500
v -0.13295335 -0.53906250 0.02343750
v -0.13300425 -0.53906250 0.03125000
v -0.13297278 -0.53906250 0.03906250
v -0.13288760 -0.53906250 0.04687500
v -0.13285166 -0.53906250 0.05468750
v -0.13283354 -0.53906250 0.06250000
v -0.13281250 -0.53906250 0.06253076
v -0.13281250 -0.53881565 -0.00781250
v -0.13281250 -0.53125000 -0.00024688
v -0.13289243 -0.53125000 0.00000000
v -0.13287407 -0.53125000 0.00781250
v -0.13286793 -0.53125000 0.01562500
v -0.13286066 -0.53125000 0.02343750
v -0.13285023 -0.53125000 0.03125000
v -0.13284838 -0.53125000 0.03906250
v -0.13284135 -0.53125000 0.04687500
v -0.13283390 -0.53125000 0.05468750
v -0.13281250 -0.53125000 0.05484176
v -0.13281250 -0.53890824 0.06250000
v -0.13285387 -0.52343750 0.00000000
v -0.13281250 -0.52343750 -0.00009620
v -0.13284975 -0.52343750 0.00781250
v -0.13284600 -0.52343750 0.01562500
v -0.13283747 -0.52343750 0.02343750
v -0.13283449 -0.52343750 0.03125000
v -0.13283288 -0.52343750 0.03906250
v -0.13281250 -0.52343750 0.04016614
v -0.13281250 -0.53014642 0.04687500
v -0.13281250 -0.53116834 0.05468750
v -0.13283974 -0.51562500 0.00000000
v -0.13281250 -0.51562500 -0.00005943
v -0.13283855 -0.51562500 0.00781250
v -0.13283348 -0.51562500 0.01562500
v -0.13281250 -0.51562500 0.01576281
v -0.13281250 -0.52329969 0.02343750
v -0.13281250 -0.52337202 0.03125000
v -0.13281250 -0.52337500 0.03906250
v -0.13283163 -0.50781250 0.00000000
v -0.13281250 -0.50781250 -0.00003922
v -0.13281250 -0.50781250 0.00191641
v -0.13281250 -0.51370862 0.00781250
v -0.13281250 -0.51556206 0.01562500
v -0.13281250 -0.50772798 0.00000000
v -0.13283300 -0.20312500 0.02343750
v -0.13281250 -0.20317066 0.02343750
v -0.13281250 -0.20312500 0.02313280
v -0.13283235 -0.20312500 0.03125000
v -0.13281250 -0.20317650 0.03125000
v -0.13281250 -0.20312500 0.03141093
v -0.13284612 -0.19531250 0.00000000
v -0.13281250 -0.19540858 0.00000000
v -0.13281250 -0.19531250 -0.00005615
v -0.13285029 -0.19531250 0.00781250
v -0.13281250 -0.19545072 0.00781250
v -0.13285834 -0.19531250 0.01562500
v -0.13281250 -0.19561726 0.01562500
v -0.13286567 -0.19531250 0.02343750
v -0.13285476 -0.19531250 0.03125000
v -0.13281250 -0.19547343 0.03906250
v -0.13284016 -0.19531250 0.03906250
v -0.13281250 -0.19531250 0.03925073
v -0.13284278 -0.18750000 -0.00781250
v -0.13281250 -0.18755615 -0.00781250
v -0.13281250 -0.18750000 -0.00783271
v -0.13290954 -0.18750000 0.00000000
v -0.13295043 -0.18750000 0.00781250
v -0.13300389 -0.18750000 0.01562500
v -0.13302261 -0.18750000 0.02343750
v -0.13293904 -0.18750000 0.03125000
v -0.13286591 -0.18750000 0.03906250
v -0.13281250 -0.18768817 0.04687500
v -0.13284022 -0.18750000 0.04687500
v -0.13281250 -0.18750000 0.04711604
v -0.13288486 -0.17968750 -0.00781250
v -0.13281250 -0.17968750 -0.00783747
v -0.13313925 -0.17968750 0.03906250
v -0.13288283 -0.17968750 0.04687500
v -0.13281250 -0.17992854 0.05468750
v -0.13284701 -0.17968750 0.05468750
v -0.13281250 -0.17968750 0.05475056
v -0.13294739 -0.17187500 -0.00781250
v -0.13281250 -0.17187500 -0.00784141
v -0.13322669 -0.17187500 0.04687500
v -0.13286680 -0.17187500 0.05468750
v -0.13281250 -0.17187500 0.05474055
v -0.13292652 -0.16406250 -0.00781250
v -0.13281250 -0.16406250 -0.00783759
v -0.13296789 -0.16406250 0.04687500
v -0.13281250 -0.16406250 0.04767978
v -0.13281250 -0.17107016 0.05468750
v -0.13281250 -0.16393411 -0.00781250
v -0.13313586 -0.15625000 0.00000000
v -0.13281250 -0.15625000 -0.00012839
v -0.13302380 -0.15625000 0.03125000
v -0.13289297 -0.15625000 0.03906250
v -0.13281250 -0.15625000 0.03933585
v -0.13281250 -0.16378915 0.04687500
v -0.13281250 -0.15614814 0.00000000
v -0.13281250 -0.15598595 0.00781250
v -0.13288593 -0.14843750 0.01562500
v -0.13281250 -0.14843750 0.01536095
v -0.13281250 -0.14843750 0.01599777
v -0.13281250 -0.15587717 0.02343750
v -0.13281250 -0.15616554 0.03125000
v -0.13281250 -0.15621400 0.03906250
v -0.13281250 -0.14841217 0.01562500
v -0.13276047 -0.64843750 0.00000000
v -0.13277179 -0.64843750 0.00781250
v -0.13276303 -0.64062500 -0.00781250
v -0.12500000 -0.64062500 -0.00004947
v -0.12500000 -0.64067706 0.00000000
v -0.13207889 -0.64062500 0.00781250
v -0.12500000 -0.64062500 0.00073361
v -0.13265646 -0.64062500 0.01562500
v -0.13273013 -0.64062500 0.02343750
v -0.13275701 -0.64062500 0.03125000
v -0.13256639 -0.63281250 -0.00781250
v -0.12500000 -0.63281250 -0.00024611
v -0.12500000 -0.63354611 0.00781250
v -0.12500000 -0.63296852 0.01562500
v -0.12500000 -0.63289487 0.02343750
v -0.12500000 -0.63286799 0.03125000
v -0.13253891 -0.63281250 0.03906250
v -0.12500000 -0.63281250 0.03152359
v -0.13270068 -0.63281250 0.04687500
v -0.13276333 -0.63281250 0.05468750
v -0.12500000 -0.62524608 -0.00781250
v -0.12500000 -0.62500000 -0.00784737
v -0.12500000 -0.62527362 0.03906250
v -0.12500000 -0.62511179 0.04687500
v -0.12500000 -0.62505654 0.05468750
v -0.12500000 -0.62500000 0.05472589
v -0.12500000 -0.61718750 -0.00790811
v -0.12500000 -0.61718750 0.05474126
v -0.12500000 -0.60937500 -0.00789464
v -0.12500000 -0.60937500 0.05476105
v -0.12500000 -0.60156250 -0.00787884
v -0.13076395 -0.60156250 0.06250000
v -0.12500000 -0.60156250 0.05673611
v -0.12500000 -0.59375000 -0.00787389
v -0.12500000 -0.59579858 0.06250000
v -0.12500000 -0.59375000 0.06252575
v -0.12500000 -0.58593750 -0.00788760
v -0.12500000 -0.58593750 0.06258702
v -0.12500000 -0.57812500 -0.00789863
v -0.12500000 -0.57812500 0.06628227
v -0.12500000 -0.57031250 -0.00789368
v -0.12500000 -0.57409483 0.07031250
v -0.12597972 -0.57031250 0.07031250
v -0.12500000 -0.57031250 0.07033730
v -0.12500000 -0.56250000 -0.00788301
v -0.12528300 -0.56250000 0.07031250
v -0.12500000 -0.56250000 0.07035196
v -0.12500000 -0.55468750 -0.00788325
v -0.12508571 -0.55468750 0.07031250
v -0.12500000 -0.55468750 0.07036412
v -0.12500000 -0.54687500 -0.00788480
v -0.12504917 -0.54687500 0.07031250
v -0.12500000 -0.54687500 0.07037163
v -0.12500000 -0.53906250 -0.00788087
v -0.12503076 -0.53906250 0.07031250
v -0.12500000 -0.53906250 0.07036448
v -0.12524688 -0.53125000 -0.00781250
v -0.12500000 -0.53125000 -0.00787872
v -0.12515426 -0.53125000 0.06250000
v -0.12500000 -0.53125000 0.06404030
v -0.12500000 -0.53752226 0.07031250
v -0.12509620 -0.52343750 -0.00781250
v -0.12500000 -0.52343750 -0.00788152
v -0.12610358 -0.52343750 0.04687500
v -0.12508166 -0.52343750 0.05468750
v -0.12504184 -0.52343750 0.06250000
v -0.12500000 -0.52343750 0.06260967
v -0.12505943 -0.51562500 -0.00781250
v -0.12500000 -0.51562500 -0.00785857
v -0.12513781 -0.51562500 0.02343750
v -0.12506545 -0.51562500 0.03125000
v -0.12506247 -0.51562500 0.03906250
v -0.12504601 -0.51562500 0.04687500
v -0.12503099 -0.51562500 0.05468750
v -0.12502348 -0.51562500 0.06250000
v -0.12500000 -0.51562500 0.06254399
v -0.12503922 -0.50781250 -0.00781250
v -0.12500000 -0.50781250 -0.00784624
v -0.12691635 -0.50781250 0.00781250
v -0.12506294 -0.50781250 0.01562500
v -0.12503654 -0.50781250 0.02343750
v -0.12502891 -0.50781250 0.03125000
v -0.12502700 -0.50781250 0.03906250
v -0.12502408 -0.50781250 0.04687500
v -0.12501907 -0.50781250 0.05468750
v -0.12500000 -0.50781250 0.05480373
v -0.12500000 -0.51550880 0.06250000
v -0.12500000 -0.50716341 -0.00781250
v -0.12508452 -0.50000000 0.00000000
v -0.12500000 -0.50000000 -0.00064909
v -0.12505186 -0.50000000 0.00781250
v -0.12502807 -0.50000000 0.01562500
v -0.12502128 -0.50000000 0.02343750
v -0.12500000 -0.50000000 0.02362084
v -0.12500000 -0.50762919 0.03125000
v -0.12500000 -0.50759923 0.03906250
v -0.12500000 -0.50768852 0.04687500
v -0.12500000 -0.50775599 0.05468750
v -0.12503743 -0.49218750 0.00000000
v -0.12500000 -0.49218750 -0.00010580
v -0.12502503 -0.49218750 0.00781250
v -0.12500000 -0.49218750 0.00829196
v -0.12500000 -0.49952060 0.01562500
v -0.12500000 -0.49993151 0.02343750
v -0.12502211 -0.48437500 0.00000000
v -0.12500000 -0.48437500 -0.00006455
v -0.12500000 -0.48437500 0.00015926
v -0.12500000 -0.49202824 0.00781250
v -0.12500000 -0.48419535 0.00000000
v -0.12501651 -0.21875000 0.00781250
v -0.12500000 -0.21877432 0.00781250
v -0.12500000 -0.21875000 0.00744295
v -0.12501711 -0.21875000 0.01562500
v -0.12500000 -0.21877539 0.01562500
v -0.12501884 -0.21875000 0.02343750
v -0.12500000 -0.21877891 0.02343750
v -0.12502062 -0.21875000 0.03125000
v -0.12500000 -0.21877956 0.03125000
v -0.12501836 -0.21875000 0.03906250
v -0.12500000 -0.21877724 0.03906250
v -0.12500000 -0.21875000 0.03919196
v -0.12502635 -0.21093750 0.00000000
v -0.12500000 -0.21130711 0.00000000
v -0.12500000 -0.21093750 -0.00005800
v -0.12502974 -0.21093750 0.00781250
v -0.12503487 -0.21093750 0.01562500
v -0.12504566 -0.21093750 0.02343750
v -0.12505150 -0.21093750 0.03125000
v -0.12503856 -0.21093750 0.03906250
v -0.12500000 -0.21106696 0.04687500
v -0.12502545 -0.21093750 0.04687500
v -0.12500000 -0.21093750 0.04712451
v -0.12509608 -0.20312500 0.00000000
v -0.12500000 -0.20312500 -0.00062990
v -0.12513822 -0.20312500 0.00781250
v -0.12530476 -0.20312500 0.01562500
v -0.12516093 -0.20312500 0.03906250
v -0.12505591 -0.20312500 0.04687500
v -0.12500000 -0.20337445 0.05468750
v -0.12502927 -0.20312500 0.05468750
v -0.12500000 -0.20312500 0.05472589
v -0.12505615 -0.19531250 -0.00781250
v -0.12500000 -0.19594240 -0.00781250
v -0.12500000 -0.19531250 -0.00784379
v -0.12518817 -0.19531250 0.04687500
v -0.12504208 -0.19531250 0.05468750
v -0.12500000 -0.19531250 0.05481160
v -0.12500000 -0.18750000 -0.00785536
v -0.12524104 -0.18750000 0.05468750
v -0.12500000 -0.18762416 0.06250000
v -0.12502712 -0.18750000 0.06250000
v -0.12500000 -0.18750000 0.06253004
v -0.12500000 -0.17968750 -0.00788063
v -0.12506312 -0.17968750 0.06250000
v -0.12500000 -0.17968750 0.06253552
v -0.12500000 -0.17187500 -0.00790006
v -0.12505305 -0.17187500 0.06250000
v -0.12500000 -0.17187500 0.06253195
v -0.12500000 -0.16406250 -0.00785798
v -0.12580484 -0.16406250 0.05468750
v -0.12500000 -0.16406250 0.05479085
v -0.12500000 -0.17177165 0.06250000
v -0.12512839 -0.15625000 -0.00781250
v -0.12500000 -0.15625000 -0.00784230
v -0.12527335 -0.15625000 0.04687500
v -0.12500000 -0.15625000 0.04694343
v -0.12500000 -0.16399407 0.05468750
v -0.12500000 -0.15615338 -0.00781250
v -0.12510186 -0.14843750 0.00000000
v -0.12500000 -0.14843750 -0.00009662
v -0.12526405 -0.14843750 0.00781250
v -0.12537283 -0.14843750 0.02343750
v -0.12508446 -0.14843750 0.03125000
v -0.12500000 -0.14843750 0.03145301
v -0.12500000 -0.15604699 0.03906250
v -0.12500000 -0.15622360 0.04687500
v -0.12500000 -0.14840299 0.00000000
v -0.12500000 -0.14838618 0.00781250
v -0.12500000 -0.14838350 0.01562500
v -0.12500000 -0.14838701 0.02343750
v -0.12500000 -0.14840573 0.03125000
v -0.12495422 -0.64062500 0.00000000
v -0.12354964 -0.63281250 0.00000000
v -0.12476802 -0.63281250 0.00781250
v -0.12488735 -0.63281250 0.01562500
v -0.12493408 -0.63281250 0.02343750
v -0.12495434 -0.63281250 0.03125000
v -0.12475789 -0.62500000 -0.00781250
v -0.11718750 -0.62500000 -0.00024211
v -0.11718750 -0.62645039 0.00000000
v -0.11718750 -0.62523198 0.00781250
v -0.11718750 -0.62511268 0.01562500
v -0.11718750 -0.62506592 0.02343750
v -0.12354481 -0.62500000 0.03125000
v -0.11718750 -0.62500000 0.02489269
v -0.12481731 -0.62500000 0.03906250
v -0.12488282 -0.62500000 0.04687500
v -0.12487978 -0.62500000 0.05468750
v -0.11718750 -0.61742958 -0.00781250
v -0.11718750 -0.61718750 -0.00784767
v -0.11718750 -0.61864269 0.03125000
v -0.11718750 -0.61737019 0.03906250
v -0.11718750 -0.61730471 0.04687500
v -0.11718750 -0.61730775 0.05468750
v -0.11718750 -0.61718750 0.05471265
v -0.11718750 -0.60937500 -0.00791270
v -0.11718750 -0.60937500 0.05472267
v -0.11718750 -0.60156250 -0.00789332
v -0.11718750 -0.60156250 0.05476081
v -0.11718750 -0.59375000 -0.00788254
v -0.11718750 -0.59382331 0.06250000
v -0.11718750 -0.59375000 0.06252110
v -0.11718750 -0.58593750 -0.00788522
v -0.11718750 -0.58593750 0.06255627
v -0.11718750 -0.57812500 -0.00789934
v -0.11718750 -0.57812500 0.06640983
v -0.11718750 -0.57031250 -0.00791460
v -0.11718750 -0.57422239 0.07031250
v -0.11718750 -0.57031250 0.07034445
v -0.11718750 -0.56250000 -0.00793093
v -0.11718750 -0.56250000 0.07036757
v -0.11718750 -0.55468750 -0.00793862
v -0.11718750 -0.55468750 0.07066679
v -0.11718750 -0.54687500 -0.00794327
v -0.11718750 -0.54687500 0.07229543
v -0.11718750 -0.53906250 -0.00794822
v -0.11718750 -0.54104540 0.07812500
v -0.11723948 -0.53906250 0.07812500
v -0.11718750 -0.53906250 0.07815194
v -0.11718750 -0.53125000 -0.00796854
v -0.11872774 -0.53125000 0.07031250
v -0.11720502 -0.53125000 0.07812500
v -0.11718750 -0.53125000 0.07813609
v -0.11718750 -0.52343750 -0.00800848
v -0.11729723 -0.52343750 0.07031250
v -0.11718750 -0.52343750 0.07311821
v -0.11718750 -0.52980646 0.07812500
v -0.11718750 -0.51562500 -0.00805241
v -0.11723143 -0.51562500 0.07031250
v -0.11718750 -0.51562500 0.07075143
v -0.11718750 -0.50781250 -0.00807571
v -0.11730373 -0.50781250 0.06250000
v -0.11721438 -0.50781250 0.07031250
v -0.11718750 -0.50781250 0.07042158
v -0.11783659 -0.50000000 -0.00781250
v -0.11718750 -0.50000000 -0.00792778
v -0.11737084 -0.50000000 0.03125000
v -0.11740077 -0.50000000 0.03906250
v -0.11731148 -0.50000000 0.04687500
v -0.11724401 -0.50000000 0.05468750
v -0.11722308 -0.50000000 0.06250000
v -0.11718750 -0.50000000 0.06320632
v -0.11718750 -0.50710624 0.07031250
v -0.11729330 -0.49218750 -0.00781250
v -0.11718750 -0.49218750 -0.00788498
v -0.11766690 -0.49218750 0.01562500
v -0.11725599 -0.49218750 0.02343750
v -0.11722928 -0.49218750 0.03125000
v -0.11722702 -0.49218750 0.03906250
v -0.11722255 -0.49218750 0.04687500
v -0.11721390 -0.49218750 0.05468750
v -0.11720860 -0.49218750 0.06250000
v -0.11718750 -0.49218750 0.06257737
v -0.11725205 -0.48437500 -0.00781250
v -0.11718750 -0.48437500 -0.00786525
v -0.11734676 -0.48437500 0.00781250
v -0.11723626 -0.48437500 0.01562500
v -0.11721784 -0.48437500 0.02343750
v -0.11721188 -0.48437500 0.03125000
v -0.11721027 -0.48437500 0.03906250
v -0.11720824 -0.48437500 0.04687500
v -0.11718750 -0.48437500 0.04704046
v -0.11718750 -0.49202204 0.05468750
v -0.11718750 -0.49211615 0.06250000
v -0.11723059 -0.47656250 -0.00781250
v -0.11718750 -0.47656250 -0.00785410
v -0.11736715 -0.47656250 0.00000000
v -0.11723340 -0.47656250 0.00781250
v -0.11721545 -0.47656250 0.01562500
v -0.11720860 -0.47656250 0.02343750
v -0.11718750 -0.47656250 0.02360845
v -0.11718750 -0.48420405 0.03125000
v -0.11718750 -0.48429495 0.03906250
v -0.11718750 -0.48431093 0.04687500
v -0.11721730 -0.46875000 -0.00781250
v -0.11718750 -0.46875000 -0.00785083
v -0.11723751 -0.46875000 0.00000000
v -0.11721617 -0.46875000 0.00781250
v -0.11720866 -0.46875000 0.01562500
v -0.11718750 -0.46875000 0.01580048
v -0.11718750 -0.47638702 0.02343750
v -0.11720854 -0.46093750 -0.00781250
v -0.11718750 -0.46093750 -0.00784713
v -0.11721754 -0.46093750 0.00000000
v -0.11720830 -0.46093750 0.00781250
v -0.11718750 -0.46093750 0.00801432
v -0.11718750 -0.46854812 0.01562500
v -0.11718750 -0.46069145 -0.00781250
v -0.11718750 -0.45312500 -0.00024605
v -0.11720860 -0.45312500 0.00000000
v -0.11718750 -0.45312500 0.00016260
v -0.11718750 -0.46077484 0.00781250
v -0.11718750 -0.45295179 0.00000000
v -0.11720985 -0.22656250 0.00000000
v -0.11718750 -0.22661155 0.00000000
v -0.11718750 -0.22656250 -0.00005972
v -0.11721182 -0.22656250 0.00781250
v -0.11718750 -0.22661442 0.00781250
v -0.11721289 -0.22656250 0.01562500
v -0.11718750 -0.22662300 0.01562500
v -0.11721641 -0.22656250 0.02343750
v -0.11718750 -0.22664392 0.02343750
v -0.11721706 -0.22656250 0.03125000
v -0.11718750 -0.22667241 0.03125000
v -0.11721474 -0.22656250 0.03906250
v -0.11718750 -0.22664726 0.03906250
v -0.11721033 -0.22656250 0.04687500
v -0.11718750 -0.22661376 0.04687500
v -0.11718750 -0.22656250 0.04692590
v -0.11721534 -0.21875000 -0.00781250
v -0.11718750 -0.21880972 -0.00781250
v -0.11718750 -0.21875000 -0.00783890
v -0.11755711 -0.21875000 0.00000000
v -0.11731696 -0.21875000 0.04687500
v -0.11718750 -0.21880084 0.05468750
v -0.11721438 -0.21875000 0.05468750
v -0.11718750 -0.21875000 0.05471194
v -0.11724550 -0.21093750 -0.00781250
v -0.11718750 -0.21093750 -0.00785232
v -0.11743695 -0.21093750 0.05468750
v -0.11718750 -0.21093750 0.05488312
v -0.11781740 -0.20312500 -0.00781250
v -0.11718750 -0.20312500 -0.00789493
v -0.11722594 -0.20312500 0.06250000
v -0.11718750 -0.20332062 0.06250000
v -0.11718750 -0.20312500 0.06252110
v -0.11718750 -0.19531250 -0.00797194
v -0.11731166 -0.19531250 0.06250000
v -0.11718750 -0.19531250 0.06254852
v -0.11723036 -0.18750000 -0.01562500
v -0.11718750 -0.18765944 -0.01562500
v -0.11718750 -0.18750000 -0.01564384
v -0.11718750 -0.18750000 0.06259966
v -0.11725563 -0.17968750 -0.01562500
v -0.11718750 -0.17968750 -0.01564538
v -0.11718750 -0.17968750 0.06258595
v -0.11727506 -0.17187500 -0.01562500
v -0.11718750 -0.17187500 -0.01564771
v -0.11718750 -0.17187500 0.06255913
v -0.11718750 -0.17160726 -0.01562500
v -0.11718750 -0.16406250 -0.00808024
v -0.11729085 -0.16406250 0.06250000
v -0.11718750 -0.16406250 0.06252956
v -0.11718750 -0.15625000 -0.00786358
v -0.11718750 -0.15625000 0.04799497
v -0.11718750 -0.16294259 0.05468750
v -0.11718750 -0.16402870 0.06250000
v -0.11728412 -0.14843750 -0.00781250
v -0.11718750 -0.14843750 -0.00783759
v -0.11739051 -0.14843750 0.03906250
v -0.11718750 -0.14843750 0.03912556
v -0.11718750 -0.15618694 0.04687500
v -0.11718750 -0.14839029 -0.00781250
v -0.11718750 -0.14823186 0.00000000
v -0.11723882 -0.14062500 0.00781250
v -0.11718750 -0.14062500 0.00760686
v -0.11724150 -0.14062500 0.01562500
v -0.11723799 -0.14062500 0.02343750
v -0.11718750 -0.14062500 0.02357411
v -0.11718750 -0.14830089 0.03125000
v -0.11718750 -0.14841175 0.03906250
v -0.11718750 -0.14059573 0.00781250
v -0.11718750 -0.14059991 0.01562500
v -0.11718750 -0.14060128 0.02343750
v -0.10937500 -0.62504366 0.00000000
v -0.10937500 -0.62500000 -0.00004399
v -0.11699265 -0.62500000 0.00781250
v -0.10937500 -0.62500000 0.00018656
v -0.11710536 -0.62500000 0.01562500
v -0.11713427 -0.62500000 0.02343750
v -0.11692286 -0.61718750 -0.00781250
v -0.10937500 -0.61718750 -0.00026464
v -0.10937500 -0.61738238 0.00781250
v -0.10937500 -0.61726964 0.01562500
v -0.10937500 -0.61724073 0.02343750
v -0.10937500 -0.61722997 0.03125000
v -0.11683941 -0.61718750 0.03906250
v -0.10937500 -0.61718750 0.03159809
v -0.11696392 -0.61718750 0.04687500
v -0.11703902 -0.61718750 0.05468750
v -0.10937500 -0.60963967 -0.00781250
v -0.10937500 -0.60937500 -0.00785142
v -0.10937500 -0.60972309 0.03906250
v -0.10937500 -0.60959855 0.04687500
v -0.10937500 -0.60952350 0.05468750
v -0.10937500 -0.60937500 0.05470920
v -0.10937500 -0.60156250 -0.00792301
v -0.10937500 -0.60156250 0.05472398
v -0.10937500 -0.59375000 -0.00789338
v -0.11670333 -0.59375000 0.06250000
v -0.10937500 -0.59375000 0.05517161
v -0.10937500 -0.58593750 -0.00789005
v -0.10937500 -0.58642164 0.06250000
v -0.10937500 -0.58593750 0.06254148
v -0.10937500 -0.57812500 -0.00789893
v -0.10937500 -0.57812500 0.06356657
v -0.10937500 -0.57031250 -0.00791496
v -0.10937500 -0.57137913 0.07031250
v -0.10937500 -0.57031250 0.07033682
v -0.10937500 -0.56250000 -0.00792217
v -0.10937500 -0.56250000 0.07039094
v -0.10937500 -0.55468750 -0.00793904
v -0.10937500 -0.55468750 0.07075846
v -0.10937500 -0.54687500 -0.00794458
v -0.10937500 -0.54687756 0.07812500
v -0.10938931 -0.54687500 0.07812500
v -0.10937500 -0.54687500 0.07812512
v -0.10937500 -0.53906250 -0.00795311
v -0.10937500 -0.53906250 0.07815492
v -0.10937500 -0.53125000 -0.00797278
v -0.10937500 -0.53125000 0.07816529
v -0.10937500 -0.52343750 -0.00801265
v -0.11218071 -0.52343750 0.07812500
v -0.10937500 -0.52343750 0.07817948
v -0.10937500 -0.51562500 -0.00806910
v -0.10981399 -0.51562500 0.07812500
v -0.10937500 -0.51562500 0.07818496
v -0.10937500 -0.50781250 -0.00812852
v -0.10948414 -0.50781250 0.07812500
v -0.10937500 -0.50781250 0.07818186
v -0.10937500 -0.50000000 -0.00823122
v -0.11008126 -0.50000000 0.07031250
v -0.10942239 -0.50000000 0.07812500
v -0.10937500 -0.50000000 0.07817936
v -0.10937500 -0.49218750 -0.00815690
v -0.10945237 -0.49218750 0.07031250
v -0.10940474 -0.49218750 0.07812500
v -0.10937500 -0.49218750 0.07817292
v -0.10937500 -0.48437500 -0.00813192
v -0.10954046 -0.48437500 0.05468750
v -0.10944635 -0.48437500 0.06250000
v -0.10941583 -0.48437500 0.07031250
v -0.10939741 -0.48437500 0.07812500
v -0.10937500 -0.48437500 0.07816613
v -0.10937500 -0.47656250 -0.00839746
v -0.10954595 -0.47656250 0.03125000
v -0.10945505 -0.47656250 0.03906250
v -0.10943907 -0.47656250 0.04687500
v -0.10941619 -0.47656250 0.05468750
v -0.10940951 -0.47656250 0.06250000
v -0.10940301 -0.47656250 0.07031250
v -0.10937500 -0.47656250 0.07054782
v -0.10937500 -0.48413968 0.07812500
v -0.10938323 -0.46875000 -0.01562500
v -0.10937500 -0.46888268 -0.01562500
v -0.10937500 -0.46875000 -0.01563019
v -0.10955048 -0.46875000 0.02343750
v -0.10943180 -0.46875000 0.03125000
v -0.10941166 -0.46875000 0.03906250
v -0.10940677 -0.46875000 0.04687500
v -0.10940129 -0.46875000 0.05468750
v -0.10939866 -0.46875000 0.06250000
v -0.10939634 -0.46875000 0.07031250
v -0.10937500 -0.46875000 0.07036781
v -0.10940963 -0.46093750 -0.01562500
v -0.10937500 -0.46093750 -0.01564878
v -0.10957688 -0.46093750 0.01562500
v -0.10943300 -0.46093750 0.02343750
v -0.10940874 -0.46093750 0.03125000
v -0.10940027 -0.46093750 0.03906250
v -0.10939735 -0.46093750 0.04687500
v -0.10939449 -0.46093750 0.05468750
v -0.10937500 -0.46093750 0.05494297
v -0.10937500 -0.46849453 0.06250000
v -0.10937500 -0.46861923 0.07031250
v -0.10937500 -0.46002948 -0.01562500
v -0.10962105 -0.45312500 -0.00781250
v -0.10937500 -0.45312500 -0.00872052
v -0.10953766 -0.45312500 0.00781250
v -0.10943127 -0.45312500 0.01562500
v -0.10940903 -0.45312500 0.02343750
v -0.10939908 -0.45312500 0.03125000
v -0.10937500 -0.45312500 0.03211927
v -0.10937500 -0.46006823 0.03906250
v -0.10937500 -0.46079010 0.04687500
v -0.10937500 -0.46086609 0.05468750
v -0.10944563 -0.44531250 -0.00781250
v -0.10937500 -0.44531250 -0.00801593
v -0.10954821 -0.44531250 0.00000000
v -0.10942525 -0.44531250 0.00781250
v -0.10940778 -0.44531250 0.01562500
v -0.10939890 -0.44531250 0.02343750
v -0.10937500 -0.44531250 0.02449727
v -0.10937500 -0.45206529 0.03125000
v -0.10941130 -0.43750000 -0.00781250
v -0.10937500 -0.43750000 -0.00791627
v -0.10942632 -0.43750000 0.00000000
v -0.10940617 -0.43750000 0.00781250
v -0.10939908 -0.43750000 0.01562500
v -0.10938561 -0.43750000 0.02343750
v -0.10937500 -0.43750000 0.02348042
v -0.10939938 -0.42968750 -0.00781250
v -0.10937500 -0.42968750 -0.00788343
v -0.10940439 -0.42968750 0.00000000
v -0.10939717 -0.42968750 0.00781250
v -0.10939342 -0.42968750 0.01562500
v -0.10937500 -0.42968750 0.01571035
v -0.10937500 -0.43745148 0.02343750
v -0.10939348 -0.42187500 -0.00781250
v -0.10937500 -0.42187500 -0.00786626
v -0.10939646 -0.42187500 0.00000000
v -0.10939258 -0.42187500 0.00781250
v -0.10937500 -0.42187500 0.00791478
v -0.10937500 -0.42958522 0.01562500
v -0.10939026 -0.41406250 -0.00781250
v -0.10937500 -0.41406250 -0.00785488
v -0.10939199 -0.41406250 0.00000000
v -0.10937500 -0.41406250 0.00015020
v -0.10937500 -0.42172480 0.00781250
v -0.10937500 -0.41391456 -0.00781250
v -0.10937500 -0.41391927 0.00000000
v -0.10939097 -0.25000000 0.03125000
v -0.10937500 -0.25003427 0.03125000
v -0.10937500 -0.25000000 0.02980614
v -0.10937500 -0.25000000 0.03190470
v -0.10939413 -0.24218750 0.00000000
v -0.10937500 -0.24225479 0.00000000
v -0.10937500 -0.24218750 -0.00018007
v -0.10939384 -0.24218750 0.00781250
v -0.10937500 -0.24225539 0.00781250
v -0.10939437 -0.24218750 0.01562500
v -0.10937500 -0.24230003 0.01562500
v -0.10939729 -0.24218750 0.02343750
v -0.10937500 -0.24363136 0.02343750
v -0.10940111 -0.24218750 0.03125000
v -0.10937500 -0.24284214 0.03906250
v -0.10940057 -0.24218750 0.03906250
v -0.10939527 -0.24218750 0.04687500
v -0.10937500 -0.24225962 0.04687500
v -0.10937500 -0.24218750 0.04692721
v -0.10939723 -0.23437500 -0.00781250
v -0.10937500 -0.23455507 -0.00781250
v -0.10937500 -0.23437500 -0.00784665
v -0.10942405 -0.23437500 0.00000000
v -0.10942692 -0.23437500 0.00781250
v -0.10943550 -0.23437500 0.01562500
v -0.10945642 -0.23437500 0.02343750
v -0.10948491 -0.23437500 0.03125000
v -0.10945976 -0.23437500 0.03906250
v -0.10942626 -0.23437500 0.04687500
v -0.10937500 -0.23442721 0.05468750
v -0.10939366 -0.23437500 0.05468750
v -0.10937500 -0.23437500 0.05470455
v -0.10943472 -0.22656250 -0.00781250
v -0.10937500 -0.22656250 -0.00787240
v -0.10942584 -0.22656250 0.05468750
v -0.10937500 -0.22656250 0.05471694
v -0.10937500 -0.21875000 -0.00805527
v -0.10937500 -0.21875000 0.05474937
v -0.10941482 -0.21093750 -0.01562500
v -0.10937500 -0.21118027 -0.01562500
v -0.10937500 -0.21093750 -0.01564753
v -0.10937500 -0.21099943 0.06250000
v -0.10957062 -0.21093750 0.06250000
v -0.10937500 -0.21093750 0.06251609
v -0.10945743 -0.20312500 -0.01562500
v -0.10937500 -0.20312500 -0.01564837
v -0.10937500 -0.20312500 0.06252801
v -0.10953444 -0.19531250 -0.01562500
v -0.10937500 -0.19531250 -0.01565218
v -0.10937500 -0.19531250 0.06259382
v -0.10937500 -0.18750000 -0.01565474
v -0.10937500 -0.18750000 0.06307828
v -0.10937500 -0.17968750 -0.01565623
v -0.10937500 -0.17968750 0.06282973
v -0.10937500 -0.17187500 -0.01565504
v -0.10937500 -0.17187500 0.06259954
v -0.10964274 -0.16406250 -0.01562500
v -0.10937500 -0.16406250 -0.01564831
v -0.10937500 -0.16406250 0.06252682
v -0.10937500 -0.16401255 -0.01562500
v -0.10937500 -0.15625000 -0.00786245
v -0.11049491 -0.15625000 0.05468750
v -0.10937500 -0.15625000 0.05472779
v -0.10937500 -0.16402221 0.06250000
v -0.10937500 -0.15502256 -0.00781250
v -0.11596006 -0.14843750 -0.00781250
v -0.10937500 -0.14843750 -0.00122744
v -0.10937500 -0.14843750 0.04258299
v -0.10937500 -0.15272957 0.04687500
v -0.10937500 -0.15621156 0.05468750
v -0.10937500 -0.14837527 0.00000000
v -0.10937500 -0.14820808 0.00781250
v -0.11695808 -0.14062500 0.00781250
v -0.10937500 -0.14062500 0.01539552
v -0.10951161 -0.14062500 0.03125000
v -0.10937500 -0.14062500 0.03130734
v -0.10937500 -0.14838022 0.03906250
v -0.10937500 -0.14060223 0.01562500
v -0.10937500 -0.14060384 0.02343750
v -0.10937500 -0.14060688 0.03125000
v -0.10933030 -0.62500000 0.00000000
v -0.10724324 -0.61718750 0.00000000
v -0.10918242 -0.61718750 0.00781250
v -0.10928547 -0.61718750 0.01562500
v -0.10931116 -0.61718750 0.02343750
v -0.10932386 -0.61718750 0.03125000
v -0.10807067 -0.60937500 -0.00781250
v -0.10156250 -0.60937500 -0.00130433
v -0.10156250 -0.61150676 0.00000000
v -0.10156250 -0.60956755 0.00781250
v -0.10156250 -0.60946450 0.01562500
v -0.10156250 -0.60943884 0.02343750
v -0.10156250 -0.60942611 0.03125000
v -0.10156250 -0.60941729 0.03906250
v -0.10851938 -0.60937500 0.04687500
v -0.10156250 -0.60937500 0.03991807
v -0.10918027 -0.60937500 0.05468750
v -0.10156250 -0.60286680 -0.00781250
v -0.10156250 -0.60156250 -0.00785631
v -0.10156250 -0.60241809 0.04687500
v -0.10156250 -0.60175726 0.05468750
v -0.10156250 -0.60156250 0.05471051
v -0.10156250 -0.59375000 -0.00792283
v -0.10156250 -0.59375000 0.05473423
v -0.10156250 -0.58593750 -0.00789893
v -0.10156250 -0.58598420 0.06250000
v -0.10156250 -0.58593750 0.06252909
v -0.10156250 -0.57812500 -0.00789386
v -0.10156250 -0.57812500 0.06305707
v -0.10156250 -0.57031250 -0.00789994
v -0.10156250 -0.57086957 0.07031250
v -0.10156250 -0.57031250 0.07032919
v -0.10156250 -0.56250000 -0.00791734
v -0.10156250 -0.56250000 0.07036269
v -0.10156250 -0.55468750 -0.00792664
v -0.10156250 -0.55468750 0.07085657
v -0.10156250 -0.54687500 -0.00793445
v -0.10156250 -0.54695359 0.07812500
v -0.10156250 -0.54687500 0.07812798
v -0.10156250 -0.53906250 -0.00794655
v -0.10156250 -0.53906250 0.07815647
v -0.10156250 -0.53125000 -0.00796235
v -0.10156250 -0.53125000 0.07817161
v -0.10156250 -0.52343750 -0.00799334
v -0.10156250 -0.52343750 0.07819414
v -0.10156250 -0.51562500 -0.00804985
v -0.10156250 -0.51562500 0.07823145
v -0.10156250 -0.50781250 -0.00810647
v -0.10156250 -0.50781250 0.07830787
v -0.10156250 -0.50000000 -0.00820458
v -0.10156250 -0.50000000 0.07863569
v -0.10156250 -0.49218750 -0.00836504
v -0.10156250 -0.49218750 0.07893801
v -0.10188192 -0.48437500 -0.01562500
v -0.10156250 -0.48492754 -0.01562500
v -0.10156250 -0.48437500 -0.01565200
v -0.10156250 -0.48437500 0.07881379
v -0.10214746 -0.47656250 -0.01562500
v -0.10156250 -0.47656250 -0.01565236
v -0.10179782 -0.47656250 0.07812500
v -0.10156250 -0.47656250 0.07851827
v -0.10156250 -0.46875000 -0.01565289
v -0.10161781 -0.46875000 0.07812500
v -0.10156250 -0.46875000 0.07827961
v -0.10156250 -0.46093750 -0.01565510
v -0.10181797 -0.46093750 0.06250000
v -0.10169327 -0.46093750 0.07031250
v -0.10159487 -0.46093750 0.07812500
v -0.10156250 -0.46093750 0.07821298
v -0.10247052 -0.45312500 -0.01562500
v -0.10156250 -0.45312500 -0.01565814
v -0.10243177 -0.45312500 0.03906250
v -0.10170990 -0.45312500 0.04687500
v -0.10163391 -0.45312500 0.05468750
v -0.10161769 -0.45312500 0.06250000
v -0.10161048 -0.45312500 0.07031250
v -0.10158515 -0.45312500 0.07812500
v -0.10156250 -0.45312500 0.07817996
v -0.10176593 -0.44531250 -0.01562500
v -0.10156250 -0.44531250 -0.01566100
v -0.10262221 -0.44531250 0.03125000
v -0.10164624 -0.44531250 0.03906250
v -0.10161775 -0.44531250 0.04687500
v -0.10160100 -0.44531250 0.05468750
v -0.10159481 -0.44531250 0.06250000
v -0.10159194 -0.44531250 0.07031250
v -0.10156250 -0.44531250 0.07044125
v -0.10156250 -0.45299619 0.07812500
v -0.10166627 -0.43750000 -0.01562500
v -0.10156250 -0.43750000 -0.01566404
v -0.10163814 -0.43750000 0.03125000
v -0.10160547 -0.43750000 0.03906250
v -0.10159808 -0.43750000 0.04687500
v -0.10158998 -0.43750000 0.05468750
v -0.10158598 -0.43750000 0.06250000
v -0.10158390 -0.43750000 0.07031250
v -0.10156250 -0.43750000 0.07036328
v -0.10163343 -0.42968750 -0.01562500
v -0.10156250 -0.42968750 -0.01566720
v -0.10164791 -0.42968750 0.02343750
v -0.10160488 -0.42968750 0.03125000
v -0.10159266 -0.42968750 0.03906250
v -0.10158879 -0.42968750 0.04687500
v -0.10158509 -0.42968750 0.05468750
v -0.10157144 -0.42968750 0.06250000
v -0.10156250 -0.42968750 0.06255555
v -0.10156250 -0.43737829 0.07031250
v -0.10161626 -0.42187500 -0.01562500
v -0.10156250 -0.42187500 -0.01567012
v -0.10166478 -0.42187500 0.01562500
v -0.10160685 -0.42187500 0.02343750
v -0.10159290 -0.42187500 0.03125000
v -0.10158658 -0.42187500 0.03906250
v -0.10158437 -0.42187500 0.04687500
v -0.10156250 -0.42187500 0.04925728
v -0.10156250 -0.42730516 0.05468750
v -0.10156250 -0.42962116 0.06250000
v -0.10160488 -0.41406250 -0.01562500
v -0.10156250 -0.41406250 -0.01566714
v -0.10171270 -0.41406250 0.00781250
v -0.10161316 -0.41406250 0.01562500
v -0.10159475 -0.41406250 0.02343750
v -0.10158736 -0.41406250 0.03125000
v -0.10158235 -0.41406250 0.03906250
v -0.10156250 -0.41406250 0.03921378
v -0.10156250 -0.42172372 0.04687500
v -0.10159600 -0.40625000 -0.01562500
v -0.10156250 -0.40625000 -0.01566267
v -0.10171044 -0.40625000 -0.00781250
v -0.10170573 -0.40625000 0.00000000
v -0.10161781 -0.40625000 0.00781250
v -0.10159576 -0.40625000 0.01562500
v -0.10158688 -0.40625000 0.02343750
v -0.10158235 -0.40625000 0.03125000
v -0.10156250 -0.40625000 0.03140807
v -0.10156250 -0.41390449 0.03906250
v -0.10159123 -0.39843750 -0.01562500
v -0.10156250 -0.39843750 -0.01566046
v -0.10165972 -0.39843750 -0.00781250
v -0.10163563 -0.39843750 0.00000000
v -0.10160261 -0.39843750 0.00781250
v -0.10158843 -0.39843750 0.01562500
v -0.10158283 -0.39843750 0.02343750
v -0.10156250 -0.39843750 0.02359509
v -0.10156250 -0.40609241 0.03125000
v -0.10158825 -0.39062500 -0.01562500
v -0.10156250 -0.39062500 -0.01565838
v -0.10163206 -0.39062500 -0.00781250
v -0.10161436 -0.39062500 0.00000000
v -0.10159546 -0.39062500 0.00781250
v -0.10158509 -0.39062500 0.01562500
v -0.10156250 -0.39062500 0.01581228
v -0.10156250 -0.39825028 0.02343750
v -0.10158563 -0.38281250 -0.01562500
v -0.10156250 -0.38281250 -0.01565653
v -0.10161757 -0.38281250 -0.00781250
v -0.10160261 -0.38281250 0.00000000
v -0.10158998 -0.38281250 0.00781250
v -0.10156250 -0.38281250 0.01082134
v -0.10156250 -0.38761622 0.01562500
v -0.10158378 -0.37500000 -0.01562500
v -0.10156250 -0.37500000 -0.01565492
v -0.10160744 -0.37500000 -0.00781250
v -0.10159516 -0.37500000 0.00000000
v -0.10158622 -0.37500000 0.00781250
v -0.10156250 -0.37500000 0.00802588
v -0.10158193 -0.36718750 -0.01562500
v -0.10156250 -0.36718750 -0.01565349
v -0.10159987 -0.36718750 -0.00781250
v -0.10159010 -0.36718750 0.00000000
v -0.10158330 -0.36718750 0.00781250
v -0.10156250 -0.36718750 0.00792372
v -0.10158002 -0.35937500 -0.01562500
v -0.10156250 -0.35937500 -0.01565170
v -0.10159320 -0.35937500 -0.00781250
v -0.10158634 -0.35937500 0.00000000
v -0.10156250 -0.35937500 0.00063205
v -0.10156250 -0.36655551 0.00781250
v -0.10156250 -0.35832924 -0.01562500
v -0.10156250 -0.35156250 -0.00885826
v -0.10158843 -0.35156250 -0.00781250
v -0.10158342 -0.35156250 0.00000000
v -0.10156250 -0.35156250 0.00037003
v -0.10158503 -0.34375000 -0.00781250
v -0.10156250 -0.34375000 -0.00802600
v -0.10158116 -0.34375000 0.00000000
v -0.10156250 -0.34375000 0.00023639
v -0.10158300 -0.33593750 -0.00781250
v -0.10156250 -0.33593750 -0.00793386
v -0.10157973 -0.33593750 0.00000000
v -0.10156250 -0.33593750 0.00016570
v -0.10158128 -0.32812500 -0.00781250
v -0.10156250 -0.32812500 -0.00788939
v -0.10157853 -0.32812500 0.00000000
v -0.10156250 -0.32812500 0.00013745
v -0.10158020 -0.32031250 -0.00781250
v -0.10156250 -0.32031250 -0.00787556
v -0.10157377 -0.32031250 0.00000000
v -0.10156250 -0.32031250 0.00008810
v -0.10157949 -0.31250000 -0.00781250
v -0.10156250 -0.31250000 -0.00786781
v -0.10156250 -0.31250000 -0.00525951
v -0.10156250 -0.31827205 0.00000000
v -0.10157877 -0.30468750 -0.00781250
v -0.10156250 -0.30468750 -0.00786066
v -0.10156250 -0.30468750 -0.00685650
v -0.10157889 -0.29687500 -0.00781250
v -0.10156250 -0.29687500 -0.00785381
v -0.10156250 -0.29687500 -0.00147671
v -0.10157913 -0.28906250 -0.00781250
v -0.10156250 -0.28906250 -0.00785285
v -0.10156250 -0.28906250 -0.00633156
v -0.10157931 -0.28125000 -0.00781250
v -0.10156250 -0.28125000 -0.00785482
v -0.10156250 -0.28125000 -0.00731963
v -0.10157931 -0.27343750 -0.00781250
v -0.10156250 -0.27343750 -0.00785875
v -0.10156250 -0.27393037 0.00000000
v -0.10157889 -0.27343750 0.00000000
v -0.10156250 -0.27343750 0.00068164
v -0.10157913 -0.27343750 0.02343750
v -0.10156250 -0.27350807 0.02343750
v -0.10156250 -0.27343750 0.02222776
v -0.10157937 -0.27343750 0.03125000
v -0.10156250 -0.27350366 0.03125000
v -0.10156250 -0.27343750 0.03320098
v -0.10157895 -0.26562500 -0.00781250
v -0.10156250 -0.26562500 -0.00786215
v -0.10158056 -0.26562500 0.00000000
v -0.10156250 -0.26630664 0.00781250
v -0.10158014 -0.26562500 0.00781250
v -0.10158116 -0.26562500 0.01562500
v -0.10156250 -0.26683474 0.01562500
v -0.10158378 -0.26562500 0.02343750
v -0.10158455 -0.26562500 0.03125000
v -0.10156250 -0.26757598 0.03906250
v -0.10158283 -0.26562500 0.03906250
v -0.10158187 -0.26562500 0.04687500
v -0.10156250 -0.26588088 0.04687500
v -0.10156250 -0.26562500 0.04698360
v -0.10158074 -0.25781250 -0.00781250
v -0.10156250 -0.25781250 -0.00787240
v -0.10158592 -0.25781250 0.00000000
v -0.10158610 -0.25781250 0.00781250
v -0.10158747 -0.25781250 0.01562500
v -0.10159278 -0.25781250 0.02343750
v -0.10159677 -0.25781250 0.03125000
v -0.10158956 -0.25781250 0.03906250
v -0.10158890 -0.25781250 0.04687500
v -0.10156250 -0.25781250 0.04742920
v -0.10159683 -0.25000000 -0.00781250
v -0.10156250 -0.25000000 -0.00791144
v -0.10162979 -0.25000000 0.00000000
v -0.10163039 -0.25000000 0.00781250
v -0.10167503 -0.25000000 0.01562500
v -0.10300636 -0.25000000 0.02343750
v -0.10221714 -0.25000000 0.03906250
v -0.10163462 -0.25000000 0.04687500
v -0.10156250 -0.25055426 0.05468750
v -0.10158694 -0.25000000 0.05468750
v -0.10156250 -0.25000000 0.05472565
v -0.10174257 -0.24218750 -0.00781250
v -0.10156250 -0.24218750 -0.00811619
v -0.10161471 -0.24218750 0.05468750
v -0.10156250 -0.24218750 0.05471706
v -0.10159665 -0.23437500 -0.01562500
v -0.10156250 -0.23467869 -0.01562500
v -0.10156250 -0.23437500 -0.01565349
v -0.10156250 -0.23437500 0.05473101
v -0.10162240 -0.22656250 -0.01562500
v -0.10156250 -0.22656250 -0.01565397
v -0.10156250 -0.22656250 0.05477548
v -0.10180527 -0.21875000 -0.01562500
v -0.10156250 -0.21875000 -0.01565659
v -0.10156250 -0.21883792 0.06250000
v -0.10162443 -0.21875000 0.06250000
v -0.10156250 -0.21875000 0.06251335
v -0.10156250 -0.21093750 -0.01565534
v -0.10156250 -0.21093750 0.06252313
v -0.10156250 -0.20312500 -0.01565522
v -0.10156250 -0.20312500 0.06254220
v -0.10156250 -0.19531250 -0.01565462
v -0.10156250 -0.19531250 0.06262326
v -0.10156250 -0.18750000 -0.01565433
v -0.10156250 -0.18750000 0.06302822
v -0.10156250 -0.17968750 -0.01565343
v -0.10156250 -0.17968750 0.06271923
v -0.10156250 -0.17187500 -0.01565051
v -0.10156250 -0.17187500 0.06258523
v -0.10156250 -0.17181408 -0.01562500
v -0.10931408 -0.16406250 -0.01562500
v -0.10156250 -0.16406250 -0.00787342
v -0.10156250 -0.16406250 0.06252217
v -0.10156250 -0.15625000 -0.00784385
v -0.10156250 -0.15625000 0.05472589
v -0.10156250 -0.16402411 0.06250000
v -0.10156250 -0.15618515 -0.00781250
v -0.10156250 -0.15546411 0.00000000
v -0.10858911 -0.14843750 0.00000000
v -0.10156250 -0.14843750 0.00702667
v -0.10156250 -0.14843750 0.03917885
v -0.10156250 -0.15613371 0.04687500
v -0.10156250 -0.15622145 0.05468750
v -0.10156250 -0.14840716 0.00781250
v -0.10156250 -0.14840156 0.01562500
v -0.10933906 -0.14062500 0.01562500
v -0.10156250 -0.14840132 0.02343750
v -0.10933882 -0.14062500 0.02343750
v -0.10156250 -0.14839429 0.03125000
v -0.10933179 -0.14062500 0.03125000
v -0.10156250 -0.14840138 0.03906250
v -0.09375000 -0.60941744 0.00000000
v -0.09375000 -0.60937500 -0.00005406
v -0.10115021 -0.60937500 0.00781250
v -0.09375000 -0.60937500 0.00041223
v -0.10139596 -0.60937500 0.01562500
v -0.10144943 -0.60937500 0.02343750
v -0.10149640 -0.60937500 0.03125000
v -0.10150969 -0.60937500 0.03906250
v -0.09375000 -0.60161653 -0.00781250
v -0.09375000 -0.60156250 -0.00783557
v -0.09375000 -0.60197479 0.00781250
v -0.09375000 -0.60172901 0.01562500
v -0.09375000 -0.60167554 0.02343750
v -0.09375000 -0.60162863 0.03125000
v -0.09375000 -0.60161531 0.03906250
v -0.09375000 -0.60160670 0.04687500
v -0.10107291 -0.60156250 0.05468750
v -0.09375000 -0.60156250 0.04736459
v -0.09375000 -0.59375000 -0.00786114
v -0.09375000 -0.59423962 0.05468750
v -0.09375000 -0.59375000 0.05471838
v -0.09375000 -0.58593750 -0.00793624
v -0.09375000 -0.58596835 0.06250000
v -0.09375000 -0.58593750 0.06252074
v -0.09375000 -0.57812500 -0.00790906
v -0.09375000 -0.57812500 0.06258631
v -0.09375000 -0.57031250 -0.00790089
v -0.09375000 -0.57039878 0.07031250
v -0.09375000 -0.57031250 0.07032633
v -0.09375000 -0.56250000 -0.00790769
v -0.09375000 -0.56250000 0.07034194
v -0.09375000 -0.55468750 -0.00793177
v -0.09375000 -0.55468750 0.07111752
v -0.09375000 -0.54687500 -0.00793785
v -0.09375000 -0.54755858 0.07812500
v -0.09375000 -0.54687500 0.07814324
v -0.09375000 -0.53906250 -0.00792944
v -0.09375000 -0.53906250 0.07815886
v -0.09375000 -0.53125000 -0.00794137
v -0.09375000 -0.53125000 0.07818818
v -0.09375000 -0.52343750 -0.00796390
v -0.09375000 -0.52343750 0.07823300
v -0.09375000 -0.51562500 -0.00799733
v -0.09375000 -0.51562500 0.07836437
v -0.09375000 -0.50781250 -0.00804341
v -0.09375000 -0.50781250 0.07870102
v -0.09375000 -0.50000000 -0.00811970
v -0.09375000 -0.50000000 0.07920313
v -0.09375000 -0.49218750 -0.00902247
v -0.09375000 -0.49218750 0.08080053
v -0.09375000 -0.48558497 -0.01562500
v -0.09375000 -0.48437500 -0.01565182
v -0.09375000 -0.48705059 0.08593750
v -0.09443873 -0.48437500 0.08593750
v -0.09375000 -0.48437500 0.08596671
v -0.09375000 -0.47656250 -0.01565361
v -0.09414321 -0.47656250 0.08593750
v -0.09375000 -0.47656250 0.08596873
v -0.09375000 -0.46875000 -0.01565862
v -0.09390455 -0.46875000 0.08593750
v -0.09375000 -0.46875000 0.08596778
v -0.09375000 -0.46093750 -0.01566505
v -0.09383792 -0.46093750 0.08593750
v -0.09375000 -0.46093750 0.08596587
v -0.09375000 -0.45312500 -0.01567179
v -0.09375000 -0.45312500 0.08088613
v -0.09375000 -0.45817643 0.08593750
v -0.09375000 -0.44531250 -0.01567894
v -0.09387881 -0.44531250 0.07812500
v -0.09375000 -0.44531250 0.07866979
v -0.09375000 -0.43750000 -0.01568758
v -0.09380084 -0.43750000 0.07812500
v -0.09375000 -0.43750000 0.07828712
v -0.09375000 -0.42968750 -0.01570165
v -0.09387171 -0.42968750 0.07031250
v -0.09378433 -0.42968750 0.07812500
v -0.09375000 -0.42968750 0.07822597
v -0.09375000 -0.42187500 -0.01571876
v -0.09613234 -0.42187500 0.05468750
v -0.09389532 -0.42187500 0.06250000
v -0.09380484 -0.42187500 0.07031250
v -0.09377569 -0.42187500 0.07812500
v -0.09375000 -0.42187500 0.07819140
v -0.09375000 -0.41406250 -0.01574051
v -0.09390128 -0.41406250 0.04687500
v -0.09389681 -0.41406250 0.05468750
v -0.09382319 -0.41406250 0.06250000
v -0.09378564 -0.41406250 0.07031250
v -0.09375000 -0.41406250 0.07053447
v -0.09375000 -0.42165297 0.07812500
v -0.09375000 -0.40625000 -0.01575935
v -0.09390801 -0.40625000 0.03906250
v -0.09382182 -0.40625000 0.04687500
v -0.09381765 -0.40625000 0.05468750
v -0.09379935 -0.40625000 0.06250000
v -0.09377736 -0.40625000 0.07031250
v -0.09375000 -0.40625000 0.07038796
v -0.09375000 -0.39843750 -0.01577330
v -0.09390759 -0.39843750 0.03125000
v -0.09381622 -0.39843750 0.03906250
v -0.09379280 -0.39843750 0.04687500
v -0.09378862 -0.39843750 0.05468750
v -0.09378505 -0.39843750 0.06250000
v -0.09375000 -0.39843750 0.06353772
v -0.09375000 -0.40521228 0.07031250
v -0.09375000 -0.39062500 -0.01577961
v -0.09393722 -0.39062500 0.02343750
v -0.09381443 -0.39062500 0.03125000
v -0.09379131 -0.39062500 0.03906250
v -0.09378052 -0.39062500 0.04687500
v -0.09377813 -0.39062500 0.05468750
v -0.09377509 -0.39062500 0.06250000
v -0.09375000 -0.39062500 0.06259775
v -0.09375000 -0.38281250 -0.01580107
v -0.09675878 -0.38281250 0.01562500
v -0.09384686 -0.38281250 0.02343750
v -0.09379900 -0.38281250 0.03125000
v -0.09378284 -0.38281250 0.03906250
v -0.09377474 -0.38281250 0.04687500
v -0.09377289 -0.38281250 0.05468750
v -0.09375000 -0.38281250 0.05485857
v -0.09375000 -0.39045388 0.06250000
v -0.09375000 -0.37500000 -0.01579660
v -0.09396333 -0.37500000 0.01562500
v -0.09381586 -0.37500000 0.02343750
v -0.09378886 -0.37500000 0.03125000
v -0.09377807 -0.37500000 0.03906250
v -0.09375000 -0.37500000 0.03947246
v -0.09375000 -0.38240254 0.04687500
v -0.09375000 -0.38253570 0.05468750
v -0.09375000 -0.36718750 -0.01575023
v -0.09386122 -0.36718750 0.01562500
v -0.09379959 -0.36718750 0.02343750
v -0.09378248 -0.36718750 0.03125000
v -0.09377468 -0.36718750 0.03906250
v -0.09375000 -0.36718750 0.03923893
v -0.09375000 -0.35937500 -0.01571995
v -0.09438199 -0.35937500 0.00781250
v -0.09382719 -0.35937500 0.01562500
v -0.09379077 -0.35937500 0.02343750
v -0.09377789 -0.35937500 0.03125000
v -0.09375000 -0.35937500 0.03167605
v -0.09375000 -0.36676151 0.03906250
v -0.09479576 -0.35156250 -0.01562500
v -0.09375000 -0.35156250 -0.01570386
v -0.09411997 -0.35156250 0.00781250
v -0.09381890 -0.35156250 0.01562500
v -0.09378755 -0.35156250 0.02343750
v -0.09377486 -0.35156250 0.03125000
v -0.09375000 -0.35156250 0.03143728
v -0.09396350 -0.34375000 -0.01562500
v -0.09375000 -0.34375000 -0.01569194
v -0.09398639 -0.34375000 0.00781250
v -0.09381247 -0.34375000 0.01562500
v -0.09378523 -0.34375000 0.02343750
v -0.09377408 -0.34375000 0.03125000
v -0.09375000 -0.34375000 0.03141546
v -0.09387136 -0.33593750 -0.01562500
v -0.09375000 -0.33593750 -0.01568145
v -0.09391570 -0.33593750 0.00781250
v -0.09380591 -0.33593750 0.01562500
v -0.09378409 -0.33593750 0.02343750
v -0.09377366 -0.33593750 0.03125000
v -0.09375000 -0.33593750 0.03141439
v -0.09382689 -0.32812500 -0.01562500
v -0.09375000 -0.32812500 -0.01567501
v -0.09388751 -0.32812500 0.00781250
v -0.09380269 -0.32812500 0.01562500
v -0.09378356 -0.32812500 0.02343750
v -0.09377217 -0.32812500 0.03125000
v -0.09375000 -0.32812500 0.03136241
v -0.09381306 -0.32031250 -0.01562500
v -0.09375000 -0.32031250 -0.01567245
v -0.09387052 -0.32031250 0.00781250
v -0.09380072 -0.32031250 0.01562500
v -0.09378010 -0.32031250 0.02343750
v -0.09376091 -0.32031250 0.03125000
v -0.09375000 -0.32031250 0.03130126
v -0.09380531 -0.31250000 -0.01562500
v -0.09375000 -0.31250000 -0.01566899
v -0.09630299 -0.31250000 0.00000000
v -0.09389603 -0.31250000 0.00781250
v -0.09379983 -0.31250000 0.01562500
v -0.09377652 -0.31250000 0.02343750
v -0.09376895 -0.31250000 0.03125000
v -0.09375000 -0.31250000 0.03135347
v -0.09379816 -0.30468750 -0.01562500
v -0.09375000 -0.30468750 -0.01566666
v -0.09470600 -0.30468750 0.00000000
v -0.09392357 -0.30468750 0.00781250
v -0.09379953 -0.30468750 0.01562500
v -0.09377712 -0.30468750 0.02343750
v -0.09377003 -0.30468750 0.03125000
v -0.09375000 -0.30468750 0.03145993
v -0.09379131 -0.29687500 -0.01562500
v -0.09375000 -0.29687500 -0.01566535
v -0.10008579 -0.29687500 0.00000000
v -0.09386849 -0.29687500 0.00781250
v -0.09380037 -0.29687500 0.01562500
v -0.09377789 -0.29687500 0.02343750
v -0.09377182 -0.29687500 0.03125000
v -0.09375000 -0.29708493 0.03906250
v -0.09376860 -0.29687500 0.03906250
v -0.09375000 -0.29687500 0.03954887
v -0.09379035 -0.28906250 -0.01562500
v -0.09375000 -0.28906250 -0.01566309
v -0.09523094 -0.28906250 0.00000000
v -0.09384096 -0.28906250 0.00781250
v -0.09380579 -0.28906250 0.01562500
v -0.09378839 -0.28906250 0.02343750
v -0.09378004 -0.28906250 0.03125000
v -0.09377724 -0.28906250 0.03906250
v -0.09375000 -0.28954887 0.04687500
v -0.09377605 -0.28906250 0.04687500
v -0.09377092 -0.28906250 0.05468750
v -0.09375000 -0.28915310 0.05468750
v -0.09375000 -0.28906250 0.05472410
v -0.09379232 -0.28125000 -0.01562500
v -0.09375000 -0.28125000 -0.01566178
v -0.09424287 -0.28125000 0.00000000
v -0.09384888 -0.28125000 0.00781250
v -0.09383136 -0.28125000 0.01562500
v -0.09382057 -0.28125000 0.02343750
v -0.09381616 -0.28125000 0.03125000
v -0.09380376 -0.28125000 0.03906250
v -0.09379756 -0.28125000 0.04687500
v -0.09378082 -0.28125000 0.05468750
v -0.09375000 -0.28125000 0.05475545
v -0.09379625 -0.27343750 -0.01562500
v -0.09375000 -0.27343750 -0.01566100
v -0.09443164 -0.27343750 0.00781250
v -0.09495974 -0.27343750 0.01562500
v -0.09570098 -0.27343750 0.03906250
v -0.09400588 -0.27343750 0.04687500
v -0.09381193 -0.27343750 0.05468750
v -0.09375000 -0.27343750 0.05505836
v -0.09379965 -0.26562500 -0.01562500
v -0.09375000 -0.26562500 -0.01565975
v -0.09385866 -0.26562500 0.05468750
v -0.09375000 -0.26599592 0.06250000
v -0.09377480 -0.26562500 0.06250000
v -0.09375000 -0.26562500 0.06251955
v -0.09380990 -0.25781250 -0.01562500
v -0.09375000 -0.25781250 -0.01566011
v -0.09430426 -0.25781250 0.05468750
v -0.09378183 -0.25781250 0.06250000
v -0.09375000 -0.25781250 0.06251788
v -0.09384894 -0.25000000 -0.01562500
v -0.09375000 -0.25000000 -0.01566821
v -0.09375000 -0.25728244 0.06250000
v -0.09375000 -0.25000000 0.05521750
v -0.09405369 -0.24218750 -0.01562500
v -0.09375000 -0.24218750 -0.01566601
v -0.09375000 -0.24218750 0.05480182
v -0.09375000 -0.23437500 -0.01566535
v -0.09375000 -0.23437500 0.05538082
v -0.09375000 -0.22656250 -0.01566482
v -0.09375000 -0.22656250 0.05597103
v -0.09375000 -0.21875000 -0.01566589
v -0.09375000 -0.22003353 0.06250000
v -0.09375000 -0.21875000 0.06252050
v -0.09375000 -0.21093750 -0.01566547
v -0.09375000 -0.21093750 0.06253278
v -0.09375000 -0.20312500 -0.01566350
v -0.09375000 -0.20312500 0.06257975
v -0.09375000 -0.19531250 -0.01566094
v -0.09375000 -0.19531250 0.06326079
v -0.09375000 -0.18750000 -0.01565570
v -0.09375000 -0.18750000 0.06368637
v -0.09375000 -0.17968750 -0.01564956
v -0.09375000 -0.17968750 0.06333232
v -0.09375000 -0.17959696 -0.01562500
v -0.10147196 -0.17187500 -0.01562500
v -0.09375000 -0.17187500 -0.00790304
v -0.09375000 -0.17187500 0.06258714
v -0.09375000 -0.16406250 -0.00784510
v -0.10140079 -0.16406250 0.06250000
v -0.09375000 -0.16406250 0.05484915
v -0.09375000 -0.17171329 0.06250000
v -0.09375000 -0.16393912 -0.00781250
v -0.10143912 -0.15625000 -0.00781250
v -0.09375000 -0.15625000 -0.00012338
v -0.10151190 -0.15625000 0.05468750
v -0.09375000 -0.15625000 0.04692554
v -0.09375000 -0.16401190 0.05468750
v -0.09375000 -0.15622109 0.00000000
v -0.09375000 -0.15621340 0.00781250
v -0.10152590 -0.14843750 0.00781250
v -0.09375000 -0.15618056 0.01562500
v -0.10149306 -0.14843750 0.01562500
v -0.09375000 -0.15608066 0.02343750
v -0.10139316 -0.14843750 0.02343750
v -0.09375000 -0.15546948 0.03125000
v -0.10078198 -0.14843750 0.03125000
v -0.09375000 -0.15556407 0.03906250
v -0.10087657 -0.14843750 0.03906250
v -0.09375000 -0.15620905 0.04687500
v -0.09370846 -0.60937500 0.00000000
v -0.09369141 -0.60156250 -0.00781250
v -0.08593750 -0.60156250 -0.00005859
v -0.08593750 -0.60160404 0.00000000
v -0.09311646 -0.60156250 0.00781250
v -0.08593750 -0.60156250 0.00063360
v -0.09350920 -0.60156250 0.01562500
v -0.09361655 -0.60156250 0.02343750
v -0.09368014 -0.60156250 0.03125000
v -0.09369689 -0.60156250 0.03906250
v -0.09369743 -0.60156250 0.04687500
v -0.08593750 -0.59380859 -0.00781250
v -0.08593750 -0.59375000 -0.00783622
v -0.08593750 -0.59438357 0.00781250
v -0.08593750 -0.59399077 0.01562500
v -0.08593750 -0.59388348 0.02343750
v -0.08593750 -0.59381983 0.03125000
v -0.08593750 -0.59380311 0.03906250
v -0.08593750 -0.59380257 0.04687500
v -0.09223658 -0.59375000 0.05468750
v -0.08593750 -0.59375000 0.04838836
v -0.08593750 -0.58593750 -0.00785989
v -0.08593750 -0.58745092 0.05468750
v -0.09368986 -0.58593750 0.06250000
v -0.08593750 -0.58593750 0.05474770
v -0.08593750 -0.57812500 -0.00795627
v -0.08593750 -0.57818517 0.06250000
v -0.08593750 -0.57812500 0.06254113
v -0.08593750 -0.57031250 -0.00793248
v -0.08593750 -0.57035360 0.07031250
v -0.08593750 -0.57031250 0.07032311
v -0.08593750 -0.56250000 -0.00791568
v -0.08593750 -0.56250000 0.07033288
v -0.08593750 -0.55468750 -0.00792253
v -0.08593750 -0.55468750 0.07042158
v -0.08593750 -0.54687500 -0.00798208
v -0.08593750 -0.54695690 0.07812500
v -0.08593750 -0.54687500 0.07814038
v -0.08593750 -0.53906250 -0.00797397
v -0.08593750 -0.53906250 0.07816243
v -0.08593750 -0.53125000 -0.00796348
v -0.08593750 -0.53125000 0.07821476
v -0.08593750 -0.52343750 -0.00795615
v -0.08593750 -0.52343750 0.07872891
v -0.08593750 -0.51562500 -0.00797051
v -0.08593750 -0.51562500 0.07918048
v -0.08593750 -0.50781250 -0.00804728
v -0.08593750 -0.50781250 0.08100426
v -0.08593750 -0.50000000 -0.00918835
v -0.08593750 -0.50287932 0.08593750
v -0.08701569 -0.50000000 0.08593750
v -0.08593750 -0.50000000 0.08597493
v -0.08714747 -0.49218750 -0.01562500
v -0.08593750 -0.49356335 -0.01562500
v -0.08593750 -0.49218750 -0.01565182
v -0.08861309 -0.49218750 0.08593750
v -0.08593750 -0.49218750 0.08598006
v -0.08593750 -0.48437500 -0.01565462
v -0.08593750 -0.48437500 0.08598518
v -0.08593750 -0.47656250 -0.01566041
v -0.08593750 -0.47656250 0.08598948
v -0.08593750 -0.46875000 -0.01567006
v -0.08593750 -0.46875000 0.08598781
v -0.08593750 -0.46093750 -0.01568657
v -0.08593750 -0.46093750 0.08598614
v -0.08593750 -0.45312500 -0.01571041
v -0.08869857 -0.45312500 0.08593750
v -0.08593750 -0.45312500 0.08598244
v -0.08593750 -0.44531250 -0.01573718
v -0.08648229 -0.44531250 0.08593750
v -0.08593750 -0.44531250 0.08597708
v -0.08593750 -0.43750000 -0.01575875
v -0.08609968 -0.43750000 0.08593750
v -0.08593750 -0.43750000 0.08597159
v -0.08593750 -0.42968750 -0.01580584
v -0.08603847 -0.42968750 0.08593750
v -0.08593750 -0.42968750 0.08596611
v -0.08593750 -0.42187500 -0.01586264
v -0.08600396 -0.42187500 0.08593750
v -0.08593750 -0.42187500 0.08596194
v -0.08593750 -0.41406250 -0.01593423
v -0.08615953 -0.41406250 0.07812500
v -0.08598125 -0.41406250 0.08593750
v -0.08593750 -0.41406250 0.08595884
v -0.08593750 -0.40625000 -0.01613921
v -0.08601290 -0.40625000 0.07812500
v -0.08596957 -0.40625000 0.08593750
v -0.08593750 -0.40625000 0.08595932
v -0.08593750 -0.39843750 -0.01699579
v -0.08697522 -0.39843750 0.07031250
v -0.08598244 -0.39843750 0.07812500
v -0.08594644 -0.39843750 0.08593750
v -0.08593750 -0.39843750 0.08594501
v -0.08609211 -0.39062500 -0.02343750
v -0.08593750 -0.39199579 -0.02343750
v -0.08593750 -0.39062500 -0.02346265
v -0.08603525 -0.39062500 0.07031250
v -0.08596963 -0.39062500 0.07812500
v -0.08593750 -0.39062500 0.07851279
v -0.08593750 -0.39829963 0.08593750
v -0.08611357 -0.38281250 -0.02343750
v -0.08593750 -0.38281250 -0.02346319
v -0.08610862 -0.38281250 0.06250000
v -0.08598363 -0.38281250 0.07031250
v -0.08596241 -0.38281250 0.07812500
v -0.08593750 -0.38281250 0.07821345
v -0.08610910 -0.37500000 -0.02343750
v -0.08593750 -0.37500000 -0.02346373
v -0.08634746 -0.37500000 0.04687500
v -0.08621430 -0.37500000 0.05468750
v -0.08600098 -0.37500000 0.06250000
v -0.08596814 -0.37500000 0.07031250
v -0.08593750 -0.37500000 0.07053053
v -0.08593750 -0.38259447 0.07812500
v -0.08606273 -0.36718750 -0.02343750
v -0.08593750 -0.36718750 -0.02346373
v -0.08611393 -0.36718750 0.04687500
v -0.08607560 -0.36718750 0.05468750
v -0.08598071 -0.36718750 0.06250000
v -0.08596081 -0.36718750 0.07031250
v -0.08593750 -0.36718750 0.07037997
v -0.08603245 -0.35937500 -0.02343750
v -0.08593750 -0.35937500 -0.02346355
v -0.08636349 -0.35937500 0.03906250
v -0.08604395 -0.35937500 0.04687500
v -0.08601689 -0.35937500 0.05468750
v -0.08597326 -0.35937500 0.06250000
v -0.08593750 -0.35937500 0.06261301
v -0.08593750 -0.36707455 0.07031250
v -0.08601636 -0.35156250 -0.02343750
v -0.08593750 -0.35156250 -0.02346325
v -0.08612484 -0.35156250 0.03906250
v -0.08601618 -0.35156250 0.04687500
v -0.08599281 -0.35156250 0.05468750
v -0.08596796 -0.35156250 0.06250000
v -0.08593750 -0.35156250 0.06257236
v -0.08600444 -0.34375000 -0.02343750
v -0.08593750 -0.34375000 -0.02346289
v -0.08610290 -0.34375000 0.03906250
v -0.08600312 -0.34375000 0.04687500
v -0.08597934 -0.34375000 0.05468750
v -0.08596385 -0.34375000 0.06250000
v -0.08593750 -0.34375000 0.06255937
v -0.08599395 -0.33593750 -0.02343750
v -0.08593750 -0.33593750 -0.02346247
v -0.08610189 -0.33593750 0.03906250
v -0.08599973 -0.33593750 0.04687500
v -0.08597314 -0.33593750 0.05468750
v -0.08596146 -0.33593750 0.06250000
v -0.08593750 -0.33593750 0.06254756
v -0.08598751 -0.32812500 -0.02343750
v -0.08593750 -0.32812500 -0.02346194
v -0.08604991 -0.32812500 0.03906250
v -0.08599049 -0.32812500 0.04687500
v -0.08597034 -0.32812500 0.05468750
v -0.08595711 -0.32812500 0.06250000
v -0.08593750 -0.32812500 0.06254280
v -0.08593750 -0.32334113 -0.02343750
v -0.08593750 -0.32031250 -0.02040887
v -0.08602840 -0.32031250 0.03906250
v -0.08598793 -0.32031250 0.04687500
v -0.08596903 -0.32031250 0.05468750
v -0.08593750 -0.32031250 0.05509782
v -0.08593750 -0.32771474 0.06250000
v -0.08593750 -0.31250000 -0.01676112
v -0.08604103 -0.31250000 0.03906250
v -0.08599108 -0.31250000 0.04687500
v -0.08597100 -0.31250000 0.05468750
v -0.08593750 -0.31250000 0.05487502
v -0.08593750 -0.30468750 -0.01616937
v -0.08614743 -0.30468750 0.03906250
v -0.08600909 -0.30468750 0.04687500
v -0.08598161 -0.30468750 0.05468750
v -0.08593750 -0.30471593 0.06250000
v -0.08594036 -0.30468750 0.06250000
v -0.08593750 -0.30468750 0.06250370
v -0.08593750 -0.29687500 -0.01597476
v -0.08642387 -0.29687500 0.04687500
v -0.08602810 -0.29687500 0.05468750
v -0.08596104 -0.29687500 0.06250000
v -0.08593750 -0.29687500 0.06252563
v -0.08593750 -0.28906250 -0.01587516
v -0.08597410 -0.28906250 0.06250000
v -0.08593750 -0.28906250 0.06253350
v -0.08593750 -0.28125000 -0.01584554
v -0.08600539 -0.28125000 0.06250000
v -0.08593750 -0.28125000 0.06253898
v -0.08593750 -0.27343750 -0.01578110
v -0.08630842 -0.27343750 0.06250000
v -0.08593750 -0.27343750 0.06254339
v -0.08593750 -0.26562500 -0.01573676
v -0.08593750 -0.26562500 0.06254518
v -0.08593750 -0.25781250 -0.01570970
v -0.08593750 -0.25781250 0.06255341
v -0.08593750 -0.25000000 -0.01570594
v -0.08646756 -0.25000000 0.06250000
v -0.08593750 -0.25000000 0.06254375
v -0.08593750 -0.24218750 -0.01569688
v -0.08605188 -0.24218750 0.06250000
v -0.08593750 -0.24218750 0.06252766
v -0.08593750 -0.23437500 -0.01569450
v -0.08663088 -0.23437500 0.06250000
v -0.08593750 -0.23437500 0.06252289
v -0.08593750 -0.22656250 -0.01570255
v -0.08722103 -0.22656250 0.06250000
v -0.08593750 -0.22656250 0.06252444
v -0.08593750 -0.21875000 -0.01569104
v -0.08593750 -0.21875000 0.06253612
v -0.08593750 -0.21093750 -0.01568276
v -0.08593750 -0.21093750 0.06258762
v -0.08593750 -0.20312500 -0.01567304
v -0.08593750 -0.20312500 0.06432688
v -0.08593750 -0.19531250 -0.01566488
v -0.08593750 -0.19713938 0.07031250
v -0.08669829 -0.19531250 0.07031250
v -0.08593750 -0.19531250 0.07033575
v -0.08593750 -0.18750000 -0.01565593
v -0.08712381 -0.18750000 0.07031250
v -0.08593750 -0.18750000 0.07033563
v -0.08593750 -0.17968750 -0.01565254
v -0.08593750 -0.17968750 0.06390619
v -0.08593750 -0.18609381 0.07031250
v -0.08593750 -0.17962581 -0.01562500
v -0.08593750 -0.17187500 -0.00787419
v -0.08593750 -0.17187500 0.06254995
v -0.08593750 -0.16406250 -0.00784016
v -0.08593750 -0.16406250 0.05473685
v -0.08593750 -0.17182559 0.06250000
v -0.08593750 -0.16403222 -0.00781250
v -0.08593750 -0.16400456 0.00000000
v -0.09369206 -0.15625000 0.00000000
v -0.08593750 -0.16394526 0.00781250
v -0.09363276 -0.15625000 0.00781250
v -0.08593750 -0.15625000 0.01550770
v -0.09353894 -0.15625000 0.04687500
v -0.08593750 -0.15625000 0.03927362
v -0.08593750 -0.16385144 0.04687500
v -0.08593750 -0.16403055 0.05468750
v -0.08593750 -0.15622991 0.01562500
v -0.08593750 -0.15622824 0.02343750
v -0.08593750 -0.15622532 0.03125000
v -0.08593750 -0.15622431 0.03906250
v -0.08589673 -0.60156250 0.00000000
v -0.08587694 -0.59375000 -0.00781250
v -0.07812500 -0.59375000 -0.00006056
v -0.07812500 -0.59379077 0.00000000
v -0.08554530 -0.59375000 0.00781250
v -0.07812500 -0.59375000 0.00039220
v -0.08570725 -0.59375000 0.01562500
v -0.08577639 -0.59375000 0.02343750
v -0.08583575 -0.59375000 0.03125000
v -0.08586955 -0.59375000 0.03906250
v -0.08586073 -0.59375000 0.04687500
v -0.07812500 -0.58599806 -0.00781250
v -0.07812500 -0.58593750 -0.00783604
v -0.07812500 -0.58632970 0.00781250
v -0.07812500 -0.58616775 0.01562500
v -0.07812500 -0.58609861 0.02343750
v -0.07812500 -0.58603925 0.03125000
v -0.07812500 -0.58600545 0.03906250
v -0.07812500 -0.58601427 0.04687500
v -0.07812500 -0.58602926 0.05468750
v -0.07812500 -0.58593750 0.05471206
v -0.07812500 -0.57812500 -0.00785804
v -0.07812500 -0.57814950 0.06250000
v -0.07812500 -0.57812500 0.06252348
v -0.07812500 -0.57031250 -0.00799584
v -0.08548957 -0.57031250 0.07031250
v -0.07812500 -0.57031250 0.06294799
v -0.07812500 -0.56250000 -0.00798124
v -0.07812500 -0.56294793 0.07031250
v -0.07812500 -0.56250000 0.07032561
v -0.07812500 -0.55468750 -0.00794375
v -0.07812500 -0.55468750 0.07035077
v -0.07812500 -0.54687500 -0.00797057
v -0.08062774 -0.54687500 0.07812500
v -0.07812500 -0.54687500 0.07608771
v -0.07812500 -0.53906250 -0.00805676
v -0.07812500 -0.54483777 0.07812500
v -0.07812500 -0.53906250 0.07816708
v -0.07812500 -0.53125000 -0.00808263
v -0.07812500 -0.53125000 0.07836735
v -0.07812500 -0.52343750 -0.00812179
v -0.07812500 -0.52343750 0.07944047
v -0.07812500 -0.51562500 -0.00813586
v -0.07812500 -0.51562500 0.08485854
v -0.07812500 -0.50781250 -0.01340777
v -0.07812500 -0.51454604 0.08593750
v -0.08100432 -0.50781250 0.08593750
v -0.07812500 -0.50781250 0.08598638
v -0.07950085 -0.50000000 -0.01562500
v -0.07812500 -0.50559527 -0.01562500
v -0.07812500 -0.50000000 -0.01565194
v -0.07812500 -0.50000000 0.08601546
v -0.07812500 -0.49218750 -0.01565695
v -0.07812500 -0.49218750 0.08606124
v -0.07812500 -0.48437500 -0.01566362
v -0.07812500 -0.48437500 0.08608735
v -0.07812500 -0.47656250 -0.01567370
v -0.07812500 -0.47656250 0.08610439
v -0.07812500 -0.46875000 -0.01569211
v -0.07812500 -0.46875000 0.08606076
v -0.07812500 -0.46093750 -0.01571810
v -0.07812500 -0.46093750 0.08602881
v -0.07812500 -0.45312500 -0.01575887
v -0.07812500 -0.45312500 0.08601093
v -0.07812500 -0.44531250 -0.01585954
v -0.07812500 -0.44531250 0.08599651
v -0.07812500 -0.43750000 -0.01596552
v -0.07812500 -0.43750000 0.08598590
v -0.07812500 -0.42968750 -0.01628965
v -0.07812500 -0.42968750 0.08597863
v -0.07812500 -0.42187500 -0.01836610
v -0.07812500 -0.42187500 0.08597291
v -0.07843423 -0.41406250 -0.02343750
v -0.07812500 -0.41680360 -0.02343750
v -0.07812500 -0.41406250 -0.02346277
v -0.07812500 -0.41406250 0.08597505
v -0.07863921 -0.40625000 -0.02343750
v -0.07812500 -0.40625000 -0.02346385
v -0.07812500 -0.40625000 0.08598220
v -0.07949579 -0.39843750 -0.02343750
v -0.07812500 -0.39843750 -0.02346510
v -0.07812500 -0.39843750 0.08598483
v -0.07812500 -0.39062500 -0.02346629
v -0.07851273 -0.39062500 0.08593750
v -0.07812500 -0.39062500 0.08597863
v -0.07812500 -0.38281250 -0.02346754
v -0.07821345 -0.38281250 0.08593750
v -0.07812500 -0.38281250 0.08596909
v -0.07812500 -0.37500000 -0.02346838
v -0.07834303 -0.37500000 0.07812500
v -0.07817280 -0.37500000 0.08593750
v -0.07812500 -0.37500000 0.08596027
v -0.07812500 -0.36718750 -0.02346832
v -0.07819247 -0.36718750 0.07812500
v -0.07815748 -0.36718750 0.08593750
v -0.07812500 -0.36718750 0.08595371
v -0.07812500 -0.35937500 -0.02346826
v -0.07823795 -0.35937500 0.07031250
v -0.07816631 -0.35937500 0.07812500
v -0.07812500 -0.35937500 0.07828593
v -0.07812500 -0.36702651 0.08593750
v -0.07812500 -0.35156250 -0.02346784
v -0.07819742 -0.35156250 0.07031250
v -0.07815856 -0.35156250 0.07812500
v -0.07812500 -0.35156250 0.07816517
v -0.07812500 -0.34375000 -0.02346736
v -0.07818437 -0.34375000 0.07031250
v -0.07815403 -0.34375000 0.07812500
v -0.07812500 -0.34375000 0.07814848
v -0.07812500 -0.33593750 -0.02346694
v -0.07817262 -0.33593750 0.07031250
v -0.07812500 -0.33593750 0.07051265
v -0.07812500 -0.34354979 0.07812500
v -0.07812500 -0.32812500 -0.02346605
v -0.07816774 -0.32812500 0.07031250
v -0.07812500 -0.32812500 0.07036817
v -0.08290887 -0.32031250 -0.02343750
v -0.07812500 -0.32031250 -0.02346534
v -0.07853526 -0.32031250 0.06250000
v -0.07816154 -0.32031250 0.07031250
v -0.07812500 -0.32031250 0.07034099
v -0.07926112 -0.31250000 -0.02343750
v -0.07812500 -0.31250000 -0.02346557
v -0.07831246 -0.31250000 0.06250000
v -0.07812500 -0.31250000 0.06277025
v -0.07812500 -0.32004231 0.07031250
v -0.07866937 -0.30468750 -0.02343750
v -0.07812500 -0.30468750 -0.02346665
v -0.07812500 -0.30468750 0.06258106
v -0.07847476 -0.29687500 -0.02343750
v -0.07812500 -0.29687500 -0.02346694
v -0.07812500 -0.29687500 0.06263268
v -0.07837516 -0.28906250 -0.02343750
v -0.07812500 -0.28906250 -0.02346700
v -0.07812500 -0.28906250 0.06296885
v -0.07834554 -0.28125000 -0.02343750
v -0.07812500 -0.28125000 -0.02346623
v -0.07812500 -0.28125000 0.06502843
v -0.07828110 -0.27343750 -0.02343750
v -0.07812500 -0.27343750 -0.02346402
v -0.07812500 -0.27343750 0.06989491
v -0.07812500 -0.27258116 -0.02343750
v -0.07812500 -0.26562500 -0.01648134
v -0.07812500 -0.26562500 0.06539643
v -0.07812500 -0.25781250 -0.01597410
v -0.07812500 -0.25781250 0.06397414
v -0.07812500 -0.25000000 -0.01624465
v -0.07812500 -0.25000000 0.06274176
v -0.07812500 -0.24218750 -0.01605511
v -0.07812500 -0.24218750 0.06256688
v -0.07812500 -0.23437500 -0.01595050
v -0.07812500 -0.23437500 0.06254828
v -0.07812500 -0.22656250 -0.01583993
v -0.07812500 -0.22656250 0.06255436
v -0.07812500 -0.21875000 -0.01574105
v -0.07812500 -0.21875000 0.06268525
v -0.07812500 -0.21093750 -0.01570499
v -0.07812500 -0.21102679 0.07031250
v -0.07816696 -0.21093750 0.07031250
v -0.07812500 -0.21093750 0.07032323
v -0.07812500 -0.20312500 -0.01568270
v -0.07995188 -0.20312500 0.07031250
v -0.07812500 -0.20312500 0.07034206
v -0.07812500 -0.19531250 -0.01566648
v -0.07812500 -0.19531250 0.07034326
v -0.07812500 -0.18750000 -0.01566076
v -0.07812500 -0.18750000 0.07033646
v -0.07812500 -0.17968750 -0.01564968
v -0.07812500 -0.17968750 0.06296146
v -0.07812500 -0.18703854 0.07031250
v -0.07812500 -0.17963850 -0.01562500
v -0.07812500 -0.17187500 -0.00786150
v -0.07812500 -0.17187500 0.06251037
v -0.07812500 -0.17179859 -0.00781250
v -0.08586109 -0.16406250 -0.00781250
v -0.07812500 -0.16819000 0.00000000
v -0.08225250 -0.16406250 0.00000000
v -0.07812500 -0.16406250 0.00412750
v -0.08580935 -0.16406250 0.05468750
v -0.07812500 -0.16406250 0.04700315
v -0.07812500 -0.17174685 0.05468750
v -0.07812500 -0.17186266 0.06250000
v -0.07812500 -0.16403979 0.00781250
v -0.07812500 -0.16402858 0.01562500
v -0.08590358 -0.15625000 0.01562500
v -0.07812500 -0.16401881 0.02343750
v -0.08589381 -0.15625000 0.02343750
v -0.07812500 -0.16395545 0.03125000
v -0.08583045 -0.15625000 0.03125000
v -0.07812500 -0.16400087 0.03906250
v -0.08587587 -0.15625000 0.03906250
v -0.07812500 -0.16402423 0.04687500
v -0.07809246 -0.59375000 0.00000000
v -0.07807440 -0.58593750 -0.00781250
v -0.07774705 -0.58593750 0.00000000
v -0.07788289 -0.58593750 0.00781250
v -0.07790524 -0.58593750 0.01562500
v -0.07796758 -0.58593750 0.02343750
v -0.07801270 -0.58593750 0.03125000
v -0.07803386 -0.58593750 0.03906250
v -0.07799846 -0.58593750 0.04687500
v -0.07794863 -0.58593750 0.05468750
v -0.07031250 -0.57817557 -0.00781250
v -0.07031250 -0.57812500 -0.00783312
v -0.07031250 -0.57850295 0.00000000
v -0.07031250 -0.57836711 0.00781250
v -0.07031250 -0.57834476 0.01562500
v -0.07031250 -0.57828242 0.02343750
v -0.07031250 -0.57823732 0.03125000
v -0.07031250 -0.57821617 0.03906250
v -0.07031250 -0.57825154 0.04687500
v -0.07031250 -0.57830140 0.05468750
v -0.07807803 -0.57812500 0.06250000
v -0.07031250 -0.57812500 0.05473447
v -0.07031250 -0.57031250 -0.00785375
v -0.07031250 -0.57035947 0.06250000
v -0.07031250 -0.57031250 0.06255829
v -0.07031250 -0.56250000 -0.00800973
v -0.07031250 -0.56255832 0.07031250
v -0.07031250 -0.56250000 0.07032228
v -0.07031250 -0.55468750 -0.00799483
v -0.07031250 -0.55468750 0.07033110
v -0.07031250 -0.54687500 -0.00795627
v -0.07031250 -0.54687500 0.07041454
v -0.07031250 -0.53906250 -0.00800014
v -0.07031250 -0.53916454 0.07812500
v -0.07031250 -0.53906250 0.07816184
v -0.07031250 -0.53125000 -0.00817060
v -0.07031250 -0.53125000 0.07833362
v -0.07031250 -0.52343750 -0.00845701
v -0.07031250 -0.52343750 0.08138061
v -0.07063586 -0.51562500 -0.01562500
v -0.07031250 -0.51626948 -0.01562500
v -0.07031250 -0.51562500 -0.01564819
v -0.07031250 -0.51888058 0.08593750
v -0.07704604 -0.51562500 0.08593750
v -0.07031250 -0.51562500 0.08599567
v -0.07590777 -0.50781250 -0.01562500
v -0.07031250 -0.50781250 -0.01565236
v -0.07031250 -0.50781250 0.08606482
v -0.07031250 -0.50000000 -0.01565862
v -0.07031250 -0.50000000 0.08627105
v -0.07031250 -0.49218750 -0.01566565
v -0.07031250 -0.49218750 0.08640671
v -0.07031250 -0.48437500 -0.01567698
v -0.07031250 -0.48437500 0.08651936
v -0.07031250 -0.47656250 -0.01569426
v -0.07031250 -0.47656250 0.08653212
v -0.07031250 -0.46875000 -0.01572180
v -0.07031250 -0.46875000 0.08646274
v -0.07031250 -0.46093750 -0.01576388
v -0.07031250 -0.46093750 0.08621359
v -0.07031250 -0.45312500 -0.01586992
v -0.07031250 -0.45312500 0.08608186
v -0.07031250 -0.44531250 -0.01647651
v -0.07031250 -0.44531250 0.08603656
v -0.07065302 -0.43750000 -0.02343750
v -0.07031250 -0.43835151 -0.02343750
v -0.07031250 -0.43750000 -0.02346081
v -0.07031250 -0.43750000 0.08601117
v -0.07097715 -0.42968750 -0.02343750
v -0.07031250 -0.42968750 -0.02346277
v -0.07031250 -0.42968750 0.08599675
v -0.07305360 -0.42187500 -0.02343750
v -0.07031250 -0.42187500 -0.02346438
v -0.07031250 -0.42187500 0.08599532
v -0.07031250 -0.41406250 -0.02346617
v -0.07031250 -0.41406250 0.08600008
v -0.07031250 -0.40625000 -0.02346748
v -0.07031250 -0.40625000 0.08601153
v -0.07031250 -0.39843750 -0.02346879
v -0.07031250 -0.39843750 0.08600795
v -0.07031250 -0.39062500 -0.02347040
v -0.07031250 -0.39062500 0.08599150
v -0.07031250 -0.38281250 -0.02347207
v -0.07031250 -0.38281250 0.08598220
v -0.07031250 -0.37500000 -0.02347344
v -0.07031250 -0.37500000 0.08596587
v -0.07031250 -0.36718750 -0.02347481
v -0.07031250 -0.36718750 0.08595693
v -0.07031250 -0.35937500 -0.02347511
v -0.07047349 -0.35937500 0.08593750
v -0.07031250 -0.35937500 0.08595288
v -0.07031250 -0.35156250 -0.02347517
v -0.07031250 -0.35156250 0.07824302
v -0.07031250 -0.35925698 0.08593750
v -0.07031250 -0.34375000 -0.02347487
v -0.07031250 -0.34375000 0.07816577
v -0.07031250 -0.33593750 -0.02347463
v -0.07051271 -0.33593750 0.07812500
v -0.07031250 -0.33593750 0.07815003
v -0.07031250 -0.32812500 -0.02347344
v -0.07031250 -0.32812500 0.07115793
v -0.07031250 -0.33509207 0.07812500
v -0.07031250 -0.32031250 -0.02347553
v -0.07031250 -0.32031250 0.07037210
v -0.07031250 -0.31250000 -0.02347863
v -0.07058269 -0.31250000 0.07031250
v -0.07031250 -0.31250000 0.07034326
v -0.07031250 -0.30468750 -0.02348131
v -0.07039356 -0.30468750 0.07031250
v -0.07031250 -0.30468750 0.07033491
v -0.07031250 -0.29687500 -0.02348244
v -0.07044518 -0.29687500 0.07031250
v -0.07031250 -0.29687500 0.07033384
v -0.07031250 -0.28906250 -0.02348340
v -0.07078141 -0.28906250 0.07031250
v -0.07031250 -0.28906250 0.07033610
v -0.07031250 -0.28125000 -0.02348155
v -0.07284087 -0.28125000 0.07031250
v -0.07031250 -0.28125000 0.07033920
v -0.07031250 -0.27343750 -0.02347630
v -0.07770741 -0.27343750 0.07031250
v -0.07031250 -0.27343750 0.07034338
v -0.07116884 -0.26562500 -0.02343750
v -0.07031250 -0.26562500 -0.02347344
v -0.07320893 -0.26562500 0.07031250
v -0.07031250 -0.26562500 0.07034385
v -0.07066160 -0.25781250 -0.02343750
v -0.07031250 -0.25781250 -0.02347142
v -0.07178670 -0.25781250 0.07031250
v -0.07031250 -0.25781250 0.07034409
v -0.07093215 -0.25000000 -0.02343750
v -0.07031250 -0.25000000 -0.02347225
v -0.07055420 -0.25000000 0.07031250
v -0.07031250 -0.25000000 0.07033956
v -0.07074261 -0.24218750 -0.02343750
v -0.07031250 -0.24218750 -0.02346849
v -0.07037932 -0.24218750 0.07031250
v -0.07031250 -0.24218750 0.07033336
v -0.07063800 -0.23437500 -0.02343750
v -0.07031250 -0.23437500 -0.02346414
v -0.07031250 -0.23437500 0.06754339
v -0.07031250 -0.23714417 0.07031250
v -0.07031250 -0.23295152 -0.02343750
v -0.07031250 -0.22656250 -0.01704848
v -0.07031250 -0.23160583 0.07031250
v -0.07036692 -0.22656250 0.07031250
v -0.07031250 -0.22656250 0.07033074
v -0.07031250 -0.21875000 -0.01585495
v -0.07049781 -0.21875000 0.07031250
v -0.07031250 -0.21875000 0.07033718
v -0.07031250 -0.21093750 -0.01571667
v -0.07031250 -0.21093750 0.07035053
v -0.07031250 -0.20312500 -0.01568627
v -0.07031250 -0.20312500 0.07035315
v -0.07031250 -0.19531250 -0.01567352
v -0.07031250 -0.19531250 0.07034528
v -0.07031250 -0.18750000 -0.01566476
v -0.07757443 -0.18750000 0.07031250
v -0.07031250 -0.18750000 0.06305051
v -0.07031250 -0.19476193 0.07031250
v -0.07031250 -0.18732309 -0.01562500
v -0.07794809 -0.17968750 -0.01562500
v -0.07031250 -0.17968750 -0.00798941
v -0.07031250 -0.17968750 0.06256032
v -0.07031250 -0.17187500 -0.00784820
v -0.07808566 -0.17187500 0.06250000
v -0.07031250 -0.17187500 0.05476999
v -0.07031250 -0.17960507 0.06250000
v -0.07031250 -0.17185467 -0.00781250
v -0.07031250 -0.17184335 0.00000000
v -0.07031250 -0.17182744 0.00781250
v -0.07807744 -0.16406250 0.00781250
v -0.07031250 -0.17176288 0.01562500
v -0.07801288 -0.16406250 0.01562500
v -0.07031250 -0.16406250 0.02332544
v -0.07769841 -0.16406250 0.03906250
v -0.07031250 -0.16406250 0.03167653
v -0.07031250 -0.17144841 0.03906250
v -0.07031250 -0.17175901 0.04687500
v -0.07800901 -0.16406250 0.04687500
v -0.07031250 -0.17183077 0.05468750
v -0.07031250 -0.16404492 0.02343750
v -0.07031250 -0.16404420 0.03125000
v -0.07027477 -0.57812500 -0.00781250
v -0.07002383 -0.57812500 0.00000000
v -0.07003957 -0.57812500 0.00781250
v -0.07009530 -0.57812500 0.01562500
v -0.07017756 -0.57812500 0.02343750
v -0.07021242 -0.57812500 0.03125000
v -0.07019019 -0.57812500 0.03906250
v -0.07012618 -0.57812500 0.04687500
v -0.06998014 -0.57812500 0.05468750
v -0.06996828 -0.57031250 -0.00781250
v -0.06250000 -0.57031250 -0.00034422
v -0.06250000 -0.57060117 0.00000000
v -0.06250000 -0.57058543 0.00781250
v -0.06250000 -0.57052970 0.01562500
v -0.06250000 -0.57044744 0.02343750
v -0.06250000 -0.57041255 0.03125000
v -0.06250000 -0.57043481 0.03906250
v -0.06250000 -0.57049882 0.04687500
v -0.06250000 -0.57064486 0.05468750
v -0.06250000 -0.57033744 0.06250000
v -0.06250000 -0.57031250 0.06251442
v -0.06250000 -0.56284422 -0.00781250
v -0.06250000 -0.56250000 -0.00785774
v -0.07015955 -0.56250000 0.07031250
v -0.06250000 -0.56250000 0.06265295
v -0.06250000 -0.55468750 -0.00807232
v -0.06250000 -0.55484042 0.07031250
v -0.06250000 -0.55468750 0.07032359
v -0.06250000 -0.54687500 -0.00803792
v -0.06250000 -0.54687500 0.07033491
v -0.06250000 -0.53906250 -0.00799954
v -0.06870341 -0.53906250 0.07812500
v -0.06250000 -0.53906250 0.07192159
v -0.06250000 -0.53125000 -0.00807399
v -0.06250000 -0.53285912 0.07812500
v -0.06250000 -0.53125000 0.07820928
v -0.06250000 -0.52343750 -0.00961196
v -0.06250000 -0.52343750 0.08009112
v -0.06250000 -0.51742446 -0.01562500
v -0.06250000 -0.51562500 -0.01564896
v -0.06250000 -0.51759109 0.08593750
v -0.06250000 -0.51562500 0.08599412
v -0.06250000 -0.50781250 -0.01565474
v -0.06250000 -0.50781250 0.08631623
v -0.06250000 -0.50000000 -0.01566452
v -0.06250000 -0.50000000 0.08677328
v -0.06250000 -0.49218750 -0.01568067
v -0.06250000 -0.49218750 0.08680713
v -0.06250000 -0.48437500 -0.01570010
v -0.06250000 -0.48437500 0.08686733
v -0.06250000 -0.47656250 -0.01572978
v -0.06250000 -0.47656250 0.08691227
v -0.06250000 -0.46875000 -0.01580268
v -0.06250000 -0.46875000 0.08674622
v -0.06250000 -0.46093750 -0.01593268
v -0.06250000 -0.46093750 0.08657277
v -0.06250000 -0.45312500 -0.01666307
v -0.06250000 -0.45312500 0.08646750
v -0.06335151 -0.44531250 -0.02343750
v -0.06250000 -0.44635057 -0.02343750
v -0.06250000 -0.44531250 -0.02346116
v -0.06250000 -0.44531250 0.08618605
v -0.06250000 -0.43750000 -0.02346307
v -0.06250000 -0.43750000 0.08606279
v -0.06250000 -0.42968750 -0.02346545
v -0.06250000 -0.42968750 0.08605802
v -0.06250000 -0.42187500 -0.02346820
v -0.06250000 -0.42187500 0.08604932
v -0.06250000 -0.41406250 -0.02347058
v -0.06250000 -0.41406250 0.08605254
v -0.06250000 -0.40625000 -0.02347296
v -0.06250000 -0.40625000 0.08603919
v -0.06250000 -0.39843750 -0.02347606
v -0.06250000 -0.39843750 0.08600819
v -0.06250000 -0.39062500 -0.02347988
v -0.06250000 -0.39062500 0.08599019
v -0.06250000 -0.38281250 -0.02348268
v -0.06250000 -0.38281250 0.08597732
v -0.06250000 -0.37500000 -0.02348661
v -0.06250000 -0.37500000 0.08596313
v -0.06250000 -0.36718750 -0.02349097
v -0.06250000 -0.36718750 0.08595634
v -0.06250000 -0.35937500 -0.02349597
v -0.06250000 -0.35937500 0.08594763
v -0.06250000 -0.35156250 -0.02350068
v -0.06250000 -0.35156250 0.07825327
v -0.06250000 -0.35929161 0.08593750
v -0.06250000 -0.34375000 -0.02350420
v -0.06250000 -0.34375000 0.07817245
v -0.06250000 -0.33593750 -0.02350277
v -0.06250000 -0.33593750 0.07815433
v -0.06250000 -0.32812500 -0.02349985
v -0.06250000 -0.32812500 0.07179451
v -0.06250000 -0.33445543 0.07812500
v -0.06250000 -0.32031250 -0.02350271
v -0.06250000 -0.32031250 0.07038546
v -0.06250000 -0.31250000 -0.02350903
v -0.06250000 -0.31250000 0.07035303
v -0.06250000 -0.30468750 -0.02351147
v -0.06250000 -0.30468750 0.07034874
v -0.06250000 -0.29687500 -0.02351332
v -0.06250000 -0.29687500 0.07036054
v -0.06250000 -0.28906250 -0.02351272
v -0.06250000 -0.28906250 0.07038128
v -0.06250000 -0.28125000 -0.02350944
v -0.06250000 -0.28125000 0.07044733
v -0.06250000 -0.27343750 -0.02349293
v -0.06250000 -0.27343750 0.07069874
v -0.06250000 -0.26562500 -0.02348566
v -0.06250000 -0.26562500 0.07084370
v -0.06250000 -0.25781250 -0.02348125
v -0.06250000 -0.25781250 0.07052279
v -0.06250000 -0.25000000 -0.02347898
v -0.06250000 -0.25000000 0.07041526
v -0.06250000 -0.24218750 -0.02346987
v -0.06250000 -0.24218750 0.07036531
v -0.06250000 -0.23437500 -0.02346474
v -0.06754333 -0.23437500 0.07031250
v -0.06250000 -0.23437500 0.07034469
v -0.06392348 -0.22656250 -0.02343750
v -0.06250000 -0.22656250 -0.02346283
v -0.06250000 -0.22656250 0.07034028
v -0.06250000 -0.22634143 -0.02343750
v -0.06250000 -0.21875000 -0.01584607
v -0.06250000 -0.21875000 0.07034731
v -0.06250000 -0.21093750 -0.01573277
v -0.06250000 -0.21093750 0.07036722
v -0.06250000 -0.20312500 -0.01569146
v -0.06250000 -0.20312500 0.07035840
v -0.06250000 -0.19531250 -0.01567680
v -0.06964374 -0.19531250 0.07031250
v -0.06250000 -0.19531250 0.06316876
v -0.06250000 -0.20245624 0.07031250
v -0.06250000 -0.18750000 -0.01565474
v -0.06250000 -0.18750000 0.06262171
v -0.06250000 -0.18741554 -0.01562500
v -0.06250000 -0.17968750 -0.00789696
v -0.06250000 -0.17968750 0.06253016
v -0.06250000 -0.17963320 -0.00781250
v -0.07025820 -0.17187500 -0.00781250
v -0.06250000 -0.17950565 0.00000000
v -0.07013065 -0.17187500 0.00000000
v -0.06250000 -0.17187500 0.00763059
v -0.06250000 -0.17187500 0.05470848
v -0.06250000 -0.17965007 0.06250000
v -0.06250000 -0.17185491 0.00781250
v -0.06250000 -0.17184949 0.01562500
v -0.06250000 -0.17184240 0.02343750
v -0.07027990 -0.16406250 0.02343750
v -0.06250000 -0.17182970 0.03125000
v -0.07026720 -0.16406250 0.03125000
v -0.06250000 -0.17184055 0.03906250
v -0.06250000 -0.17184585 0.04687500
v -0.06250000 -0.17186189 0.05468750
v -0.06252700 0.25000000 0.03125000
v -0.06250000 0.24987459 0.03125000
v -0.06250000 0.25000000 0.03085172
v -0.06250000 0.25000000 0.03129566
v -0.06252980 0.25781250 0.03125000
v -0.06250000 0.25781250 0.03072762
v -0.06250000 0.25781250 0.03140557
v -0.06252867 0.26562500 0.03125000
v -0.06250000 0.26562500 0.03091097
v -0.06250000 0.26562500 0.03172386
v -0.06252635 0.27343750 0.03125000
v -0.06250000 0.27343750 0.03103459
v -0.06250000 0.27343750 0.03205168
v -0.06252468 0.28125000 0.03125000
v -0.06250000 0.28125000 0.03116012
v -0.06250000 0.28044832 0.03906250
v -0.06252539 0.28125000 0.03906250
v -0.06250000 0.28125000 0.03910267
v -0.06252772 0.28906250 0.03125000
v -0.06250000 0.28906250 0.03119397
v -0.06252807 0.28906250 0.03906250
v -0.06250000 0.28906250 0.03910995
v -0.06253088 0.29687500 0.03125000
v -0.06250000 0.29687500 0.03121114
v -0.06253117 0.29687500 0.03906250
v -0.06250000 0.29687500 0.03910816
v -0.06252587 0.30468750 0.03125000
v -0.06250000 0.30468750 0.03122222
v -0.06253344 0.30468750 0.03906250
v -0.06250000 0.30468750 0.03910959
v -0.06250000 0.30475903 0.03125000
v -0.06250000 0.31250000 0.03899097
v -0.06253225 0.31250000 0.03906250
v -0.06250000 0.31250000 0.03910232
v -0.06250000 0.31282580 0.03906250
v -0.06232125 -0.57031250 0.00000000
v -0.06230545 -0.57031250 0.00781250
v -0.06234676 -0.57031250 0.01562500
v -0.06240141 -0.57031250 0.02343750
v -0.06242502 -0.57031250 0.03125000
v -0.06240678 -0.57031250 0.03906250
v -0.06227171 -0.57031250 0.04687500
v -0.06135166 -0.57031250 0.05468750
v -0.06246340 -0.57031250 0.06250000
v -0.06237698 -0.56250000 -0.00781250
v -0.05468750 -0.56250000 -0.00012302
v -0.05468750 -0.56267878 0.00000000
v -0.05468750 -0.56269458 0.00781250
v -0.05468750 -0.56265324 0.01562500
v -0.05468750 -0.56259859 0.02343750
v -0.05468750 -0.56257498 0.03125000
v -0.05468750 -0.56259319 0.03906250
v -0.05468750 -0.56272829 0.04687500
v -0.05468750 -0.56364834 0.05468750
v -0.05468750 -0.56253663 0.06250000
v -0.05468750 -0.56250000 0.06251836
v -0.05468750 -0.55481055 -0.00781250
v -0.05468750 -0.55468750 -0.00786161
v -0.06203443 -0.55468750 0.07031250
v -0.05468750 -0.55468750 0.06296551
v -0.05468750 -0.54687500 -0.00810349
v -0.05468750 -0.54734054 0.07031250
v -0.05468750 -0.54687500 0.07032430
v -0.05468750 -0.53906250 -0.00804591
v -0.05468750 -0.53906250 0.07034338
v -0.05468750 -0.53125000 -0.00800836
v -0.05468750 -0.53128088 0.07812500
v -0.05468750 -0.53125000 0.07814896
v -0.05468750 -0.52343750 -0.00847715
v -0.05468750 -0.52343750 0.07908976
v -0.05468750 -0.51628965 -0.01562500
v -0.05468750 -0.51562500 -0.01564986
v -0.05468750 -0.51658976 0.08593750
v -0.05468750 -0.51562500 0.08597755
v -0.05468750 -0.50781250 -0.01565558
v -0.05468750 -0.50781250 0.08607054
v -0.05468750 -0.50000000 -0.01566416
v -0.05468750 -0.50000000 0.08658421
v -0.05468750 -0.49218750 -0.01567924
v -0.05468750 -0.49218750 0.08683050
v -0.05468750 -0.48437500 -0.01571715
v -0.05468750 -0.48437500 0.08715439
v -0.05468750 -0.47656250 -0.01583081
v -0.05468750 -0.47656250 0.08729589
v -0.05468750 -0.46875000 -0.01659447
v -0.05468750 -0.46875000 0.08690774
v -0.05499518 -0.46093750 -0.02343750
v -0.05468750 -0.46190697 -0.02343750
v -0.05468750 -0.46093750 -0.02345932
v -0.05468750 -0.46093750 0.08664429
v -0.05572557 -0.45312500 -0.02343750
v -0.05468750 -0.45312500 -0.02346134
v -0.05468750 -0.45312500 0.08645439
v -0.05468750 -0.44531250 -0.02346337
v -0.05468750 -0.44531250 0.08612597
v -0.05468750 -0.43750000 -0.02346581
v -0.05468750 -0.43750000 0.08611405
v -0.05468750 -0.42968750 -0.02346933
v -0.05468750 -0.42968750 0.08610833
v -0.05468750 -0.42187500 -0.02347434
v -0.05468750 -0.42187500 0.08607841
v -0.05468750 -0.41406250 -0.02348357
v -0.05468750 -0.41406250 0.08605754
v -0.05468750 -0.40625000 -0.02349001
v -0.05468750 -0.40625000 0.08603001
v -0.05468750 -0.39843750 -0.02349842
v -0.05468750 -0.39843750 0.08601451
v -0.05468750 -0.39062500 -0.02350426
v -0.05468750 -0.39062500 0.08600056
v -0.05468750 -0.38281250 -0.02350754
v -0.05468750 -0.38281250 0.08598804
v -0.05468750 -0.37500000 -0.02351522
v -0.05468750 -0.37500000 0.08596802
v -0.05468750 -0.36718750 -0.02352238
v -0.05468750 -0.36718750 0.08595979
v -0.05468750 -0.35937500 -0.02353436
v -0.05468750 -0.35937500 0.08595574
v -0.05468750 -0.35156250 -0.02355593
v -0.05468750 -0.35156250 0.07833934
v -0.05468750 -0.35916060 0.08593750
v -0.05468750 -0.34375000 -0.02358985
v -0.05468750 -0.34375000 0.07819033
v -0.05468750 -0.33593750 -0.02357674
v -0.05468750 -0.33593750 0.07816291
v -0.05468750 -0.32812500 -0.02356124
v -0.05616957 -0.32812500 0.07812500
v -0.05468750 -0.32812500 0.07814825
v -0.05468750 -0.32031250 -0.02356714
v -0.05468750 -0.32031250 0.07406104
v -0.05468750 -0.32437640 0.07812500
v -0.05468750 -0.31250000 -0.02357113
v -0.05468750 -0.31250000 0.07047248
v -0.05468750 -0.30468750 -0.02356547
v -0.05468750 -0.30468750 0.07040071
v -0.05468750 -0.29687500 -0.02355820
v -0.05468750 -0.29687500 0.07102728
v -0.05468750 -0.28906250 -0.02355105
v -0.05468750 -0.28977728 0.07812500
v -0.05475628 -0.28906250 0.07812500
v -0.05468750 -0.28906250 0.07813740
v -0.05468750 -0.28125000 -0.02353412
v -0.05482239 -0.28125000 0.07812500
v -0.05468750 -0.28125000 0.07814038
v -0.05468750 -0.27343750 -0.02351075
v -0.05507374 -0.27343750 0.07812500
v -0.05468750 -0.27343750 0.07814407
v -0.05468750 -0.26562500 -0.02349919
v -0.05521864 -0.26562500 0.07812500
v -0.05468750 -0.26562500 0.07814562
v -0.05468750 -0.25781250 -0.02349460
v -0.05475378 -0.25781250 0.07812500
v -0.05468750 -0.25781250 0.07813179
v -0.05468750 -0.25000000 -0.02348030
v -0.05469632 -0.25000000 0.07812500
v -0.05468750 -0.25000000 0.07812667
v -0.05468750 -0.24218750 -0.02346933
v -0.05468750 -0.24218750 0.07095397
v -0.05468750 -0.24994117 0.07812500
v -0.05468750 -0.23437500 -0.02346677
v -0.05468750 -0.23437500 0.07038116
v -0.05468750 -0.22656250 -0.02346456
v -0.05468750 -0.22656250 0.07035136
v -0.05468750 -0.22630423 -0.02343750
v -0.05468750 -0.21875000 -0.01588327
v -0.05468750 -0.21875000 0.07036471
v -0.05468750 -0.21093750 -0.01573676
v -0.05468750 -0.21093750 0.07037878
v -0.05468750 -0.20312500 -0.01569247
v -0.05690593 -0.20312500 0.07031250
v -0.05468750 -0.20312500 0.06809413
v -0.05468750 -0.20534343 0.07031250
v -0.05468750 -0.19531250 -0.01567918
v -0.05468750 -0.19531250 0.06271827
v -0.05468750 -0.18750000 -0.01565176
v -0.05468750 -0.18750000 0.06256366
v -0.05468750 -0.18740904 -0.01562500
v -0.05468750 -0.17968750 -0.00790346
v -0.06207240 -0.17968750 0.06250000
v -0.05468750 -0.17968750 0.05511510
v -0.05468750 -0.18707240 0.06250000
v -0.05468750 -0.17966342 -0.00781250
v -0.05468750 -0.17964160 0.00000000
v -0.05468750 -0.17960125 0.00781250
v -0.06241375 -0.17187500 0.00781250
v -0.05468750 -0.17936307 0.01562500
v -0.06217557 -0.17187500 0.01562500
v -0.05468750 -0.17187500 0.02311301
v -0.06238025 -0.17187500 0.04687500
v -0.05468750 -0.17187500 0.03915250
v -0.05468750 -0.17956775 0.04687500
v -0.05468750 -0.17962646 0.05468750
v -0.06246579 -0.17187500 0.05468750
v -0.05468750 -0.17185491 0.02343750
v -0.05468750 -0.17185515 0.03125000
v -0.05468750 -0.17186105 0.03906250
v -0.05469406 0.21093750 0.00781250
v -0.05468750 0.21089423 0.00781250
v -0.05468750 0.21093750 0.00780451
v -0.05471420 0.21093750 0.01562500
v -0.05468750 0.21061194 0.01562500
v -0.05468750 0.21093750 0.01579535
v -0.05468750 0.21097267 0.00781250
v -0.05468750 0.21875000 0.01550651
v -0.05471975 0.21875000 0.01562500
v -0.05468750 0.21857965 0.02343750
v -0.05472171 0.21875000 0.02343750
v -0.05468750 0.21875000 0.02349091
v -0.05472910 0.22656250 0.01562500
v -0.05468750 0.22656250 0.01551735
v -0.05473149 0.22656250 0.02343750
v -0.05468750 0.22656250 0.02379954
v -0.05475491 0.23437500 0.01562500
v -0.05468750 0.23437500 0.01534414
v -0.05476165 0.23437500 0.02343750
v -0.05468750 0.23401296 0.03125000
v -0.05473179 0.23437500 0.03125000
v -0.05468750 0.23437500 0.03130686
v -0.05471176 0.24218750 0.00781250
v -0.05468750 0.24190664 0.00781250
v -0.05468750 0.24218750 0.00778675
v -0.05492812 0.24218750 0.01562500
v -0.05512422 0.24218750 0.02343750
v -0.05481285 0.24218750 0.03125000
v -0.05468750 0.24218750 0.03399098
v -0.05468750 0.24228036 0.00781250
v -0.05468750 0.25000000 0.01553214
v -0.05475724 0.25000000 0.01562500
v -0.05508578 0.25000000 0.02343750
v -0.05473322 0.25000000 0.03906250
v -0.05468750 0.24725902 0.03906250
v -0.05468750 0.25000000 0.03912210
v -0.05472934 0.25781250 0.01562500
v -0.05468750 0.25781250 0.01557398
v -0.05520982 0.25781250 0.02343750
v -0.05484301 0.25781250 0.03906250
v -0.05468750 0.25781250 0.03934586
v -0.05472010 0.26562500 0.01562500
v -0.05468750 0.26562500 0.01558614
v -0.05502659 0.26562500 0.02343750
v -0.05516142 0.26562500 0.03906250
v -0.05468750 0.26562500 0.03946805
v -0.05471379 0.27343750 0.01562500
v -0.05468750 0.27343750 0.01559794
v -0.05490285 0.27343750 0.02343750
v -0.05548912 0.27343750 0.03906250
v -0.05468750 0.27343750 0.03966439
v -0.05468750 0.27351832 0.01562500
v -0.05468750 0.28125000 0.02335668
v -0.05477744 0.28125000 0.02343750
v -0.05468750 0.28125000 0.03942704
v -0.05474353 0.28906250 0.02343750
v -0.05468750 0.28906250 0.02340090
v -0.05468750 0.28906250 0.03946304
v -0.05468750 0.28927541 0.02343750
v -0.05468750 0.29687500 0.03103709
v -0.05468750 0.29687500 0.03925812
v -0.05468750 0.30468750 0.03120089
v -0.05468750 0.30468750 0.03917742
v -0.05468750 0.30523598 0.03125000
v -0.05468750 0.31250000 0.03851402
v -0.05468750 0.31250000 0.03913927
v -0.05501330 0.32031250 0.03906250
v -0.05468750 0.32031250 0.03900957
v -0.05468750 0.32031250 0.03911519
v -0.05468750 0.32046986 0.03906250
v -0.05457693 -0.56250000 0.00000000
v -0.05455488 -0.56250000 0.00781250
v -0.05456960 -0.56250000 0.01562500
v -0.05460542 -0.56250000 0.02343750
v -0.05462354 -0.56250000 0.03125000
v -0.05462450 -0.56250000 0.03906250
v -0.05456370 -0.56250000 0.04687500
v -0.05430931 -0.56250000 0.05468750
v -0.05449802 -0.56250000 0.06250000
v -0.05455548 -0.55468750 -0.00781250
v -0.04687500 -0.55468750 -0.00013202
v -0.04687500 -0.55479807 0.00000000
v -0.04687500 -0.55482012 0.00781250
v -0.04687500 -0.55480540 0.01562500
v -0.04687500 -0.55476958 0.02343750
v -0.04687500 -0.55475146 0.03125000
v -0.04687500 -0.55475053 0.03906250
v -0.04687500 -0.55481130 0.04687500
v -0.04687500 -0.55506566 0.05468750
v -0.04687500 -0.55487698 0.06250000
v -0.04687500 -0.55468750 0.06252456
v -0.04687500 -0.54700705 -0.00781250
v -0.04687500 -0.54687500 -0.00786352
v -0.04687500 -0.54689950 0.07031250
v -0.04687500 -0.54687500 0.07032192
v -0.04687500 -0.53906250 -0.00805926
v -0.04687500 -0.53906250 0.07032621
v -0.04687500 -0.53125000 -0.00803393
v -0.05462968 -0.53125000 0.07812500
v -0.04687500 -0.53125000 0.07037032
v -0.04687500 -0.52343750 -0.00806415
v -0.04687500 -0.52349535 0.07812500
v -0.04687500 -0.52343750 0.07816947
v -0.04687500 -0.51587665 -0.01562500
v -0.04687500 -0.51562500 -0.01564956
v -0.04687500 -0.51563841 0.08593750
v -0.04687500 -0.51562500 0.08594298
v -0.04687500 -0.50781250 -0.01565421
v -0.04687500 -0.50781250 0.08599031
v -0.04687500 -0.50000000 -0.01566100
v -0.04687500 -0.50000000 0.08606398
v -0.04687500 -0.49218750 -0.01567250
v -0.04687500 -0.49218750 0.08635700
v -0.04687500 -0.48437500 -0.01570028
v -0.04687500 -0.48437500 0.08652878
v -0.04687500 -0.47656250 -0.01581496
v -0.04687500 -0.47656250 0.08665693
v -0.04687500 -0.46875000 -0.01957035
v -0.04687500 -0.46875000 0.08659840
v -0.04687500 -0.46488285 -0.02343750
v -0.04687500 -0.46093750 -0.02346009
v -0.04687500 -0.46093750 0.08636892
v -0.04687500 -0.45312500 -0.02346289
v -0.04687500 -0.45312500 0.08624780
v -0.04687500 -0.44531250 -0.02346539
v -0.04687500 -0.44531250 0.08623946
v -0.04687500 -0.43750000 -0.02346873
v -0.04687500 -0.43750000 0.08619058
v -0.04687500 -0.42968750 -0.02347308
v -0.04687500 -0.42968750 0.08620369
v -0.04687500 -0.42187500 -0.02347851
v -0.04687500 -0.42187500 0.08626568
v -0.04687500 -0.41406250 -0.02348822
v -0.04687500 -0.41406250 0.08627212
v -0.04687500 -0.40625000 -0.02350616
v -0.04687500 -0.40625000 0.08618593
v -0.04687500 -0.39843750 -0.02352124
v -0.04687500 -0.39843750 0.08611035
v -0.04687500 -0.39062500 -0.02352720
v -0.04687500 -0.39062500 0.08605421
v -0.04687500 -0.38281250 -0.02353024
v -0.04687500 -0.38281250 0.08602858
v -0.04687500 -0.37500000 -0.02354860
v -0.04687500 -0.37500000 0.08598506
v -0.04687500 -0.36718750 -0.02357346
v -0.04687500 -0.36718750 0.08596742
v -0.04687500 -0.35937500 -0.02360582
v -0.04687500 -0.35937500 0.08596039
v -0.04687500 -0.35156250 -0.02365685
v -0.04687500 -0.35156250 0.07937729
v -0.04687500 -0.35812277 0.08593750
v -0.04687500 -0.34375000 -0.02370751
v -0.04687500 -0.34375000 0.07824433
v -0.04687500 -0.33593750 -0.02369696
v -0.04687500 -0.33593750 0.07817578
v -0.04687500 -0.32812500 -0.02364838
v -0.04687500 -0.32812500 0.07815528
v -0.04687500 -0.32031250 -0.02362186
v -0.05062360 -0.32031250 0.07812500
v -0.04687500 -0.32031250 0.07814491
v -0.04687500 -0.31250000 -0.02361870
v -0.04703498 -0.31250000 0.07812500
v -0.04687500 -0.31250000 0.07814062
v -0.04687500 -0.30468750 -0.02359474
v -0.04690605 -0.30468750 0.07812500
v -0.04687500 -0.30468750 0.07812965
v -0.04687500 -0.29687500 -0.02358490
v -0.04758978 -0.29687500 0.07812500
v -0.04687500 -0.29687500 0.07813764
v -0.04687500 -0.28906250 -0.02356774
v -0.04687500 -0.28906250 0.07814074
v -0.04687500 -0.28125000 -0.02354866
v -0.04687500 -0.28125000 0.07814574
v -0.04687500 -0.27343750 -0.02352613
v -0.04687500 -0.27343750 0.07815087
v -0.04687500 -0.26562500 -0.02351993
v -0.04687500 -0.26562500 0.07815361
v -0.04687500 -0.25781250 -0.02351487
v -0.04687500 -0.25781250 0.07815313
v -0.04687500 -0.25000000 -0.02348566
v -0.04687500 -0.25000000 0.07815313
v -0.04687500 -0.24218750 -0.02347064
v -0.04687500 -0.24218750 0.07549763
v -0.04687500 -0.24481493 0.07812500
v -0.04687500 -0.23437500 -0.02346790
v -0.04687500 -0.23437500 0.07082939
v -0.04687500 -0.22656250 -0.02346539
v -0.04687500 -0.22656250 0.07041860
v -0.04687500 -0.22627157 -0.02343750
v -0.04687500 -0.21875000 -0.01591593
v -0.04687500 -0.21875000 0.07042897
v -0.04687500 -0.21093750 -0.01574713
v -0.04687500 -0.21093750 0.07041073
v -0.04687500 -0.20312500 -0.01570410
v -0.04880023 -0.20312500 0.07031250
v -0.04687500 -0.20312500 0.07031727
v -0.04687500 -0.19531250 -0.01568925
v -0.04687500 -0.19531250 0.06275725
v -0.04687500 -0.20309067 0.07031250
v -0.04687500 -0.18750000 -0.01565576
v -0.04687500 -0.18750000 0.06257367
v -0.04687500 -0.18739229 -0.01562500
v -0.04687500 -0.18656510 -0.00781250
v -0.05375260 -0.17968750 -0.00781250
v -0.04687500 -0.17968750 -0.00093490
v -0.04687500 -0.17968750 0.05605197
v -0.04687500 -0.18613547 0.06250000
v -0.04687500 -0.17965293 0.00000000
v -0.04687500 -0.17963290 0.00781250
v -0.04687500 -0.17957759 0.01562500
v -0.04687500 -0.17187500 0.02332759
v -0.05457050 -0.17187500 0.03906250
v -0.04687500 -0.17187500 0.03140533
v -0.04687500 -0.17953217 0.03906250
v -0.04687500 -0.17962366 0.04687500
v -0.04687500 -0.17964715 0.05468750
v -0.04687500 -0.17185676 0.02343750
v -0.04687500 -0.17185831 0.03125000
v -0.04689813 0.18750000 0.00781250
v -0.04687500 0.18747878 0.00781250
v -0.04687500 0.18750000 0.00726151
v -0.04687500 0.18750000 0.00786817
v -0.04691994 0.19531250 0.00000000
v -0.04687500 0.19476151 0.00000000
v -0.04687500 0.19531250 -0.00005007
v -0.04694551 0.19531250 0.00781250
v -0.04687500 0.19525683 0.01562500
v -0.04693586 0.19531250 0.01562500
v -0.04687500 0.19531250 0.01580048
v -0.04690993 0.20312500 0.00000000
v -0.04687500 0.20312500 -0.00003678
v -0.04702032 0.20312500 0.00781250
v -0.04720050 0.20312500 0.01562500
v -0.04687500 0.20294952 0.02343750
v -0.04691738 0.20312500 0.02343750
v -0.04687500 0.20312500 0.02349389
v -0.04690200 0.21093750 0.00000000
v -0.04687500 0.21093750 -0.00002670
v -0.04704535 0.21093750 0.02343750
v -0.04687500 0.21088111 0.03125000
v -0.04690278 0.21093750 0.03125000
v -0.04687500 0.21093750 0.03127599
v -0.04687500 0.21107912 0.00000000
v -0.04699343 0.21875000 0.00781250
v -0.04687500 0.21875000 0.00767088
v -0.04692847 0.21875000 0.03125000
v -0.04687500 0.21875000 0.03130102
v -0.04698265 0.22656250 0.00781250
v -0.04687500 0.22656250 0.00757706
v -0.04723710 0.22656250 0.03125000
v -0.04687500 0.22656250 0.03149331
v -0.04715586 0.23437500 0.00781250
v -0.04687500 0.23437500 0.00744021
v -0.04687500 0.23437500 0.03236639
v -0.04687500 0.24218750 0.00771689
v -0.04687500 0.24107111 0.03906250
v -0.04961598 0.24218750 0.03906250
v -0.04687500 0.24218750 0.03912640
v -0.04696786 0.25000000 0.00781250
v -0.04687500 0.25000000 0.00776064
v -0.04687500 0.25000000 0.03931367
v -0.04692608 0.25781250 0.00781250
v -0.04687500 0.25781250 0.00778055
v -0.04687500 0.25781250 0.03972125
v -0.04687500 0.25809598 0.00781250
v -0.04687500 0.26562500 0.01534152
v -0.04687500 0.26562500 0.04095674
v -0.04687500 0.27343750 0.01557434
v -0.04687500 0.27154326 0.04687500
v -0.04747683 0.27343750 0.04687500
v -0.04687500 0.27343750 0.04690790
v -0.04695588 0.28125000 0.01562500
v -0.04687500 0.28125000 0.01559961
v -0.04723948 0.28125000 0.04687500
v -0.04687500 0.28125000 0.04690838
v -0.04687500 0.28132617 0.01562500
v -0.04687500 0.28906250 0.02336133
v -0.04727554 0.28906250 0.04687500
v -0.04687500 0.28906250 0.04690766
v -0.04708791 0.29687500 0.02343750
v -0.04687500 0.29687500 0.02340722
v -0.04707056 0.29687500 0.04687500
v -0.04687500 0.29687500 0.04690444
v -0.04687500 0.29696226 0.02343750
v -0.04687500 0.30468750 0.03116274
v -0.04687500 0.30468750 0.03952622
v -0.04687500 0.29733872 0.04687500
v -0.04742348 0.31250000 0.03125000
v -0.04687500 0.31250000 0.03122401
v -0.04687500 0.31250000 0.03915858
v -0.04687500 0.31256175 0.03125000
v -0.04687500 0.32031250 0.03900075
v -0.04687500 0.32031250 0.03912425
v -0.04687500 0.32052040 0.03906250
v -0.04678088 -0.55468750 0.00000000
v -0.04676819 -0.55468750 0.00781250
v -0.04677749 -0.55468750 0.01562500
v -0.04679781 -0.55468750 0.02343750
v -0.04681611 -0.55468750 0.03125000
v -0.04681206 -0.55468750 0.03906250
v -0.04676491 -0.55468750 0.04687500
v -0.04655021 -0.55468750 0.05468750
v -0.03906250 -0.55468750 0.06217527
v -0.03906250 -0.55471751 0.06250000
v -0.03906250 -0.55468750 0.06251287
v -0.04670155 -0.54687500 -0.00781250
v -0.03906250 -0.54687500 -0.00017345
v -0.03906250 -0.54696912 0.00000000
v -0.03906250 -0.54698184 0.00781250
v -0.03906250 -0.54697251 0.01562500
v -0.03906250 -0.54695219 0.02343750
v -0.03906250 -0.54693389 0.03125000
v -0.03906250 -0.54693791 0.03906250
v -0.03906250 -0.54698509 0.04687500
v -0.03906250 -0.54719976 0.05468750
v -0.04682457 -0.54687500 0.07031250
v -0.03906250 -0.54687500 0.06255043
v -0.03906250 -0.53923598 -0.00781250
v -0.03906250 -0.53906250 -0.00786632
v -0.03906250 -0.53911296 0.07031250
v -0.03906250 -0.53906250 0.07032382
v -0.03906250 -0.53125000 -0.00799900
v -0.03906250 -0.53125000 0.07033229
v -0.03906250 -0.52343750 -0.00801384
v -0.04669756 -0.52343750 0.07812500
v -0.03906250 -0.52343750 0.07048988
v -0.04651463 -0.51562500 -0.01562500
v -0.03906250 -0.51562500 -0.00817287
v -0.03906250 -0.51580241 0.07812500
v -0.04685354 -0.51562500 0.08593750
v -0.03906250 -0.51562500 0.07819593
v -0.03906250 -0.50817290 -0.01562500
v -0.03906250 -0.50781250 -0.01565182
v -0.03906250 -0.50788337 0.08593750
v -0.03906250 -0.50781250 0.08595431
v -0.03906250 -0.50000000 -0.01565802
v -0.03906250 -0.50000000 0.08597434
v -0.03906250 -0.49218750 -0.01566851
v -0.03906250 -0.49218750 0.08604050
v -0.03906250 -0.48437500 -0.01569390
v -0.03906250 -0.48437500 0.08617759
v -0.03906250 -0.47656250 -0.01577806
v -0.03906250 -0.47656250 0.08624196
v -0.03906250 -0.46875000 -0.01768225
v -0.03906250 -0.46875000 0.08619618
v -0.03906250 -0.46299475 -0.02343750
v -0.03906250 -0.46093750 -0.02345973
v -0.03906250 -0.46093750 0.08621252
v -0.03906250 -0.45312500 -0.02346265
v -0.03906250 -0.45312500 0.08660710
v -0.03906250 -0.44531250 -0.02346510
v -0.03906250 -0.44531250 0.08706856
v -0.03906250 -0.43750000 -0.02346796
v -0.03906250 -0.43750000 0.08734608
v -0.03906250 -0.42968750 -0.02347165
v -0.03906250 -0.42968750 0.08755195
v -0.03906250 -0.42187500 -0.02347696
v -0.03906250 -0.42187500 0.08751953
v -0.03906250 -0.41406250 -0.02348465
v -0.03906250 -0.41406250 0.08725929
v -0.03906250 -0.40625000 -0.02350008
v -0.03906250 -0.40625000 0.08711886
v -0.03906250 -0.39843750 -0.02352786
v -0.03906250 -0.39843750 0.08694756
v -0.03906250 -0.39062500 -0.02355456
v -0.03906250 -0.39062500 0.08672965
v -0.03906250 -0.38281250 -0.02356893
v -0.03906250 -0.38281250 0.08624089
v -0.03906250 -0.37500000 -0.02359623
v -0.03906250 -0.37500000 0.08604813
v -0.03906250 -0.36718750 -0.02366263
v -0.03906250 -0.36718750 0.08598268
v -0.03906250 -0.35937500 -0.02370286
v -0.03906250 -0.35937500 0.08596683
v -0.03906250 -0.35156250 -0.02374595
v -0.04031473 -0.35156250 0.08593750
v -0.03906250 -0.35156250 0.08595896
v -0.03906250 -0.34375000 -0.02376884
v -0.03906250 -0.34375000 0.07894838
v -0.03906250 -0.35073912 0.08593750
v -0.03906250 -0.33593750 -0.02379513
v -0.03906250 -0.33593750 0.07821465
v -0.03906250 -0.32812500 -0.02371711
v -0.03906250 -0.32812500 0.07816768
v -0.03906250 -0.32031250 -0.02368635
v -0.03906250 -0.32031250 0.07814968
v -0.03906250 -0.31250000 -0.02367127
v -0.03906250 -0.31250000 0.07814348
v -0.03906250 -0.30468750 -0.02364111
v -0.03906250 -0.30468750 0.07814038
v -0.03906250 -0.29687500 -0.02360851
v -0.03906250 -0.29687500 0.07814097
v -0.03906250 -0.28906250 -0.02359676
v -0.03906250 -0.28906250 0.07814670
v -0.03906250 -0.28125000 -0.02357668
v -0.03906250 -0.28125000 0.07815516
v -0.03906250 -0.27343750 -0.02355456
v -0.03906250 -0.27343750 0.07816660
v -0.03906250 -0.26562500 -0.02354401
v -0.03906250 -0.26562500 0.07817459
v -0.03906250 -0.25781250 -0.02353346
v -0.03906250 -0.25781250 0.07816958
v -0.03906250 -0.25000000 -0.02349365
v -0.03906250 -0.25000000 0.07816768
v -0.03906250 -0.24218750 -0.02347332
v -0.04424757 -0.24218750 0.07812500
v -0.03906250 -0.24218750 0.07815838
v -0.03906250 -0.23437500 -0.02346915
v -0.03906250 -0.23437500 0.07173073
v -0.03906250 -0.24076927 0.07812500
v -0.03906250 -0.22656250 -0.02346605
v -0.03906250 -0.22656250 0.07075822
v -0.03906250 -0.22620064 -0.02343750
v -0.03906250 -0.21875000 -0.01598686
v -0.03906250 -0.21875000 0.07048798
v -0.03906250 -0.21093750 -0.01578385
v -0.03906250 -0.21093750 0.07041621
v -0.03906250 -0.20312500 -0.01575345
v -0.03906250 -0.20312500 0.07032967
v -0.03906250 -0.19531250 -0.01571935
v -0.03906250 -0.19531250 0.06278789
v -0.03906250 -0.20300043 0.07031250
v -0.03906250 -0.18750000 -0.01565945
v -0.03906250 -0.18750000 0.06257904
v -0.03906250 -0.18735087 -0.01562500
v -0.03906250 -0.18640006 -0.00781250
v -0.03906250 -0.17968750 -0.00109994
v -0.03906250 -0.17968750 0.05499685
v -0.03906250 -0.18719065 0.06250000
v -0.03906250 -0.17965096 0.00000000
v -0.03906250 -0.17963773 0.00781250
v -0.03906250 -0.17960691 0.01562500
v -0.03906250 -0.17906916 0.02343750
v -0.04625666 -0.17187500 0.02343750
v -0.03906250 -0.17934150 0.03125000
v -0.04652900 -0.17187500 0.03125000
v -0.03906250 -0.17961651 0.03906250
v -0.03906250 -0.17964256 0.04687500
v -0.03906250 -0.17965370 0.05468750
v -0.03909940 0.18750000 -0.00781250
v -0.03906250 0.18734086 -0.00781250
v -0.03906250 0.18750000 -0.00784737
v -0.03961349 0.18750000 0.00000000
v -0.03906250 0.18660641 0.00000000
v -0.03906250 0.18735838 0.00781250
v -0.03911811 0.18750000 0.01562500
v -0.03906250 0.18746877 0.01562500
v -0.03906250 0.18750000 0.01569819
v -0.03911257 0.19531250 -0.00781250
v -0.03906250 0.19531250 -0.00784916
v -0.03923804 0.19531250 0.02343750
v -0.03906250 0.19523931 0.02343750
v -0.03906250 0.19531250 0.02352190
v -0.03906250 0.19649303 -0.00781250
v -0.03906250 0.20312500 -0.00118047
v -0.03906250 0.20312500 0.02393007
v -0.03906250 0.21093750 -0.00013381
v -0.03906250 0.21093321 0.03125000
v -0.03906250 0.21093750 0.03125036
v -0.03914762 0.21875000 0.00000000
v -0.03906250 0.21875000 -0.00002617
v -0.03906250 0.21875000 0.03143096
v -0.03906250 0.22063136 0.00000000
v -0.03906250 0.22656250 0.00510073
v -0.03906250 0.22656250 0.03192043
v -0.03906250 0.23437500 0.00540400
v -0.03906250 0.23370457 0.03906250
v -0.04017889 0.23437500 0.03906250
v -0.03906250 0.23437500 0.03910732
v -0.03906250 0.24218750 0.00726354
v -0.03906250 0.24218750 0.03921962
v -0.03906250 0.25000000 0.00757253
v -0.03906250 0.25000000 0.03934908
v -0.03906250 0.25781250 0.00775039
v -0.03906250 0.25781250 0.04008698
v -0.03934598 0.26562500 0.00781250
v -0.03906250 0.26562500 0.00778174
v -0.03906250 0.26562500 0.04288208
v -0.03906250 0.26579940 0.00781250
v -0.03906250 0.27343750 0.01545060
v -0.03906250 0.26961792 0.04687500
v -0.03906250 0.27343750 0.04690671
v -0.03906250 0.28125000 0.01558745
v -0.03906250 0.28125000 0.04690540
v -0.03906250 0.28138721 0.01562500
v -0.03906250 0.28906250 0.02330029
v -0.03906250 0.28906250 0.04690540
v -0.03906250 0.29687500 0.02340686
v -0.03906250 0.29687500 0.04690266
v -0.03906250 0.29694736 0.02343750
v -0.03906250 0.30468750 0.03117764
v -0.03906250 0.30468750 0.03929400
v -0.03906250 0.29710650 0.04687500
v -0.03906250 0.30631995 0.03125000
v -0.04524249 0.31250000 0.03125000
v -0.03906250 0.31250000 0.03743005
v -0.03906250 0.31250000 0.03914690
v -0.03906250 0.32031250 0.03899896
v -0.03906250 0.32031250 0.03912222
v -0.03906250 0.32047331 0.03906250
v -0.03903222 -0.55468750 0.06250000
v -0.03894383 -0.54687500 0.00000000
v -0.03898823 -0.54687500 0.00781250
v -0.03898162 -0.54687500 0.01562500
v -0.03899127 -0.54687500 0.02343750
v -0.03900045 -0.54687500 0.03125000
v -0.03899777 -0.54687500 0.03906250
v -0.03896350 -0.54687500 0.04687500
v -0.03873467 -0.54687500 0.05468750
v -0.03125000 -0.54687500 0.06217217
v -0.03125000 -0.54690528 0.06250000
v -0.03125000 -0.54687500 0.06251776
v -0.03891486 -0.53906250 -0.00781250
v -0.03125000 -0.53906250 -0.00014764
v -0.03125000 -0.53918114 0.00000000
v -0.03125000 -0.53913677 0.00781250
v -0.03125000 -0.53914335 0.01562500
v -0.03125000 -0.53913376 0.02343750
v -0.03125000 -0.53912455 0.03125000
v -0.03125000 -0.53912723 0.03906250
v -0.03125000 -0.53916150 0.04687500
v -0.03125000 -0.53939033 0.05468750
v -0.03854936 -0.53906250 0.07031250
v -0.03125000 -0.53906250 0.06301308
v -0.03125000 -0.53139767 -0.00781250
v -0.03125000 -0.53125000 -0.00786090
v -0.03125000 -0.53176311 0.07031250
v -0.03125000 -0.53125000 0.07032692
v -0.03125000 -0.52343750 -0.00794446
v -0.03125000 -0.52343750 0.07033610
v -0.03125000 -0.51562500 -0.00799024
v -0.03792369 -0.51562500 0.07812500
v -0.03125000 -0.51562500 0.07145131
v -0.03125000 -0.50799024 -0.01562500
v -0.03125000 -0.50781250 -0.01564759
v -0.03125000 -0.50895131 0.07812500
v -0.03832346 -0.50781250 0.08593750
v -0.03125000 -0.50781250 0.07886410
v -0.03125000 -0.50000000 -0.01565570
v -0.03125000 -0.50073907 0.08593750
v -0.03125000 -0.50000000 0.08595490
v -0.03125000 -0.49218750 -0.01566678
v -0.03125000 -0.49218750 0.08596647
v -0.03125000 -0.48437500 -0.01568949
v -0.03125000 -0.48437500 0.08602738
v -0.03125000 -0.47656250 -0.01576185
v -0.03125000 -0.47656250 0.08604527
v -0.03125000 -0.46875000 -0.01653564
v -0.03125000 -0.46875000 0.08604467
v -0.03125000 -0.46184814 -0.02343750
v -0.03125000 -0.46093750 -0.02345890
v -0.03125000 -0.46093750 0.08615088
v -0.03125000 -0.45312500 -0.02346164
v -0.03125000 -0.45312500 0.08660185
v -0.03125000 -0.44531250 -0.02346426
v -0.03125000 -0.44531250 0.08725321
v -0.03125000 -0.43750000 -0.02346653
v -0.03125000 -0.43750000 0.08791912
v -0.03125000 -0.42968750 -0.02346975
v -0.03125000 -0.42968750 0.08937156
v -0.03125000 -0.42187500 -0.02347416
v -0.03125000 -0.42187500 0.08911204
v -0.03125000 -0.41406250 -0.02347988
v -0.03125000 -0.41406250 0.08827949
v -0.03125000 -0.40625000 -0.02349067
v -0.03125000 -0.40625000 0.08777845
v -0.03125000 -0.39843750 -0.02350801
v -0.03125000 -0.39843750 0.08739376
v -0.03125000 -0.39062500 -0.02354711
v -0.03125000 -0.39062500 0.08717823
v -0.03125000 -0.38281250 -0.02357805
v -0.03125000 -0.38281250 0.08705902
v -0.03125000 -0.37500000 -0.02362174
v -0.03125000 -0.37500000 0.08680165
v -0.03125000 -0.36718750 -0.02370918
v -0.03125000 -0.36718750 0.08603537
v -0.03125000 -0.35937500 -0.02377421
v -0.03125000 -0.35937500 0.08597624
v -0.03125000 -0.35156250 -0.02388781
v -0.03125000 -0.35156250 0.08596396
v -0.03125000 -0.34375000 -0.02394742
v -0.03133798 -0.34375000 0.08593750
v -0.03125000 -0.34375000 0.08593941
v -0.03125000 -0.33593750 -0.02401274
v -0.03125000 -0.33593750 0.07839990
v -0.03125000 -0.34372252 0.08593750
v -0.03125000 -0.32812500 -0.02387309
v -0.03125000 -0.32812500 0.07818484
v -0.03125000 -0.32031250 -0.02380294
v -0.03125000 -0.32031250 0.07815576
v -0.03125000 -0.31250000 -0.02374518
v -0.03125000 -0.31250000 0.07814598
v -0.03125000 -0.30468750 -0.02368367
v -0.03125000 -0.30468750 0.07814205
v -0.03125000 -0.29687500 -0.02366662
v -0.03125000 -0.29687500 0.07814229
v -0.03125000 -0.28906250 -0.02366430
v -0.03125000 -0.28906250 0.07814825
v -0.03125000 -0.28125000 -0.02363938
v -0.03125000 -0.28125000 0.07815754
v -0.03125000 -0.27343750 -0.02360845
v -0.03125000 -0.27343750 0.07816720
v -0.03125000 -0.26562500 -0.02358890
v -0.03125000 -0.26562500 0.07817161
v -0.03125000 -0.25781250 -0.02354914
v -0.03125000 -0.25781250 0.07816899
v -0.03125000 -0.25000000 -0.02350163
v -0.03125000 -0.25000000 0.07816517
v -0.03125000 -0.24218750 -0.02347767
v -0.03125000 -0.24218750 0.07815504
v -0.03125000 -0.23437500 -0.02347058
v -0.03125000 -0.23437500 0.07317686
v -0.03125000 -0.23932308 0.07812500
v -0.03125000 -0.22656250 -0.02346748
v -0.03125000 -0.22656250 0.07085836
v -0.03125000 -0.22569114 -0.02343750
v -0.03125000 -0.21875000 -0.01649636
v -0.03125000 -0.21875000 0.07049048
v -0.03125000 -0.21093750 -0.01588231
v -0.03125000 -0.21093750 0.07038414
v -0.03125000 -0.20312500 -0.01592076
v -0.03832489 -0.20312500 0.07031250
v -0.03125000 -0.20312500 0.06404352
v -0.03125000 -0.20939398 0.07031250
v -0.03125000 -0.19531250 -0.01585597
v -0.03125000 -0.19531250 0.06267738
v -0.03125000 -0.18750000 -0.01566768
v -0.03125000 -0.18750000 0.06256437
v -0.03125000 -0.18543118 -0.01562500
v -0.03234994 -0.17968750 -0.00781250
v -0.03125000 -0.17968750 -0.00988132
v -0.03125000 -0.17968750 0.05487251
v -0.03125000 -0.18731499 0.06250000
v -0.03125000 -0.17961371 -0.00781250
v -0.03125000 -0.17959106 0.00000000
v -0.03125000 -0.17958415 0.00781250
v -0.03125000 -0.17950642 0.01562500
v -0.03125000 -0.17914498 0.02343750
v -0.03125000 -0.17949969 0.03125000
v -0.03125000 -0.17963165 0.03906250
v -0.03125000 -0.17964745 0.04687500
v -0.03125000 -0.17965502 0.05468750
v -0.03127575 0.17187500 0.00000000
v -0.03125000 0.17184627 0.00000000
v -0.03125000 0.17187500 -0.00019127
v -0.03125000 0.17187500 0.00016642
v -0.03140914 0.17968750 -0.00781250
v -0.03125000 0.17949629 -0.00781250
v -0.03125000 0.17968750 -0.00801700
v -0.03214359 0.17968750 0.00000000
v -0.03125000 0.17952108 0.00781250
v -0.03139162 0.17968750 0.00781250
v -0.03128123 0.17968750 0.01562500
v -0.03125000 0.17965972 0.01562500
v -0.03125000 0.17968750 0.01565897
v -0.03125000 0.18750000 -0.00835031
v -0.03125000 0.18750000 0.01717186
v -0.03125000 0.19531250 -0.00791728
v -0.03125000 0.19376564 0.02343750
v -0.03125000 0.19531250 0.02367651
v -0.03243047 0.20312500 -0.00781250
v -0.03125000 0.20312500 -0.00784993
v -0.03125000 0.20312500 0.02549708
v -0.03125000 0.20354295 -0.00781250
v -0.03125000 0.21093750 -0.00041795
v -0.03125000 0.20887792 0.03125000
v -0.03125000 0.21093750 0.03132010
v -0.03125000 0.21875000 -0.00014120
v -0.03125000 0.21875000 0.03146052
v -0.03396177 0.22656250 0.00000000
v -0.03125000 0.22656250 -0.00007570
v -0.03125000 0.22656250 0.03259397
v -0.03365844 0.23437500 0.00000000
v -0.03125000 0.23437500 -0.00004888
v -0.03125000 0.23303103 0.03906250
v -0.03125000 0.23437500 0.03910971
v -0.03125000 0.23774767 0.00000000
v -0.03125000 0.24218750 0.00443983
v -0.03125000 0.24218750 0.03920126
v -0.03125000 0.25000000 0.00718915
v -0.03125000 0.25000000 0.03929424
v -0.03125000 0.25781250 0.00766110
v -0.03125000 0.25781250 0.03972435
v -0.03125000 0.26562500 0.00777471
v -0.03125000 0.26562500 0.04086435
v -0.03125000 0.26589000 0.00781250
v -0.03125000 0.27343750 0.01536000
v -0.03125000 0.27163565 0.04687500
v -0.03125000 0.27343750 0.04690576
v -0.03125000 0.28125000 0.01558959
v -0.03125000 0.28125000 0.04690433
v -0.03125000 0.28136015 0.01562500
v -0.03125000 0.28906250 0.02332735
v -0.03125000 0.28906250 0.04690421
v -0.03125000 0.29687500 0.02340865
v -0.03125000 0.29687500 0.04690135
v -0.03125000 0.29694128 0.02343750
v -0.03125000 0.30468750 0.03118372
v -0.03125000 0.30468750 0.03922677
v -0.03125000 0.29703927 0.04687500
v -0.03125000 0.30536187 0.03125000
v -0.03125000 0.31250000 0.03838813
v -0.03125000 0.31250000 0.03914034
v -0.03125000 0.32031250 0.03899586
v -0.03125000 0.32031250 0.03912067
v -0.03125000 0.32048500 0.03906250
v -0.03120691 -0.54687500 0.06250000
v -0.03111273 -0.53906250 0.00000000
v -0.03118479 -0.53906250 0.00781250
v -0.03119850 -0.53906250 0.01562500
v -0.03119725 -0.53906250 0.02343750
v -0.03118944 -0.53906250 0.03125000
v -0.03117549 -0.53906250 0.03906250
v -0.03110647 -0.53906250 0.04687500
v -0.02343750 -0.53906250 0.05454397
v -0.02343750 -0.53908750 0.05468750
v -0.02343750 -0.53910559 0.06250000
v -0.02343750 -0.53906250 0.06252861
v -0.03108740 -0.53125000 -0.00781250
v -0.02343750 -0.53125000 -0.00016260
v -0.02343750 -0.53138730 0.00000000
v -0.02343750 -0.53131518 0.00781250
v -0.02343750 -0.53130150 0.01562500
v -0.02343750 -0.53130275 0.02343750
v -0.02343750 -0.53131056 0.03125000
v -0.02343750 -0.53132451 0.03906250
v -0.02343750 -0.53139353 0.04687500
v -0.02343750 -0.53127867 0.07031250
v -0.02343750 -0.53125000 0.07032418
v -0.02343750 -0.52360013 -0.00781250
v -0.02343750 -0.52343750 -0.00787002
v -0.02343750 -0.52343750 0.07033050
v -0.02343750 -0.51562500 -0.00793099
v -0.02343750 -0.51562500 0.07036185
v -0.03094047 -0.50781250 -0.01562500
v -0.02343750 -0.50781250 -0.00812203
v -0.02343750 -0.50786188 0.07812500
v -0.02343750 -0.50781250 0.07815862
v -0.02343750 -0.50030953 -0.01562500
v -0.02343750 -0.50000000 -0.01565093
v -0.02478111 -0.50000000 0.08593750
v -0.02343750 -0.50000000 0.08459389
v -0.02343750 -0.49218750 -0.01566488
v -0.02343750 -0.49865639 0.08593750
v -0.02343750 -0.49218750 0.08595729
v -0.02343750 -0.48437500 -0.01568639
v -0.02343750 -0.48437500 0.08597040
v -0.02343750 -0.47656250 -0.01574600
v -0.02343750 -0.47656250 0.08599472
v -0.02343750 -0.46875000 -0.01619816
v -0.02343750 -0.46875000 0.08601391
v -0.02343750 -0.46151066 -0.02343750
v -0.02343750 -0.46093750 -0.02345854
v -0.02343750 -0.46093750 0.08612764
v -0.02343750 -0.45312500 -0.02346021
v -0.02343750 -0.45312500 0.08649755
v -0.02343750 -0.44531250 -0.02346236
v -0.02343750 -0.44531250 0.08705223
v -0.02343750 -0.43750000 -0.02346468
v -0.02343750 -0.43750000 0.08771908
v -0.02343750 -0.42968750 -0.02346778
v -0.02343750 -0.42968750 0.08945298
v -0.02343750 -0.42187500 -0.02347177
v -0.02343750 -0.42187500 0.08959818
v -0.02343750 -0.41406250 -0.02347666
v -0.02343750 -0.41406250 0.08928788
v -0.02343750 -0.40625000 -0.02348459
v -0.02343750 -0.40625000 0.08862782
v -0.02343750 -0.39843750 -0.02349913
v -0.02343750 -0.39843750 0.08787441
v -0.02343750 -0.39062500 -0.02352899
v -0.02343750 -0.39062500 0.08739722
v -0.02343750 -0.38281250 -0.02357483
v -0.02343750 -0.38281250 0.08730519
v -0.02343750 -0.37500000 -0.02362233
v -0.02343750 -0.37500000 0.08705962
v -0.02343750 -0.36718750 -0.02369732
v -0.02343750 -0.36718750 0.08618426
v -0.02343750 -0.35937500 -0.02381951
v -0.02343750 -0.35937500 0.08599973
v -0.02343750 -0.35156250 -0.02397180
v -0.02343750 -0.35156250 0.08597207
v -0.02343750 -0.34375000 -0.02404398
v -0.02343750 -0.34375000 0.08596146
v -0.02343750 -0.33593750 -0.02407265
v -0.02343750 -0.33593750 0.07986891
v -0.02343750 -0.34200609 0.08593750
v -0.02343750 -0.32812500 -0.02386218
v -0.02343750 -0.32812500 0.07822978
v -0.02343750 -0.32031250 -0.02378625
v -0.02343750 -0.32031250 0.07816339
v -0.02343750 -0.31250000 -0.02373987
v -0.02343750 -0.31250000 0.07814801
v -0.02343750 -0.30468750 -0.02369869
v -0.02343750 -0.30468750 0.07814300
v -0.02343750 -0.29687500 -0.02369320
v -0.02343750 -0.29687500 0.07814252
v -0.02343750 -0.28906250 -0.02372503
v -0.02343750 -0.28906250 0.07814825
v -0.02343750 -0.28125000 -0.02372110
v -0.02343750 -0.28125000 0.07815742
v -0.02343750 -0.27343750 -0.02369630
v -0.02343750 -0.27343750 0.07816684
v -0.02343750 -0.26562500 -0.02365625
v -0.02343750 -0.26562500 0.07816756
v -0.02343750 -0.25781250 -0.02358264
v -0.02343750 -0.25781250 0.07816577
v -0.02343750 -0.25000000 -0.02351069
v -0.02343750 -0.25000000 0.07816291
v -0.02343750 -0.24218750 -0.02348387
v -0.02343750 -0.24218750 0.07815349
v -0.02343750 -0.23437500 -0.02347130
v -0.02343750 -0.23437500 0.07323921
v -0.02343750 -0.23926085 0.07812500
v -0.02343750 -0.22656250 -0.02346826
v -0.02343750 -0.22656250 0.07090557
v -0.02430886 -0.21875000 -0.02343750
v -0.02343750 -0.21875000 -0.02346647
v -0.02343750 -0.21875000 0.07046950
v -0.02343750 -0.21812588 -0.02343750
v -0.02343750 -0.21093750 -0.01624912
v -0.02343750 -0.21093750 0.07036710
v -0.02343750 -0.20312500 -0.01815087
v -0.02343750 -0.20312500 0.06306422
v -0.02343750 -0.21037328 0.07031250
v -0.02366847 -0.19531250 -0.02343750
v -0.02343750 -0.19783837 -0.02343750
v -0.02343750 -0.19531250 -0.02346909
v -0.02343750 -0.19531250 0.06259096
v -0.02343750 -0.19522446 -0.02343750
v -0.02343750 -0.18750000 -0.01571304
v -0.02661490 -0.18750000 0.06250000
v -0.02343750 -0.18750000 0.05932260
v -0.02343750 -0.19067740 0.06250000
v -0.02550632 -0.17968750 -0.01562500
v -0.02343750 -0.17968750 -0.01567584
v -0.02343750 -0.17968750 0.05477619
v -0.02350336 -0.17187500 -0.01562500
v -0.02343750 -0.17187500 -0.01567030
v -0.02351129 -0.17187500 -0.00781250
v -0.02353394 -0.17187500 0.00000000
v -0.02354085 -0.17187500 0.00781250
v -0.02361858 -0.17187500 0.01562500
v -0.02398002 -0.17187500 0.02343750
v -0.02362531 -0.17187500 0.03125000
v -0.02343750 -0.17187500 0.03132832
v -0.02343750 -0.17960918 0.03906250
v -0.02343750 -0.17964441 0.04687500
v -0.02343750 -0.17965919 0.05468750
v -0.02347147 -0.16406250 -0.01562500
v -0.02343750 -0.16406250 -0.01567966
v -0.02346885 -0.16406250 -0.00781250
v -0.02346629 -0.16406250 0.00000000
v -0.02346605 -0.16406250 0.00781250
v -0.02346879 -0.16406250 0.01562500
v -0.02346569 -0.16406250 0.02343750
v -0.02343750 -0.16406250 0.02350032
v -0.02343750 -0.17181212 0.03125000
v -0.02346385 -0.15625000 -0.01562500
v -0.02343750 -0.15625000 -0.01566219
v -0.02343750 -0.15625000 -0.01523936
v -0.02343750 -0.16367686 -0.00781250
v -0.02343750 -0.16388869 0.00000000
v -0.02343750 -0.16393423 0.00781250
v -0.02343750 -0.16396296 0.01562500
v -0.02343750 -0.16401786 0.02343750
v -0.02343750 -0.15613878 -0.01562500
v -0.02346319 0.16406250 -0.00781250
v -0.02343750 0.16401136 -0.00781250
v -0.02343750 0.16406250 -0.00814855
v -0.02346623 0.16406250 0.00000000
v -0.02343750 0.16400266 0.00000000
v -0.02343750 0.16406250 0.00025916
v -0.02347767 0.17187500 -0.01562500
v -0.02343750 0.17153895 -0.01562500
v -0.02343750 0.17187500 -0.01565528
v -0.02362877 0.17187500 -0.00781250
v -0.02360392 0.17187500 0.00781250
v -0.02343750 0.17161584 0.00781250
v -0.02343750 0.17187500 0.00948548
v -0.02364200 0.17968750 -0.01562500
v -0.02343750 0.17968750 -0.01566422
v -0.02343750 0.17801452 0.01562500
v -0.02343750 0.17968750 0.01573384
v -0.02350467 0.18750000 -0.01562500
v -0.02343750 0.18750000 -0.01562780
v -0.02343750 0.18739116 0.02343750
v -0.02498442 0.18750000 0.02343750
v -0.02343750 0.18750000 0.02348936
v -0.02343750 0.18752015 -0.01562500
v -0.02343750 0.19531250 -0.00798118
v -0.02343750 0.19531250 0.02366984
v -0.02343750 0.20312500 -0.00785875
v -0.02343750 0.20312500 0.02512562
v -0.02343750 0.20355332 -0.00781250
v -0.02343750 0.21093750 -0.00042826
v -0.02343750 0.20924938 0.03125000
v -0.02343750 0.21093750 0.03131294
v -0.02343750 0.21875000 -0.00015229
v -0.02343750 0.21875000 0.03144968
v -0.02343750 0.22656250 -0.00008005
v -0.02343750 0.22656250 0.03254449
v -0.02343750 0.23437500 -0.00004959
v -0.02343750 0.23308051 0.03906250
v -0.02343750 0.23437500 0.03910911
v -0.02343750 0.23746181 0.00000000
v -0.02343750 0.24218750 0.00472569
v -0.02343750 0.24218750 0.03919458
v -0.02343750 0.25000000 0.00724006
v -0.02343750 0.25000000 0.03927433
v -0.02343750 0.25781250 0.00768101
v -0.02343750 0.25781250 0.03961158
v -0.02343750 0.26562500 0.00777531
v -0.02343750 0.26562500 0.04062021
v -0.02343750 0.26586354 0.00781250
v -0.02343750 0.27343750 0.01538646
v -0.02343750 0.27187979 0.04687500
v -0.02343750 0.27343750 0.04690599
v -0.02343750 0.28125000 0.01559067
v -0.02343750 0.28125000 0.04690456
v -0.02343750 0.28135490 0.01562500
v -0.02343750 0.28906250 0.02333260
v -0.02343750 0.28906250 0.04690528
v -0.02343750 0.29687500 0.02340913
v -0.02343750 0.29687500 0.04690289
v -0.02343750 0.29694283 0.02343750
v -0.02343750 0.30468750 0.03118217
v -0.02343750 0.30468750 0.03928018
v -0.02343750 0.29709268 0.04687500
v -0.02391422 0.31250000 0.03125000
v -0.02343750 0.31250000 0.03123283
v -0.02343750 0.31250000 0.03915024
v -0.02343750 0.31254470 0.03125000
v -0.02343750 0.32031250 0.03899777
v -0.02343750 0.32031250 0.03912258
v -0.02343750 0.32051909 0.03906250
v -0.01562500 -0.53908578 0.05468750
v -0.01562500 -0.53906250 0.05460179
v -0.01562500 -0.53909770 0.06250000
v -0.01562500 -0.53906250 0.06251872
v -0.01562500 -0.53129199 0.00000000
v -0.01562500 -0.53125000 -0.00004596
v -0.01562500 -0.53128168 0.00781250
v -0.01562500 -0.53128031 0.01562500
v -0.01562500 -0.53128397 0.02343750
v -0.01562500 -0.53128687 0.03125000
v -0.01562500 -0.53129625 0.03906250
v -0.01562500 -0.53133568 0.04687500
v -0.02289999 -0.53125000 0.07031250
v -0.01562500 -0.53125000 0.06303751
v -0.01562500 -0.52348346 -0.00781250
v -0.01562500 -0.52343750 -0.00784218
v -0.01562500 -0.52397498 0.07031250
v -0.01562500 -0.52343750 0.07032585
v -0.01562500 -0.51562500 -0.00790304
v -0.01562500 -0.51562500 0.07034945
v -0.01562500 -0.50781250 -0.00796968
v -0.01562500 -0.50784940 0.07812500
v -0.01562500 -0.50781250 0.07814693
v -0.01562500 -0.50015721 -0.01562500
v -0.01562500 -0.50000000 -0.01564795
v -0.01562500 -0.50000000 0.07959211
v -0.01562500 -0.49218750 -0.01565760
v -0.01562500 -0.49365467 0.08593750
v -0.01562500 -0.49218750 0.08595407
v -0.01562500 -0.48437500 -0.01568377
v -0.01562500 -0.48437500 0.08596194
v -0.01562500 -0.47656250 -0.01573342
v -0.01562500 -0.47656250 0.08597898
v -0.01562500 -0.46875000 -0.01598263
v -0.01562500 -0.46875000 0.08599770
v -0.01562500 -0.46129513 -0.02343750
v -0.01562500 -0.46093750 -0.02345824
v -0.01562500 -0.46093750 0.08604598
v -0.01562500 -0.45312500 -0.02345914
v -0.01562500 -0.45312500 0.08620954
v -0.01562500 -0.44531250 -0.02346110
v -0.01562500 -0.44531250 0.08673024
v -0.01562500 -0.43750000 -0.02346331
v -0.01562500 -0.43750000 0.08712435
v -0.01562500 -0.42968750 -0.02346623
v -0.01562500 -0.42968750 0.08777559
v -0.01562500 -0.42187500 -0.02346957
v -0.01562500 -0.42187500 0.08860707
v -0.01562500 -0.41406250 -0.02347422
v -0.01562500 -0.41406250 0.08840501
v -0.01562500 -0.40625000 -0.02347940
v -0.01562500 -0.40625000 0.08798468
v -0.01562500 -0.39843750 -0.02349114
v -0.01562500 -0.39843750 0.08773589
v -0.01562500 -0.39062500 -0.02351266
v -0.01562500 -0.39062500 0.08742166
v -0.01562500 -0.38281250 -0.02357084
v -0.01562500 -0.38281250 0.08721411
v -0.01562500 -0.37500000 -0.02365232
v -0.01562500 -0.37500000 0.08662796
v -0.01562500 -0.36718750 -0.02369338
v -0.01562500 -0.36718750 0.08607030
v -0.01562500 -0.35937500 -0.02375782
v -0.01562500 -0.35937500 0.08600712
v -0.01562500 -0.35156250 -0.02381700
v -0.01562500 -0.35156250 0.08598661
v -0.01562500 -0.34375000 -0.02384573
v -0.01562500 -0.34375000 0.08596730
v -0.01562500 -0.33593750 -0.02378291
v -0.01562500 -0.33593750 0.08134508
v -0.01562500 -0.34052986 0.08593750
v -0.01562500 -0.32812500 -0.02370960
v -0.01562500 -0.32812500 0.07897103
v -0.01562500 -0.32031250 -0.02367407
v -0.01562500 -0.32031250 0.07818151
v -0.01562500 -0.31250000 -0.02370423
v -0.01562500 -0.31250000 0.07815349
v -0.01562500 -0.30468750 -0.02370119
v -0.01562500 -0.30468750 0.07814467
v -0.01562500 -0.29687500 -0.02368850
v -0.01562500 -0.29687500 0.07814229
v -0.01562500 -0.28906250 -0.02372205
v -0.01562500 -0.28906250 0.07814693
v -0.01562500 -0.28125000 -0.02370703
v -0.01562500 -0.28125000 0.07815528
v -0.01562500 -0.27343750 -0.02368242
v -0.01562500 -0.27343750 0.07816005
v -0.01562500 -0.26562500 -0.02369368
v -0.01562500 -0.26562500 0.07815492
v -0.01562500 -0.25781250 -0.02364296
v -0.01562500 -0.25781250 0.07815135
v -0.01562500 -0.25000000 -0.02352339
v -0.01562500 -0.25000000 0.07814884
v -0.01562500 -0.24218750 -0.02348888
v -0.01562500 -0.24218750 0.07812798
v -0.01562500 -0.23437500 -0.02347434
v -0.01562500 -0.23437500 0.07081652
v -0.01562500 -0.24210578 0.07812500
v -0.01562500 -0.22656250 -0.02346861
v -0.01562500 -0.22656250 0.07045925
v -0.01562500 -0.21875000 -0.02346718
v -0.01562500 -0.21875000 0.07039797
v -0.01624912 -0.21093750 -0.02343750
v -0.01562500 -0.21093750 -0.02346694
v -0.02250969 -0.21093750 0.07031250
v -0.01562500 -0.21093750 0.06342781
v -0.01562500 -0.21782219 0.07031250
v -0.01815087 -0.20312500 -0.02343750
v -0.01562500 -0.20312500 -0.02346975
v -0.01562500 -0.20312500 0.06263781
v -0.01562500 -0.19531250 -0.02347630
v -0.01562500 -0.19531250 0.06255651
v -0.01571304 -0.18750000 -0.02343750
v -0.01562500 -0.18750000 -0.02346998
v -0.01562500 -0.18750000 0.05533469
v -0.01562500 -0.19466537 0.06250000
v -0.01562500 -0.18722934 -0.02343750
v -0.01562500 -0.17968750 -0.01589566
v -0.01562500 -0.17968750 0.05479455
v -0.01562500 -0.17187500 -0.01584339
v -0.01562500 -0.17187500 0.03149021
v -0.01562500 -0.17944729 0.03906250
v -0.01562500 -0.17964667 0.04687500
v -0.01562500 -0.17966479 0.05468750
v -0.01562500 -0.16406250 -0.01696879
v -0.01568788 -0.16406250 0.03125000
v -0.01562500 -0.16406250 0.03127599
v -0.01562500 -0.15625000 -0.01643682
v -0.01601064 -0.15625000 -0.00781250
v -0.01579881 -0.15625000 0.00000000
v -0.01575327 -0.15625000 0.00781250
v -0.01572454 -0.15625000 0.01562500
v -0.01566964 -0.15625000 0.02343750
v -0.01562500 -0.15625000 0.02349687
v -0.01562500 -0.16400313 0.03125000
v -0.01573622 -0.14843750 -0.01562500
v -0.01562500 -0.14843750 -0.01582730
v -0.01571333 -0.14843750 -0.00781250
v -0.01569086 -0.14843750 0.00000000
v -0.01567984 -0.14843750 0.00781250
v -0.01566839 -0.14843750 0.01562500
v -0.01562500 -0.14843750 0.01570356
v -0.01562500 -0.15617144 0.02343750
v -0.01572019 -0.14062500 -0.01562500
v -0.01562500 -0.14062500 -0.01584828
v -0.01569670 -0.14062500 -0.00781250
v -0.01568204 -0.14062500 0.00000000
v -0.01567334 -0.14062500 0.00781250
v -0.01562500 -0.14062500 0.00802577
v -0.01562500 -0.14822423 0.01562500
v -0.01575255 -0.13281250 -0.01562500
v -0.01562500 -0.13281250 -0.01592708
v -0.01570606 -0.13281250 -0.00781250
v -0.01568335 -0.13281250 0.00000000
v -0.01566768 -0.13281250 0.00781250
v -0.01562500 -0.13281250 0.00785220
v -0.01571465 -0.12500000 -0.01562500
v -0.01562500 -0.12500000 -0.01606727
v -0.01570112 -0.12500000 -0.00781250
v -0.01569140 -0.12500000 0.00000000
v -0.01565361 -0.12500000 0.00781250
v -0.01562500 -0.12500000 0.00783622
v -0.01570421 -0.11718750 -0.01562500
v -0.01562500 -0.11718750 -0.01601237
v -0.01569235 -0.11718750 -0.00781250
v -0.01568007 -0.11718750 0.00000000
v -0.01562500 -0.11718750 0.00018227
v -0.01562500 -0.12481767 0.00781250
v -0.01569146 -0.10937500 -0.01562500
v -0.01562500 -0.10937500 -0.01587719
v -0.01567888 -0.10937500 -0.00781250
v -0.01566994 -0.10937500 0.00000000
v -0.01562500 -0.10937500 0.00009203
v -0.01567793 -0.10156250 -0.01562500
v -0.01562500 -0.10156250 -0.01582706
v -0.01566708 -0.10156250 -0.00781250
v -0.01566058 -0.10156250 0.00000000
v -0.01562500 -0.10156250 0.00005460
v -0.01566869 -0.09375000 -0.01562500
v -0.01562500 -0.09375000 -0.01583874
v -0.01566166 -0.09375000 -0.00781250
v -0.01565659 -0.09375000 0.00000000
v -0.01562500 -0.09375000 0.00004649
v -0.01566333 -0.08593750 -0.01562500
v -0.01562500 -0.08593750 -0.01586890
v -0.01565802 -0.08593750 -0.00781250
v -0.01565397 -0.08593750 0.00000000
v -0.01562500 -0.08593750 0.00004232
v -0.01565963 -0.07812500 -0.01562500
v -0.01562500 -0.07812500 -0.01584679
v -0.01565564 -0.07812500 -0.00781250
v -0.01565236 -0.07812500 0.00000000
v -0.01562500 -0.07812500 0.00003874
v -0.01565671 -0.07031250 -0.01562500
v -0.01562500 -0.07031250 -0.01582885
v -0.01565343 -0.07031250 -0.00781250
v -0.01565081 -0.07031250 0.00000000
v -0.01562500 -0.07031250 0.00003517
v -0.01565415 -0.06250000 -0.01562500
v -0.01562500 -0.06250000 -0.01583230
v -0.01565158 -0.06250000 -0.00781250
v -0.01564932 -0.06250000 0.00000000
v -0.01562500 -0.06250000 0.00003171
v -0.01565242 -0.05468750 -0.01562500
v -0.01562500 -0.05468750 -0.01583934
v -0.01565021 -0.05468750 -0.00781250
v -0.01562500 -0.05468750 -0.00271094
v -0.01562500 -0.05739844 0.00000000
v -0.01565140 -0.04687500 -0.01562500
v -0.01562500 -0.04687500 -0.01585805
v -0.01564926 -0.04687500 -0.00781250
v -0.01562500 -0.04687500 -0.00741255
v -0.01565069 -0.03906250 -0.01562500
v -0.01562500 -0.03906250 -0.01588887
v -0.01564860 -0.03906250 -0.00781250
v -0.01562500 -0.03906250 -0.00757855
v -0.01564997 -0.03125000 -0.01562500
v -0.01562500 -0.03125000 -0.01594079
v -0.01562500 -0.03125000 -0.01360887
v -0.01562500 -0.03704637 -0.00781250
v -0.01564932 -0.02343750 -0.01562500
v -0.01562500 -0.02343750 -0.01597553
v -0.01562500 -0.02343750 -0.01497227
v -0.01564866 -0.01562500 -0.01562500
v -0.01562500 -0.01562500 -0.01591635
v -0.01562500 -0.01562500 -0.01529080
v -0.01562500 -0.01507390 -0.01562500
v -0.01565367 0.14843750 -0.01562500
v -0.01562500 0.14796591 -0.01562500
v -0.01562500 0.14843750 -0.01572931
v -0.01565492 0.14843750 -0.00781250
v -0.01562500 0.14789271 -0.00781250
v -0.01565641 0.14843750 0.00000000
v -0.01562500 0.14812493 0.00000000
v -0.01562500 0.14843750 0.00009608
v -0.01567113 0.15625000 -0.01562500
v -0.01562500 0.15625000 -0.01577669
v -0.01567608 0.15625000 -0.00781250
v -0.01568490 0.15625000 0.00000000
v -0.01562500 0.15615392 0.00781250
v -0.01565766 0.15625000 0.00781250
v -0.01562500 0.15625000 0.00784373
v -0.01596105 0.16406250 -0.01562500
v -0.01562500 0.16406250 -0.01571071
v -0.01588416 0.16406250 0.00781250
v -0.01562500 0.16406250 0.00790453
v -0.01562500 0.17187500 -0.01570499
v -0.01729804 0.17187500 0.01562500
v -0.01562500 0.17178297 0.01562500
v -0.01562500 0.17187500 0.01566267
v -0.01562500 0.17968750 -0.01569450
v -0.01562500 0.17968750 0.01597428
v -0.01562500 0.18235743 -0.01562500
v -0.02298898 0.18750000 -0.01562500
v -0.01562500 0.18750000 -0.01048243
v -0.01562500 0.18715072 0.02343750
v -0.01562500 0.18750000 0.02348804
v -0.01562500 0.19531250 -0.00797164
v -0.01562500 0.19531250 0.02366602
v -0.01562500 0.20312500 -0.00785828
v -0.01562500 0.20312500 0.02494109
v -0.01562500 0.20356703 -0.00781250
v -0.01562500 0.21093750 -0.00044203
v -0.01562500 0.20943391 0.03125000
v -0.01562500 0.21093750 0.03130984
v -0.01562500 0.21875000 -0.00016820
v -0.01562500 0.21875000 0.03144503
v -0.01562500 0.22656250 -0.00008905
v -0.01562500 0.22656250 0.03246617
v -0.01562500 0.23437500 -0.00005144
v -0.01562500 0.23315883 0.03906250
v -0.01562500 0.23437500 0.03910840
v -0.01562500 0.23805594 0.00000000
v -0.01562500 0.24218750 0.00413156
v -0.01562500 0.24218750 0.03917348
v -0.01562500 0.25000000 0.00721383
v -0.01562500 0.25000000 0.03925538
v -0.01562500 0.25781250 0.00766063
v -0.01562500 0.25781250 0.03952944
v -0.01562500 0.26562500 0.00777400
v -0.01562500 0.26562500 0.04020512
v -0.01562500 0.26595294 0.00781250
v -0.01562500 0.27343750 0.01529706
v -0.01562500 0.27229488 0.04687500
v -0.01562500 0.27343750 0.04690635
v -0.01562500 0.28125000 0.01558900
v -0.01562500 0.28125000 0.04690647
v -0.01562500 0.28137159 0.01562500
v -0.01562500 0.28906250 0.02331591
v -0.01562500 0.28906250 0.04690778
v -0.01562500 0.29687500 0.02340746
v -0.01562500 0.29687500 0.04690540
v -0.01562500 0.29695153 0.02343750
v -0.01562500 0.30468750 0.03117347
v -0.01562500 0.30468750 0.03943145
v -0.01562500 0.29724395 0.04687500
v -0.01562500 0.31250000 0.03122306
v -0.01562500 0.31250000 0.03917885
v -0.01562500 0.31257403 0.03125000
v -0.01562500 0.32031250 0.03898847
v -0.01562500 0.32031250 0.03913307
v -0.01562500 0.32133698 0.03906250
v -0.01530832 -0.53906250 0.05468750
v -0.00781250 -0.53906250 0.06218338
v -0.00781250 -0.53908432 0.06250000
v -0.00781250 -0.53906250 0.06251287
v -0.00781250 -0.53128439 0.00000000
v -0.00781250 -0.53125000 -0.00003481
v -0.00781250 -0.53127778 0.00781250
v -0.01092523 -0.53125000 0.01562500
v -0.00781250 -0.53125000 0.01251233
v -0.01245111 -0.53125000 0.02343750
v -0.00781250 -0.53125000 0.02807617
v -0.00781250 -0.53127879 0.03125000
v -0.00781250 -0.53128415 0.03906250
v -0.00781250 -0.53130516 0.04687500
v -0.00781250 -0.53156668 0.05468750
v -0.00781250 -0.53125000 0.06255138
v -0.00781250 -0.52347231 -0.00781250
v -0.00781250 -0.52343750 -0.00783610
v -0.00781250 -0.52813730 0.01562500
v -0.00781250 -0.52661136 0.02343750
v -0.00781250 -0.52348891 0.07031250
v -0.00781250 -0.52343750 0.07032394
v -0.00781250 -0.51562500 -0.00788051
v -0.00781250 -0.51562500 0.07033920
v -0.00781250 -0.50781250 -0.00792009
v -0.00781250 -0.50783920 0.07812500
v -0.00781250 -0.50781250 0.07814193
v -0.01486146 -0.50000000 -0.01562500
v -0.00781250 -0.50000000 -0.00857604
v -0.00781250 -0.50000000 0.07895815
v -0.00781250 -0.49295104 -0.01562500
v -0.00781250 -0.49218750 -0.01565379
v -0.00781250 -0.49302071 0.08593750
v -0.00781250 -0.49218750 0.08595347
v -0.00781250 -0.48437500 -0.01567233
v -0.00781250 -0.48437500 0.08595955
v -0.00781250 -0.47656250 -0.01572049
v -0.00781250 -0.47656250 0.08597004
v -0.00781250 -0.46875000 -0.01588666
v -0.00781250 -0.46875000 0.08598602
v -0.00781250 -0.46119916 -0.02343750
v -0.00781250 -0.46093750 -0.02345800
v -0.00781250 -0.46093750 0.08600295
v -0.00781250 -0.45312500 -0.02345878
v -0.00781250 -0.45312500 0.08605027
v -0.00781250 -0.44531250 -0.02346027
v -0.00781250 -0.44531250 0.08617890
v -0.00781250 -0.43750000 -0.02346247
v -0.00781250 -0.43750000 0.08676648
v -0.00781250 -0.42968750 -0.02346510
v -0.00781250 -0.42968750 0.08700442
v -0.00781250 -0.42187500 -0.02346849
v -0.00781250 -0.42187500 0.08742893
v -0.00781250 -0.41406250 -0.02347243
v -0.00781250 -0.41406250 0.08742929
v -0.00781250 -0.40625000 -0.02347708
v -0.00781250 -0.40625000 0.08726299
v -0.00781250 -0.39843750 -0.02348560
v -0.00781250 -0.39843750 0.08703303
v -0.00781250 -0.39062500 -0.02350491
v -0.00781250 -0.39062500 0.08645809
v -0.00781250 -0.38281250 -0.02354336
v -0.00781250 -0.38281250 0.08628690
v -0.00781250 -0.37500000 -0.02364761
v -0.00781250 -0.37500000 0.08618188
v -0.00781250 -0.36718750 -0.02375430
v -0.00781250 -0.36718750 0.08603740
v -0.00781250 -0.35937500 -0.02380699
v -0.00781250 -0.35937500 0.08599377
v -0.00781250 -0.35156250 -0.02377939
v -0.00781250 -0.35156250 0.08598137
v -0.00781250 -0.34375000 -0.02377951
v -0.00946039 -0.34375000 0.08593750
v -0.00781250 -0.34375000 0.08428967
v -0.00781250 -0.34539789 0.08593750
v -0.00781250 -0.33593750 -0.02371579
v -0.00781250 -0.33593750 0.08028340
v -0.00781250 -0.32812500 -0.02366424
v -0.00781250 -0.32812500 0.07893634
v -0.00781250 -0.32031250 -0.02364582
v -0.00781250 -0.32031250 0.07818854
v -0.00781250 -0.31250000 -0.02367580
v -0.00781250 -0.31250000 0.07815516
v -0.00781250 -0.30468750 -0.02369124
v -0.00781250 -0.30468750 0.07814431
v -0.00781250 -0.29687500 -0.02370322
v -0.00781250 -0.29687500 0.07813990
v -0.00781250 -0.28906250 -0.02371925
v -0.00781250 -0.28906250 0.07813990
v -0.00781250 -0.28125000 -0.02371836
v -0.00781250 -0.28125000 0.07814395
v -0.00781250 -0.27343750 -0.02367806
v -0.00781250 -0.27343750 0.07814658
v -0.00781250 -0.26562500 -0.02366769
v -0.00781250 -0.26562500 0.07814419
v -0.00781250 -0.25781250 -0.02370632
v -0.00781250 -0.25781250 0.07814205
v -0.00781250 -0.25000000 -0.02353895
v -0.00781250 -0.25000000 0.07814109
v -0.00781250 -0.24218750 -0.02349520
v -0.01548904 -0.24218750 0.07812500
v -0.00781250 -0.24218750 0.07112145
v -0.00781250 -0.24919099 0.07812500
v -0.00781250 -0.23437500 -0.02347964
v -0.00781250 -0.23437500 0.07045221
v -0.00781250 -0.22656250 -0.02347046
v -0.00781250 -0.22656250 0.07039523
v -0.00781250 -0.21875000 -0.02346689
v -0.00781250 -0.21875000 0.07035887
v -0.00781250 -0.21093750 -0.02346700
v -0.00781250 -0.21093750 0.06285572
v -0.00781250 -0.21842468 0.07031250
v -0.00781250 -0.20312500 -0.02347314
v -0.00781250 -0.20312500 0.06258070
v -0.00781250 -0.19531250 -0.02347887
v -0.01424366 -0.19531250 0.06250000
v -0.00781250 -0.19531250 0.05606890
v -0.00781250 -0.20174366 0.06250000
v -0.00781250 -0.18750000 -0.02348232
v -0.00781250 -0.18750000 0.05494499
v -0.00808316 -0.17968750 -0.02343750
v -0.00781250 -0.17968750 -0.02348858
v -0.01324332 -0.17968750 0.05468750
v -0.00781250 -0.17968750 0.04944837
v -0.00781250 -0.18492657 0.05468750
v -0.00803089 -0.17187500 -0.02343750
v -0.00781250 -0.17187500 -0.02349460
v -0.00805271 -0.17187500 0.03906250
v -0.00781250 -0.17187500 0.03911328
v -0.00781250 -0.17963666 0.04687500
v -0.00915629 -0.16406250 -0.02343750
v -0.00781250 -0.16406250 -0.02349770
v -0.00781250 -0.16406250 0.03129005
v -0.00781250 -0.17183489 0.03906250
v -0.00862432 -0.15625000 -0.02343750
v -0.00781250 -0.15625000 -0.02349216
v -0.00781250 -0.15625000 0.02357256
v -0.00781250 -0.16392744 0.03125000
v -0.00801480 -0.14843750 -0.02343750
v -0.00781250 -0.14843750 -0.02348280
v -0.00781250 -0.14843750 0.01584685
v -0.00781250 -0.15602815 0.02343750
v -0.00803578 -0.14062500 -0.02343750
v -0.00781250 -0.14062500 -0.02348006
v -0.00802577 -0.14062500 0.01562500
v -0.00781250 -0.14062500 0.01565874
v -0.00811458 -0.13281250 -0.02343750
v -0.00781250 -0.13281250 -0.02347517
v -0.00781250 -0.13281250 0.00789487
v -0.00781250 -0.14054263 0.01562500
v -0.00825477 -0.12500000 -0.02343750
v -0.00781250 -0.12500000 -0.02347237
v -0.00781250 -0.12500000 0.00785255
v -0.00819987 -0.11718750 -0.02343750
v -0.00781250 -0.11718750 -0.02347100
v -0.00799483 -0.11718750 0.00781250
v -0.00781250 -0.11718750 0.00784612
v -0.00806469 -0.10937500 -0.02343750
v -0.00781250 -0.10937500 -0.02346927
v -0.00790453 -0.10937500 0.00781250
v -0.00781250 -0.10937500 0.00784016
v -0.00801456 -0.10156250 -0.02343750
v -0.00781250 -0.10156250 -0.02346855
v -0.00786710 -0.10156250 0.00781250
v -0.00781250 -0.10156250 0.00783682
v -0.00802624 -0.09375000 -0.02343750
v -0.00781250 -0.09375000 -0.02346933
v -0.00785893 -0.09375000 0.00781250
v -0.00781250 -0.09375000 0.00783622
v -0.00805640 -0.08593750 -0.02343750
v -0.00781250 -0.08593750 -0.02347034
v -0.00785482 -0.08593750 0.00781250
v -0.00781250 -0.08593750 0.00783575
v -0.00803429 -0.07812500 -0.02343750
v -0.00781250 -0.07812500 -0.02347213
v -0.00785124 -0.07812500 0.00781250
v -0.00781250 -0.07812500 0.00783491
v -0.00801635 -0.07031250 -0.02343750
v -0.00781250 -0.07031250 -0.02347445
v -0.00784773 -0.07031250 0.00781250
v -0.00781250 -0.07031250 0.00783420
v -0.00801980 -0.06250000 -0.02343750
v -0.00781250 -0.06250000 -0.02347714
v -0.00781250 -0.06250000 0.00259697
v -0.00781250 -0.06771559 0.00781250
v -0.00802684 -0.05468750 -0.02343750
v -0.00781250 -0.05468750 -0.02348071
v -0.01291406 -0.05468750 0.00000000
v -0.00781250 -0.05468750 0.00071394
v -0.00804555 -0.04687500 -0.02343750
v -0.00781250 -0.04687500 -0.02348447
v -0.00821245 -0.04687500 0.00000000
v -0.00781250 -0.04687500 0.00037813
v -0.00807637 -0.03906250 -0.02343750
v -0.00781250 -0.03906250 -0.02348757
v -0.00804645 -0.03906250 0.00000000
v -0.00781250 -0.03906250 0.00023699
v -0.00812829 -0.03125000 -0.02343750
v -0.00781250 -0.03125000 -0.02349275
v -0.00982863 -0.03125000 -0.00781250
v -0.00798708 -0.03125000 0.00000000
v -0.00781250 -0.03125000 0.00017452
v -0.00816303 -0.02343750 -0.02343750
v -0.00781250 -0.02343750 -0.02349877
v -0.00846523 -0.02343750 -0.00781250
v -0.00794643 -0.02343750 0.00000000
v -0.00781250 -0.02343750 0.00013340
v -0.00810385 -0.01562500 -0.02343750
v -0.00781250 -0.01562500 -0.02350044
v -0.00814670 -0.01562500 -0.00781250
v -0.00791281 -0.01562500 0.00000000
v -0.00781250 -0.01562500 0.00011528
v -0.00799412 -0.00781250 -0.02343750
v -0.00781250 -0.00781250 -0.02349991
v -0.00836360 -0.00781250 -0.01562500
v -0.00797081 -0.00781250 -0.00781250
v -0.00788581 -0.00781250 0.00000000
v -0.00781250 -0.00781250 0.00010645
v -0.00793225 0.00000000 -0.02343750
v -0.00781250 0.00000000 -0.02349544
v -0.00803447 0.00000000 -0.01562500
v -0.00792849 0.00000000 -0.00781250
v -0.00787228 0.00000000 0.00000000
v -0.00781250 0.00000000 0.00008214
v -0.00789946 0.00781250 -0.02343750
v -0.00781250 0.00781250 -0.02349198
v -0.00795668 0.00781250 -0.01562500
v -0.00790775 0.00781250 -0.00781250
v -0.00786608 0.00781250 0.00000000
v -0.00781250 0.00781250 0.00007272
v -0.00788313 0.01562500 -0.02343750
v -0.00781250 0.01562500 -0.02348673
v -0.00793070 0.01562500 -0.01562500
v -0.00789523 0.01562500 -0.00781250
v -0.00786352 0.01562500 0.00000000
v -0.00781250 0.01562500 0.00007069
v -0.00787830 0.02343750 -0.02343750
v -0.00781250 0.02343750 -0.02348495
v -0.00792062 0.02343750 -0.01562500
v -0.00788963 0.02343750 -0.00781250
v -0.00786084 0.02343750 0.00000000
v -0.00781250 0.02343750 0.00006807
v -0.00788105 0.03125000 -0.02343750
v -0.00781250 0.03125000 -0.02348816
v -0.00791228 0.03125000 -0.01562500
v -0.00788319 0.03125000 -0.00781250
v -0.00785768 0.03125000 0.00000000
v -0.00781250 0.03125000 0.00006461
v -0.00788319 0.03906250 -0.02343750
v -0.00781250 0.03906250 -0.02349186
v -0.00790650 0.03906250 -0.01562500
v -0.00787950 0.03906250 -0.00781250
v -0.00785452 0.03906250 0.00000000
v -0.00781250 0.03906250 0.00005937
v -0.00788713 0.04687500 -0.02343750
v -0.00781250 0.04687500 -0.02349532
v -0.00790077 0.04687500 -0.01562500
v -0.00787407 0.04687500 -0.00781250
v -0.00785160 0.04687500 0.00000000
v -0.00781250 0.04687500 0.00005400
v -0.00789189 0.05468750 -0.02343750
v -0.00781250 0.05468750 -0.02349997
v -0.00789350 0.05468750 -0.01562500
v -0.00786972 0.05468750 -0.00781250
v -0.00784898 0.05468750 0.00000000
v -0.00781250 0.05468750 0.00004983
v -0.00789750 0.06250000 -0.02343750
v -0.00781250 0.06250000 -0.02350616
v -0.00788486 0.06250000 -0.01562500
v -0.00786513 0.06250000 -0.00781250
v -0.00784624 0.06250000 0.00000000
v -0.00781250 0.06250000 0.00004661
v -0.00790220 0.07031250 -0.02343750
v -0.00781250 0.07031250 -0.02350950
v -0.00788146 0.07031250 -0.01562500
v -0.00786293 0.07031250 -0.00781250
v -0.00784528 0.07031250 0.00000000
v -0.00781250 0.07031250 0.00004649
v -0.00790066 0.07812500 -0.02343750
v -0.00781250 0.07812500 -0.02350968
v -0.00787759 0.07812500 -0.01562500
v -0.00786108 0.07812500 -0.00781250
v -0.00784475 0.07812500 0.00000000
v -0.00781250 0.07812500 0.00004816
v -0.00790083 0.08593750 -0.02343750
v -0.00781250 0.08593750 -0.02350926
v -0.00787675 0.08593750 -0.01562500
v -0.00786155 0.08593750 -0.00781250
v -0.00784510 0.08593750 0.00000000
v -0.00781250 0.08593750 0.00005245
v -0.00790447 0.09375000 -0.02343750
v -0.00781250 0.09375000 -0.02351177
v -0.00787896 0.09375000 -0.01562500
v -0.00786257 0.09375000 -0.00781250
v -0.00784665 0.09375000 0.00000000
v -0.00781250 0.09375000 0.00005984
v -0.00790685 0.10156250 -0.02343750
v -0.00781250 0.10156250 -0.02351546
v -0.00788134 0.10156250 -0.01562500
v -0.00786388 0.10156250 -0.00781250
v -0.00784969 0.10156250 0.00000000
v -0.00781250 0.10156250 0.00007176
v -0.00790673 0.10937500 -0.02343750
v -0.00781250 0.10937500 -0.02351332
v -0.00788391 0.10937500 -0.01562500
v -0.00786990 0.10937500 -0.00781250
v -0.00785238 0.10937500 0.00000000
v -0.00781250 0.10937500 0.00008094
v -0.00790948 0.11718750 -0.02343750
v -0.00781250 0.11718750 -0.02351052
v -0.00788474 0.11718750 -0.01562500
v -0.00787234 0.11718750 -0.00781250
v -0.00785422 0.11718750 0.00000000
v -0.00781250 0.11718750 0.00009477
v -0.00789881 0.12500000 -0.02343750
v -0.00781250 0.12500000 -0.02349728
v -0.00789630 0.12500000 -0.01562500
v -0.00788444 0.12500000 -0.00781250
v -0.00786561 0.12500000 0.00000000
v -0.00781250 0.12500000 0.00026667
v -0.00788879 0.13281250 -0.02343750
v -0.00781250 0.13281250 -0.02348757
v -0.00792402 0.13281250 -0.01562500
v -0.00791389 0.13281250 -0.00781250
v -0.00788748 0.13281250 0.00000000
v -0.00781250 0.13254583 0.00781250
v -0.00784016 0.13281250 0.00781250
v -0.00781250 0.13281250 0.00783598
v -0.00789493 0.14062500 -0.02343750
v -0.00781250 0.14062500 -0.02347893
v -0.00828403 0.14062500 -0.01562500
v -0.00835729 0.14062500 -0.00781250
v -0.00812501 0.14062500 0.00000000
v -0.00785285 0.14062500 0.00781250
v -0.00781250 0.14062500 0.00783992
v -0.00791681 0.14843750 -0.02343750
v -0.00781250 0.14843750 -0.02347171
v -0.00790864 0.14843750 0.00781250
v -0.00781250 0.14843750 0.00784922
v -0.00796419 0.15625000 -0.02343750
v -0.00781250 0.15625000 -0.02346569
v -0.00781250 0.15625000 0.00788021
v -0.00789821 0.16406250 -0.02343750
v -0.00781250 0.16406250 -0.02346069
v -0.00781250 0.16399479 0.01562500
v -0.00790453 0.16406250 0.01562500
v -0.00781250 0.16406250 0.01565385
v -0.00781250 0.16431844 -0.02343750
v -0.00781250 0.17187500 -0.01588094
v -0.00781250 0.17187500 0.01567709
v -0.00781250 0.17968750 -0.01568305
v -0.00781250 0.17968750 0.01591384
v -0.00781250 0.18111515 -0.01562500
v -0.00781250 0.18750000 -0.00924015
v -0.00781250 0.18721116 0.02343750
v -0.00781250 0.18750000 0.02348948
v -0.00781250 0.19531250 -0.00795454
v -0.00781250 0.19531250 0.02367282
v -0.00781250 0.20312500 -0.00785661
v -0.00781250 0.20312500 0.02483940
v -0.00781250 0.20354199 -0.00781250
v -0.00781250 0.21093750 -0.00041705
v -0.00781250 0.20953560 0.03125000
v -0.00781250 0.21093750 0.03130686
v -0.00781250 0.21875000 -0.00018805
v -0.00781250 0.21875000 0.03144610
v -0.00781250 0.22656250 -0.00010389
v -0.00781250 0.22656250 0.03242266
v -0.00781250 0.23437500 -0.00005376
v -0.00781250 0.23320234 0.03906250
v -0.00781250 0.23437500 0.03910756
v -0.00781250 0.23912966 0.00000000
v -0.00781250 0.24218750 0.00305784
v -0.00781250 0.24218750 0.03915572
v -0.00781250 0.25000000 0.00714803
v -0.00781250 0.25000000 0.03923976
v -0.00781250 0.25781250 0.00763118
v -0.00781250 0.25781250 0.03950238
v -0.00781250 0.26562500 0.00777090
v -0.00781250 0.26562500 0.04030859
v -0.00781250 0.26627457 0.00781250
v -0.00781250 0.27343750 0.01497543
v -0.00781250 0.27219141 0.04687500
v -0.00781250 0.27343750 0.04690802
v -0.00781250 0.28125000 0.01558697
v -0.00781250 0.28125000 0.04690886
v -0.00781250 0.28140378 0.01562500
v -0.00781250 0.28906250 0.02328372
v -0.00781250 0.28906250 0.04691124
v -0.00781250 0.29687500 0.02340484
v -0.00781250 0.29687500 0.04690897
v -0.00781250 0.29696560 0.02343750
v -0.00781250 0.30468750 0.03115940
v -0.00781250 0.30468750 0.04186749
v -0.00781250 0.29967999 0.04687500
v -0.00781250 0.31250000 0.03122079
v -0.00781250 0.31250000 0.03923345
v -0.00781250 0.31258476 0.03125000
v -0.00781250 0.32031250 0.03897774
v -0.00781250 0.32031250 0.03914857
v -0.00883693 0.32812500 0.03906250
v -0.00781250 0.32812500 0.03902328
v -0.00781250 0.32812500 0.03912318
v -0.00781250 0.32825077 0.03906250
v -0.00759697 -0.53906250 0.06250000
v -0.00380582 -0.53125000 0.00000000
v -0.00751638 -0.53125000 0.00781250
v -0.00730073 -0.53125000 0.03125000
v 0.00000000 -0.53125000 0.03855073
v 0.00000000 -0.53127435 0.03906250
v 0.00000000 -0.53128546 0.04687500
v 0.00000000 -0.53134289 0.05468750
v 0.00000000 -0.53146553 0.06250000
v 0.00000000 -0.53125000 0.06252432
v -0.00760120 -0.52343750 -0.00781250
v 0.00000000 -0.52343750 -0.00021130
v 0.00000000 -0.52744415 0.00000000
v 0.00000000 -0.52373359 0.00781250
v 0.00000000 -0.52359051 0.01562500
v 0.00000000 -0.52355745 0.02343750
v 0.00000000 -0.52394924 0.03125000
v 0.00000000 -0.52346176 0.07031250
v 0.00000000 -0.52343750 0.07032287
v 0.00000000 -0.51583633 -0.00781250
v 0.00000000 -0.51562500 -0.00786364
v 0.00000000 -0.51562500 0.07033134
v 0.00000000 -0.50781250 -0.00789970
v -0.00768483 -0.50781250 0.07812500
v 0.00000000 -0.50781250 0.07044017
v 0.00000000 -0.50000000 -0.00802201
v 0.00000000 -0.50012767 0.07812500
v 0.00000000 -0.50000000 0.07819676
v 0.00000000 -0.49239701 -0.01562500
v 0.00000000 -0.49218750 -0.01564991
v 0.00000000 -0.49225926 0.08593750
v 0.00000000 -0.49218750 0.08595419
v 0.00000000 -0.48437500 -0.01566547
v 0.00000000 -0.48437500 0.08596039
v 0.00000000 -0.47656250 -0.01571238
v 0.00000000 -0.47656250 0.08597314
v 0.00000000 -0.46875000 -0.01585197
v 0.00000000 -0.46875000 0.08599317
v 0.00000000 -0.46116447 -0.02343750
v 0.00000000 -0.46093750 -0.02345788
v 0.00000000 -0.46093750 0.08602834
v 0.00000000 -0.45312500 -0.02345866
v 0.00000000 -0.45312500 0.08610368
v 0.00000000 -0.44531250 -0.02345991
v 0.00000000 -0.44531250 0.08628249
v 0.00000000 -0.43750000 -0.02346206
v 0.00000000 -0.43750000 0.08651650
v 0.00000000 -0.42968750 -0.02346468
v 0.00000000 -0.42968750 0.08691239
v 0.00000000 -0.42187500 -0.02346820
v 0.00000000 -0.42187500 0.08738089
v 0.00000000 -0.41406250 -0.02347219
v 0.00000000 -0.41406250 0.08749747
v 0.00000000 -0.40625000 -0.02347708
v 0.00000000 -0.40625000 0.08704758
v 0.00000000 -0.39843750 -0.02348530
v 0.00000000 -0.39843750 0.08638000
v 0.00000000 -0.39062500 -0.02350038
v 0.00000000 -0.39062500 0.08618629
v 0.00000000 -0.38281250 -0.02353179
v 0.00000000 -0.38281250 0.08604562
v 0.00000000 -0.37500000 -0.02360791
v 0.00000000 -0.37500000 0.08600557
v 0.00000000 -0.36718750 -0.02375877
v 0.00000000 -0.36718750 0.08598781
v 0.00000000 -0.35937500 -0.02384090
v 0.00000000 -0.35937500 0.08594334
v 0.00000000 -0.35156250 -0.02372527
v -0.00362396 -0.35156250 0.08593750
v 0.00000000 -0.35156250 0.08231354
v 0.00000000 -0.35816222 0.08593750
v 0.00000000 -0.34375000 -0.02365911
v 0.00000000 -0.34375000 0.08047056
v 0.00000000 -0.33593750 -0.02363110
v 0.00000000 -0.33593750 0.07962894
v 0.00000000 -0.32812500 -0.02360499
v 0.00000000 -0.32812500 0.07842541
v 0.00000000 -0.32031250 -0.02358311
v 0.00000000 -0.32031250 0.07818711
v 0.00000000 -0.31250000 -0.02358609
v 0.00000000 -0.31250000 0.07815409
v 0.00000000 -0.30468750 -0.02359593
v 0.00000000 -0.30468750 0.07814360
v 0.00000000 -0.29687500 -0.02360314
v 0.00000000 -0.29687500 0.07813871
v 0.00000000 -0.28906250 -0.02360547
v 0.00000000 -0.28906250 0.07813704
v 0.00000000 -0.28125000 -0.02360249
v 0.00000000 -0.28125000 0.07813835
v 0.00000000 -0.27343750 -0.02358937
v 0.00000000 -0.27343750 0.07814014
v 0.00000000 -0.26562500 -0.02357465
v 0.00000000 -0.26562500 0.07813883
v 0.00000000 -0.25781250 -0.02359593
v 0.00000000 -0.25781250 0.07813764
v 0.00000000 -0.25000000 -0.02353179
v -0.00598788 -0.25000000 0.07812500
v 0.00000000 -0.25000000 0.07213712
v 0.00000000 -0.25598788 0.07812500
v 0.00000000 -0.24218750 -0.02349234
v 0.00000000 -0.24218750 0.07057512
v 0.00000000 -0.23437500 -0.02347803
v 0.00000000 -0.23437500 0.07037020
v 0.00000000 -0.22656250 -0.02346957
v 0.00000000 -0.22656250 0.07035446
v 0.00000000 -0.21875000 -0.02346605
v -0.00598037 -0.21875000 0.07031250
v 0.00000000 -0.21875000 0.06446648
v 0.00000000 -0.22459602 0.07031250
v 0.00000000 -0.21093750 -0.02346605
v 0.00000000 -0.21093750 0.06268179
v 0.00000000 -0.20312500 -0.02347505
v 0.00000000 -0.20312500 0.06256235
v 0.00000000 -0.19531250 -0.02347952
v 0.00000000 -0.19531250 0.05534351
v 0.00000000 -0.20246899 0.06250000
v 0.00000000 -0.18750000 -0.02348286
v 0.00000000 -0.18750000 0.05483270
v 0.00000000 -0.17968750 -0.02349061
v 0.00000000 -0.17968750 0.04890478
v 0.00000000 -0.18547022 0.05468750
v 0.00000000 -0.17187500 -0.02353674
v 0.00000000 -0.17187500 0.03913438
v 0.00000000 -0.17961556 0.04687500
v 0.00000000 -0.16406250 -0.02360284
v 0.00000000 -0.16406250 0.03135741
v 0.00000000 -0.17176759 0.03906250
v 0.00000000 -0.15625000 -0.02359676
v -0.00013506 -0.15625000 0.03125000
v 0.00000000 -0.15625000 0.03127325
v 0.00000000 -0.14843750 -0.02352583
v -0.00022185 -0.14843750 0.02343750
v 0.00000000 -0.14843750 0.02346730
v 0.00000000 -0.15622020 0.03125000
v 0.00000000 -0.14062500 -0.02349937
v 0.00000000 -0.14062500 0.01568317
v 0.00000000 -0.14837933 0.02343750
v 0.00000000 -0.13281250 -0.02349019
v 0.00000000 -0.13281250 0.00820339
v 0.00000000 -0.14023411 0.01562500
v 0.00000000 -0.12500000 -0.02348602
v 0.00000000 -0.12500000 0.00789726
v 0.00000000 -0.11718750 -0.02348709
v 0.00000000 -0.11718750 0.00787544
v 0.00000000 -0.10937500 -0.02348554
v 0.00000000 -0.10937500 0.00786245
v 0.00000000 -0.10156250 -0.02348620
v 0.00000000 -0.10156250 0.00785565
v 0.00000000 -0.09375000 -0.02349317
v 0.00000000 -0.09375000 0.00785542
v 0.00000000 -0.08593750 -0.02350098
v 0.00000000 -0.08593750 0.00785434
v 0.00000000 -0.07812500 -0.02351499
v 0.00000000 -0.07812500 0.00785184
v 0.00000000 -0.07031250 -0.02353698
v 0.00000000 -0.07031250 0.00784957
v 0.00000000 -0.06250000 -0.02356708
v -0.00259691 -0.06250000 0.00781250
v 0.00000000 -0.06250000 0.00784755
v 0.00000000 -0.05468750 -0.02360785
v -0.00071400 -0.05468750 0.00781250
v 0.00000000 -0.05468750 0.00784612
v 0.00000000 -0.04687500 -0.02365422
v -0.00037807 -0.04687500 0.00781250
v 0.00000000 -0.04687500 0.00784421
v 0.00000000 -0.03906250 -0.02371299
v -0.00023705 -0.03906250 0.00781250
v 0.00000000 -0.03906250 0.00784242
v 0.00000000 -0.03125000 -0.02385694
v -0.00017458 -0.03125000 0.00781250
v 0.00000000 -0.03125000 0.00784063
v 0.00000000 -0.02343750 -0.02397949
v -0.00013340 -0.02343750 0.00781250
v 0.00000000 -0.02343750 0.00783920
v 0.00000000 -0.01562500 -0.02404344
v -0.00011522 -0.01562500 0.00781250
v 0.00000000 -0.01562500 0.00783813
v 0.00000000 -0.00781250 -0.02399504
v -0.00010645 -0.00781250 0.00781250
v 0.00000000 -0.00781250 0.00783753
v 0.00000000 0.00000000 -0.02386117
v -0.00008219 0.00000000 0.00781250
v 0.00000000 0.00000000 0.00783718
v 0.00000000 0.00781250 -0.02374923
v -0.00007266 0.00781250 0.00781250
v 0.00000000 0.00781250 0.00783682
v 0.00000000 0.01562500 -0.02365345
v -0.00007075 0.01562500 0.00781250
v 0.00000000 0.01562500 0.00783658
v 0.00000000 0.02343750 -0.02361280
v -0.00006807 0.02343750 0.00781250
v 0.00000000 0.02343750 0.00783634
v 0.00000000 0.03125000 -0.02366096
v -0.00006467 0.03125000 0.00781250
v 0.00000000 0.03125000 0.00783610
v 0.00000000 0.03906250 -0.02372909
v -0.00005937 0.03906250 0.00781250
v 0.00000000 0.03906250 0.00783551
v 0.00000000 0.04687500 -0.02382922
v -0.00005394 0.04687500 0.00781250
v 0.00000000 0.04687500 0.00783503
v 0.00000000 0.05468750 -0.02409953
v -0.00004989 0.05468750 0.00781250
v 0.00000000 0.05468750 0.00783479
v 0.00000000 0.06250000 -0.02683443
v -0.00004661 0.06250000 0.00781250
v 0.00000000 0.06250000 0.00783467
v 0.00000000 0.07031250 -0.02926755
v -0.00004649 0.07031250 0.00781250
v 0.00000000 0.07031250 0.00783491
v 0.00000000 0.07812500 -0.02821314
v -0.00004816 0.07812500 0.00781250
v 0.00000000 0.07812500 0.00783563
v 0.00000000 0.08593750 -0.03125000
v 0.00000000 0.08593571 -0.03125000
v -0.00005245 0.08593750 0.00781250
v 0.00000000 0.08593750 0.00783610
v -0.00007427 0.09375000 -0.03125000
v 0.00000000 0.09375000 -0.03127474
v -0.00005990 0.09375000 0.00781250
v 0.00000000 0.09375000 0.00783670
v -0.00007796 0.10156250 -0.03125000
v 0.00000000 0.10156250 -0.03127575
v -0.00007176 0.10156250 0.00781250
v 0.00000000 0.10156250 0.00783730
v -0.00007582 0.10937500 -0.03125000
v 0.00000000 0.10937500 -0.03127587
v -0.00008094 0.10937500 0.00781250
v 0.00000000 0.10937500 0.00783825
v -0.00005710 0.11718750 -0.03125000
v 0.00000000 0.11718750 -0.03127027
v -0.00009477 0.11718750 0.00781250
v 0.00000000 0.11718750 0.00784016
v 0.00000000 0.11752284 -0.03125000
v 0.00000000 0.12500000 -0.02386224
v -0.00026667 0.12500000 0.00781250
v 0.00000000 0.12500000 0.00784671
v 0.00000000 0.13281250 -0.02364415
v 0.00000000 0.13281250 0.00785327
v 0.00000000 0.14062500 -0.02355611
v 0.00000000 0.14062500 0.00786579
v 0.00000000 0.14843750 -0.02350718
v 0.00000000 0.14843750 0.00791991
v 0.00000000 0.15625000 -0.02347630
v 0.00000000 0.15625000 0.00804162
v 0.00000000 0.16406250 -0.02346146
v 0.00000000 0.16383338 0.01562500
v 0.00000000 0.16406250 0.01565444
v 0.00000000 0.16420066 -0.02343750
v 0.00000000 0.17187500 -0.01576310
v 0.00000000 0.17187500 0.01567531
v 0.00000000 0.17968750 -0.01567471
v 0.00000000 0.17968750 0.01580822
v 0.00000000 0.18079579 -0.01562500
v 0.00000000 0.18750000 -0.00892085
v 0.00000000 0.18731678 0.02343750
v 0.00000000 0.18750000 0.02349126
v 0.00000000 0.19531250 -0.00793600
v 0.00000000 0.19531250 0.02367866
v 0.00000000 0.20312500 -0.00785470
v 0.00000000 0.20312500 0.02486622
v 0.00000000 0.20354080 -0.00781250
v 0.00000000 0.21093750 -0.00041574
v 0.00000000 0.20950878 0.03125000
v 0.00000000 0.21093750 0.03130722
v 0.00000000 0.21875000 -0.00020397
v 0.00000000 0.21875000 0.03145194
v 0.00000000 0.22656250 -0.00013113
v 0.00000000 0.22656250 0.03256381
v 0.00000000 0.23437500 -0.00005925
v 0.00000000 0.23306119 0.03906250
v 0.00000000 0.23437500 0.03911245
v -0.00323594 0.24218750 0.00000000
v 0.00000000 0.24218750 -0.00001651
v 0.00000000 0.24218750 0.03915477
v 0.00000000 0.24260664 0.00000000
v 0.00000000 0.25000000 0.00694644
v 0.00000000 0.25000000 0.03923368
v 0.00000000 0.25781250 0.00757015
v 0.00000000 0.25781250 0.03949487
v 0.00000000 0.26562500 0.00776744
v 0.00000000 0.26562500 0.04062283
v 0.00000000 0.26732779 0.00781250
v 0.00000000 0.27343750 0.01392221
v 0.00000000 0.27187717 0.04687500
v 0.00000000 0.27343750 0.04690945
v 0.00000000 0.28125000 0.01558423
v 0.00000000 0.28125000 0.04691219
v 0.00000000 0.28148401 0.01562500
v 0.00000000 0.28906250 0.02320349
v 0.00000000 0.28906250 0.04691589
v 0.00000000 0.29687500 0.02340150
v 0.00000000 0.29687500 0.04691374
v 0.00000000 0.29698241 0.02343750
v 0.00000000 0.30468750 0.03114259
v -0.00280493 0.30468750 0.04687500
v 0.00000000 0.30468750 0.04690623
v 0.00000000 0.31250000 0.03121817
v 0.00000000 0.31250000 0.03937614
v 0.00000000 0.30500114 0.04687500
v 0.00000000 0.31259978 0.03125000
v 0.00000000 0.32031250 0.03896272
v 0.00000000 0.32031250 0.03916693
v 0.00000000 0.32812500 0.03901672
v 0.00000000 0.32812500 0.03913689
v 0.00000000 0.32845724 0.03906250
v 0.00020814 -0.53125000 0.03906250
v 0.00781250 -0.53125000 0.04666686
v 0.00781250 -0.53127629 0.04687500
v 0.00781250 -0.53129911 0.05468750
v 0.00781250 -0.53128427 0.06250000
v 0.00781250 -0.53125000 0.06251526
v 0.00781250 -0.52362517 0.00000000
v 0.00781250 -0.52343750 -0.00009102
v 0.00781250 -0.52353841 0.00781250
v 0.00781250 -0.52349657 0.01562500
v 0.00781250 -0.52349976 0.02343750
v 0.00781250 -0.52352417 0.03125000
v 0.00781250 -0.52364567 0.03906250
v 0.00008452 -0.52343750 0.07031250
v 0.00781250 -0.52343750 0.06258452
v 0.00781250 -0.51571602 -0.00781250
v 0.00781250 -0.51562500 -0.00785023
v 0.00781250 -0.51570955 0.07031250
v 0.00781250 -0.51562500 0.07032621
v 0.00781250 -0.50781250 -0.00788784
v 0.00781250 -0.50781250 0.07035327
v 0.00781250 -0.50000000 -0.00794220
v 0.00781250 -0.50004083 0.07812500
v 0.00781250 -0.50000000 0.07816494
v 0.00781250 -0.49231720 -0.01562500
v 0.00781250 -0.49218750 -0.01564819
v 0.00781250 -0.49222744 0.08593750
v 0.00781250 -0.49218750 0.08595419
v 0.00781250 -0.48437500 -0.01565975
v 0.00781250 -0.48437500 0.08596110
v 0.00781250 -0.47656250 -0.01569015
v 0.00781250 -0.47656250 0.08597755
v 0.00781250 -0.46875000 -0.01579338
v 0.00781250 -0.46875000 0.08600628
v 0.00781250 -0.46110588 -0.02343750
v 0.00781250 -0.46093750 -0.02345753
v 0.00781250 -0.46093750 0.08605862
v 0.00781250 -0.45312500 -0.02345848
v 0.00781250 -0.45312500 0.08612549
v 0.00781250 -0.44531250 -0.02345943
v 0.00781250 -0.44531250 0.08624697
v 0.00781250 -0.43750000 -0.02346170
v 0.00781250 -0.43750000 0.08640373
v 0.00781250 -0.42968750 -0.02346450
v 0.00781250 -0.42968750 0.08676565
v 0.00781250 -0.42187500 -0.02346796
v 0.00781250 -0.42187500 0.08769083
v 0.00781250 -0.41406250 -0.02347255
v 0.00781250 -0.41406250 0.08816218
v 0.00781250 -0.40625000 -0.02347827
v 0.00781250 -0.40625000 0.08780003
v 0.00781250 -0.39843750 -0.02348590
v 0.00781250 -0.39843750 0.08631659
v 0.00781250 -0.39062500 -0.02350008
v 0.00781250 -0.39062500 0.08610606
v 0.00781250 -0.38281250 -0.02352756
v 0.00781250 -0.38281250 0.08599830
v 0.00781250 -0.37500000 -0.02358079
v 0.00781250 -0.37500000 0.08597517
v 0.00781250 -0.36718750 -0.02369756
v 0.00776386 -0.36718750 0.08593750
v 0.00781250 -0.36718750 0.08588886
v 0.00781250 -0.36723614 0.08593750
v 0.00781250 -0.35937500 -0.02376360
v 0.00038934 -0.35937500 0.08593750
v 0.00781250 -0.35937500 0.08006287
v 0.00781250 -0.35156250 -0.02367091
v 0.00781250 -0.35156250 0.07940423
v 0.00781250 -0.34375000 -0.02359551
v 0.00781250 -0.34375000 0.07885766
v 0.00781250 -0.33593750 -0.02355844
v 0.00781250 -0.33593750 0.07844806
v 0.00781250 -0.32812500 -0.02355063
v 0.00781250 -0.32812500 0.07822704
v 0.00781250 -0.32031250 -0.02354431
v 0.00781250 -0.32031250 0.07816780
v 0.00781250 -0.31250000 -0.02354378
v 0.00781250 -0.31250000 0.07815039
v 0.00781250 -0.30468750 -0.02354074
v 0.00781250 -0.30468750 0.07812667
v 0.00781250 -0.29687500 -0.02354425
v 0.00660837 -0.29687500 0.07812500
v 0.00781250 -0.29687500 0.07692087
v 0.00781250 -0.30193210 0.07812500
v 0.00781250 -0.28906250 -0.02354211
v 0.00781250 -0.29477674 0.07812500
v 0.00781250 -0.28906250 0.07813048
v 0.00781250 -0.28125000 -0.02353895
v 0.00562775 -0.28125000 0.07812500
v 0.00781250 -0.28125000 0.07594025
v 0.00781250 -0.28467911 0.07812500
v 0.00781250 -0.27343750 -0.02353513
v 0.00242043 -0.27343750 0.07812500
v 0.00781250 -0.27343750 0.07273293
v 0.00781250 -0.26562500 -0.02353293
v 0.00166512 -0.26562500 0.07812500
v 0.00781250 -0.26562500 0.07197762
v 0.00781250 -0.25781250 -0.02354223
v 0.00071692 -0.25781250 0.07812500
v 0.00781250 -0.25781250 0.07102942
v 0.00781250 -0.25000000 -0.02351707
v 0.00781250 -0.25000000 0.07060361
v 0.00781250 -0.24218750 -0.02348906
v 0.00781250 -0.24218750 0.07036662
v 0.00781250 -0.23437500 -0.02347636
v 0.00781250 -0.23437500 0.07034254
v 0.00781250 -0.22656250 -0.02346909
v 0.00781250 -0.22656250 0.07033706
v 0.00781250 -0.21875000 -0.02346486
v 0.00781250 -0.21875000 0.06320024
v 0.00781250 -0.22586226 0.07031250
v 0.00781250 -0.21093750 -0.02346456
v 0.00781250 -0.21093750 0.06262290
v 0.00781250 -0.20312500 -0.02347273
v 0.00781250 -0.20312500 0.06252670
v 0.00781250 -0.19531250 -0.02348053
v 0.00781250 -0.19531250 0.05505216
v 0.00781250 -0.20287991 0.06250000
v 0.00781250 -0.18750000 -0.02348483
v 0.00781250 -0.18750000 0.05475962
v 0.00781250 -0.17968750 -0.02349579
v 0.00781250 -0.17968750 0.04817152
v 0.00781250 -0.18620348 0.05468750
v 0.00781250 -0.17187500 -0.02358413
v 0.00781250 -0.17187500 0.03912079
v 0.00781250 -0.17962927 0.04687500
v 0.00781250 -0.16406250 -0.02367139
v 0.00781250 -0.16406250 0.03134000
v 0.00781250 -0.17178500 0.03906250
v 0.00781250 -0.15625000 -0.02364236
v 0.00047016 -0.15625000 0.03125000
v 0.00781250 -0.15625000 0.02390766
v 0.00781250 -0.16359228 0.03125000
v 0.00781250 -0.14843750 -0.02352935
v 0.00781250 -0.14843750 0.02346396
v 0.00781250 -0.14062500 -0.02349383
v 0.00781250 -0.14062500 0.01566780
v 0.00781250 -0.14839464 0.02343750
v 0.00781250 -0.13281250 -0.02348959
v 0.00781250 -0.13281250 0.00798118
v 0.00781250 -0.14045626 0.01562500
v 0.00781250 -0.12500000 -0.02348870
v 0.00781250 -0.12500000 0.00789511
v 0.00781250 -0.11718750 -0.02349120
v 0.00781250 -0.11718750 0.00787401
v 0.00781250 -0.10937500 -0.02348965
v 0.00781250 -0.10937500 0.00786567
v 0.00781250 -0.10156250 -0.02348989
v 0.00781250 -0.10156250 0.00786376
v 0.00781250 -0.09375000 -0.02349806
v 0.00781250 -0.09375000 0.00786483
v 0.00781250 -0.08593750 -0.02350366
v 0.00781250 -0.08593750 0.00786304
v 0.00781250 -0.07812500 -0.02351600
v 0.00781250 -0.07812500 0.00786066
v 0.00781250 -0.07031250 -0.02353281
v 0.00781250 -0.07031250 0.00785840
v 0.00781250 -0.06250000 -0.02355939
v 0.00781250 -0.06250000 0.00785637
v 0.00781250 -0.05468750 -0.02359420
v 0.00781250 -0.05468750 0.00785398
v 0.00781250 -0.04687500 -0.02366698
v 0.00781250 -0.04687500 0.00785148
v 0.00781250 -0.03906250 -0.02380306
v 0.00781250 -0.03906250 0.00784981
v 0.00781250 -0.03125000 -0.02414644
v 0.00781250 -0.03125000 0.00784850
v 0.00781250 -0.02343750 -0.02671200
v 0.00781250 -0.02343750 0.00784695
v 0.00720656 -0.01562500 -0.03125000
v 0.00781250 -0.01889950 -0.03125000
v 0.00781250 -0.01562500 -0.03127104
v 0.00781250 -0.01562500 0.00784600
v 0.00725496 -0.00781250 -0.03125000
v 0.00781250 -0.00781250 -0.03127146
v 0.00781250 -0.00781250 0.00784576
v 0.00738883 0.00000000 -0.03125000
v 0.00781250 0.00000000 -0.03127152
v 0.00781250 0.00000000 0.00784588
v 0.00750077 0.00781250 -0.03125000
v 0.00781250 0.00781250 -0.03127176
v 0.00781250 0.00781250 0.00784576
v 0.00781250 0.00911832 -0.03125000
v 0.00781250 0.01562500 -0.02474326
v 0.00781250 0.01562500 0.00784600
v 0.00781250 0.02343750 -0.02408463
v 0.00781250 0.02343750 0.00784624
v 0.00764930 0.03125000 -0.03125000
v 0.00781250 0.03077018 -0.03125000
v 0.00781250 0.03125000 -0.03126621
v 0.00781250 0.03125000 0.00784612
v 0.00752091 0.03906250 -0.03125000
v 0.00781250 0.03906250 -0.03127337
v 0.00781250 0.03906250 0.00784552
v 0.00742078 0.04687500 -0.03125000
v 0.00781250 0.04687500 -0.03127420
v 0.00781250 0.04687500 0.00784481
v 0.00715041 0.05468750 -0.03125000
v 0.00781250 0.05468750 -0.03127509
v 0.00781250 0.05468750 0.00784492
v 0.00441563 0.06250000 -0.03125000
v 0.00781250 0.06250000 -0.03127599
v 0.00781250 0.06250000 0.00784385
v 0.00198245 0.07031250 -0.03125000
v 0.00781250 0.07031250 -0.03127640
v 0.00781250 0.07031250 0.00784361
v 0.00303686 0.07812500 -0.03125000
v 0.00781250 0.07812500 -0.03127640
v 0.00781250 0.07812500 0.00784385
v 0.00781250 0.08593750 -0.03127706
v 0.00781250 0.08593750 0.00784338
v 0.00781250 0.09375000 -0.03127831
v 0.00781250 0.09375000 0.00784302
v 0.00781250 0.10156250 -0.03127956
v 0.00781250 0.10156250 0.00784338
v 0.00781250 0.10937500 -0.03128099
v 0.00781250 0.10937500 0.00784492
v 0.00781250 0.11718750 -0.03128088
v 0.00781250 0.11718750 0.00784862
v 0.00738776 0.12500000 -0.03125000
v 0.00781250 0.12500000 -0.03127760
v 0.00781250 0.12500000 0.00786114
v 0.00781250 0.13042223 -0.03125000
v 0.00781250 0.13281250 -0.02885979
v 0.00781250 0.13281250 0.00786817
v 0.00781250 0.14062500 -0.02359819
v 0.00781250 0.14062500 0.00788164
v 0.00781250 0.14843750 -0.02350003
v 0.00781250 0.14843750 0.00793171
v 0.00781250 0.15625000 -0.02347422
v 0.00781250 0.15625000 0.00807667
v 0.00781250 0.16406250 -0.02346057
v 0.00781250 0.16379833 0.01562500
v 0.00781250 0.16406250 0.01565337
v 0.00781250 0.16415775 -0.02343750
v 0.00781250 0.17187500 -0.01572031
v 0.00781250 0.17187500 0.01567352
v 0.00781250 0.17968750 -0.01566857
v 0.00781250 0.17968750 0.01580262
v 0.00781250 0.18059850 -0.01562500
v 0.00781250 0.18750000 -0.00872356
v 0.00781250 0.18732238 0.02343750
v 0.00781250 0.18750000 0.02349174
v 0.00781250 0.19531250 -0.00792778
v 0.00781250 0.19531250 0.02367878
v 0.00781250 0.20312500 -0.00785381
v 0.00781250 0.20312500 0.02497065
v 0.00781250 0.20366943 -0.00781250
v 0.00781250 0.21093750 -0.00054443
v 0.00781250 0.20940435 0.03125000
v 0.00781250 0.21093750 0.03131735
v 0.00781250 0.21875000 -0.00023967
v 0.00781250 0.21875000 0.03149569
v 0.00781250 0.22656250 -0.00014830
v 0.00781250 0.22656250 0.03320944
v 0.00781250 0.23437500 -0.00006890
v 0.00781250 0.23241556 0.03906250
v 0.00781250 0.23437500 0.03912151
v 0.00781250 0.24218750 -0.00003916
v 0.00781250 0.24218750 0.03915203
v 0.00781250 0.24348187 0.00000000
v 0.00781250 0.25000000 0.00651813
v 0.00781250 0.25000000 0.03922284
v 0.00781250 0.25781250 0.00748539
v 0.00781250 0.25781250 0.03948343
v 0.00781250 0.26562500 0.00776267
v 0.00781250 0.26562500 0.04089570
v 0.00781250 0.26862586 0.00781250
v 0.00781250 0.27343750 0.01262414
v 0.00781250 0.27160430 0.04687500
v 0.00781250 0.27343750 0.04691124
v 0.00781250 0.28125000 0.01557791
v 0.00781250 0.28125000 0.04691696
v 0.00781250 0.28173959 0.01562500
v 0.00781250 0.28906250 0.02294791
v 0.00781250 0.28906250 0.04692101
v 0.00781250 0.29687500 0.02339852
v 0.00781250 0.29687500 0.04691935
v 0.00781250 0.29700720 0.02343750
v 0.00781250 0.30468750 0.03111780
v 0.00781250 0.30468750 0.04691041
v 0.00781250 0.31250000 0.03121448
v 0.00781250 0.31250000 0.04000509
v 0.00781250 0.30563009 0.04687500
v 0.00781250 0.31262887 0.03125000
v 0.00781250 0.32031250 0.03893363
v 0.00781250 0.32031250 0.03920519
v 0.00781250 0.32812500 0.03900504
v 0.00781250 0.32812500 0.03916061
v 0.00748026 0.33593750 0.03906250
v 0.00781250 0.33593750 0.03903019
v 0.00781250 0.33593750 0.03916025
v 0.00781250 0.33604205 0.03906250
v 0.00816441 -0.53125000 0.04687500
v 0.01562500 -0.53125000 0.05433559
v 0.01562500 -0.53128445 0.05468750
v 0.01562500 -0.53125289 0.06250000
v 0.01562500 -0.53125000 0.06250179
v 0.01562500 -0.52353850 0.00000000
v 0.01562500 -0.52343750 -0.00006467
v 0.01562500 -0.52350032 0.00781250
v 0.01562500 -0.52347985 0.01562500
v 0.01562500 -0.52348348 0.02343750
v 0.01562500 -0.52348873 0.03125000
v 0.01562500 -0.52350563 0.03906250
v 0.01562500 -0.52378938 0.04687500
v 0.01562500 -0.52343750 0.06252849
v 0.01562500 -0.51568967 -0.00781250
v 0.01562500 -0.51562500 -0.00784522
v 0.01562500 -0.51565349 0.07031250
v 0.01562500 -0.51562500 0.07032347
v 0.01562500 -0.50781250 -0.00788110
v 0.01562500 -0.50781250 0.07033706
v 0.01562500 -0.50000000 -0.00792086
v 0.01562500 -0.50002348 0.07812500
v 0.01562500 -0.50000000 0.07815087
v 0.01562500 -0.49229586 -0.01562500
v 0.01562500 -0.49218750 -0.01564771
v 0.01265907 -0.49218750 0.08593750
v 0.01562500 -0.49218750 0.08297157
v 0.01562500 -0.48437500 -0.01565540
v 0.01562500 -0.48922163 0.08593750
v 0.01562500 -0.48437500 0.08595872
v 0.01562500 -0.47656250 -0.01567608
v 0.01562500 -0.47656250 0.08597088
v 0.01562500 -0.46875000 -0.01575100
v 0.01562500 -0.46875000 0.08598769
v 0.00859892 -0.46093750 -0.02343750
v 0.01562500 -0.46093750 -0.01641142
v 0.01562500 -0.46093750 0.08602154
v 0.01562500 -0.45391142 -0.02343750
v 0.01562500 -0.45312500 -0.02345824
v 0.01562500 -0.45312500 0.08609855
v 0.01562500 -0.44531250 -0.02345896
v 0.01562500 -0.44531250 0.08625054
v 0.01562500 -0.43750000 -0.02346110
v 0.01562500 -0.43750000 0.08643782
v 0.01562500 -0.42968750 -0.02346408
v 0.01562500 -0.42968750 0.08683026
v 0.01562500 -0.42187500 -0.02346796
v 0.01562500 -0.42187500 0.08827066
v 0.01562500 -0.41406250 -0.02347285
v 0.01562500 -0.41406250 0.09104419
v 0.01562500 -0.40625000 -0.02347916
v 0.01562500 -0.40625000 0.08680224
v 0.01562500 -0.39843750 -0.02348745
v 0.01562500 -0.39843750 0.08629346
v 0.01562500 -0.39062500 -0.02349997
v 0.01562500 -0.39062500 0.08607423
v 0.01562500 -0.38281250 -0.02352440
v 0.01562500 -0.38281250 0.08599293
v 0.01562500 -0.37500000 -0.02357459
v 0.01313889 -0.37500000 0.08593750
v 0.01562500 -0.37500000 0.08345139
v 0.01562500 -0.37748611 0.08593750
v 0.01562500 -0.36718750 -0.02367324
v 0.01562500 -0.36718750 0.07985616
v 0.01562500 -0.35937500 -0.02378935
v 0.01562500 -0.35937500 0.07851744
v 0.01562500 -0.35156250 -0.02365762
v 0.01562500 -0.35156250 0.07824266
v 0.01562500 -0.34375000 -0.02357864
v 0.01562500 -0.34375000 0.07820451
v 0.01562500 -0.33593750 -0.02354282
v 0.01562500 -0.33593750 0.07818341
v 0.01562500 -0.32812500 -0.02352875
v 0.01562500 -0.32812500 0.07816827
v 0.01562500 -0.32031250 -0.02351832
v 0.01562500 -0.32031250 0.07815528
v 0.01562500 -0.31250000 -0.02352053
v 0.00952363 -0.31250000 0.07812500
v 0.01562500 -0.31250000 0.07202363
v 0.01562500 -0.31860131 0.07812500
v 0.01562500 -0.30468750 -0.02352422
v 0.00784397 -0.30468750 0.07812500
v 0.01562500 -0.30468750 0.07061827
v 0.01562500 -0.29687500 -0.02352053
v 0.01562500 -0.29687500 0.07062030
v 0.01562500 -0.28906250 -0.02351564
v 0.00842142 -0.28906250 0.07812500
v 0.01562500 -0.28906250 0.07144952
v 0.01562500 -0.28125000 -0.02351671
v 0.01562500 -0.28125000 0.07109523
v 0.01562500 -0.27343750 -0.02351516
v 0.01562500 -0.27343750 0.07041430
v 0.01562500 -0.26562500 -0.02351660
v 0.01562500 -0.26562500 0.07038164
v 0.01562500 -0.25781250 -0.02352256
v 0.01562500 -0.25781250 0.07036722
v 0.01562500 -0.25000000 -0.02350885
v 0.01562500 -0.25000000 0.07035649
v 0.01562500 -0.24218750 -0.02348602
v 0.01562500 -0.24218750 0.07033908
v 0.01562500 -0.23437500 -0.02347422
v 0.01562500 -0.23437500 0.07033122
v 0.01562500 -0.22656250 -0.02346784
v 0.00906801 -0.22656250 0.07031250
v 0.01562500 -0.22656250 0.06375551
v 0.01562500 -0.23311949 0.07031250
v 0.01562500 -0.21875000 -0.02346402
v 0.01562500 -0.21875000 0.06278121
v 0.01562500 -0.21093750 -0.02346349
v 0.01562500 -0.21093750 0.06258857
v 0.01562500 -0.20312500 -0.02347004
v 0.00849378 -0.20312500 0.06250000
v 0.01562500 -0.20312500 0.05567324
v 0.01562500 -0.20995176 0.06250000
v 0.01562500 -0.19531250 -0.02348089
v 0.01562500 -0.19531250 0.05482399
v 0.01562500 -0.18750000 -0.02348739
v 0.01562500 -0.18750000 0.05472529
v 0.01562500 -0.17968750 -0.02350885
v 0.01562500 -0.17968750 0.04791677
v 0.01562500 -0.18645823 0.05468750
v 0.01562500 -0.17187500 -0.02364159
v 0.00805199 -0.17187500 0.03906250
v 0.01562500 -0.17187500 0.03148949
v 0.01562500 -0.17944801 0.03906250
v 0.01562500 -0.17965436 0.04687500
v 0.01562500 -0.16406250 -0.02380383
v 0.01562500 -0.16406250 0.03129363
v 0.01562500 -0.15625000 -0.02368873
v 0.01562500 -0.15625000 0.02348089
v 0.01562500 -0.16401905 0.03125000
v 0.01562500 -0.14843750 -0.02353758
v 0.00788212 -0.14843750 0.02343750
v 0.01562500 -0.14843750 0.01569462
v 0.01562500 -0.15618038 0.02343750
v 0.01562500 -0.14062500 -0.02349544
v 0.01562500 -0.14062500 0.01565182
v 0.01562500 -0.13281250 -0.02349222
v 0.01562500 -0.13281250 0.00789678
v 0.01562500 -0.14054066 0.01562500
v 0.01562500 -0.12500000 -0.02349156
v 0.01562500 -0.12500000 0.00786424
v 0.01562500 -0.11718750 -0.02349007
v 0.01562500 -0.11718750 0.00785589
v 0.01562500 -0.10937500 -0.02348679
v 0.01562500 -0.10937500 0.00785279
v 0.01562500 -0.10156250 -0.02349138
v 0.01562500 -0.10156250 0.00785077
v 0.01562500 -0.09375000 -0.02349895
v 0.01562500 -0.09375000 0.00784802
v 0.01562500 -0.08593750 -0.02350247
v 0.01562500 -0.08593750 0.00784504
v 0.01562500 -0.07812500 -0.02350324
v 0.01562500 -0.07812500 0.00784254
v 0.01562500 -0.07031250 -0.02350414
v 0.01562500 -0.07031250 0.00784039
v 0.01562500 -0.06250000 -0.02350563
v 0.01562500 -0.06250000 0.00783849
v 0.01562500 -0.05468750 -0.02350789
v 0.01562500 -0.05468750 0.00783670
v 0.01562500 -0.04687500 -0.02351153
v 0.01562500 -0.04687500 0.00783575
v 0.01562500 -0.03906250 -0.02351397
v 0.01562500 -0.03906250 0.00783467
v 0.01562500 -0.03125000 -0.02351975
v 0.01562500 -0.03125000 0.00783420
v 0.01562500 -0.02343750 -0.02352482
v 0.01562500 -0.02343750 0.00783384
v 0.00790381 -0.01562500 -0.03125000
v 0.01562500 -0.01562500 -0.02352875
v 0.01562500 -0.01562500 0.00783372
v 0.00790691 -0.00781250 -0.03125000
v 0.01562500 -0.00781250 -0.02353191
v 0.01562500 -0.00781250 0.00783408
v 0.00789964 0.00000000 -0.03125000
v 0.01562500 0.00000000 -0.02352464
v 0.01562500 0.00000000 0.00783455
v 0.00789762 0.00781250 -0.03125000
v 0.01562500 0.00781250 -0.02352262
v 0.01562500 0.00781250 0.00783479
v 0.01562500 0.01562500 -0.02351844
v 0.01562500 0.01562500 0.00783491
v 0.01562500 0.02343750 -0.02351546
v 0.01562500 0.02343750 0.00783503
v 0.00787520 0.03125000 -0.03125000
v 0.01562500 0.03125000 -0.02352369
v 0.01562500 0.03125000 0.00783479
v 0.00790894 0.03906250 -0.03125000
v 0.01562500 0.03906250 -0.02353400
v 0.01562500 0.03906250 0.00783443
v 0.00791359 0.04687500 -0.03125000
v 0.01562500 0.04687500 -0.02353853
v 0.01562500 0.04687500 0.00783396
v 0.00791693 0.05468750 -0.03125000
v 0.01562500 0.05468750 -0.02354199
v 0.01562500 0.05468750 0.00782752
v 0.00792634 0.06250000 -0.03125000
v 0.01562500 0.06250000 -0.02355129
v 0.00939000 0.06250000 0.00781250
v 0.01562500 0.06250000 0.00157750
v 0.01562500 0.05587196 0.00781250
v 0.00792634 0.07031250 -0.03125000
v 0.01562500 0.07031250 -0.02355134
v 0.00940478 0.07031250 0.00781250
v 0.01562500 0.07031250 0.00159228
v 0.00792265 0.07812500 -0.03125000
v 0.01562500 0.07812500 -0.02354759
v 0.01138151 0.07812500 0.00781250
v 0.01562500 0.07812500 0.00356901
v 0.00792456 0.08593750 -0.03125000
v 0.01562500 0.08593750 -0.02354956
v 0.00932264 0.08593750 0.00781250
v 0.01562500 0.08593750 0.00151014
v 0.00792456 0.09375000 -0.03125000
v 0.01562500 0.09375000 -0.02354950
v 0.00866759 0.09375000 0.00781250
v 0.01562500 0.09375000 0.00085509
v 0.00792432 0.10156250 -0.03125000
v 0.01562500 0.10156250 -0.02354932
v 0.00841200 0.10156250 0.00781250
v 0.01562500 0.10156250 0.00059950
v 0.00792813 0.10937500 -0.03125000
v 0.01562500 0.10937500 -0.02355307
v 0.00820208 0.10937500 0.00781250
v 0.01562500 0.10937500 0.00038958
v 0.00792933 0.11718750 -0.03125000
v 0.01562500 0.11718750 -0.02355427
v 0.00838637 0.11718750 0.00781250
v 0.01562500 0.11718750 0.00057387
v 0.00791442 0.12500000 -0.03125000
v 0.01562500 0.12500000 -0.02353942
v 0.01562500 0.12442613 0.00781250
v 0.01562500 0.12500000 0.00783777
v 0.01562500 0.13281250 -0.02351493
v 0.01562500 0.13281250 0.00784218
v 0.01562500 0.14062500 -0.02349907
v 0.01562500 0.14062500 0.00785089
v 0.01562500 0.14843750 -0.02348602
v 0.01562500 0.14843750 0.00787830
v 0.01562500 0.15625000 -0.02347320
v 0.01562500 0.15625000 0.00846565
v 0.01562500 0.16406250 -0.02346009
v 0.01562500 0.16340935 0.01562500
v 0.01562500 0.16406250 0.01565397
v 0.01562500 0.16414165 -0.02343750
v 0.01562500 0.17187500 -0.01570410
v 0.01562500 0.17187500 0.01567793
v 0.01562500 0.17968750 -0.01566523
v 0.01562500 0.17968750 0.01589501
v 0.01562500 0.18075275 -0.01562500
v 0.01562500 0.18750000 -0.00887775
v 0.01562500 0.18722999 0.02343750
v 0.01562500 0.18750000 0.02350116
v 0.01562500 0.19531250 -0.00793105
v 0.01562500 0.19531250 0.02373028
v 0.01562500 0.20312500 -0.00785446
v 0.01562500 0.20312500 0.02547264
v 0.01562500 0.20403528 -0.00781250
v 0.01562500 0.21093750 -0.00091028
v 0.01562500 0.20890236 0.03125000
v 0.01562500 0.21093750 0.03133202
v 0.01562500 0.21875000 -0.00029230
v 0.01562500 0.21875000 0.03156054
v 0.01562500 0.22656250 -0.00016636
v 0.01562500 0.22656250 0.03477073
v 0.01562500 0.23437500 -0.00008166
v 0.01562500 0.23085427 0.03906250
v 0.01562500 0.23437500 0.03912497
v 0.01562500 0.24218750 -0.00004220
v 0.01562500 0.24218750 0.03915656
v 0.01562500 0.24468017 0.00000000
v 0.01562500 0.25000000 0.00531983
v 0.01562500 0.25000000 0.03921402
v 0.01562500 0.25781250 0.00741804
v 0.01562500 0.25781250 0.03949749
v 0.01562500 0.26562500 0.00775433
v 0.01562500 0.26562500 0.04133236
v 0.01269007 0.27343750 0.00781250
v 0.01562500 0.27343750 0.00778794
v 0.01562500 0.27116764 0.04687500
v 0.01562500 0.27343750 0.04691350
v 0.01562500 0.27349234 0.00781250
v 0.01562500 0.28125000 0.01556814
v 0.01562500 0.28125000 0.04692173
v 0.01562500 0.28428888 0.01562500
v 0.01562500 0.28906250 0.02039862
v 0.01562500 0.28906250 0.04692566
v 0.01562500 0.29687500 0.02339506
v 0.01562500 0.29687500 0.04692483
v 0.01562500 0.29705060 0.02343750
v 0.01562500 0.30468750 0.03107440
v 0.01562500 0.30468750 0.04691386
v 0.01562500 0.31250000 0.03121042
v 0.01468241 0.31250000 0.04687500
v 0.01562500 0.31250000 0.04690742
v 0.01562500 0.31271577 0.03125000
v 0.01562500 0.32031250 0.03884673
v 0.01562500 0.32031250 0.03931403
v 0.01562500 0.31275153 0.04687500
v 0.01562500 0.32812500 0.03899181
v 0.01562500 0.32812500 0.03920352
v 0.01562500 0.33593750 0.03902531
v 0.01562500 0.33593750 0.03920364
v 0.01562500 0.33618546 0.03906250
v 0.02343750 -0.53127891 0.05468750
v 0.02343750 -0.53125000 0.05458975
v 0.01563013 -0.53125000 0.06250000
v 0.02343750 -0.53125000 0.05472147
v 0.02343750 -0.52349856 0.00000000
v 0.02343750 -0.52343750 -0.00005132
v 0.02343750 -0.52348214 0.00781250
v 0.02343750 -0.52347192 0.01562500
v 0.02343750 -0.52347645 0.02343750
v 0.02343750 -0.52348101 0.03125000
v 0.02343750 -0.52348378 0.03906250
v 0.02343750 -0.52353525 0.04687500
v 0.02343750 -0.52347147 0.06250000
v 0.02343750 -0.52343750 0.06251621
v 0.02343750 -0.51567632 -0.00781250
v 0.02343750 -0.51562500 -0.00784165
v 0.01567149 -0.51562500 0.07031250
v 0.02343750 -0.51562500 0.06254649
v 0.02343750 -0.50781250 -0.00787908
v 0.02343750 -0.50785896 0.07031250
v 0.02343750 -0.50781250 0.07033086
v 0.02343750 -0.50000000 -0.00791878
v 0.01581669 -0.50000000 0.07812500
v 0.02343750 -0.50000000 0.07051253
v 0.01611209 -0.49218750 -0.01562500
v 0.02343750 -0.49218750 -0.00829959
v 0.02343750 -0.49238753 0.07812500
v 0.02343750 -0.49218750 0.07833695
v 0.02343750 -0.48486209 -0.01562500
v 0.02343750 -0.48437500 -0.01565236
v 0.02343750 -0.48458689 0.08593750
v 0.02343750 -0.48437500 0.08595717
v 0.02343750 -0.47656250 -0.01567048
v 0.02343750 -0.47656250 0.08596504
v 0.02343750 -0.46875000 -0.01572198
v 0.02343750 -0.46875000 0.08597755
v 0.02343750 -0.46093750 -0.01645452
v 0.02343750 -0.46093750 0.08600032
v 0.02343750 -0.45395452 -0.02343750
v 0.02343750 -0.45312500 -0.02345806
v 0.02343750 -0.45312500 0.08602929
v 0.02343750 -0.44531250 -0.02345878
v 0.02343750 -0.44531250 0.08616304
v 0.02343750 -0.43750000 -0.02346116
v 0.02343750 -0.43750000 0.08635771
v 0.02343750 -0.42968750 -0.02346420
v 0.02343750 -0.42968750 0.08672476
v 0.02343750 -0.42187500 -0.02346814
v 0.02343750 -0.42187500 0.08901691
v 0.02343750 -0.41406250 -0.02347314
v 0.02343750 -0.41406250 0.08903182
v 0.02343750 -0.40625000 -0.02347934
v 0.02343750 -0.40625000 0.08649099
v 0.02343750 -0.39843750 -0.02348757
v 0.02343750 -0.39843750 0.08619070
v 0.02343750 -0.39062500 -0.02349842
v 0.02343750 -0.39062500 0.08603597
v 0.02343750 -0.38281250 -0.02352047
v 0.02343750 -0.38281250 0.08598995
v 0.02343750 -0.37500000 -0.02355784
v 0.02343750 -0.37500000 0.08028662
v 0.02343750 -0.38065088 0.08593750
v 0.02343750 -0.36718750 -0.02363265
v 0.02343750 -0.36718750 0.07833147
v 0.02343750 -0.35937500 -0.02369601
v 0.02343750 -0.35937500 0.07819748
v 0.02343750 -0.35156250 -0.02367312
v 0.02343750 -0.35156250 0.07817125
v 0.02343750 -0.34375000 -0.02358460
v 0.02343750 -0.34375000 0.07816148
v 0.02343750 -0.33593750 -0.02354240
v 0.02343750 -0.33593750 0.07815635
v 0.02343750 -0.32812500 -0.02352232
v 0.01847506 -0.32812500 0.07812500
v 0.02343750 -0.32812500 0.07316256
v 0.02343750 -0.33308738 0.07812500
v 0.02343750 -0.32031250 -0.02351213
v 0.01687717 -0.32031250 0.07812500
v 0.02343750 -0.32031250 0.07156467
v 0.02343750 -0.31250000 -0.02350771
v 0.02343750 -0.31250000 0.07053065
v 0.02343750 -0.30468750 -0.02350867
v 0.02343750 -0.30468750 0.07038605
v 0.02343750 -0.29687500 -0.02351010
v 0.02343750 -0.29687500 0.07035530
v 0.02343750 -0.28906250 -0.02351284
v 0.02343750 -0.28906250 0.07037592
v 0.02343750 -0.28125000 -0.02351171
v 0.02343750 -0.28125000 0.07036448
v 0.02343750 -0.27343750 -0.02351016
v 0.02343750 -0.27343750 0.07034397
v 0.02343750 -0.26562500 -0.02351266
v 0.02343750 -0.26562500 0.07033825
v 0.02343750 -0.25781250 -0.02351743
v 0.02343750 -0.25781250 0.07033753
v 0.02343750 -0.25000000 -0.02350295
v 0.02343750 -0.25000000 0.07033658
v 0.02343750 -0.24218750 -0.02348518
v 0.02343750 -0.24218750 0.07033002
v 0.02343750 -0.23437500 -0.02347392
v 0.01693714 -0.23437500 0.07031250
v 0.02343750 -0.23437500 0.06381214
v 0.02343750 -0.24087536 0.07031250
v 0.02343750 -0.22656250 -0.02346885
v 0.02343750 -0.22656250 0.06315494
v 0.02343750 -0.21875000 -0.02346671
v 0.02343750 -0.21875000 0.06267834
v 0.02343750 -0.21093750 -0.02346498
v 0.02322757 -0.21093750 0.06250000
v 0.02343750 -0.21093750 0.06229007
v 0.02343750 -0.21114743 0.06250000
v 0.02343750 -0.20312500 -0.02346909
v 0.02343750 -0.20312500 0.05509365
v 0.02343750 -0.19531250 -0.02348226
v 0.02343750 -0.19531250 0.05473697
v 0.02343750 -0.18750000 -0.02349168
v 0.02343750 -0.18750000 0.05471611
v 0.02343750 -0.17968750 -0.02351701
v 0.02343750 -0.17968750 0.04693699
v 0.02343750 -0.18743807 0.05468750
v 0.02343750 -0.17187500 -0.02354848
v 0.02343750 -0.17187500 0.03129315
v 0.02343750 -0.17964435 0.03906250
v 0.02343750 -0.17966938 0.04687500
v 0.02343750 -0.16406250 -0.02353275
v 0.01576161 -0.16406250 0.03125000
v 0.02343750 -0.16406250 0.02357411
v 0.02343750 -0.17173839 0.03125000
v 0.02343750 -0.15625000 -0.02350646
v 0.01570582 -0.15625000 0.02343750
v 0.02343750 -0.15625000 0.01570582
v 0.02343750 -0.16398162 0.02343750
v 0.02343750 -0.14843750 -0.02348417
v 0.01593482 -0.14843750 0.01562500
v 0.02343750 -0.14843750 0.00812232
v 0.02343750 -0.15594012 0.01562500
v 0.02343750 -0.14062500 -0.02347010
v 0.01567543 -0.14062500 0.01562500
v 0.02343750 -0.14062500 0.00786293
v 0.02343750 -0.13281250 -0.02346891
v 0.02343750 -0.13281250 0.00784397
v 0.02343750 -0.12500000 -0.02346712
v 0.02343750 -0.12500000 0.00783944
v 0.02343750 -0.11718750 -0.02346665
v 0.02343750 -0.11718750 0.00783825
v 0.02343750 -0.10937500 -0.02346569
v 0.02343750 -0.10937500 0.00783694
v 0.02343750 -0.10156250 -0.02346522
v 0.02343750 -0.10156250 0.00783575
v 0.02343750 -0.09375000 -0.02346456
v 0.02343750 -0.09375000 0.00783432
v 0.02343750 -0.08593750 -0.02346379
v 0.01635098 -0.08593750 0.00781250
v 0.02343750 -0.08593750 0.00072598
v 0.02343750 -0.09302402 0.00781250
v 0.02343750 -0.07812500 -0.02346396
v 0.01592851 -0.07812500 0.00781250
v 0.02343750 -0.07812500 0.00030351
v 0.02343750 -0.07031250 -0.02346402
v 0.01581836 -0.07031250 0.00781250
v 0.02343750 -0.07031250 0.00019336
v 0.02343750 -0.06250000 -0.02346420
v 0.01576245 -0.06250000 0.00781250
v 0.02343750 -0.06250000 0.00013745
v 0.02343750 -0.05468750 -0.02346492
v 0.01573539 -0.05468750 0.00781250
v 0.02343750 -0.05468750 0.00011039
v 0.02343750 -0.04687500 -0.02346498
v 0.01572013 -0.04687500 0.00781250
v 0.02343750 -0.04687500 0.00009513
v 0.02343750 -0.03906250 -0.02346510
v 0.01570952 -0.03906250 0.00781250
v 0.02343750 -0.03906250 0.00008452
v 0.02343750 -0.03125000 -0.02346563
v 0.01570570 -0.03125000 0.00781250
v 0.02343750 -0.03125000 0.00008070
v 0.02343750 -0.02343750 -0.02346605
v 0.01570165 -0.02343750 0.00781250
v 0.02343750 -0.02343750 0.00007665
v 0.02343750 -0.01562500 -0.02346653
v 0.01570129 -0.01562500 0.00781250
v 0.02343750 -0.01562500 0.00007629
v 0.02343750 -0.00781250 -0.02346760
v 0.01570368 -0.00781250 0.00781250
v 0.02343750 -0.00781250 0.00007868
v 0.02343750 0.00000000 -0.02346748
v 0.01570892 0.00000000 0.00781250
v 0.02343750 0.00000000 0.00008392
v 0.02343750 0.00781250 -0.02346730
v 0.01571667 0.00781250 0.00781250
v 0.02343750 0.00781250 0.00009167
v 0.02343750 0.01562500 -0.02346659
v 0.01572275 0.01562500 0.00781250
v 0.02343750 0.01562500 0.00009775
v 0.02343750 0.02343750 -0.02346611
v 0.01572478 0.02343750 0.00781250
v 0.02343750 0.02343750 0.00009978
v 0.02343750 0.03125000 -0.02346736
v 0.01572227 0.03125000 0.00781250
v 0.02343750 0.03125000 0.00009727
v 0.02343750 0.03906250 -0.02346849
v 0.01571512 0.03906250 0.00781250
v 0.02343750 0.03906250 0.00009012
v 0.02343750 0.04687500 -0.02346885
v 0.01570618 0.04687500 0.00781250
v 0.02343750 0.04687500 0.00008118
v 0.02343750 0.05468750 -0.02346909
v 0.01568043 0.05468750 0.00781250
v 0.02343750 0.05468750 0.00007832
v 0.02343750 0.06250000 -0.02346992
v 0.02343750 0.06250000 0.00007474
v 0.02343750 0.07031250 -0.02346975
v 0.02343750 0.07031250 0.00007558
v 0.02343750 0.07812500 -0.02346969
v 0.02343750 0.07812500 0.00007904
v 0.02343750 0.08593750 -0.02346951
v 0.02343750 0.08593750 0.00007737
v 0.02343750 0.09375000 -0.02346951
v 0.02343750 0.09375000 0.00007403
v 0.02343750 0.10156250 -0.02346939
v 0.02343750 0.10156250 0.00006819
v 0.02343750 0.10937500 -0.02346885
v 0.02343750 0.10937500 0.00005972
v 0.02343750 0.11718750 -0.02346849
v 0.02343750 0.11718750 0.00005579
v 0.02343750 0.12500000 -0.02346694
v 0.01571310 0.12500000 0.00781250
v 0.02343750 0.12500000 0.00008810
v 0.02343750 0.13281250 -0.02346474
v 0.01577914 0.13281250 0.00781250
v 0.02343750 0.13281250 0.00015414
v 0.02343750 0.14062500 -0.02346331
v 0.01698315 0.14062500 0.00781250
v 0.02343750 0.14062500 0.00135815
v 0.02343750 0.14843750 -0.02346110
v 0.02343750 0.14707935 0.00781250
v 0.02343750 0.14843750 0.00784409
v 0.02343750 0.14895856 -0.02343750
v 0.01614606 0.15625000 -0.02343750
v 0.02343750 0.15625000 -0.01614606
v 0.02343750 0.15625000 0.00787163
v 0.01583123 0.16406250 -0.02343750
v 0.02343750 0.16406250 -0.01583123
v 0.02343750 0.16402626 0.01562500
v 0.02343750 0.16406250 0.01564050
v 0.02343750 0.17187500 -0.01569396
v 0.02343750 0.17187500 0.01568890
v 0.02343750 0.17968750 -0.01566303
v 0.02343750 0.17968750 0.01604223
v 0.02343750 0.18086886 -0.01562500
v 0.02343750 0.18750000 -0.00899380
v 0.02343750 0.18708277 0.02343750
v 0.02343750 0.18750000 0.02352309
v 0.02343750 0.19531250 -0.00792104
v 0.02343750 0.19531250 0.02385485
v 0.02343750 0.20312500 -0.00785285
v 0.02343750 0.20312500 0.02845371
v 0.02343750 0.20460999 -0.00781250
v 0.02343750 0.21093750 -0.00148493
v 0.02343750 0.20592129 0.03125000
v 0.02343750 0.21093750 0.03137898
v 0.02343750 0.21875000 -0.00034320
v 0.02343750 0.21875000 0.03173852
v 0.02343750 0.22656250 -0.00018215
v 0.02343750 0.22656250 0.03680634
v 0.02343750 0.23437500 -0.00010413
v 0.02343750 0.22881866 0.03906250
v 0.02343750 0.23437500 0.03913224
v 0.02343750 0.24218750 -0.00004709
v 0.02343750 0.24218750 0.03916800
v 0.02343750 0.24780631 0.00000000
v 0.02343750 0.25000000 0.00219369
v 0.02343750 0.25000000 0.03922033
v 0.02343750 0.25781250 0.00735021
v 0.02343750 0.25781250 0.03956473
v 0.02343750 0.26562500 0.00774038
v 0.02343750 0.26562500 0.04219496
v 0.02343750 0.27343750 0.00778508
v 0.02343750 0.27030504 0.04687500
v 0.02343750 0.27343750 0.04691517
v 0.02343750 0.27350557 0.00781250
v 0.02343750 0.28125000 0.01555693
v 0.02343750 0.28125000 0.04692602
v 0.02039862 0.28906250 0.01562500
v 0.02343750 0.28906250 0.01560080
v 0.02343750 0.28906250 0.04692936
v 0.02343750 0.28911209 0.01562500
v 0.02343750 0.29687500 0.02338791
v 0.02343750 0.29687500 0.04692864
v 0.02343750 0.29712439 0.02343750
v 0.02343750 0.30468750 0.03100061
v 0.02343750 0.30468750 0.04691803
v 0.02343750 0.31250000 0.03120625
v 0.02343750 0.31250000 0.04691219
v 0.02343750 0.31301880 0.03125000
v 0.02343750 0.32031250 0.03854370
v 0.02343750 0.32031250 0.04015791
v 0.02343750 0.31359541 0.04687500
v 0.02343750 0.32812500 0.03897834
v 0.02343750 0.32812500 0.03928816
v 0.02343750 0.33593750 0.03902030
v 0.02343750 0.33593750 0.03929377
v 0.02327228 0.34375000 0.03906250
v 0.02343750 0.34375000 0.03904402
v 0.02343750 0.34375000 0.03915501
v 0.02343750 0.34379876 0.03906250
v 0.03125000 -0.53128618 0.05468750
v 0.03125000 -0.53125000 0.05456567
v 0.03125000 -0.53125000 0.05471587
v 0.03125000 -0.52348149 0.00000000
v 0.03125000 -0.52343750 -0.00004381
v 0.03125000 -0.52347258 0.00781250
v 0.03125000 -0.52346754 0.01562500
v 0.03125000 -0.52347192 0.02343750
v 0.03125000 -0.52347589 0.03125000
v 0.03125000 -0.52348045 0.03906250
v 0.03125000 -0.52355936 0.04687500
v 0.03125000 -0.52346590 0.06250000
v 0.03125000 -0.52343750 0.06251609
v 0.03125000 -0.51566878 -0.00781250
v 0.03125000 -0.51562500 -0.00783902
v 0.03125000 -0.51562500 0.06253707
v 0.03125000 -0.50781250 -0.00787640
v 0.03125000 -0.50784951 0.07031250
v 0.03125000 -0.50781250 0.07033050
v 0.03125000 -0.50000000 -0.00792342
v 0.03125000 -0.50000000 0.07043087
v 0.03125000 -0.49218750 -0.00852233
v 0.03125000 -0.49230587 0.07812500
v 0.03125000 -0.49218750 0.07820332
v 0.03125000 -0.48508483 -0.01562500
v 0.03125000 -0.48437500 -0.01565152
v 0.03125000 -0.48444933 0.08593750
v 0.03125000 -0.48437500 0.08595669
v 0.03125000 -0.47656250 -0.01566648
v 0.03125000 -0.47656250 0.08596468
v 0.03125000 -0.46875000 -0.01570523
v 0.03125000 -0.46875000 0.08597350
v 0.03125000 -0.46093750 -0.01652604
v 0.03125000 -0.46093750 0.08598816
v 0.03125000 -0.45402604 -0.02343750
v 0.03125000 -0.45312500 -0.02345824
v 0.03125000 -0.45312500 0.08600712
v 0.03125000 -0.44531250 -0.02345949
v 0.03125000 -0.44531250 0.08605921
v 0.03125000 -0.43750000 -0.02346194
v 0.03125000 -0.43750000 0.08627307
v 0.03125000 -0.42968750 -0.02346504
v 0.03125000 -0.42968750 0.08650720
v 0.03125000 -0.42187500 -0.02346849
v 0.03125000 -0.42187500 0.08706844
v 0.03125000 -0.41406250 -0.02347267
v 0.03125000 -0.41406250 0.08689618
v 0.03125000 -0.40625000 -0.02347851
v 0.03125000 -0.40625000 0.08641052
v 0.03125000 -0.39843750 -0.02348626
v 0.03125000 -0.39843750 0.08615017
v 0.03125000 -0.39062500 -0.02349573
v 0.03125000 -0.39062500 0.08603954
v 0.03125000 -0.38281250 -0.02351391
v 0.03125000 -0.38281250 0.08599710
v 0.03125000 -0.37500000 -0.02354342
v 0.03125000 -0.37500000 0.08026719
v 0.03125000 -0.38067031 0.08593750
v 0.03125000 -0.36718750 -0.02358621
v 0.03125000 -0.36718750 0.07835627
v 0.03125000 -0.35937500 -0.02362198
v 0.03125000 -0.35937500 0.07818604
v 0.03125000 -0.35156250 -0.02366102
v 0.03125000 -0.35156250 0.07816005
v 0.03125000 -0.34375000 -0.02358443
v 0.03125000 -0.34375000 0.07815230
v 0.03125000 -0.33593750 -0.02354395
v 0.03008997 -0.33593750 0.07812500
v 0.03125000 -0.33593750 0.07696497
v 0.03125000 -0.33709759 0.07812500
v 0.03125000 -0.32812500 -0.02351999
v 0.03125000 -0.32812500 0.07193017
v 0.03125000 -0.32031250 -0.02350986
v 0.03125000 -0.32031250 0.07070196
v 0.03125000 -0.31250000 -0.02350420
v 0.03125000 -0.31250000 0.07044852
v 0.03125000 -0.30468750 -0.02350044
v 0.03125000 -0.30468750 0.07037246
v 0.03125000 -0.29687500 -0.02349627
v 0.03125000 -0.29687500 0.07035017
v 0.03125000 -0.28906250 -0.02349454
v 0.03125000 -0.28906250 0.07034123
v 0.03125000 -0.28125000 -0.02349317
v 0.03125000 -0.28125000 0.07034492
v 0.03125000 -0.27343750 -0.02349281
v 0.03125000 -0.27343750 0.07033658
v 0.03125000 -0.26562500 -0.02349234
v 0.03125000 -0.26562500 0.07033420
v 0.03125000 -0.25781250 -0.02349138
v 0.03125000 -0.25781250 0.07033288
v 0.03125000 -0.25000000 -0.02348280
v 0.03125000 -0.25000000 0.07033265
v 0.03125000 -0.24218750 -0.02347350
v 0.02670074 -0.24218750 0.07031250
v 0.03125000 -0.24218750 0.06576324
v 0.03125000 -0.24673671 0.07031250
v 0.03125000 -0.23437500 -0.02346689
v 0.03125000 -0.23437500 0.06298459
v 0.03125000 -0.22656250 -0.02346456
v 0.03125000 -0.22656250 0.06280184
v 0.03125000 -0.21875000 -0.02346313
v 0.03125000 -0.21875000 0.06261122
v 0.03125000 -0.21093750 -0.02346230
v 0.03125000 -0.21093750 0.05643153
v 0.03125000 -0.21700603 0.06250000
v 0.03125000 -0.20312500 -0.02346367
v 0.03125000 -0.20312500 0.05481625
v 0.03125000 -0.19531250 -0.02347362
v 0.03125000 -0.19531250 0.05472207
v 0.03125000 -0.18750000 -0.02346903
v 0.02351677 -0.18750000 0.05468750
v 0.03125000 -0.18750000 0.04695427
v 0.03125000 -0.19523317 0.05468750
v 0.03125000 -0.17968750 -0.02346921
v 0.02350128 -0.17968750 0.04687500
v 0.03125000 -0.17968750 0.03912628
v 0.03125000 -0.18743616 0.04687500
v 0.03125000 -0.17187500 -0.02347165
v 0.02360463 -0.17187500 0.03125000
v 0.03125000 -0.17187500 0.02360463
v 0.03125000 -0.17952043 0.03125000
v 0.03125000 -0.17966557 0.03906250
v 0.03125000 -0.17072487 -0.02343750
v 0.02458763 -0.16406250 -0.02343750
v 0.03125000 -0.16406250 -0.01677513
v 0.02360165 -0.16406250 0.02343750
v 0.03125000 -0.16406250 0.01578915
v 0.03125000 -0.17171085 0.02343750
v 0.02366507 -0.15625000 -0.02343750
v 0.03125000 -0.15625000 -0.01585257
v 0.02354956 -0.15625000 0.01562500
v 0.03125000 -0.15625000 0.00792456
v 0.03125000 -0.16395044 0.01562500
v 0.02355611 -0.14843750 -0.02343750
v 0.03125000 -0.14843750 -0.01574361
v 0.03125000 -0.14843750 0.00784588
v 0.02353489 -0.14062500 -0.02343750
v 0.03125000 -0.14062500 -0.01572239
v 0.02380502 -0.14062500 0.00781250
v 0.03125000 -0.14062500 0.00036752
v 0.03125000 -0.14806998 0.00781250
v 0.02352536 -0.13281250 -0.02343750
v 0.03125000 -0.13281250 -0.01571286
v 0.02354264 -0.13281250 0.00781250
v 0.03125000 -0.13281250 0.00010514
v 0.02352881 -0.12500000 -0.02343750
v 0.03125000 -0.12500000 -0.01571631
v 0.02352679 -0.12500000 0.00781250
v 0.03125000 -0.12500000 0.00008929
v 0.02352393 -0.11718750 -0.02343750
v 0.03125000 -0.11718750 -0.01571143
v 0.02351213 -0.11718750 0.00781250
v 0.03125000 -0.11718750 0.00007463
v 0.02351928 -0.10937500 -0.02343750
v 0.03125000 -0.10937500 -0.01570678
v 0.02349925 -0.10937500 0.00781250
v 0.03125000 -0.10937500 0.00006175
v 0.02351320 -0.10156250 -0.02343750
v 0.03125000 -0.10156250 -0.01570076
v 0.02348590 -0.10156250 0.00781250
v 0.03125000 -0.10156250 0.00004840
v 0.02350163 -0.09375000 -0.02343750
v 0.03125000 -0.09375000 -0.01568913
v 0.02385461 -0.09375000 0.00000000
v 0.03125000 -0.09375000 -0.00739539
v 0.03125000 -0.10114539 0.00000000
v 0.02347648 -0.09375000 0.00781250
v 0.02349198 -0.08593750 -0.02343750
v 0.03125000 -0.08593750 -0.01567948
v 0.02395356 -0.08593750 -0.00781250
v 0.03125000 -0.08593750 -0.01510894
v 0.03125000 -0.09323394 -0.00781250
v 0.02361381 -0.08593750 0.00000000
v 0.02348614 -0.07812500 -0.02343750
v 0.03125000 -0.08454072 -0.01562500
v 0.02483428 -0.07812500 -0.01562500
v 0.02368069 -0.07812500 -0.00781250
v 0.02356410 -0.07812500 0.00000000
v 0.02348351 -0.07031250 -0.02343750
v 0.02376831 -0.07031250 -0.01562500
v 0.02359581 -0.07031250 -0.00781250
v 0.02353609 -0.07031250 0.00000000
v 0.02348137 -0.06250000 -0.02343750
v 0.02362561 -0.06250000 -0.01562500
v 0.02355218 -0.06250000 -0.00781250
v 0.02351725 -0.06250000 0.00000000
v 0.02347898 -0.05468750 -0.02343750
v 0.02357507 -0.05468750 -0.01562500
v 0.02352977 -0.05468750 -0.00781250
v 0.02350497 -0.05468750 0.00000000
v 0.02347696 -0.04687500 -0.02343750
v 0.02355158 -0.04687500 -0.01562500
v 0.02351749 -0.04687500 -0.00781250
v 0.02349758 -0.04687500 0.00000000
v 0.02347529 -0.03906250 -0.02343750
v 0.02353287 -0.03906250 -0.01562500
v 0.02351105 -0.03906250 -0.00781250
v 0.02349722 -0.03906250 0.00000000
v 0.02347577 -0.03125000 -0.02343750
v 0.02353728 -0.03125000 -0.01562500
v 0.02351236 -0.03125000 -0.00781250
v 0.02349627 -0.03125000 0.00000000
v 0.02347720 -0.02343750 -0.02343750
v 0.02353859 -0.02343750 -0.01562500
v 0.02351391 -0.02343750 -0.00781250
v 0.02349508 -0.02343750 0.00000000
v 0.02347803 -0.01562500 -0.02343750
v 0.02354264 -0.01562500 -0.01562500
v 0.02351606 -0.01562500 -0.00781250
v 0.02349508 -0.01562500 0.00000000
v 0.02347839 -0.00781250 -0.02343750
v 0.02354562 -0.00781250 -0.01562500
v 0.02351975 -0.00781250 -0.00781250
v 0.02349544 -0.00781250 0.00000000
v 0.02347863 0.00000000 -0.02343750
v 0.02355182 0.00000000 -0.01562500
v 0.02352405 0.00000000 -0.00781250
v 0.02349782 0.00000000 0.00000000
v 0.02347839 0.00781250 -0.02343750
v 0.02356315 0.00781250 -0.01562500
v 0.02353048 0.00781250 -0.00781250
v 0.02350175 0.00781250 0.00000000
v 0.02347767 0.01562500 -0.02343750
v 0.02357852 0.01562500 -0.01562500
v 0.02353871 0.01562500 -0.00781250
v 0.02350438 0.01562500 0.00000000
v 0.02347744 0.02343750 -0.02343750
v 0.02358723 0.02343750 -0.01562500
v 0.02354228 0.02343750 -0.00781250
v 0.02350497 0.02343750 0.00000000
v 0.02347815 0.03125000 -0.02343750
v 0.02357376 0.03125000 -0.01562500
v 0.02353644 0.03125000 -0.00781250
v 0.02350223 0.03125000 0.00000000
v 0.02347851 0.03906250 -0.02343750
v 0.02355909 0.03906250 -0.01562500
v 0.02352846 0.03906250 -0.00781250
v 0.02349591 0.03906250 0.00000000
v 0.02347827 0.04687500 -0.02343750
v 0.02354598 0.04687500 -0.01562500
v 0.02352095 0.04687500 -0.00781250
v 0.02349114 0.04687500 0.00000000
v 0.02347744 0.05468750 -0.02343750
v 0.02353418 0.05468750 -0.01562500
v 0.02351415 0.05468750 -0.00781250
v 0.02348804 0.05468750 0.00000000
v 0.02347803 0.06250000 -0.02343750
v 0.02352858 0.06250000 -0.01562500
v 0.02351224 0.06250000 -0.00781250
v 0.02348614 0.06250000 0.00000000
v 0.02347779 0.07031250 -0.02343750
v 0.02352393 0.07031250 -0.01562500
v 0.02351093 0.07031250 -0.00781250
v 0.02348578 0.07031250 0.00000000
v 0.02347744 0.07812500 -0.02343750
v 0.02352047 0.07812500 -0.01562500
v 0.02351058 0.07812500 -0.00781250
v 0.02348530 0.07812500 0.00000000
v 0.02347684 0.08593750 -0.02343750
v 0.02351832 0.08593750 -0.01562500
v 0.02351046 0.08593750 -0.00781250
v 0.02348435 0.08593750 0.00000000
v 0.02347648 0.09375000 -0.02343750
v 0.02351642 0.09375000 -0.01562500
v 0.02350986 0.09375000 -0.00781250
v 0.02348292 0.09375000 0.00000000
v 0.02347684 0.10156250 -0.02343750
v 0.02351367 0.10156250 -0.01562500
v 0.02350652 0.10156250 -0.00781250
v 0.02347982 0.10156250 0.00000000
v 0.02347612 0.10937500 -0.02343750
v 0.02350760 0.10937500 -0.01562500
v 0.02349985 0.10937500 -0.00781250
v 0.02347648 0.10937500 0.00000000
v 0.02347434 0.11718750 -0.02343750
v 0.02349937 0.11718750 -0.01562500
v 0.02348948 0.11718750 -0.00781250
v 0.02347219 0.11718750 0.00000000
v 0.02346861 0.12500000 -0.02343750
v 0.02348471 0.12500000 -0.01562500
v 0.02347958 0.12500000 -0.00781250
v 0.02347195 0.12500000 0.00000000
v 0.02347064 0.13281250 -0.02343750
v 0.02350485 0.13281250 -0.01562500
v 0.02350020 0.13281250 -0.00781250
v 0.02348816 0.13281250 0.00000000
v 0.02347362 0.14062500 -0.02343750
v 0.02357161 0.14062500 -0.01562500
v 0.02355886 0.14062500 -0.00781250
v 0.02354717 0.14062500 0.00000000
v 0.02347851 0.14843750 -0.02343750
v 0.03125000 0.14843750 -0.01566607
v 0.03125000 0.14830339 -0.01562500
v 0.03125000 0.14831614 -0.00781250
v 0.03125000 0.14832783 0.00000000
v 0.02350903 0.14843750 0.00781250
v 0.03125000 0.14843750 0.00007153
v 0.03125000 0.15625000 -0.01566952
v 0.03125000 0.15617847 0.00781250
v 0.03125000 0.15625000 0.00784385
v 0.03125000 0.16406250 -0.01566029
v 0.02349067 0.16406250 0.01562500
v 0.03125000 0.16406250 0.00789917
v 0.03125000 0.17187500 -0.01566094
v 0.03125000 0.17178833 0.01562500
v 0.03125000 0.17187500 0.01567292
v 0.03125000 0.17968750 -0.01565677
v 0.03125000 0.17968750 0.01631153
v 0.03125000 0.18019426 -0.01562500
v 0.03125000 0.18750000 -0.00831920
v 0.03125000 0.18681347 0.02343750
v 0.03125000 0.18750000 0.02360153
v 0.03125000 0.19531250 -0.00789106
v 0.03125000 0.19531250 0.02435958
v 0.03125000 0.20312500 -0.00785369
v 0.03125000 0.20220292 0.03125000
v 0.02623379 0.20312500 0.03125000
v 0.03125000 0.20312500 0.03130257
v 0.03125000 0.20507061 -0.00781250
v 0.03125000 0.21093750 -0.00194567
v 0.03125000 0.21093750 0.03141379
v 0.03125000 0.21875000 -0.00039607
v 0.03125000 0.21875000 0.03212094
v 0.03125000 0.22656250 -0.00019687
v 0.03125000 0.22620714 0.03906250
v 0.02747416 0.22656250 0.03906250
v 0.03125000 0.22656250 0.03908277
v 0.03125000 0.23437500 -0.00013119
v 0.03125000 0.23437500 0.03914011
v 0.03125000 0.24218750 -0.00005090
v 0.03125000 0.24218750 0.03918409
v 0.02619290 0.25000000 0.00000000
v 0.03125000 0.25000000 -0.00002420
v 0.03125000 0.25000000 0.03922892
v 0.03125000 0.25040150 0.00000000
v 0.03125000 0.25781250 0.00726342
v 0.03125000 0.25781250 0.03966248
v 0.03125000 0.26562500 0.00773072
v 0.03125000 0.26562500 0.04397690
v 0.03125000 0.27343750 0.00778329
v 0.03125000 0.26852310 0.04687500
v 0.03125000 0.27343750 0.04691911
v 0.03125000 0.27351952 0.00781250
v 0.03125000 0.28125000 0.01554298
v 0.03125000 0.28125000 0.04693234
v 0.03125000 0.28906250 0.01559854
v 0.03125000 0.28906250 0.04693460
v 0.03125000 0.28911865 0.01562500
v 0.03125000 0.29687500 0.02338135
v 0.03125000 0.29687500 0.04693425
v 0.03125000 0.29735243 0.02343750
v 0.03125000 0.30468750 0.03077257
v 0.03125000 0.30468750 0.04692316
v 0.03125000 0.31250000 0.03120255
v 0.03125000 0.31250000 0.04691768
v 0.03073120 0.32031250 0.03125000
v 0.03125000 0.32031250 0.03122377
v 0.03015459 0.32031250 0.04687500
v 0.03125000 0.32031250 0.04691112
v 0.03125000 0.32041788 0.03125000
v 0.03125000 0.32812500 0.03895712
v 0.03125000 0.32812500 0.03976130
v 0.03125000 0.32101130 0.04687500
v 0.03125000 0.33593750 0.03901410
v 0.03125000 0.33593750 0.03979850
v 0.03125000 0.34375000 0.03903210
v 0.03125000 0.34375000 0.03929996
v 0.03125000 0.34387183 0.03906250
v 0.03901851 -0.53125000 0.00000000
v 0.03906250 -0.53128099 0.00000000
v 0.03906250 -0.53125000 -0.00003195
v 0.03906250 -0.53125000 0.00024784
v 0.03901958 -0.53125000 0.03906250
v 0.03906250 -0.53128552 0.03906250
v 0.03906250 -0.53125000 0.03885043
v 0.03894067 -0.53125000 0.04687500
v 0.03906250 -0.53131491 0.04687500
v 0.03906250 -0.53159592 0.05468750
v 0.03906250 -0.53125000 0.05475414
v 0.03906250 -0.52343750 -0.00020587
v 0.03906250 -0.52368537 0.00781250
v 0.03906250 -0.52354118 0.01562500
v 0.03906250 -0.52356079 0.02343750
v 0.03906250 -0.52364957 0.03125000
v 0.03906250 -0.52350420 0.06250000
v 0.03906250 -0.52343750 0.06252122
v 0.03906250 -0.51583087 -0.00781250
v 0.03906250 -0.51562500 -0.00786036
v 0.03906250 -0.51562500 0.06258011
v 0.03906250 -0.50781250 -0.00788122
v 0.03906250 -0.50789261 0.07031250
v 0.03906250 -0.50781250 0.07034159
v 0.03906250 -0.50000000 -0.00791830
v 0.03906250 -0.50000179 0.07812500
v 0.03905511 -0.50000000 0.07812500
v 0.03906250 -0.50000000 0.07812655
v 0.03906250 -0.49218750 -0.00828028
v 0.03906250 -0.49218750 0.07859981
v 0.03906250 -0.48484278 -0.01562500
v 0.03906250 -0.48437500 -0.01565289
v 0.03906250 -0.48484987 0.08593750
v 0.03906250 -0.48437500 0.08596766
v 0.03906250 -0.47656250 -0.01566702
v 0.03906250 -0.47656250 0.08598423
v 0.03906250 -0.46875000 -0.01570904
v 0.03906250 -0.46875000 0.08599269
v 0.03906250 -0.46093750 -0.01596999
v 0.03906250 -0.46093750 0.08601248
v 0.03906250 -0.45346999 -0.02343750
v 0.03906250 -0.45312500 -0.02345735
v 0.03906250 -0.45312500 0.08605921
v 0.03906250 -0.44531250 -0.02345794
v 0.03906250 -0.44531250 0.08617961
v 0.03906250 -0.43750000 -0.02345926
v 0.03906250 -0.43750000 0.08639085
v 0.03906250 -0.42968750 -0.02346122
v 0.03906250 -0.42968750 0.08685935
v 0.03906250 -0.42187500 -0.02346390
v 0.03906250 -0.42187500 0.09246790
v 0.03906250 -0.41406250 -0.02346683
v 0.03906250 -0.41909069 0.09375000
v 0.03869343 -0.41406250 0.09375000
v 0.03906250 -0.41406250 0.09375834
v 0.03906250 -0.40625000 -0.02347046
v 0.03906250 -0.40625000 0.08669996
v 0.03906250 -0.41377401 0.09375000
v 0.03906250 -0.39843750 -0.02347457
v 0.03906250 -0.39843750 0.08621347
v 0.03906250 -0.39062500 -0.02347970
v 0.03906250 -0.39062500 0.08608854
v 0.03906250 -0.38281250 -0.02348804
v 0.03906250 -0.38281250 0.08599842
v 0.03906250 -0.37500000 -0.02349824
v 0.03906250 -0.37500000 0.08100724
v 0.03906250 -0.37993032 0.08593750
v 0.03906250 -0.36718750 -0.02350855
v 0.03906250 -0.36718750 0.07837379
v 0.03906250 -0.35937500 -0.02351576
v 0.03906250 -0.35937500 0.07818627
v 0.03906250 -0.35156250 -0.02351087
v 0.03906250 -0.35156250 0.07816136
v 0.03906250 -0.34375000 -0.02349865
v 0.03906250 -0.34375000 0.07815242
v 0.03906250 -0.33593750 -0.02348989
v 0.03906250 -0.33593750 0.07457805
v 0.03906250 -0.33948445 0.07812500
v 0.03906250 -0.32812500 -0.02348453
v 0.03906250 -0.32812500 0.07195389
v 0.03906250 -0.32031250 -0.02348161
v 0.03906250 -0.32031250 0.07069588
v 0.03906250 -0.31250000 -0.02347994
v 0.03906250 -0.31250000 0.07045555
v 0.03906250 -0.30468750 -0.02347767
v 0.03906250 -0.30468750 0.07039988
v 0.03906250 -0.29687500 -0.02347594
v 0.03906250 -0.29687500 0.07035971
v 0.03906250 -0.28906250 -0.02347416
v 0.03906250 -0.28906250 0.07034433
v 0.03906250 -0.28125000 -0.02347189
v 0.03906250 -0.28125000 0.07033837
v 0.03906250 -0.27343750 -0.02347106
v 0.03906250 -0.27343750 0.07033312
v 0.03906250 -0.26562500 -0.02347076
v 0.03906250 -0.26562500 0.07033110
v 0.03906250 -0.25781250 -0.02347046
v 0.03906250 -0.25781250 0.07033050
v 0.03906250 -0.25000000 -0.02346724
v 0.03906250 -0.25000000 0.07033098
v 0.03906250 -0.24218750 -0.02346253
v 0.03906250 -0.24218750 0.06325507
v 0.03906250 -0.24924493 0.07031250
v 0.03906250 -0.23437500 -0.02345979
v 0.03906250 -0.23437500 0.06256211
v 0.03906250 -0.22656250 -0.02345836
v 0.03906250 -0.22656250 0.06256473
v 0.03906250 -0.22586221 -0.02343750
v 0.03195024 -0.21875000 -0.02343750
v 0.03906250 -0.21875000 -0.01632529
v 0.03353858 -0.21875000 0.06250000
v 0.03906250 -0.21875000 0.05697608
v 0.03906250 -0.22427398 0.06250000
v 0.03154600 -0.21093750 -0.02343750
v 0.03906250 -0.21093750 -0.01592094
v 0.03906250 -0.21093750 0.05484116
v 0.03153074 -0.20312500 -0.02343750
v 0.03906250 -0.20312500 -0.01590568
v 0.03206909 -0.20312500 0.05468750
v 0.03906250 -0.20312500 0.04769409
v 0.03906250 -0.21011835 0.05468750
v 0.03145456 -0.19531250 -0.02343750
v 0.03906250 -0.19531250 -0.01582956
v 0.03128242 -0.19531250 0.05468750
v 0.03906250 -0.19531250 0.04690742
v 0.03132021 -0.18750000 -0.02343750
v 0.03906250 -0.18750000 -0.01569515
v 0.03133512 -0.18750000 0.04687500
v 0.03906250 -0.18750000 0.03914762
v 0.03906250 -0.19522738 0.04687500
v 0.03131080 -0.17968750 -0.02343750
v 0.03906250 -0.17968750 -0.01568580
v 0.03143978 -0.17968750 0.03125000
v 0.03906250 -0.17968750 0.02362728
v 0.03906250 -0.18731022 0.03125000
v 0.03906250 -0.18746287 0.03906250
v 0.03128707 -0.17968750 0.03906250
v 0.03130734 -0.17187500 -0.02343750
v 0.03906250 -0.17187500 -0.01568234
v 0.03193545 -0.17187500 -0.00781250
v 0.03906250 -0.17187500 -0.01493955
v 0.03906250 -0.17900205 -0.00781250
v 0.03906250 -0.17948461 0.00000000
v 0.03145289 -0.17187500 0.00000000
v 0.03906250 -0.17957944 0.00781250
v 0.03135800 -0.17187500 0.00781250
v 0.03906250 -0.17961293 0.01562500
v 0.03132451 -0.17187500 0.01562500
v 0.03906250 -0.17964190 0.02343750
v 0.03129566 -0.17187500 0.02343750
v 0.03906250 -0.17147768 -0.01562500
v 0.03164732 -0.16406250 -0.01562500
v 0.03133726 -0.16406250 -0.00781250
v 0.03130007 -0.16406250 0.00000000
v 0.03129089 -0.16406250 0.00781250
v 0.03128183 -0.16406250 0.01562500
v 0.03141308 -0.15625000 -0.01562500
v 0.03131843 -0.15625000 -0.00781250
v 0.03129625 -0.15625000 0.00000000
v 0.03128767 -0.15625000 0.00781250
v 0.03133035 -0.14843750 -0.01562500
v 0.03130293 -0.14843750 -0.00781250
v 0.03129089 -0.14843750 0.00000000
v 0.03128171 -0.14843750 0.00781250
v 0.03131223 -0.14062500 -0.01562500
v 0.03129482 -0.14062500 -0.00781250
v 0.03128493 -0.14062500 0.00000000
v 0.03129852 -0.13281250 -0.01562500
v 0.03128695 -0.13281250 -0.00781250
v 0.03128064 -0.13281250 0.00000000
v 0.03129458 -0.12500000 -0.01562500
v 0.03128493 -0.12500000 -0.00781250
v 0.03127944 -0.12500000 0.00000000
v 0.03128934 -0.11718750 -0.01562500
v 0.03128183 -0.11718750 -0.00781250
v 0.03127801 -0.11718750 0.00000000
v 0.03128397 -0.10937500 -0.01562500
v 0.03127873 -0.10937500 -0.00781250
v 0.03127575 -0.10937500 0.00000000
v 0.03127933 -0.10156250 -0.01562500
v 0.03127551 -0.10156250 -0.00781250
v 0.03127325 -0.10156250 0.00000000
v 0.03127527 -0.09375000 -0.01562500
v 0.03127301 -0.09375000 -0.00781250
v 0.03127360 -0.08593750 -0.01562500
v 0.03127527 0.14843750 -0.01562500
v 0.03127503 0.14843750 -0.00781250
v 0.03127480 0.14843750 0.00000000
v 0.03128779 0.15625000 -0.01562500
v 0.03129137 0.15625000 -0.00781250
v 0.03129220 0.15625000 0.00000000
v 0.03127980 0.15625000 0.00781250
v 0.03131390 0.16406250 -0.01562500
v 0.03906250 0.16406250 -0.00787640
v 0.03906250 0.16402113 -0.00781250
v 0.03906250 0.16402030 0.00000000
v 0.03145707 0.16406250 0.00781250
v 0.03906250 0.16406250 0.00020707
v 0.03181970 0.17187500 -0.01562500
v 0.03906250 0.17187500 -0.00838214
v 0.03906250 0.17166793 0.00781250
v 0.03906250 0.17184627 0.01562500
v 0.03906250 0.17187500 0.01565683
v 0.03906250 0.17949104 -0.01562500
v 0.03906250 0.17968750 -0.01563215
v 0.03906250 0.17968750 0.01678252
v 0.03906250 0.17979228 -0.01562500
v 0.03906250 0.18750000 -0.00812358
v 0.03906250 0.18634248 0.02343750
v 0.03906250 0.18750000 0.02376318
v 0.03906250 0.19531250 -0.00786769
v 0.03906250 0.19531250 0.02703273
v 0.03906250 0.20312500 -0.00785571
v 0.03906250 0.19952977 0.03125000
v 0.03906250 0.20312500 0.03134727
v 0.03906250 0.20618558 -0.00781250
v 0.03906250 0.21093750 -0.00306058
v 0.03906250 0.21093750 0.03154325
v 0.03906250 0.21875000 -0.00048357
v 0.03906250 0.21875000 0.03315496
v 0.03906250 0.22656250 -0.00021321
v 0.03906250 0.22465754 0.03906250
v 0.03906250 0.22656250 0.03912222
v 0.03906250 0.23437500 -0.00013733
v 0.03906250 0.23437500 0.03915262
v 0.03906250 0.24218750 -0.00005352
v 0.03906250 0.24218750 0.03919363
v 0.03906250 0.25000000 -0.00003469
v 0.03906250 0.25000000 0.03927076
v 0.03906250 0.25063229 0.00000000
v 0.03906250 0.25781250 0.00718021
v 0.03906250 0.25781250 0.03994381
v 0.03906250 0.26562500 0.00772214
v 0.03906250 0.26475918 0.04687500
v 0.03418469 0.26562500 0.04687500
v 0.03906250 0.26562500 0.04691243
v 0.03906250 0.27343750 0.00778186
v 0.03906250 0.27343750 0.04692388
v 0.03906250 0.27352762 0.00781250
v 0.03906250 0.28125000 0.01553488
v 0.03906250 0.28125000 0.04694259
v 0.03906250 0.28906250 0.01559722
v 0.03906250 0.28906250 0.04694426
v 0.03906250 0.28912020 0.01562500
v 0.03906250 0.29687500 0.02337980
v 0.03906250 0.29687500 0.04694235
v 0.03906250 0.29733193 0.02343750
v 0.03906250 0.30468750 0.03079307
v 0.03906250 0.30468750 0.04692996
v 0.03906250 0.31250000 0.03120339
v 0.03906250 0.31250000 0.04692280
v 0.03906250 0.32031250 0.03122365
v 0.03906250 0.32031250 0.04691553
v 0.03906250 0.32042503 0.03125000
v 0.03906250 0.32812500 0.03894997
v 0.03836370 0.32812500 0.04687500
v 0.03906250 0.32812500 0.04691029
v 0.03906250 0.33593750 0.03901243
v 0.03832650 0.33593750 0.04687500
v 0.03906250 0.33593750 0.04690790
v 0.03906250 0.34375000 0.03903115
v 0.03906250 0.34375000 0.03962266
v 0.03906250 0.33649766 0.04687500
v 0.03906250 0.34393942 0.03906250
v 0.04684854 -0.54687500 0.05468750
v 0.04687500 -0.54690656 0.05468750
v 0.04687500 -0.54687500 0.05457795
v 0.04687500 -0.54687500 0.05471289
v 0.04684401 -0.53906250 0.00000000
v 0.04687500 -0.53909737 0.00000000
v 0.04687500 -0.53906250 -0.00003499
v 0.04687500 -0.53906250 0.00087512
v 0.04684973 -0.53906250 0.02343750
v 0.04687500 -0.53909883 0.02343750
v 0.04687500 -0.53906250 0.01641273
v 0.04684818 -0.53906250 0.03125000
v 0.04687500 -0.53910145 0.03125000
v 0.04683948 -0.53906250 0.03906250
v 0.04687500 -0.53910950 0.03906250
v 0.04681015 -0.53906250 0.04687500
v 0.04687500 -0.53917211 0.04687500
v 0.04652905 -0.53906250 0.05468750
v 0.04687500 -0.53906250 0.05474377
v 0.04687500 -0.53125000 -0.00035423
v 0.04662716 -0.53125000 0.00781250
v 0.04687500 -0.53212509 0.00781250
v 0.04677129 -0.53125000 0.01562500
v 0.04687500 -0.53827474 0.01562500
v 0.04675174 -0.53125000 0.02343750
v 0.04666293 -0.53125000 0.03125000
v 0.04680836 -0.53125000 0.06250000
v 0.04687500 -0.53130630 0.06250000
v 0.04687500 -0.53125000 0.06251562
v 0.04666913 -0.52343750 -0.00781250
v 0.04687500 -0.52379176 -0.00781250
v 0.04687500 -0.52343750 -0.00785732
v 0.04687500 -0.52343750 0.06252718
v 0.04687500 -0.51562500 -0.00786543
v 0.04687500 -0.51562500 0.06259835
v 0.04687500 -0.50781250 -0.00788230
v 0.04687500 -0.50791085 0.07031250
v 0.04687500 -0.50781250 0.07041717
v 0.04687500 -0.50000000 -0.00793362
v 0.04687500 -0.50010473 0.07812500
v 0.04687500 -0.50000000 0.07818258
v 0.04687500 -0.49218750 -0.01337028
v 0.04687500 -0.49218750 0.07931459
v 0.04687500 -0.48993278 -0.01562500
v 0.04687500 -0.48437500 -0.01565391
v 0.04687500 -0.48556459 0.08593750
v 0.04687500 -0.48437500 0.08598113
v 0.04687500 -0.47656250 -0.01566708
v 0.04687500 -0.47656250 0.08599591
v 0.04687500 -0.46875000 -0.01569438
v 0.04687500 -0.46875000 0.08600867
v 0.04687500 -0.46093750 -0.01573211
v 0.04687500 -0.46093750 0.08602929
v 0.03928900 -0.45312500 -0.02343750
v 0.04687500 -0.45312500 -0.01585150
v 0.04687500 -0.45312500 0.08610356
v 0.04028940 -0.44531250 -0.02343750
v 0.04687500 -0.44531250 -0.01685190
v 0.04687500 -0.44531250 0.08617306
v 0.04687500 -0.43872690 -0.02343750
v 0.04687500 -0.43750000 -0.02345729
v 0.04687500 -0.43750000 0.08619881
v 0.04687500 -0.42968750 -0.02345806
v 0.04687500 -0.42968750 0.08630550
v 0.04687500 -0.42187500 -0.02345955
v 0.04687500 -0.42187500 0.08638477
v 0.04687500 -0.41406250 -0.02346122
v 0.03925097 -0.41406250 0.09375000
v 0.04687500 -0.41406250 0.08644664
v 0.04687500 -0.40625000 -0.02346343
v 0.04687500 -0.40625000 0.08647716
v 0.04687500 -0.39843750 -0.02346593
v 0.04687500 -0.39843750 0.08615053
v 0.04687500 -0.39062500 -0.02346718
v 0.04687500 -0.39062500 0.08603692
v 0.04687500 -0.38281250 -0.02346975
v 0.04687500 -0.38281250 0.08598828
v 0.04687500 -0.37500000 -0.02347314
v 0.04687500 -0.37500000 0.07920980
v 0.04687500 -0.38172764 0.08593750
v 0.04687500 -0.36718750 -0.02347517
v 0.04687500 -0.36718750 0.07830060
v 0.04687500 -0.35937500 -0.02347243
v 0.04687500 -0.35937500 0.07818115
v 0.04687500 -0.35156250 -0.02346969
v 0.04687500 -0.35156250 0.07815933
v 0.04687500 -0.34375000 -0.02346748
v 0.04230297 -0.34375000 0.07812500
v 0.04687500 -0.34375000 0.07355297
v 0.04687500 -0.34832209 0.07812500
v 0.04687500 -0.33593750 -0.02346593
v 0.04687500 -0.33593750 0.07175195
v 0.04687500 -0.32812500 -0.02346474
v 0.04687500 -0.32812500 0.07052791
v 0.04687500 -0.32031250 -0.02346402
v 0.04687500 -0.32031250 0.07043493
v 0.04687500 -0.31250000 -0.02346331
v 0.04687500 -0.31250000 0.07039392
v 0.04687500 -0.30468750 -0.02346283
v 0.04687500 -0.30468750 0.07037508
v 0.04687500 -0.29687500 -0.02346230
v 0.04687500 -0.29687500 0.07035291
v 0.04687500 -0.28906250 -0.02346164
v 0.04687500 -0.28906250 0.07034206
v 0.04687500 -0.28125000 -0.02346110
v 0.04687500 -0.28125000 0.07033646
v 0.04687500 -0.27343750 -0.02346075
v 0.04687500 -0.27343750 0.07032955
v 0.04687500 -0.26562500 -0.02346009
v 0.04687500 -0.26562500 0.07032502
v 0.04687500 -0.25781250 -0.02345937
v 0.03997767 -0.25781250 0.07031250
v 0.04687500 -0.25781250 0.06341517
v 0.04687500 -0.26470989 0.07031250
v 0.04687500 -0.25604266 -0.02343750
v 0.04083228 -0.25000000 -0.02343750
v 0.04687500 -0.25000000 -0.01739484
v 0.03919244 -0.25000000 0.07031250
v 0.04687500 -0.25000000 0.06262994
v 0.03931308 -0.24218750 -0.02343750
v 0.04687500 -0.24218750 -0.01587558
v 0.04687500 -0.24218750 0.06253481
v 0.03917968 -0.23437500 -0.02343750
v 0.04687500 -0.23437500 -0.01574218
v 0.03930080 -0.23437500 0.06250000
v 0.04687500 -0.23437500 0.05492580
v 0.04687500 -0.24194920 0.06250000
v 0.03915548 -0.22656250 -0.02343750
v 0.04687500 -0.22656250 -0.01571804
v 0.03912091 -0.22656250 0.06250000
v 0.04687500 -0.22656250 0.05474591
v 0.04687500 -0.21875000 -0.01570648
v 0.04687500 -0.21875000 0.05473900
v 0.04687500 -0.21093750 -0.01572061
v 0.03921783 -0.21093750 0.05468750
v 0.04687500 -0.21093750 0.04703033
v 0.04687500 -0.21859461 0.05468750
v 0.04687500 -0.20312500 -0.01567549
v 0.04687500 -0.20312500 0.04689729
v 0.04687500 -0.19531250 -0.01565671
v 0.03910863 -0.19531250 0.04687500
v 0.04687500 -0.19531250 0.03910863
v 0.04687500 -0.20307887 0.04687500
v 0.04687500 -0.19498503 -0.01562500
v 0.03938997 -0.18750000 -0.01562500
v 0.04687500 -0.18750000 -0.00813997
v 0.04172039 -0.18750000 0.03125000
v 0.04687500 -0.18750000 0.02609539
v 0.04687500 -0.19265455 0.03125000
v 0.04687500 -0.19525260 0.03906250
v 0.03912246 -0.18750000 0.03906250
v 0.03911281 -0.17968750 -0.01562500
v 0.04687500 -0.18746269 -0.00781250
v 0.03909981 -0.17968750 -0.00781250
v 0.04687500 -0.18746763 0.00000000
v 0.03909492 -0.17968750 0.00000000
v 0.04687500 -0.18746924 0.00781250
v 0.03909326 -0.17968750 0.00781250
v 0.04687500 -0.18746907 0.01562500
v 0.03909349 -0.17968750 0.01562500
v 0.04687500 -0.18747193 0.02343750
v 0.03909051 -0.17968750 0.02343750
v 0.03909254 -0.17187500 -0.01562500
v 0.03909051 0.16406250 -0.00781250
v 0.03909123 0.16406250 0.00000000
v 0.04687500 0.17184699 -0.00781250
v 0.04687500 0.17187500 -0.00783849
v 0.04687500 0.17184627 0.00000000
v 0.04687500 0.17185056 0.00781250
v 0.03911018 0.17187500 0.01562500
v 0.04687500 0.17187500 0.00786018
v 0.03908181 0.17968750 -0.01562500
v 0.04687500 0.17968750 -0.00787115
v 0.04687500 0.17963982 0.01562500
v 0.04687500 0.17968750 0.01600587
v 0.04687500 0.18750000 -0.00786084
v 0.04687500 0.18711913 0.02343750
v 0.04687500 0.18750000 0.02387893
v 0.04687500 0.19531250 -0.00783771
v 0.04687500 0.19518089 0.03125000
v 0.04534292 0.19531250 0.03125000
v 0.04687500 0.19531250 0.03126168
v 0.04687500 0.19744539 -0.00781250
v 0.04178834 0.20312500 -0.00781250
v 0.04687500 0.20312500 -0.00272584
v 0.04687500 0.20312500 0.03140557
v 0.04687500 0.21093750 -0.00111967
v 0.04687500 0.21093750 0.03203118
v 0.04687500 0.21875000 -0.00041395
v 0.04687500 0.21875000 0.03375924
v 0.04687500 0.22656250 -0.00022030
v 0.04687500 0.22405326 0.03906250
v 0.04687500 0.22656250 0.03913271
v 0.04687500 0.23437500 -0.00011605
v 0.04687500 0.23437500 0.03917527
v 0.04687500 0.24218750 -0.00004202
v 0.04687500 0.24218750 0.03920686
v 0.04687500 0.24504018 0.00000000
v 0.04191518 0.25000000 0.00000000
v 0.04687500 0.25000000 0.00495982
v 0.04687500 0.25000000 0.03934038
v 0.04687500 0.25781250 0.00736570
v 0.04687500 0.25781250 0.04072738
v 0.04687500 0.26562500 0.00772774
v 0.04687500 0.26396012 0.04687500
v 0.04687500 0.26562500 0.04691660
v 0.04687500 0.27343750 0.00778031
v 0.04687500 0.27343750 0.04693270
v 0.04687500 0.27354097 0.00781250
v 0.04687500 0.28125000 0.01552153
v 0.04687500 0.28125000 0.04695642
v 0.04687500 0.28906250 0.01559591
v 0.04687500 0.28906250 0.04695773
v 0.04687500 0.28912330 0.01562500
v 0.04687500 0.29687500 0.02337670
v 0.04687500 0.29687500 0.04696012
v 0.04687500 0.29745579 0.02343750
v 0.04687500 0.30468750 0.03066921
v 0.04687500 0.30468750 0.04693973
v 0.04687500 0.31250000 0.03120410
v 0.04687500 0.31250000 0.04692912
v 0.04687500 0.32031250 0.03122354
v 0.04687500 0.32031250 0.04692018
v 0.04687500 0.32043099 0.03125000
v 0.04687500 0.32812500 0.03894401
v 0.04687500 0.32812500 0.04691386
v 0.04687500 0.33593750 0.03901064
v 0.04687500 0.33593750 0.04691231
v 0.04687500 0.34375000 0.03903162
v 0.04631484 0.34375000 0.04687500
v 0.04687500 0.34375000 0.04690814
v 0.04687500 0.34390259 0.03906250
v 0.04687500 0.34388483 0.04687500
v 0.05465591 -0.55468750 0.05468750
v 0.05468750 -0.55471769 0.05468750
v 0.05468750 -0.55468750 0.05406201
v 0.05468750 -0.55468750 0.05471098
v 0.05465269 -0.54687500 0.00000000
v 0.05468750 -0.54692480 0.00000000
v 0.05468750 -0.54687500 -0.00004184
v 0.05465388 -0.54687500 0.00781250
v 0.05468750 -0.54692692 0.00781250
v 0.05465245 -0.54687500 0.01562500
v 0.05468750 -0.54692900 0.01562500
v 0.05465114 -0.54687500 0.02343750
v 0.05468750 -0.54692355 0.02343750
v 0.05464852 -0.54687500 0.03125000
v 0.05468750 -0.54692486 0.03125000
v 0.05464053 -0.54687500 0.03906250
v 0.05468750 -0.54694381 0.03906250
v 0.05457795 -0.54687500 0.04687500
v 0.05468750 -0.54750049 0.04687500
v 0.05468750 -0.54687500 0.05472994
v 0.05468750 -0.53906250 -0.00207055
v 0.05381238 -0.53906250 0.00781250
v 0.04766273 -0.53906250 0.01562500
v 0.05468750 -0.53906250 0.05481339
v 0.05433321 -0.53125000 -0.00781250
v 0.05468750 -0.53332055 -0.00781250
v 0.05468750 -0.53125000 -0.00785846
v 0.05468750 -0.53137591 0.06250000
v 0.05468750 -0.53125000 0.06251550
v 0.05468750 -0.52343750 -0.00786406
v 0.05468750 -0.52343750 0.06252635
v 0.05468750 -0.51562500 -0.00787163
v 0.05468750 -0.51564899 0.07031250
v 0.05459797 -0.51562500 0.07031250
v 0.05468750 -0.51562500 0.07034218
v 0.05468750 -0.50781250 -0.00789309
v 0.05468750 -0.50781250 0.07334924
v 0.05468750 -0.50000000 -0.00797033
v 0.05468750 -0.50303674 0.07812500
v 0.05468750 -0.50000000 0.07832778
v 0.05468750 -0.49218750 -0.00984216
v 0.05468750 -0.49218750 0.07909763
v 0.05468750 -0.48640466 -0.01562500
v 0.05468750 -0.48437500 -0.01565194
v 0.05468750 -0.48534757 0.08593750
v 0.05468750 -0.48437500 0.08598828
v 0.05468750 -0.47656250 -0.01565844
v 0.05468750 -0.47656250 0.08600307
v 0.05468750 -0.46875000 -0.01566684
v 0.05468750 -0.46875000 0.08602488
v 0.05468750 -0.46093750 -0.01567817
v 0.05468750 -0.46093750 0.08605921
v 0.05468750 -0.45312500 -0.01569659
v 0.05468750 -0.45312500 0.08608603
v 0.05468750 -0.44531250 -0.01572984
v 0.05468750 -0.44531250 0.08611381
v 0.04705858 -0.43750000 -0.02343750
v 0.05468750 -0.43750000 -0.01580858
v 0.05468750 -0.43750000 0.08611619
v 0.04719019 -0.42968750 -0.02343750
v 0.05468750 -0.42968750 -0.01594013
v 0.05468750 -0.42968750 0.08610284
v 0.04753625 -0.42187500 -0.02343750
v 0.05468750 -0.42187500 -0.01628625
v 0.05468750 -0.42187500 0.08611405
v 0.05468750 -0.41472375 -0.02343750
v 0.05468750 -0.41406250 -0.02345878
v 0.05468750 -0.41406250 0.08611250
v 0.05468750 -0.40625000 -0.02345902
v 0.05468750 -0.40625000 0.08610189
v 0.05468750 -0.39843750 -0.02345908
v 0.05468750 -0.39843750 0.08606505
v 0.05468750 -0.39062500 -0.02345884
v 0.05468750 -0.39062500 0.08599675
v 0.05468750 -0.38281250 -0.02345860
v 0.04868805 -0.38281250 0.08593750
v 0.05468750 -0.38281250 0.07993805
v 0.05468750 -0.38881195 0.08593750
v 0.05468750 -0.37500000 -0.02345872
v 0.05468750 -0.37500000 0.07852340
v 0.05468750 -0.36718750 -0.02345932
v 0.05468750 -0.36718750 0.07823932
v 0.05468750 -0.35937500 -0.02345848
v 0.05468750 -0.35937500 0.07817233
v 0.05468750 -0.35156250 -0.02345788
v 0.05468750 -0.35156250 0.07815480
v 0.05468750 -0.34375000 -0.02345753
v 0.05468750 -0.34375000 0.07212055
v 0.05468750 -0.34984636 0.07812500
v 0.05468750 -0.33593750 -0.02345723
v 0.05468750 -0.33593750 0.07052171
v 0.05468750 -0.32812500 -0.02345711
v 0.05468750 -0.32812500 0.07040906
v 0.05468750 -0.32444954 -0.02343750
v 0.05055046 -0.32031250 -0.02343750
v 0.05468750 -0.32031250 -0.01930046
v 0.05468750 -0.32031250 0.07037556
v 0.04754460 -0.31250000 -0.02343750
v 0.05468750 -0.31250000 -0.01629460
v 0.05468750 -0.31250000 0.07036197
v 0.04724813 -0.30468750 -0.02343750
v 0.05468750 -0.30468750 -0.01599813
v 0.05468750 -0.30468750 0.07035553
v 0.04712880 -0.29687500 -0.02343750
v 0.05468750 -0.29687500 -0.01587886
v 0.05468750 -0.29687500 0.07034504
v 0.04706347 -0.28906250 -0.02343750
v 0.05468750 -0.28906250 -0.01581347
v 0.05468750 -0.28906250 0.07033670
v 0.04702294 -0.28125000 -0.02343750
v 0.05468750 -0.28125000 -0.01577294
v 0.04726839 -0.28125000 0.07031250
v 0.05468750 -0.28125000 0.06289339
v 0.05468750 -0.28866911 0.07031250
v 0.04699600 -0.27343750 -0.02343750
v 0.05468750 -0.27343750 -0.01574600
v 0.04699957 -0.27343750 0.07031250
v 0.05468750 -0.27343750 0.06262457
v 0.04698086 -0.26562500 -0.02343750
v 0.05468750 -0.26562500 -0.01573092
v 0.04692042 -0.26562500 0.07031250
v 0.05468750 -0.26562500 0.06254542
v 0.04696596 -0.25781250 -0.02343750
v 0.05468750 -0.25781250 -0.01571596
v 0.05468750 -0.25781250 0.06252921
v 0.05468750 -0.25000000 -0.01569670
v 0.05468750 -0.25000000 0.06252396
v 0.05468750 -0.24218750 -0.01568127
v 0.04692781 -0.24218750 0.06250000
v 0.05468750 -0.24218750 0.05474031
v 0.05468750 -0.24994725 0.06250000
v 0.05468750 -0.23437500 -0.01567483
v 0.04869223 -0.23437500 0.05468750
v 0.05468750 -0.23437500 0.04869223
v 0.05468750 -0.24037027 0.05468750
v 0.05468750 -0.22656250 -0.01566941
v 0.04704416 -0.22656250 0.05468750
v 0.05468750 -0.22656250 0.04704416
v 0.05468750 -0.21875000 -0.01567066
v 0.04696274 -0.21875000 0.05468750
v 0.05468750 -0.21875000 0.04696274
v 0.05468750 -0.21093750 -0.01565260
v 0.05468750 -0.21093750 0.04690063
v 0.05468750 -0.21077508 -0.01562500
v 0.04703736 -0.20312500 -0.01562500
v 0.05468750 -0.20312500 -0.00797492
v 0.04691184 -0.20312500 0.04687500
v 0.05468750 -0.20312500 0.03909934
v 0.05468750 -0.21090066 0.04687500
v 0.04693508 -0.19531250 -0.01562500
v 0.05468750 -0.19531250 -0.00787252
v 0.04693341 -0.19531250 0.03906250
v 0.05468750 -0.19531250 0.03130841
v 0.05468750 -0.20306665 0.03906250
v 0.05468750 -0.19528693 -0.00781250
v 0.04690063 -0.18750000 -0.00781250
v 0.05468750 -0.19528991 0.00000000
v 0.04689753 -0.18750000 0.00000000
v 0.05468750 -0.19528955 0.00781250
v 0.04689801 -0.18750000 0.00781250
v 0.05468750 -0.19528753 0.01562500
v 0.04690003 -0.18750000 0.01562500
v 0.05468750 -0.19528568 0.02343750
v 0.04690182 -0.18750000 0.02343750
v 0.05468750 -0.19529188 0.03125000
v 0.04689932 0.17187500 -0.00781250
v 0.04690552 0.17187500 0.00000000
v 0.04690528 0.17187500 0.00781250
v 0.04695094 0.17968750 -0.00781250
v 0.05468750 0.17968750 -0.00007594
v 0.05468750 0.17965698 0.00000000
v 0.05468750 0.17965722 0.00781250
v 0.04760849 0.17968750 0.01562500
v 0.05468750 0.17968750 0.00854599
v 0.04716134 0.18750000 -0.00781250
v 0.05468750 0.18750000 -0.00028634
v 0.05468750 0.18676651 0.01562500
v 0.05468750 0.18746758 0.02343750
v 0.05468750 0.18750000 0.02358305
v 0.04715145 0.19531250 -0.00781250
v 0.05468750 0.19531250 -0.00038868
v 0.04718220 0.19531250 0.03125000
v 0.05468750 0.19531250 0.02441525
v 0.05468750 0.20312500 -0.00018597
v 0.05468750 0.20214725 0.03125000
v 0.05468750 0.20312500 0.03130651
v 0.05468750 0.21093750 -0.00011212
v 0.05468750 0.21093750 0.03141797
v 0.05468750 0.21875000 -0.00007641
v 0.05468750 0.21875000 0.03162050
v 0.05468750 0.22656250 -0.00005478
v 0.04780877 0.22656250 0.03906250
v 0.05468750 0.22656250 0.03218377
v 0.05468750 0.22948873 0.00000000
v 0.04980123 0.23437500 0.00000000
v 0.05468750 0.23437500 0.00488627
v 0.04930258 0.23437500 0.03906250
v 0.05468750 0.23437500 0.03367758
v 0.04739749 0.24218750 0.00000000
v 0.05468750 0.24218750 0.00729001
v 0.05468750 0.23975992 0.03906250
v 0.05468750 0.24218750 0.03912187
v 0.05468750 0.25000000 0.00773132
v 0.05468750 0.25000000 0.03914940
v 0.05468750 0.25781250 0.00776815
v 0.05468750 0.25781250 0.03938746
v 0.05468750 0.26562500 0.00778282
v 0.04843187 0.26562500 0.04687500
v 0.05468750 0.26562500 0.04061937
v 0.05468750 0.26582897 0.00781250
v 0.04708242 0.27343750 0.00781250
v 0.05468750 0.27343750 0.01541758
v 0.05468750 0.27188063 0.04687500
v 0.05468750 0.27343750 0.04691958
v 0.05468750 0.28125000 0.01557636
v 0.05468750 0.28125000 0.04694629
v 0.05468750 0.28906250 0.01559937
v 0.05468750 0.28906250 0.04698312
v 0.05468750 0.28912795 0.01562500
v 0.05468750 0.29687500 0.02337205
v 0.05468750 0.29687500 0.04699218
v 0.05468750 0.29797268 0.02343750
v 0.05468750 0.30468750 0.03015232
v 0.05468750 0.30468750 0.04695189
v 0.05468750 0.31250000 0.03120315
v 0.05468750 0.31250000 0.04693806
v 0.05468750 0.32031250 0.03122306
v 0.05468750 0.32031250 0.04692614
v 0.05468750 0.32043397 0.03125000
v 0.05468750 0.32812500 0.03894103
v 0.05468750 0.32812500 0.04691827
v 0.05468750 0.33593750 0.03900898
v 0.05468750 0.33593750 0.04691827
v 0.05468750 0.34375000 0.03903377
v 0.05468750 0.34375000 0.04691195
v 0.05468750 0.34385836 0.03906250
v 0.05468750 0.34385538 0.04687500
v 0.06247067 -0.56250000 0.04687500
v 0.06250000 -0.56254357 0.04687500
v 0.06250000 -0.56250000 0.04662740
v 0.06250000 -0.56250000 0.04736257
v 0.06245017 -0.55468750 0.00000000
v 0.06250000 -0.55482170 0.00000000
v 0.06250000 -0.55468750 -0.00004041
v 0.06244802 -0.55468750 0.00781250
v 0.06250000 -0.55482668 0.00781250
v 0.06244600 -0.55468750 0.01562500
v 0.06250000 -0.55481210 0.01562500
v 0.06245148 -0.55468750 0.02343750
v 0.06250000 -0.55476373 0.02343750
v 0.06245017 -0.55468750 0.03125000
v 0.06250000 -0.55476129 0.03125000
v 0.06243122 -0.55468750 0.03906250
v 0.06250000 -0.55493507 0.03906250
v 0.06187451 -0.55468750 0.04687500
v 0.06250000 -0.55517510 0.05468750
v 0.06250000 -0.55468750 0.05472791
v 0.06245816 -0.54687500 -0.00781250
v 0.06250000 -0.54691538 -0.00781250
v 0.06250000 -0.54687500 -0.00783932
v 0.06250000 -0.54687500 0.05474162
v 0.06042945 -0.53906250 -0.00781250
v 0.06250000 -0.53906250 -0.00786400
v 0.06250000 -0.53906250 0.05475736
v 0.06250000 -0.53125000 -0.00786972
v 0.06250000 -0.53131989 0.06250000
v 0.06250000 -0.53125000 0.06251550
v 0.06250000 -0.52343750 -0.00787836
v 0.06250000 -0.52343750 0.06259561
v 0.06250000 -0.51562500 -0.00788873
v 0.06250000 -0.51572067 0.07031250
v 0.06250000 -0.51562500 0.07040477
v 0.06250000 -0.50781250 -0.00790417
v 0.06250000 -0.50790480 0.07812500
v 0.05946326 -0.50781250 0.07812500
v 0.06250000 -0.50781250 0.07817769
v 0.06250000 -0.50000000 -0.00794935
v 0.06250000 -0.50000000 0.07835770
v 0.06250000 -0.49218750 -0.00810891
v 0.06250000 -0.49218750 0.08167326
v 0.06250000 -0.48467141 -0.01562500
v 0.06250000 -0.48437500 -0.01565099
v 0.06250000 -0.48792326 0.08593750
v 0.06250000 -0.48437500 0.08598244
v 0.06250000 -0.47656250 -0.01565427
v 0.06250000 -0.47656250 0.08599615
v 0.06250000 -0.46875000 -0.01566017
v 0.06250000 -0.46875000 0.08601213
v 0.06250000 -0.46093750 -0.01566857
v 0.06250000 -0.46093750 0.08602345
v 0.06250000 -0.45312500 -0.01567972
v 0.06250000 -0.45312500 0.08602118
v 0.06250000 -0.44531250 -0.01569313
v 0.06250000 -0.44531250 0.08602726
v 0.06250000 -0.43750000 -0.01571476
v 0.06250000 -0.43750000 0.08603251
v 0.06250000 -0.42968750 -0.01574975
v 0.06250000 -0.42968750 0.08602440
v 0.06250000 -0.42187500 -0.01580936
v 0.06250000 -0.42187500 0.08601296
v 0.05489266 -0.41406250 -0.02343750
v 0.06250000 -0.41406250 -0.01583016
v 0.06250000 -0.41406250 0.08599985
v 0.05489266 -0.40625000 -0.02343750
v 0.06250000 -0.40625000 -0.01583016
v 0.05666506 -0.40625000 0.08593750
v 0.06250000 -0.40625000 0.08010256
v 0.06250000 -0.41208500 0.08593750
v 0.05485570 -0.39843750 -0.02343750
v 0.06250000 -0.39843750 -0.01579314
v 0.05525959 -0.39843750 0.08593750
v 0.06250000 -0.39843750 0.07869709
v 0.05482066 -0.39062500 -0.02343750
v 0.06250000 -0.39062500 -0.01575816
v 0.05508292 -0.39062500 0.08593750
v 0.06250000 -0.39062500 0.07852042
v 0.05479491 -0.38281250 -0.02343750
v 0.06250000 -0.38281250 -0.01573241
v 0.06250000 -0.38281250 0.07842660
v 0.05478835 -0.37500000 -0.02343750
v 0.06250000 -0.37500000 -0.01572585
v 0.06250000 -0.37500000 0.07832348
v 0.05478430 -0.36718750 -0.02343750
v 0.06250000 -0.36718750 -0.01572174
v 0.06250000 -0.36718750 0.07818890
v 0.05478084 -0.35937500 -0.02343750
v 0.06250000 -0.35937500 -0.01571834
v 0.06250000 -0.35937500 0.07815862
v 0.05477500 -0.35156250 -0.02343750
v 0.06250000 -0.35156250 -0.01571256
v 0.06170642 -0.35156250 0.07812500
v 0.06250000 -0.35156250 0.07737827
v 0.06250000 -0.35230929 0.07812500
v 0.05476654 -0.34375000 -0.02343750
v 0.06250000 -0.34375000 -0.01570404
v 0.06250000 -0.34375000 0.07187545
v 0.05476832 -0.33593750 -0.02343750
v 0.06250000 -0.33593750 -0.01570582
v 0.06250000 -0.33593750 0.07049072
v 0.05476475 -0.32812500 -0.02343750
v 0.06250000 -0.32812500 -0.01570231
v 0.06250000 -0.32812500 0.07038641
v 0.06250000 -0.32031250 -0.01569986
v 0.06250000 -0.32031250 0.07036030
v 0.06250000 -0.31250000 -0.01569295
v 0.06250000 -0.31250000 0.07034707
v 0.06250000 -0.30468750 -0.01568544
v 0.06250000 -0.30468750 0.07033920
v 0.06250000 -0.29687500 -0.01567942
v 0.05496073 -0.29687500 0.07031250
v 0.06250000 -0.29687500 0.06277323
v 0.06250000 -0.30442023 0.07031250
v 0.06250000 -0.28906250 -0.01567483
v 0.05476665 -0.28906250 0.07031250
v 0.06250000 -0.28906250 0.06257915
v 0.06250000 -0.28125000 -0.01567054
v 0.06250000 -0.28125000 0.06254733
v 0.06250000 -0.27343750 -0.01566774
v 0.06250000 -0.27343750 0.06253159
v 0.06250000 -0.26562500 -0.01566577
v 0.05522227 -0.26562500 0.06250000
v 0.06250000 -0.26562500 0.05522227
v 0.06250000 -0.27290267 0.06250000
v 0.06250000 -0.25781250 -0.01566356
v 0.05474281 -0.25781250 0.06250000
v 0.06250000 -0.25781250 0.05474281
v 0.06250000 -0.25000000 -0.01565868
v 0.05471778 -0.25000000 0.06250000
v 0.06250000 -0.25000000 0.05471778
v 0.06250000 -0.24218750 -0.01565534
v 0.05477762 -0.24218750 0.05468750
v 0.06250000 -0.24218750 0.04696512
v 0.06250000 -0.24990982 0.05468750
v 0.06250000 -0.23437500 -0.01565546
v 0.06250000 -0.23437500 0.04690480
v 0.06250000 -0.22656250 -0.01565343
v 0.06250000 -0.22656250 0.04689550
v 0.06250000 -0.22635210 -0.01562500
v 0.05489790 -0.21875000 -0.01562500
v 0.06250000 -0.21875000 -0.00802290
v 0.05487907 -0.21875000 0.04687500
v 0.06250000 -0.21875000 0.03925407
v 0.06250000 -0.22637093 0.04687500
v 0.05474424 -0.21093750 -0.01562500
v 0.06250000 -0.21093750 -0.00786924
v 0.05473793 -0.21093750 0.04687500
v 0.06250000 -0.21093750 0.03911293
v 0.06250000 -0.20312500 -0.00784314
v 0.05478919 -0.20312500 0.03906250
v 0.06250000 -0.20312500 0.03135169
v 0.06250000 -0.21083581 0.03906250
v 0.06250000 -0.20309246 -0.00781250
v 0.05472004 -0.19531250 -0.00781250
v 0.06250000 -0.20309693 0.00000000
v 0.05471551 -0.19531250 0.00000000
v 0.06250000 -0.20309937 0.00781250
v 0.05471313 -0.19531250 0.00781250
v 0.06250000 -0.20309860 0.01562500
v 0.05471396 -0.19531250 0.01562500
v 0.06250000 -0.20309556 0.02343750
v 0.05471694 -0.19531250 0.02343750
v 0.06250000 -0.20309830 0.03125000
v 0.05471420 -0.19531250 0.03125000
v 0.05472863 0.17968750 0.00000000
v 0.05472887 0.17968750 0.00781250
v 0.05477762 0.18750000 0.00000000
v 0.06250000 0.18750000 0.00772238
v 0.06250000 0.18745863 0.00781250
v 0.06250000 0.18746841 0.01562500
v 0.05500889 0.18750000 0.02343750
v 0.06250000 0.18750000 0.01594639
v 0.05492985 0.19531250 0.00000000
v 0.06250000 0.19531250 0.00757015
v 0.06250000 0.19499111 0.02343750
v 0.06250000 0.19531250 0.02348614
v 0.05493259 0.20312500 0.00000000
v 0.06250000 0.20312500 0.00756741
v 0.05481744 0.20312500 0.03125000
v 0.06250000 0.20312500 0.02356744
v 0.05494046 0.21093750 0.00000000
v 0.06250000 0.21093750 0.00755954
v 0.06250000 0.21080756 0.03125000
v 0.06250000 0.21093750 0.03128028
v 0.05489683 0.21875000 0.00000000
v 0.06250000 0.21875000 0.00760317
v 0.06250000 0.21875000 0.03129196
v 0.05486774 0.22656250 0.00000000
v 0.06250000 0.22656250 0.00763226
v 0.06250000 0.22656250 0.03132486
v 0.06250000 0.23437500 0.00773740
v 0.06250000 0.23437500 0.03144991
v 0.06250000 0.24218750 0.00777745
v 0.05522072 0.24218750 0.03906250
v 0.06250000 0.24218750 0.03178322
v 0.06250000 0.24252367 0.00781250
v 0.05502367 0.25000000 0.00781250
v 0.06250000 0.25000000 0.01528883
v 0.05708635 0.25000000 0.03906250
v 0.06250000 0.25000000 0.03364885
v 0.05478513 0.25781250 0.00781250
v 0.06250000 0.25781250 0.01552737
v 0.06250000 0.25541365 0.03906250
v 0.06250000 0.25781250 0.03910434
v 0.05475020 0.26562500 0.00781250
v 0.06250000 0.26562500 0.01556122
v 0.06250000 0.26562500 0.03916395
v 0.06250000 0.27343750 0.01558697
v 0.05580068 0.27343750 0.04687500
v 0.06250000 0.27343750 0.04017568
v 0.06250000 0.27374887 0.01562500
v 0.05499887 0.28125000 0.01562500
v 0.06250000 0.28125000 0.02312613
v 0.06250000 0.28013682 0.04687500
v 0.06250000 0.28125000 0.04690611
v 0.05474150 0.28906250 0.01562500
v 0.06250000 0.28906250 0.02338350
v 0.06250000 0.28906250 0.04691184
v 0.06250000 0.29687500 0.02340817
v 0.06250000 0.29687500 0.04691982
v 0.06250000 0.29696453 0.02343750
v 0.06250000 0.30468750 0.03116047
v 0.06250000 0.30468750 0.04691982
v 0.06250000 0.31250000 0.03121400
v 0.06250000 0.31250000 0.04691601
v 0.06250000 0.31304240 0.03125000
v 0.05522990 0.32031250 0.03125000
v 0.06250000 0.32031250 0.03852010
v 0.06250000 0.32031250 0.04691052
v 0.06250000 0.32812500 0.03897357
v 0.06250000 0.32812500 0.04690659
v 0.06250000 0.33593750 0.03902209
v 0.06250000 0.33593750 0.04690707
v 0.06250000 0.33620512 0.03906250
v 0.05495512 0.34375000 0.03906250
v 0.06250000 0.33603799 0.04687500
v 0.05478799 0.34375000 0.04687500
v 0.07028759 -0.57031250 0.00781250
v 0.07031250 -0.57033905 0.00781250
v 0.07031250 -0.57031250 0.00710464
v 0.07031250 -0.57031250 0.00820506
v 0.07028663 -0.57031250 0.03906250
v 0.07031250 -0.57034439 0.03906250
v 0.07031250 -0.57031250 0.03893352
v 0.07026887 -0.57031250 0.04687500
v 0.07031250 -0.57037255 0.04687500
v 0.07031250 -0.57031250 0.04698241
v 0.07017827 -0.56250000 0.00000000
v 0.07031250 -0.56320786 0.00000000
v 0.07031250 -0.56250000 -0.00003988
v 0.07017338 -0.56250000 0.00781250
v 0.07031250 -0.56289253 0.01562500
v 0.07018793 -0.56250000 0.01562500
v 0.07023633 -0.56250000 0.02343750
v 0.07031250 -0.56267518 0.02343750
v 0.07023871 -0.56250000 0.03125000
v 0.07031250 -0.56262904 0.03125000
v 0.07006490 -0.56250000 0.03906250
v 0.06982493 -0.56250000 0.05468750
v 0.07031250 -0.56260744 0.05468750
v 0.07031250 -0.56250000 0.05471933
v 0.07031250 -0.55468750 -0.00118601
v 0.07031250 -0.55468750 0.05471945
v 0.07031250 -0.54806104 -0.00781250
v 0.07031250 -0.54687500 -0.00785726
v 0.07031250 -0.54687500 0.05472076
v 0.07031250 -0.53906250 -0.00786227
v 0.07031250 -0.53906250 0.05473042
v 0.07031250 -0.53125000 -0.00787276
v 0.07031250 -0.53129295 0.06250000
v 0.07031250 -0.53125000 0.06252897
v 0.07031250 -0.52343750 -0.00788403
v 0.07031250 -0.52346647 0.07031250
v 0.07021689 -0.52343750 0.07031250
v 0.07031250 -0.52343750 0.07035363
v 0.07031250 -0.51562500 -0.00789177
v 0.07022023 -0.51562500 0.07812500
v 0.07031250 -0.51566610 0.07812500
v 0.07031250 -0.51562500 0.07815540
v 0.07031250 -0.50781250 -0.00790679
v 0.07031250 -0.50781250 0.07821167
v 0.07031250 -0.50000000 -0.00794435
v 0.07031250 -0.50000000 0.07843769
v 0.07031250 -0.49218750 -0.00826401
v 0.07031250 -0.49218750 0.08285761
v 0.07031250 -0.48482651 -0.01562500
v 0.07031250 -0.48437500 -0.01565140
v 0.07031250 -0.48910761 0.08593750
v 0.07031250 -0.48437500 0.08597898
v 0.07031250 -0.47656250 -0.01565248
v 0.07031250 -0.47656250 0.08599484
v 0.07031250 -0.46875000 -0.01565498
v 0.07031250 -0.46875000 0.08600128
v 0.07031250 -0.46093750 -0.01565856
v 0.07031250 -0.46093750 0.08599412
v 0.07031250 -0.45312500 -0.01566237
v 0.07031250 -0.45312500 0.08598781
v 0.07031250 -0.44531250 -0.01566774
v 0.07031250 -0.44531250 0.08598220
v 0.07031250 -0.43750000 -0.01567364
v 0.07031250 -0.43750000 0.08593833
v 0.07031250 -0.42968750 -0.01568335
v 0.06340003 -0.42968750 0.08593750
v 0.07031250 -0.42968750 0.07902503
v 0.07031250 -0.43747932 0.08593750
v 0.07031250 -0.42187500 -0.01569313
v 0.06301057 -0.42187500 0.08593750
v 0.07031250 -0.42187500 0.07863557
v 0.07031250 -0.41406250 -0.01569605
v 0.06285238 -0.41406250 0.08593750
v 0.07031250 -0.41406250 0.07847738
v 0.07031250 -0.40625000 -0.01569402
v 0.07031250 -0.40625000 0.07830954
v 0.07031250 -0.39843750 -0.01568675
v 0.07031250 -0.39843750 0.07822275
v 0.07031250 -0.39062500 -0.01568097
v 0.07031250 -0.39062500 0.07818747
v 0.07031250 -0.38281250 -0.01567477
v 0.07031250 -0.38281250 0.07817268
v 0.07031250 -0.37500000 -0.01567239
v 0.07031250 -0.37500000 0.07816231
v 0.07031250 -0.36718750 -0.01567143
v 0.07031250 -0.36718750 0.07815194
v 0.07031250 -0.35937500 -0.01567048
v 0.06282222 -0.35937500 0.07812500
v 0.07031250 -0.35937500 0.07063472
v 0.07031250 -0.36686528 0.07812500
v 0.07031250 -0.35156250 -0.01566952
v 0.07031250 -0.35156250 0.07040524
v 0.07031250 -0.34375000 -0.01566732
v 0.07031250 -0.34375000 0.07036901
v 0.07031250 -0.33593750 -0.01566529
v 0.07031250 -0.33593750 0.07035279
v 0.07031250 -0.32812500 -0.01566315
v 0.07031250 -0.32812500 0.07031798
v 0.07031250 -0.32031250 -0.01566076
v 0.06261122 -0.32031250 0.07031250
v 0.07031250 -0.32031250 0.06261122
v 0.07031250 -0.32810426 0.07031250
v 0.07031250 -0.31250000 -0.01565874
v 0.06255591 -0.31250000 0.07031250
v 0.07031250 -0.31250000 0.06255591
v 0.07031250 -0.30468750 -0.01565754
v 0.06253946 -0.30468750 0.07031250
v 0.07031250 -0.30468750 0.06254041
v 0.07031250 -0.29687500 -0.01565611
v 0.07031250 -0.29687500 0.06253231
v 0.07031250 -0.28906250 -0.01565439
v 0.06291115 -0.28906250 0.06250000
v 0.07031250 -0.28906250 0.05509865
v 0.07031250 -0.29646379 0.06250000
v 0.07031250 -0.28125000 -0.01565278
v 0.06260109 -0.28125000 0.06250000
v 0.07031250 -0.28125000 0.05478859
v 0.07031250 -0.27343750 -0.01565158
v 0.06255233 -0.27343750 0.06250000
v 0.07031250 -0.27343750 0.05473983
v 0.07031250 -0.26562500 -0.01565069
v 0.07031250 -0.26562500 0.05471969
v 0.07031250 -0.25781250 -0.01564980
v 0.06293988 -0.25781250 0.05468750
v 0.07031250 -0.25781250 0.04731488
v 0.07031250 -0.26518518 0.05468750
v 0.07031250 -0.25543857 -0.01562500
v 0.06487393 -0.25000000 -0.01562500
v 0.07031250 -0.25000000 -0.01018643
v 0.06255448 -0.25000000 0.05468750
v 0.07031250 -0.25000000 0.04692948
v 0.07031250 -0.24446505 -0.01562500
v 0.07031250 -0.24218750 -0.01564837
v 0.07031250 -0.24218750 0.04690099
v 0.07031250 -0.24201846 -0.01562500
v 0.06267905 -0.23437500 -0.01562500
v 0.07031250 -0.23437500 -0.00799155
v 0.06289244 -0.23437500 0.04687500
v 0.07031250 -0.23437500 0.03945494
v 0.07031250 -0.24179506 0.04687500
v 0.06257486 -0.22656250 -0.01562500
v 0.07031250 -0.22656250 -0.00788742
v 0.06254935 -0.22656250 0.04687500
v 0.07031250 -0.22656250 0.03911185
v 0.07031250 -0.21875000 -0.00785166
v 0.07031250 -0.21875000 0.03909636
v 0.07031250 -0.21093750 -0.00783867
v 0.07031250 -0.21093750 0.03908753
v 0.07031250 -0.21090198 -0.00781250
v 0.06253552 -0.20312500 -0.00781250
v 0.07031250 -0.21089303 0.00000000
v 0.06254447 -0.20312500 0.00000000
v 0.07031250 -0.21087682 0.00781250
v 0.06256068 -0.20312500 0.00781250
v 0.07031250 -0.21084821 0.01562500
v 0.06258929 -0.20312500 0.01562500
v 0.07031250 -0.21086824 0.02343750
v 0.06256926 -0.20312500 0.02343750
v 0.07031250 -0.21088815 0.03125000
v 0.06254935 -0.20312500 0.03125000
v 0.07031250 -0.21091151 0.03906250
v 0.06252921 0.18750000 0.00781250
v 0.06253421 0.18750000 0.01562500
v 0.06253970 0.19531250 0.00781250
v 0.06254053 0.19531250 0.01562500
v 0.06253338 0.19531250 0.02343750
v 0.06254756 0.20312500 0.00781250
v 0.06254888 0.20312500 0.01562500
v 0.06254315 0.20312500 0.02343750
v 0.06254828 0.21093750 0.00781250
v 0.06256306 0.21093750 0.01562500
v 0.06256044 0.21093750 0.02343750
v 0.06252325 0.21093750 0.03125000
v 0.06254816 0.21875000 0.00781250
v 0.06259084 0.21875000 0.01562500
v 0.06259120 0.21875000 0.02343750
v 0.06252730 0.21875000 0.03125000
v 0.06254828 0.22656250 0.00781250
v 0.06263757 0.22656250 0.01562500
v 0.06264782 0.22656250 0.02343750
v 0.06253839 0.22656250 0.03125000
v 0.06253660 0.23437500 0.00781250
v 0.06261122 0.23437500 0.01562500
v 0.06262863 0.23437500 0.02343750
v 0.06255245 0.23437500 0.03125000
v 0.06252396 0.24218750 0.00781250
v 0.06255460 0.24218750 0.01562500
v 0.06256199 0.24218750 0.02343750
v 0.06255746 0.24218750 0.03125000
v 0.06254196 0.25000000 0.01562500
v 0.06254435 0.25000000 0.02343750
v 0.06254971 0.25000000 0.03125000
v 0.06253815 0.25781250 0.01562500
v 0.06254363 0.25781250 0.02343750
v 0.06255257 0.25781250 0.03125000
v 0.06252980 0.25781250 0.03906250
v 0.06253421 0.26562500 0.01562500
v 0.06256354 0.26562500 0.02343750
v 0.06259072 0.26562500 0.03125000
v 0.06255901 0.26562500 0.03906250
v 0.06253266 0.27343750 0.01562500
v 0.06264472 0.27343750 0.02343750
v 0.06289828 0.27343750 0.03125000
v 0.06275487 0.27343750 0.03906250
v 0.06284285 0.28125000 0.02343750
v 0.07031250 0.28125000 0.03090715
v 0.07031250 0.28085172 0.03125000
v 0.07031250 0.28099513 0.03906250
v 0.06255364 0.28125000 0.04687500
v 0.07031250 0.28125000 0.03911614
v 0.06261694 0.28906250 0.02343750
v 0.07031250 0.28906250 0.03113306
v 0.06261277 0.28906250 0.04687500
v 0.07031250 0.28906250 0.03917527
v 0.06256664 0.29687500 0.02343750
v 0.07031250 0.29687500 0.03118336
v 0.06281936 0.29687500 0.04687500
v 0.07031250 0.29687500 0.03938186
v 0.07031250 0.30468750 0.03121698
v 0.06271040 0.30468750 0.04687500
v 0.07031250 0.30468750 0.03927290
v 0.07031250 0.30480814 0.03125000
v 0.06262064 0.31250000 0.03125000
v 0.07031250 0.31250000 0.03894186
v 0.06262898 0.31250000 0.04687500
v 0.07031250 0.31250000 0.03919148
v 0.07031250 0.32031250 0.03901100
v 0.06258452 0.32031250 0.04687500
v 0.07031250 0.32031250 0.03914702
v 0.07031250 0.32812500 0.03903174
v 0.06256866 0.32812500 0.04687500
v 0.07031250 0.32812500 0.03913116
v 0.07031250 0.32821774 0.03906250
v 0.06259274 0.33593750 0.03906250
v 0.06255162 0.33593750 0.04687500
v 0.07809305 -0.57812500 0.03906250
v 0.07812500 -0.57815763 0.03906250
v 0.07812500 -0.57812500 0.03885007
v 0.07806492 -0.57812500 0.04687500
v 0.07812500 -0.57820255 0.04687500
v 0.07812500 -0.57812500 0.04772329
v 0.07741714 -0.57031250 0.00000000
v 0.07812500 -0.57060543 0.00000000
v 0.07812500 -0.57031250 -0.00004458
v 0.07812500 -0.57058412 0.00781250
v 0.07773244 -0.57031250 0.01562500
v 0.07812500 -0.57046440 0.01562500
v 0.07794976 -0.57031250 0.02343750
v 0.07812500 -0.57046223 0.02343750
v 0.07799602 -0.57031250 0.03125000
v 0.07812500 -0.57052490 0.03125000
v 0.07801759 -0.57031250 0.05468750
v 0.07812500 -0.57116079 0.05468750
v 0.07812500 -0.57031250 0.05471241
v 0.07812500 -0.56250000 -0.00047338
v 0.07812500 -0.56250000 0.05470932
v 0.07693899 -0.55468750 -0.00781250
v 0.07812500 -0.55516088 -0.00781250
v 0.07812500 -0.55468750 -0.00785351
v 0.07812500 -0.55468750 0.05470991
v 0.07812500 -0.54687500 -0.00785834
v 0.07812500 -0.54687500 0.05471003
v 0.07812500 -0.53906250 -0.00786221
v 0.07812500 -0.53906250 0.05472505
v 0.07812500 -0.53125000 -0.00787234
v 0.07812500 -0.53128761 0.06250000
v 0.07812500 -0.53125000 0.06266630
v 0.07812500 -0.52343750 -0.00787866
v 0.07812500 -0.52360383 0.07031250
v 0.07812500 -0.52343750 0.07060194
v 0.07812500 -0.51562500 -0.00788593
v 0.07812500 -0.51591441 0.07812500
v 0.07812500 -0.51562500 0.07816851
v 0.07812500 -0.50781250 -0.00791103
v 0.07812500 -0.50781250 0.07823706
v 0.07812500 -0.50000000 -0.00807387
v 0.07812500 -0.50000000 0.07876503
v 0.07812500 -0.49218750 -0.00986594
v 0.07812500 -0.49282748 0.08593750
v 0.07339239 -0.49218750 0.08593750
v 0.07812500 -0.49218750 0.08596921
v 0.07812500 -0.48642844 -0.01562500
v 0.07812500 -0.48437500 -0.01564926
v 0.07812500 -0.48437500 0.08597767
v 0.07812500 -0.47656250 -0.01564968
v 0.07812500 -0.47656250 0.08598590
v 0.07812500 -0.46875000 -0.01564986
v 0.07812500 -0.46875000 0.08598566
v 0.07812500 -0.46093750 -0.01565087
v 0.07743967 -0.46093750 0.08593750
v 0.07812500 -0.46093750 0.08525217
v 0.07812500 -0.46162289 0.08593750
v 0.07812500 -0.45312500 -0.01565331
v 0.07107866 -0.45312500 0.08593750
v 0.07812500 -0.45312500 0.07889116
v 0.07812500 -0.44531250 -0.01565546
v 0.07077956 -0.44531250 0.08593750
v 0.07812500 -0.44531250 0.07859206
v 0.07812500 -0.43750000 -0.01565862
v 0.07032001 -0.43750000 0.08593750
v 0.07812500 -0.43750000 0.07847595
v 0.07812500 -0.42968750 -0.01566160
v 0.07812500 -0.42968750 0.07826722
v 0.07812500 -0.42187500 -0.01566392
v 0.07812500 -0.42187500 0.07821119
v 0.07812500 -0.41406250 -0.01566619
v 0.07812500 -0.41406250 0.07818305
v 0.07812500 -0.40625000 -0.01566416
v 0.07812500 -0.40625000 0.07816625
v 0.07812500 -0.39843750 -0.01566195
v 0.07490408 -0.39843750 0.07812500
v 0.07812500 -0.39843750 0.07490408
v 0.07812500 -0.40165842 0.07812500
v 0.07812500 -0.39062500 -0.01565951
v 0.07108200 -0.39062500 0.07812500
v 0.07812500 -0.39062500 0.07108200
v 0.07812500 -0.38281250 -0.01565731
v 0.07049358 -0.38281250 0.07812500
v 0.07812500 -0.38281250 0.07049358
v 0.07812500 -0.37500000 -0.01565647
v 0.07040811 -0.37500000 0.07812500
v 0.07812500 -0.37500000 0.07040811
v 0.07812500 -0.36718750 -0.01565564
v 0.07037735 -0.36718750 0.07812500
v 0.07812500 -0.36718750 0.07037735
v 0.07812500 -0.35937500 -0.01565516
v 0.07812500 -0.35937500 0.07035601
v 0.07812500 -0.35156250 -0.01565456
v 0.07812500 -0.35156250 0.07034302
v 0.07812500 -0.34375000 -0.01565409
v 0.07049179 -0.34375000 0.07031250
v 0.07812500 -0.34375000 0.06267929
v 0.07812500 -0.35138321 0.07031250
v 0.07812500 -0.33593750 -0.01565313
v 0.07038713 -0.33593750 0.07031250
v 0.07812500 -0.33593750 0.06257463
v 0.07812500 -0.32812500 -0.01565212
v 0.07032037 -0.32812500 0.07031250
v 0.07812500 -0.32812500 0.06254268
v 0.07812500 -0.32031250 -0.01565093
v 0.07812500 -0.32031250 0.06253016
v 0.07812500 -0.31250000 -0.01564956
v 0.07049370 -0.31250000 0.06250000
v 0.07812500 -0.31250000 0.05486870
v 0.07812500 -0.32013136 0.06250000
v 0.07812500 -0.30468750 -0.01564866
v 0.07037449 -0.30468750 0.06250000
v 0.07812500 -0.30468750 0.05474949
v 0.07812500 -0.30341995 -0.01562500
v 0.07158005 -0.29687500 -0.01562500
v 0.07812500 -0.29687500 -0.00908005
v 0.07036555 -0.29687500 0.06250000
v 0.07812500 -0.29687500 0.05474055
v 0.07076895 -0.28906250 -0.01562500
v 0.07812500 -0.28906250 -0.00826895
v 0.07812500 -0.28906250 0.05473602
v 0.07063401 -0.28125000 -0.01562500
v 0.07812500 -0.28125000 -0.00813395
v 0.07812500 -0.28125000 0.05472553
v 0.07059658 -0.27343750 -0.01562500
v 0.07812500 -0.27343750 -0.00809652
v 0.07812500 -0.27343750 0.05471575
v 0.07046258 -0.26562500 -0.01562500
v 0.07812500 -0.26562500 -0.00796258
v 0.07056260 -0.26562500 0.05468750
v 0.07812500 -0.26562500 0.04712510
v 0.07812500 -0.27318740 0.05468750
v 0.07041788 -0.25781250 -0.01562500
v 0.07812500 -0.25781250 -0.00791794
v 0.07812500 -0.25781250 0.04691815
v 0.07812500 -0.25000000 -0.00790220
v 0.07812500 -0.25000000 0.04689920
v 0.07036412 -0.24218750 -0.01562500
v 0.07812500 -0.24218750 -0.00786722
v 0.07051373 -0.24218750 0.04687500
v 0.07812500 -0.24218750 0.03926373
v 0.07812500 -0.24979877 0.04687500
v 0.07812500 -0.23437500 -0.00785005
v 0.07812500 -0.23437500 0.03910208
v 0.07812500 -0.22656250 -0.00784248
v 0.07495189 -0.22656250 0.03125000
v 0.07812500 -0.22656250 0.02807689
v 0.07812500 -0.22973561 0.03125000
v 0.07812500 -0.23421794 0.03906250
v 0.07046950 -0.22656250 0.03906250
v 0.07812500 -0.22650629 -0.00781250
v 0.07036877 -0.21875000 -0.00781250
v 0.07812500 -0.22648704 0.00000000
v 0.07038796 -0.21875000 0.00000000
v 0.07812500 -0.22649419 0.00781250
v 0.07038081 -0.21875000 0.00781250
v 0.07812500 -0.22649938 0.01562500
v 0.07037568 -0.21875000 0.01562500
v 0.07812500 -0.22650790 0.02343750
v 0.07036710 -0.21875000 0.02343750
v 0.07036233 -0.21875000 0.03125000
v 0.07035100 -0.21875000 0.03906250
v 0.07033622 -0.21093750 -0.00781250
v 0.07033885 -0.21093750 0.00000000
v 0.07033944 -0.21093750 0.00781250
v 0.07034039 -0.21093750 0.01562500
v 0.07033944 -0.21093750 0.02343750
v 0.07033670 -0.21093750 0.03125000
v 0.07033408 -0.21093750 0.03906250
v 0.07033372 0.28125000 0.03125000
v 0.07033539 0.28125000 0.03906250
v 0.07033789 0.28906250 0.03125000
v 0.07034063 0.28906250 0.03906250
v 0.07034385 0.29687500 0.03125000
v 0.07034695 0.29687500 0.03906250
v 0.07034361 0.30468750 0.03125000
v 0.07035089 0.30468750 0.03906250
v 0.07035065 0.31250000 0.03906250
v 0.07034218 0.32031250 0.03906250
v 0.07033610 0.32812500 0.03906250
v 0.08590484 -0.58593750 0.03906250
v 0.08593750 -0.58596405 0.03906250
v 0.08593750 -0.58593750 0.03897321
v 0.08586001 -0.58593750 0.04687500
v 0.08593750 -0.58599064 0.04687500
v 0.08593750 -0.58593750 0.04734492
v 0.08564460 -0.57812500 0.00000000
v 0.08593750 -0.57822067 0.00000000
v 0.08593750 -0.57812500 -0.00004548
v 0.08566594 -0.57812500 0.00781250
v 0.08593750 -0.57821301 0.00781250
v 0.08578563 -0.57812500 0.01562500
v 0.08593750 -0.57819957 0.01562500
v 0.08578777 -0.57812500 0.02343750
v 0.08593750 -0.57820070 0.02343750
v 0.08572507 -0.57812500 0.03125000
v 0.08593750 -0.57821432 0.03125000
v 0.08508921 -0.57812500 0.05468750
v 0.08593750 -0.57859495 0.05468750
v 0.08593750 -0.57812500 0.05471182
v 0.08593750 -0.57031250 -0.00081784
v 0.08593750 -0.57031250 0.05470860
v 0.08546412 -0.56250000 -0.00781250
v 0.08593750 -0.56331781 -0.00781250
v 0.08593750 -0.56250000 -0.00785047
v 0.08593750 -0.56250000 0.05470622
v 0.08593750 -0.55468750 -0.00785422
v 0.08593750 -0.55468750 0.05470538
v 0.08593750 -0.54687500 -0.00785524
v 0.08593750 -0.54687500 0.05470550
v 0.08593750 -0.53906250 -0.00786364
v 0.08593750 -0.53906250 0.05478907
v 0.08593750 -0.53125000 -0.00787127
v 0.08593750 -0.53135160 0.06250000
v 0.08577120 -0.53125000 0.07031250
v 0.08593750 -0.53127968 0.07031250
v 0.08593750 -0.53125000 0.07035494
v 0.08593750 -0.52343750 -0.00787085
v 0.08588874 -0.52343750 0.07812500
v 0.08593750 -0.52344447 0.07812500
v 0.08593750 -0.52343750 0.07812953
v 0.08593750 -0.51562500 -0.00789148
v 0.08593750 -0.51562500 0.07819152
v 0.08593750 -0.50781250 -0.00793749
v 0.08593750 -0.50781250 0.07850170
v 0.08593750 -0.50000000 -0.00817734
v 0.08593750 -0.50033417 0.08593750
v 0.08536744 -0.50000000 0.08593750
v 0.08593750 -0.50000000 0.08596325
v 0.08593750 -0.49218750 -0.00856447
v 0.08593750 -0.49218750 0.08597314
v 0.07895994 -0.48437500 -0.01562500
v 0.08593750 -0.48437500 -0.00864738
v 0.08593750 -0.48437500 0.08597791
v 0.07931209 -0.47656250 -0.01562500
v 0.08593750 -0.47656250 -0.00899965
v 0.08593750 -0.47656250 0.08597410
v 0.08085263 -0.46875000 -0.01562500
v 0.08593750 -0.46875000 -0.01054013
v 0.08593750 -0.46875000 0.08596897
v 0.08593750 -0.46366513 -0.01562500
v 0.08593750 -0.46093750 -0.01564765
v 0.08593750 -0.46093750 0.07971096
v 0.08593750 -0.46716404 0.08593750
v 0.08593750 -0.45312500 -0.01564890
v 0.08593750 -0.45312500 0.07835710
v 0.08593750 -0.44531250 -0.01565015
v 0.08593750 -0.44531250 0.07821453
v 0.08593750 -0.43750000 -0.01565200
v 0.08593750 -0.43750000 0.07818675
v 0.08593750 -0.42968750 -0.01565284
v 0.08593750 -0.42968750 0.07816839
v 0.08593750 -0.42187500 -0.01565361
v 0.08593750 -0.42187500 0.07815731
v 0.08593750 -0.41406250 -0.01565415
v 0.07898712 -0.41406250 0.07812500
v 0.08593750 -0.41406250 0.07117462
v 0.08593750 -0.42101288 0.07812500
v 0.08593750 -0.40625000 -0.01565289
v 0.07827234 -0.40625000 0.07812500
v 0.08593750 -0.40625000 0.07045984
v 0.08593750 -0.39843750 -0.01565146
v 0.08593750 -0.39843750 0.07038331
v 0.08593750 -0.39062500 -0.01564997
v 0.08593750 -0.39062500 0.07035351
v 0.08593750 -0.38281250 -0.01564974
v 0.08593750 -0.38281250 0.07034194
v 0.08593750 -0.37500000 -0.01564956
v 0.07831013 -0.37500000 0.07031250
v 0.08593750 -0.37500000 0.06268513
v 0.08593750 -0.38262737 0.07031250
v 0.08593750 -0.36718750 -0.01564920
v 0.07819664 -0.36718750 0.07031250
v 0.08593750 -0.36718750 0.06257164
v 0.08593750 -0.35937500 -0.01564872
v 0.07816994 -0.35937500 0.07031250
v 0.08593750 -0.35937500 0.06254494
v 0.08593750 -0.35156250 -0.01564884
v 0.07815957 -0.35156250 0.07031250
v 0.08593750 -0.35156250 0.06253457
v 0.08593750 -0.34375000 -0.01564860
v 0.07841098 -0.34375000 0.06250000
v 0.08593750 -0.34375000 0.05497348
v 0.08593750 -0.35127658 0.06250000
v 0.08593750 -0.34221011 -0.01562500
v 0.07966483 -0.33593750 -0.01562500
v 0.08593750 -0.33593750 -0.00935239
v 0.07822442 -0.33593750 0.06250000
v 0.08593750 -0.33593750 0.05478692
v 0.07848573 -0.32812500 -0.01562500
v 0.08593750 -0.32812500 -0.00817329
v 0.07818687 -0.32812500 0.06250000
v 0.08593750 -0.32812500 0.05474937
v 0.07832038 -0.32031250 -0.01562500
v 0.08593750 -0.32031250 -0.00800782
v 0.07840908 -0.32031250 0.05468750
v 0.08593750 -0.32031250 0.04715908
v 0.08593750 -0.32784092 0.05468750
v 0.07816792 -0.32031250 0.06250000
v 0.07825279 -0.31250000 -0.01562500
v 0.08593750 -0.31250000 -0.00794029
v 0.07820654 -0.31250000 0.05468750
v 0.08593750 -0.31250000 0.04695654
v 0.07821441 -0.30468750 -0.01562500
v 0.08593750 -0.30468750 -0.00790191
v 0.07817531 -0.30468750 0.05468750
v 0.08593750 -0.30468750 0.04692531
v 0.08593750 -0.29687500 -0.00788093
v 0.07816732 -0.29687500 0.05468750
v 0.08593750 -0.29687500 0.04691732
v 0.08593750 -0.28906250 -0.00786734
v 0.07816160 -0.28906250 0.05468750
v 0.08593750 -0.28906250 0.04691160
v 0.08593750 -0.28125000 -0.00785911
v 0.07915139 -0.28125000 0.04687500
v 0.08593750 -0.28125000 0.04008889
v 0.08593750 -0.28803611 0.04687500
v 0.07815766 -0.28125000 0.05468750
v 0.08593750 -0.27343750 -0.00785184
v 0.07828677 -0.27343750 0.04687500
v 0.08593750 -0.27343750 0.03922427
v 0.07815313 -0.27343750 0.05468750
v 0.08593750 -0.26562500 -0.00784767
v 0.07821357 -0.26562500 0.04687500
v 0.08593750 -0.26562500 0.03915107
v 0.08593750 -0.25781250 -0.00784457
v 0.07818747 -0.25781250 0.04687500
v 0.08593750 -0.25781250 0.03912497
v 0.08593750 -0.25000000 -0.00784236
v 0.07816541 -0.25000000 0.04687500
v 0.08593750 -0.25000000 0.03910291
v 0.08593750 -0.24979293 -0.00781250
v 0.07833207 -0.24218750 -0.00781250
v 0.08593750 -0.24218750 -0.00020707
v 0.07842827 -0.24218750 0.02343750
v 0.08593750 -0.24218750 0.01592827
v 0.08593750 -0.24969679 0.02343750
v 0.08593750 -0.24989456 0.03125000
v 0.07823038 -0.24218750 0.03125000
v 0.08593750 -0.24994463 0.03906250
v 0.07818031 -0.24218750 0.03906250
v 0.07817209 -0.23437500 -0.00781250
v 0.08593750 -0.24209976 0.00000000
v 0.07821274 -0.23437500 0.00000000
v 0.08593750 -0.24212313 0.00781250
v 0.07818937 -0.23437500 0.00781250
v 0.08593750 -0.24213785 0.01562500
v 0.07817459 -0.23437500 0.01562500
v 0.07816589 -0.23437500 0.02343750
v 0.07815838 -0.23437500 0.03125000
v 0.07815170 -0.23437500 0.03906250
v 0.07814932 -0.22656250 -0.00781250
v 0.07815373 -0.22656250 0.00000000
v 0.07815027 -0.22656250 0.00781250
v 0.07814848 -0.22656250 0.01562500
v 0.07814693 -0.22656250 0.02343750
v 0.09369683 -0.59375000 0.04687500
v 0.09375000 -0.59379739 0.04687500
v 0.09375000 -0.59375000 0.04666984
v 0.09375000 -0.59375000 0.04704523
v 0.09365439 -0.58593750 0.00000000
v 0.09375000 -0.58599073 0.00000000
v 0.09375000 -0.58593750 -0.00004190
v 0.09366202 -0.58593750 0.00781250
v 0.09375000 -0.58598885 0.00781250
v 0.09367549 -0.58593750 0.01562500
v 0.09375000 -0.58599183 0.01562500
v 0.09367430 -0.58593750 0.02343750
v 0.09375000 -0.58598766 0.02343750
v 0.09366071 -0.58593750 0.03125000
v 0.09375000 -0.58599219 0.03125000
v 0.09375000 -0.58614266 0.03906250
v 0.09328008 -0.58593750 0.05468750
v 0.09375000 -0.58610776 0.05468750
v 0.09375000 -0.58593750 0.05470860
v 0.09375000 -0.57812500 -0.00183636
v 0.09375000 -0.57812500 0.05470812
v 0.09293222 -0.57031250 -0.00781250
v 0.09375000 -0.57214889 -0.00781250
v 0.09375000 -0.57031250 -0.00784725
v 0.09375000 -0.57031250 0.05470657
v 0.09375000 -0.56250000 -0.00785303
v 0.09375000 -0.56250000 0.05470467
v 0.09375000 -0.55468750 -0.00785202
v 0.08633530 -0.55468750 0.05468750
v 0.09375000 -0.55468750 0.04727280
v 0.09375000 -0.56210423 0.05468750
v 0.09375000 -0.54687500 -0.00785738
v 0.09375000 -0.54727277 0.05468750
v 0.09375000 -0.54687500 0.05471718
v 0.09375000 -0.53906250 -0.00786644
v 0.09375000 -0.53909215 0.06250000
v 0.09364843 -0.53906250 0.06250000
v 0.09375000 -0.53906250 0.06270218
v 0.09375000 -0.53125000 -0.00786400
v 0.09375000 -0.53145215 0.07031250
v 0.09375000 -0.53125000 0.07043600
v 0.09375000 -0.52343750 -0.00787926
v 0.09375000 -0.52356097 0.07812500
v 0.09375000 -0.52343750 0.07815802
v 0.09375000 -0.51562500 -0.00790364
v 0.09375000 -0.51562500 0.07824254
v 0.09375000 -0.50781250 -0.00794244
v 0.09375000 -0.50781250 0.08384025
v 0.09375000 -0.50000000 -0.00800252
v 0.09375000 -0.50571522 0.08593750
v 0.09375000 -0.50000000 0.08596981
v 0.09375000 -0.49218750 -0.00810784
v 0.09375000 -0.49218750 0.08596873
v 0.09375000 -0.48437500 -0.00815028
v 0.09375000 -0.48437500 0.08596539
v 0.09375000 -0.47656250 -0.00818551
v 0.09375000 -0.47656250 0.08596134
v 0.09375000 -0.46875000 -0.00828969
v 0.08745778 -0.46875000 0.08593750
v 0.09375000 -0.46875000 0.07964528
v 0.09375000 -0.47504228 0.08593750
v 0.08667529 -0.46093750 -0.01562500
v 0.09375000 -0.46093750 -0.00855035
v 0.09375000 -0.46093750 0.07825148
v 0.08873153 -0.45312500 -0.01562500
v 0.09375000 -0.45312500 -0.01060647
v 0.09375000 -0.45312500 0.07819211
v 0.08979607 -0.44531250 -0.01562500
v 0.09375000 -0.44531250 -0.01167107
v 0.09375000 -0.44531250 0.07816923
v 0.08710921 -0.43750000 -0.01562500
v 0.09375000 -0.43750000 -0.00898421
v 0.09375000 -0.43750000 0.07815838
v 0.08726561 -0.42968750 -0.01562500
v 0.09375000 -0.42968750 -0.00914067
v 0.08673477 -0.42968750 0.07812500
v 0.09375000 -0.42968750 0.07110977
v 0.09375000 -0.43670279 0.07812500
v 0.08938134 -0.42187500 -0.01562500
v 0.09375000 -0.42187500 -0.01125634
v 0.08606946 -0.42187500 0.07812500
v 0.09375000 -0.42187500 0.07044446
v 0.08841193 -0.41406250 -0.01562500
v 0.09375000 -0.41406250 -0.01028693
v 0.09375000 -0.41406250 0.07035863
v 0.08711874 -0.40625000 -0.01562500
v 0.09375000 -0.40625000 -0.00899374
v 0.08690715 -0.40625000 0.07031250
v 0.09375000 -0.40625000 0.06346965
v 0.09375000 -0.41309285 0.07031250
v 0.08623993 -0.39843750 -0.01562500
v 0.09375000 -0.39843750 -0.00811493
v 0.08602083 -0.39843750 0.07031250
v 0.09375000 -0.39843750 0.06258333
v 0.08609831 -0.39062500 -0.01562500
v 0.09375000 -0.39062500 -0.00797331
v 0.08598328 -0.39062500 0.07031250
v 0.09375000 -0.39062500 0.06254578
v 0.08605146 -0.38281250 -0.01562500
v 0.09375000 -0.38281250 -0.00792646
v 0.08597052 -0.38281250 0.07031250
v 0.09375000 -0.38281250 0.06253302
v 0.08602452 -0.37500000 -0.01562500
v 0.09375000 -0.37500000 -0.00789952
v 0.08604276 -0.37500000 0.06250000
v 0.09375000 -0.37500000 0.05479276
v 0.09375000 -0.38270730 0.06250000
v 0.08600867 -0.36718750 -0.01562500
v 0.09375000 -0.36718750 -0.00788367
v 0.08608055 -0.36718750 0.05468750
v 0.09375000 -0.36718750 0.04701805
v 0.09375000 -0.37485701 0.05468750
v 0.08599102 -0.36718750 0.06250000
v 0.08599889 -0.35937500 -0.01562500
v 0.09375000 -0.35937500 -0.00787389
v 0.08625686 -0.35937500 0.04687500
v 0.09375000 -0.35937500 0.03938186
v 0.09375000 -0.36686814 0.04687500
v 0.08600080 -0.35937500 0.05468750
v 0.08597326 -0.35937500 0.06250000
v 0.08599210 -0.35156250 -0.01562500
v 0.09375000 -0.35156250 -0.00786710
v 0.08603835 -0.35156250 0.04687500
v 0.09375000 -0.35156250 0.03916335
v 0.08598208 -0.35156250 0.05468750
v 0.08596456 -0.35156250 0.06250000
v 0.08598661 -0.34375000 -0.01562500
v 0.09375000 -0.34375000 -0.00786161
v 0.08635020 -0.34375000 0.03906250
v 0.09375000 -0.34375000 0.03166270
v 0.09375000 -0.35114980 0.03906250
v 0.08600128 -0.34375000 0.04687500
v 0.08597279 -0.34375000 0.05468750
v 0.09375000 -0.33593750 -0.00785714
v 0.08606684 -0.33593750 0.03906250
v 0.09375000 -0.33593750 0.03137934
v 0.08598518 -0.33593750 0.04687500
v 0.08596671 -0.33593750 0.05468750
v 0.09375000 -0.32812500 -0.00785357
v 0.08731627 -0.32812500 0.03125000
v 0.09375000 -0.32812500 0.02481627
v 0.09375000 -0.33455873 0.03125000
v 0.08601964 -0.32812500 0.03906250
v 0.08597648 -0.32812500 0.04687500
v 0.08596253 -0.32812500 0.05468750
v 0.09375000 -0.32031250 -0.00784969
v 0.08614874 -0.32031250 0.03125000
v 0.09375000 -0.32031250 0.02364874
v 0.08600187 -0.32031250 0.03906250
v 0.08597064 -0.32031250 0.04687500
v 0.09375000 -0.31250000 -0.00784594
v 0.08606744 -0.31250000 0.03125000
v 0.09375000 -0.31250000 0.02356744
v 0.08598959 -0.31250000 0.03906250
v 0.08596659 -0.31250000 0.04687500
v 0.09375000 -0.30468750 -0.00784278
v 0.08604109 -0.30468750 0.03125000
v 0.09375000 -0.30468750 0.02354109
v 0.08598304 -0.30468750 0.03906250
v 0.08596301 -0.30468750 0.04687500
v 0.09375000 -0.29687500 -0.00783974
v 0.08602226 -0.29687500 0.03125000
v 0.09375000 -0.29687500 0.02352226
v 0.08597875 -0.29687500 0.03906250
v 0.08596146 -0.29687500 0.04687500
v 0.09375000 -0.29626906 -0.00781250
v 0.08654344 -0.28906250 -0.00781250
v 0.09375000 -0.28906250 -0.00060594
v 0.08664811 -0.28906250 0.02343750
v 0.09375000 -0.28906250 0.01633561
v 0.09375000 -0.29616445 0.02343750
v 0.08600712 -0.28906250 0.03125000
v 0.08597565 -0.28906250 0.03906250
v 0.08595991 -0.28906250 0.04687500
v 0.08613908 -0.28125000 -0.00781250
v 0.09375000 -0.28125000 -0.00020152
v 0.08614814 -0.28125000 0.02343750
v 0.09375000 -0.28125000 0.01583564
v 0.08599663 -0.28125000 0.03125000
v 0.08597231 -0.28125000 0.03906250
v 0.08604181 -0.27343750 -0.00781250
v 0.09375000 -0.27343750 -0.00010431
v 0.08626759 -0.27343750 0.01562500
v 0.09375000 -0.27343750 0.00814259
v 0.09375000 -0.28091991 0.01562500
v 0.08602285 -0.27343750 0.02343750
v 0.08598483 -0.27343750 0.03125000
v 0.08596814 -0.27343750 0.03906250
v 0.08599281 -0.26562500 -0.00781250
v 0.09375000 -0.26562500 -0.00005531
v 0.08613122 -0.26562500 0.00781250
v 0.09375000 -0.26562500 0.00019372
v 0.09375000 -0.27324384 0.00781250
v 0.08602512 -0.26562500 0.01562500
v 0.08599174 -0.26562500 0.02343750
v 0.08597553 -0.26562500 0.03125000
v 0.08596635 -0.26562500 0.03906250
v 0.08597708 -0.25781250 -0.00781250
v 0.09375000 -0.26548386 0.00000000
v 0.08607864 -0.25781250 0.00000000
v 0.08602464 -0.25781250 0.00781250
v 0.08599305 -0.25781250 0.01562500
v 0.08597887 -0.25781250 0.02343750
v 0.08596909 -0.25781250 0.03125000
v 0.08596301 -0.25781250 0.03906250
v 0.08596873 -0.25000000 -0.00781250
v 0.08601248 -0.25000000 0.00000000
v 0.08598840 -0.25000000 0.00781250
v 0.08597696 -0.25000000 0.01562500
v 0.08596981 -0.25000000 0.02343750
v 0.08596349 -0.25000000 0.03125000
v 0.08595932 -0.25000000 0.03906250
v 0.08596539 -0.24218750 0.00000000
v 0.08596110 -0.24218750 0.00781250
v 0.08595848 -0.24218750 0.01562500
v 0.10151505 -0.60156250 0.04687500
v 0.10156250 -0.60161078 0.04687500
v 0.10156250 -0.60156250 0.04662752
v 0.10156250 -0.60156250 0.04702723
v 0.10150921 -0.59375000 0.00000000
v 0.10156250 -0.59378892 0.00000000
v 0.10156250 -0.59375000 -0.00003678
v 0.10151112 -0.59375000 0.00781250
v 0.10156250 -0.59378961 0.00781250
v 0.10150814 -0.59375000 0.01562500
v 0.10156250 -0.59379289 0.01562500
v 0.10151231 -0.59375000 0.02343750
v 0.10156250 -0.59379661 0.02343750
v 0.10150778 -0.59375000 0.03125000
v 0.10156250 -0.59381014 0.03125000
v 0.10135734 -0.59375000 0.03906250
v 0.10156250 -0.59399745 0.03906250
v 0.10139227 -0.59375000 0.05468750
v 0.10156250 -0.59390220 0.05468750
v 0.10156250 -0.59375000 0.05470598
v 0.10156250 -0.58593750 -0.00117075
v 0.10156250 -0.58593750 0.05470634
v 0.09972608 -0.57812500 -0.00781250
v 0.10156250 -0.57929575 -0.00781250
v 0.10156250 -0.57812500 -0.00784546
v 0.10156250 -0.57812500 0.05470514
v 0.10156250 -0.57031250 -0.00785315
v 0.10156250 -0.57031250 0.05470181
v 0.10156250 -0.56250000 -0.00785148
v 0.09446585 -0.56250000 0.05468750
v 0.10156250 -0.56250000 0.04759431
v 0.10156250 -0.56968552 0.05468750
v 0.10156250 -0.55468750 -0.00785404
v 0.10116470 -0.55468750 0.05468750
v 0.10156250 -0.55540687 0.05468750
v 0.10156250 -0.55468750 0.05471063
v 0.10156250 -0.54687500 -0.00786090
v 0.10156250 -0.54687500 0.05480254
v 0.10156250 -0.53906250 -0.00786018
v 0.10156250 -0.53917748 0.06250000
v 0.10136032 -0.53906250 0.07031250
v 0.10156250 -0.53912005 0.07031250
v 0.10156250 -0.53906250 0.07036185
v 0.10156250 -0.53125000 -0.00787187
v 0.10156250 -0.53125000 0.07101083
v 0.10156250 -0.52343750 -0.00789040
v 0.10156250 -0.52413577 0.07812500
v 0.10156250 -0.52343750 0.07816780
v 0.10156250 -0.51562500 -0.00790411
v 0.10156250 -0.51562500 0.07853019
v 0.10156250 -0.50781250 -0.00791115
v 0.10156250 -0.50821772 0.08593750
v 0.09584725 -0.50781250 0.08593750
v 0.10156250 -0.50781250 0.08596349
v 0.10156250 -0.50000000 -0.00793368
v 0.10156250 -0.50000000 0.08596373
v 0.10156250 -0.49218750 -0.00797063
v 0.10156250 -0.49218750 0.08596098
v 0.10156250 -0.48437500 -0.00797975
v 0.09872127 -0.48437500 0.08593750
v 0.10156250 -0.48437500 0.08309627
v 0.10156250 -0.48721629 0.08593750
v 0.10156250 -0.47656250 -0.00799733
v 0.09400880 -0.47656250 0.08593750
v 0.10156250 -0.47656250 0.07838380
v 0.10156250 -0.46875000 -0.00806218
v 0.10156250 -0.46875000 0.07821858
v 0.10156250 -0.46093750 -0.00817108
v 0.10156250 -0.46093750 0.07817364
v 0.10156250 -0.45312500 -0.00819087
v 0.10156250 -0.45312500 0.07815766
v 0.10156250 -0.44531250 -0.00802273
v 0.09423292 -0.44531250 0.07812500
v 0.10156250 -0.44531250 0.07079542
v 0.10156250 -0.45264214 0.07812500
v 0.10156250 -0.43750000 -0.00792193
v 0.09385526 -0.43750000 0.07812500
v 0.10156250 -0.43750000 0.07041776
v 0.10156250 -0.42968750 -0.00788349
v 0.10156250 -0.42968750 0.07035434
v 0.10156250 -0.42187500 -0.00786912
v 0.09389663 -0.42187500 0.07031250
v 0.10156250 -0.42187500 0.06264663
v 0.10156250 -0.42954087 0.07031250
v 0.10156250 -0.41406250 -0.00786388
v 0.09379804 -0.41406250 0.07031250
v 0.10156250 -0.41406250 0.06254804
v 0.10156250 -0.40625000 -0.00785935
v 0.09389663 -0.40625000 0.06250000
v 0.10156250 -0.40625000 0.05483413
v 0.10156250 -0.41391593 0.06250000
v 0.10156250 -0.39843750 -0.00785393
v 0.09392786 -0.39843750 0.05468750
v 0.10156250 -0.39843750 0.04705286
v 0.10156250 -0.40607214 0.05468750
v 0.09380150 -0.39843750 0.06250000
v 0.10156250 -0.39062500 -0.00784922
v 0.09398603 -0.39062500 0.04687500
v 0.10156250 -0.39062500 0.03929853
v 0.10156250 -0.39820141 0.04687500
v 0.09381366 -0.39062500 0.05468750
v 0.09378493 -0.39062500 0.06250000
v 0.10156250 -0.38281250 -0.00784582
v 0.09402275 -0.38281250 0.03906250
v 0.10156250 -0.38281250 0.03152275
v 0.10156250 -0.39035219 0.03906250
v 0.09381700 -0.38281250 0.04687500
v 0.09378946 -0.38281250 0.05468750
v 0.09377623 -0.38281250 0.06250000
v 0.10156250 -0.37500000 -0.00784308
v 0.09400332 -0.37500000 0.03125000
v 0.10156250 -0.37500000 0.02369082
v 0.10156250 -0.38255918 0.03125000
v 0.09382200 -0.37500000 0.03906250
v 0.09378994 -0.37500000 0.04687500
v 0.09377801 -0.37500000 0.05468750
v 0.10156250 -0.36718750 -0.00784063
v 0.09426856 -0.36718750 0.02343750
v 0.10156250 -0.36718750 0.01614356
v 0.10156250 -0.37448150 0.02343750
v 0.09381962 -0.36718750 0.03125000
v 0.09379244 -0.36718750 0.03906250
v 0.09377873 -0.36718750 0.04687500
v 0.10156250 -0.35937500 -0.00783896
v 0.09386086 -0.35937500 0.02343750
v 0.10156250 -0.35937500 0.01573586
v 0.09379303 -0.35937500 0.03125000
v 0.09378016 -0.35937500 0.03906250
v 0.10156250 -0.35883850 -0.00781250
v 0.09428644 -0.35156250 -0.00781250
v 0.10156250 -0.35156250 -0.00053650
v 0.09443724 -0.35156250 0.01562500
v 0.10156250 -0.35156250 0.00849974
v 0.10156250 -0.35868770 0.01562500
v 0.09381461 -0.35156250 0.02343750
v 0.09378326 -0.35156250 0.03125000
v 0.09377456 -0.35156250 0.03906250
v 0.09399354 -0.34375000 -0.00781250
v 0.10156250 -0.34375000 -0.00024354
v 0.09387636 -0.34375000 0.01562500
v 0.10156250 -0.34375000 0.00793886
v 0.09379554 -0.34375000 0.02343750
v 0.09377730 -0.34375000 0.03125000
v 0.09388781 -0.33593750 -0.00781250
v 0.10156250 -0.33593750 -0.00013781
v 0.09400177 -0.33593750 0.00781250
v 0.10156250 -0.33593750 0.00025177
v 0.10156250 -0.34349829 0.00781250
v 0.09382248 -0.33593750 0.01562500
v 0.09378600 -0.33593750 0.02343750
v 0.09377348 -0.33593750 0.03125000
v 0.09382820 -0.32812500 -0.00781250
v 0.10156250 -0.33330619 0.00000000
v 0.09638131 -0.32812500 0.00000000
v 0.09385633 -0.32812500 0.00781250
v 0.09380174 -0.32812500 0.01562500
v 0.09378004 -0.32812500 0.02343750
v 0.09380293 -0.32031250 -0.00781250
v 0.09392428 -0.32031250 0.00000000
v 0.09381676 -0.32031250 0.00781250
v 0.09379089 -0.32031250 0.01562500
v 0.09377658 -0.32031250 0.02343750
v 0.09379220 -0.31250000 -0.00781250
v 0.09385979 -0.31250000 0.00000000
v 0.09380460 -0.31250000 0.00781250
v 0.09378469 -0.31250000 0.01562500
v 0.09377396 -0.31250000 0.02343750
v 0.09378505 -0.30468750 -0.00781250
v 0.09382999 -0.30468750 0.00000000
v 0.09379697 -0.30468750 0.00781250
v 0.09378171 -0.30468750 0.01562500
v 0.09377301 -0.30468750 0.02343750
v 0.09377861 -0.29687500 -0.00781250
v 0.09380579 -0.29687500 0.00000000
v 0.09378874 -0.29687500 0.00781250
v 0.09377825 -0.29687500 0.01562500
v 0.09377193 -0.29687500 0.02343750
v 0.09379244 -0.28906250 0.00000000
v 0.09378266 -0.28906250 0.00781250
v 0.09377515 -0.28906250 0.01562500
v 0.09378421 -0.28125000 0.00000000
v 0.09377730 -0.28125000 0.00781250
v 0.09377253 -0.28125000 0.01562500
v 0.09377587 -0.27343750 0.00000000
v 0.09377205 -0.27343750 0.00781250
v 0.09377122 -0.26562500 0.00000000
v 0.10932672 -0.60937500 0.04687500
v 0.10937500 -0.60942432 0.04687500
v 0.10937500 -0.60937500 0.04537284
v 0.10937500 -0.60937500 0.04691434
v 0.10934854 -0.60156250 0.00000000
v 0.10937500 -0.60159579 0.00000000
v 0.10937500 -0.60156250 -0.00002176
v 0.10933542 -0.60156250 0.00781250
v 0.10937500 -0.60161877 0.00781250
v 0.10933208 -0.60156250 0.01562500
v 0.10937500 -0.60162500 0.01562500
v 0.10932839 -0.60156250 0.02343750
v 0.10937500 -0.60163227 0.02343750
v 0.10931492 -0.60156250 0.03125000
v 0.10937500 -0.60165960 0.03125000
v 0.10912752 -0.60156250 0.03906250
v 0.10937500 -0.60306469 0.03906250
v 0.10937500 -0.60156250 0.05091250
v 0.10937500 -0.59375000 -0.00030673
v 0.10937500 -0.59778750 0.05468750
v 0.10937500 -0.59375000 0.05470395
v 0.10820425 -0.58593750 -0.00781250
v 0.10937500 -0.58624423 -0.00781250
v 0.10937500 -0.58593750 -0.00784463
v 0.10937500 -0.58593750 0.05470359
v 0.10937500 -0.57812500 -0.00785518
v 0.10229468 -0.57812500 0.05468750
v 0.10937500 -0.57812500 0.04760718
v 0.10937500 -0.58520606 0.05468750
v 0.10937500 -0.57031250 -0.00785166
v 0.10937500 -0.57104471 0.05468750
v 0.10937500 -0.57031250 0.05471182
v 0.10937500 -0.56250000 -0.00785261
v 0.10865569 -0.56250000 0.05468750
v 0.10937500 -0.56250000 0.05472422
v 0.10937500 -0.55468750 -0.00785738
v 0.10937500 -0.55468750 0.05475402
v 0.10937500 -0.54687500 -0.00786316
v 0.10937500 -0.54694146 0.06250000
v 0.10925996 -0.54687500 0.06250000
v 0.10931742 -0.54687500 0.07031250
v 0.10937500 -0.54692337 0.07031250
v 0.10937500 -0.54687500 0.07035482
v 0.10937500 -0.53906250 -0.00786793
v 0.10937500 -0.53906250 0.07052147
v 0.10937500 -0.53125000 -0.00788230
v 0.10937500 -0.53145891 0.07812500
v 0.10867667 -0.53125000 0.07812500
v 0.10937500 -0.53125000 0.07815635
v 0.10937500 -0.52343750 -0.00789309
v 0.10937500 -0.52343750 0.07818818
v 0.10937500 -0.51562500 -0.00789452
v 0.10937500 -0.51562500 0.07869542
v 0.10937500 -0.50781250 -0.00789708
v 0.10386956 -0.50781250 0.08593750
v 0.10937500 -0.50781250 0.08043206
v 0.10937500 -0.50000000 -0.00790983
v 0.10517669 -0.50000000 0.08593750
v 0.10937500 -0.50000000 0.08173919
v 0.10937500 -0.49218750 -0.00792480
v 0.10184431 -0.49218750 0.08593750
v 0.10937500 -0.49218750 0.07840681
v 0.10937500 -0.48437500 -0.00793475
v 0.10937500 -0.48437500 0.07824683
v 0.10937500 -0.47656250 -0.00796068
v 0.10937500 -0.47656250 0.07818866
v 0.10937500 -0.46875000 -0.00795430
v 0.10937500 -0.46875000 0.07816529
v 0.10937500 -0.46093750 -0.00793564
v 0.10229683 -0.46093750 0.07812500
v 0.10937500 -0.46093750 0.07104683
v 0.10937500 -0.46801573 0.07812500
v 0.10937500 -0.45312500 -0.00788945
v 0.10165787 -0.45312500 0.07812500
v 0.10937500 -0.45312500 0.07040787
v 0.10937500 -0.44531250 -0.00785780
v 0.10937500 -0.44531250 0.07035112
v 0.10937500 -0.43750000 -0.00784552
v 0.10163283 -0.43750000 0.07031250
v 0.10937500 -0.43750000 0.06257033
v 0.10937500 -0.44524211 0.07031250
v 0.10937500 -0.42968750 -0.00783902
v 0.10187376 -0.42968750 0.06250000
v 0.10937500 -0.42968750 0.05499876
v 0.10937500 -0.43718874 0.06250000
v 0.10159659 -0.42968750 0.07031250
v 0.10937500 -0.42812890 -0.00781250
v 0.10312116 -0.42187500 -0.00781250
v 0.10937500 -0.42187500 -0.00155860
v 0.10175514 -0.42187500 0.05468750
v 0.10937500 -0.42187500 0.04706764
v 0.10937500 -0.42949480 0.05468750
v 0.10162330 -0.42187500 0.06250000
v 0.10194755 -0.41406250 -0.00781250
v 0.10937500 -0.41406250 -0.00038499
v 0.10182512 -0.41406250 0.03906250
v 0.10937500 -0.41406250 0.03151262
v 0.10937500 -0.42161232 0.03906250
v 0.10937500 -0.42177075 0.04687500
v 0.10166669 -0.41406250 0.04687500
v 0.10161638 -0.41406250 0.05468750
v 0.10159409 -0.41406250 0.06250000
v 0.10184073 -0.40625000 -0.00781250
v 0.10937500 -0.40625000 -0.00027829
v 0.10170126 -0.40625000 0.03125000
v 0.10937500 -0.40625000 0.02357626
v 0.10937500 -0.41392374 0.03125000
v 0.10162508 -0.40625000 0.03906250
v 0.10160613 -0.40625000 0.04687500
v 0.10159266 -0.40625000 0.05468750
v 0.10168111 -0.39843750 -0.00781250
v 0.10937500 -0.39843750 -0.00011867
v 0.10443139 -0.39843750 0.01562500
v 0.10937500 -0.39843750 0.01068139
v 0.10937500 -0.40338105 0.01562500
v 0.10937500 -0.40608263 0.02343750
v 0.10172987 -0.39843750 0.02343750
v 0.10163188 -0.39843750 0.03125000
v 0.10160482 -0.39843750 0.03906250
v 0.10159385 -0.39843750 0.04687500
v 0.10162294 -0.39062500 -0.00781250
v 0.10937500 -0.39062500 -0.00006050
v 0.10176075 -0.39062500 0.00781250
v 0.10937500 -0.39062500 0.00019825
v 0.10937500 -0.39823925 0.00781250
v 0.10168529 -0.39062500 0.01562500
v 0.10163891 -0.39062500 0.02343750
v 0.10160875 -0.39062500 0.03125000
v 0.10159397 -0.39062500 0.03906250
v 0.10160589 -0.38281250 -0.00781250
v 0.10937500 -0.39049786 0.00000000
v 0.10168958 -0.38281250 0.00000000
v 0.10163915 -0.38281250 0.00781250
v 0.10162187 -0.38281250 0.01562500
v 0.10161150 -0.38281250 0.02343750
v 0.10159552 -0.38281250 0.03125000
v 0.10159779 -0.37500000 -0.00781250
v 0.10163522 -0.37500000 0.00000000
v 0.10161138 -0.37500000 0.00781250
v 0.10160220 -0.37500000 0.01562500
v 0.10159552 -0.37500000 0.02343750
v 0.10159254 -0.36718750 -0.00781250
v 0.10161674 -0.36718750 0.00000000
v 0.10160100 -0.36718750 0.00781250
v 0.10159171 -0.36718750 0.01562500
v 0.10158873 -0.35937500 -0.00781250
v 0.10160637 -0.35937500 0.00000000
v 0.10159397 -0.35937500 0.00781250
v 0.10158670 -0.35937500 0.01562500
v 0.10159910 -0.35156250 0.00000000
v 0.10158861 -0.35156250 0.00781250
v 0.10159242 -0.34375000 0.00000000
v 0.10158491 -0.34375000 0.00781250
v 0.10158765 -0.33593750 0.00000000
v 0.11716759 -0.61718750 0.03906250
v 0.11718750 -0.61720881 0.03906250
v 0.11718750 -0.61718750 0.03893781
v 0.11718750 -0.61718750 0.04195106
v 0.11713850 -0.60937500 0.00000000
v 0.11718750 -0.60943645 0.00000000
v 0.11718750 -0.60937500 -0.00003970
v 0.11713123 -0.60937500 0.00781250
v 0.11718750 -0.60944849 0.00781250
v 0.11712503 -0.60937500 0.01562500
v 0.11718750 -0.60945982 0.01562500
v 0.11711776 -0.60937500 0.02343750
v 0.11718750 -0.60947165 0.02343750
v 0.11709046 -0.60937500 0.03125000
v 0.11718750 -0.60955808 0.03125000
v 0.11568534 -0.60937500 0.03906250
v 0.11718750 -0.61300561 0.04687500
v 0.11718750 -0.60937500 0.04693282
v 0.11718750 -0.60156250 -0.00021434
v 0.11718750 -0.60156250 0.05025411
v 0.11688077 -0.59375000 -0.00781250
v 0.11718750 -0.59396431 -0.00781250
v 0.11718750 -0.59375000 -0.00784367
v 0.11298490 -0.59375000 0.05468750
v 0.11718750 -0.59375000 0.05048490
v 0.11718750 -0.58593750 -0.00785738
v 0.11718750 -0.58954743 0.05468750
v 0.11718750 -0.58593750 0.05470407
v 0.11718750 -0.57812500 -0.00785446
v 0.11645532 -0.57812500 0.05468750
v 0.11718750 -0.57812500 0.05471814
v 0.11718750 -0.57031250 -0.00785255
v 0.11718750 -0.57031250 0.05477130
v 0.11718750 -0.56250000 -0.00785589
v 0.11718750 -0.56250000 0.05590308
v 0.11718750 -0.55468750 -0.00786734
v 0.11718750 -0.55590311 0.06250000
v 0.11712098 -0.55468750 0.06250000
v 0.11713910 -0.55468750 0.07031250
v 0.11718750 -0.55472606 0.07031250
v 0.11718750 -0.55468750 0.07035339
v 0.11718750 -0.54687500 -0.00786430
v 0.11718750 -0.54687500 0.07056940
v 0.11718750 -0.53906250 -0.00787926
v 0.11718750 -0.53906327 0.07812500
v 0.11718690 -0.53906250 0.07812500
v 0.11718750 -0.53906250 0.07812512
v 0.11718750 -0.53125000 -0.00788695
v 0.11718750 -0.53125000 0.07819033
v 0.11718750 -0.52343750 -0.00788867
v 0.11718750 -0.52343750 0.07823265
v 0.11718750 -0.51562500 -0.00788349
v 0.11718750 -0.51562500 0.07822108
v 0.11718750 -0.50781250 -0.00787222
v 0.11718750 -0.50781250 0.07821727
v 0.11718750 -0.50000000 -0.00786644
v 0.11718750 -0.50000000 0.07819569
v 0.11718750 -0.49218750 -0.00786251
v 0.11718750 -0.49218750 0.07818866
v 0.11718750 -0.48437500 -0.00785846
v 0.11718750 -0.48437500 0.07817066
v 0.11718750 -0.47656250 -0.00785500
v 0.11718750 -0.47656250 0.07815921
v 0.11718750 -0.46875000 -0.00785315
v 0.10948408 -0.46875000 0.07812500
v 0.11718750 -0.46875000 0.07042158
v 0.11718750 -0.47645342 0.07812500
v 0.11718750 -0.46093750 -0.00784850
v 0.10966790 -0.46093750 0.07031250
v 0.11718750 -0.46093750 0.06279290
v 0.11718750 -0.46845716 0.07031250
v 0.11718750 -0.45312500 -0.00784123
v 0.10943186 -0.45312500 0.07031250
v 0.11718750 -0.45312500 0.06255686
v 0.11718750 -0.45289677 -0.00781250
v 0.10960317 -0.44531250 -0.00781250
v 0.11718750 -0.44531250 -0.00022823
v 0.10947251 -0.44531250 0.06250000
v 0.11718750 -0.44531250 0.05478501
v 0.11718750 -0.45302755 0.06250000
v 0.10940361 -0.44531250 0.07031250
v 0.10947049 -0.43750000 -0.00781250
v 0.11718750 -0.43750000 -0.00009555
v 0.11312926 -0.43750000 0.03906250
v 0.11718750 -0.43750000 0.03500426
v 0.11718750 -0.44155824 0.03906250
v 0.11718750 -0.44514555 0.04687500
v 0.10954189 -0.43750000 0.04687500
v 0.11718750 -0.44524163 0.05468750
v 0.10944581 -0.43750000 0.05468750
v 0.10941327 -0.43750000 0.06250000
v 0.10941732 -0.42968750 -0.00781250
v 0.11718750 -0.42968750 -0.00004238
v 0.11058462 -0.42968750 0.02343750
v 0.11718750 -0.42968750 0.01683462
v 0.11718750 -0.43629038 0.02343750
v 0.11718750 -0.43736082 0.03125000
v 0.10951424 -0.42968750 0.03125000
v 0.10944176 -0.42968750 0.03906250
v 0.10942209 -0.42968750 0.04687500
v 0.10940909 -0.42968750 0.05468750
v 0.11718750 -0.42956078 0.00000000
v 0.10950172 -0.42187500 0.00000000
v 0.11718750 -0.42959577 0.00781250
v 0.10946667 -0.42187500 0.00781250
v 0.11718750 -0.42960501 0.01562500
v 0.10945749 -0.42187500 0.01562500
v 0.10943878 -0.42187500 0.02343750
v 0.10942185 -0.42187500 0.03125000
v 0.10940957 -0.42187500 0.03906250
v 0.10940385 -0.42187500 0.04687500
v 0.10944176 -0.41406250 0.00000000
v 0.10942686 -0.41406250 0.00781250
v 0.10941660 -0.41406250 0.01562500
v 0.10940909 -0.41406250 0.02343750
v 0.10940349 -0.41406250 0.03125000
v 0.10941851 -0.40625000 0.00000000
v 0.10941136 -0.40625000 0.00781250
v 0.10940623 -0.40625000 0.01562500
v 0.10940194 -0.40625000 0.02343750
v 0.10940754 -0.39843750 0.00000000
v 0.10940361 -0.39843750 0.00781250
v 0.10940003 -0.39062500 0.00000000
v 0.12496853 -0.62500000 0.03906250
v 0.12500000 -0.62503728 0.03906250
v 0.12500000 -0.62500000 0.03882766
v 0.12500000 -0.62500000 0.03913105
v 0.12493849 -0.61718750 0.00000000
v 0.12500000 -0.61725411 0.00000000
v 0.12500000 -0.61718750 -0.00004643
v 0.12492645 -0.61718750 0.00781250
v 0.12500000 -0.61726686 0.00781250
v 0.12491512 -0.61718750 0.01562500
v 0.12500000 -0.61727515 0.01562500
v 0.12490332 -0.61718750 0.02343750
v 0.12500000 -0.61729062 0.02343750
v 0.12481689 -0.61718750 0.03125000
v 0.12500000 -0.61742234 0.03125000
v 0.12136936 -0.61718750 0.04687500
v 0.12500000 -0.61725605 0.04687500
v 0.12500000 -0.61718750 0.04691362
v 0.12500000 -0.60937500 -0.00488669
v 0.12500000 -0.60937500 0.04700410
v 0.12478566 -0.60156250 -0.00781250
v 0.12500000 -0.60644919 -0.00781250
v 0.12500000 -0.60156250 -0.00784379
v 0.12500000 -0.60156250 0.04868841
v 0.12500000 -0.59375000 -0.00785780
v 0.12500000 -0.59556338 0.05468750
v 0.12139010 -0.59375000 0.05468750
v 0.12500000 -0.59375000 0.05470610
v 0.12500000 -0.58593750 -0.00785625
v 0.12500000 -0.58593750 0.05471671
v 0.12500000 -0.57812500 -0.00785536
v 0.12500000 -0.57812500 0.05478215
v 0.12500000 -0.57031250 -0.00785583
v 0.12500000 -0.57040709 0.06250000
v 0.12491620 -0.57031250 0.06250000
v 0.12500000 -0.57031250 0.06252360
v 0.12500000 -0.56250000 -0.00786573
v 0.12378442 -0.56250000 0.06250000
v 0.12500000 -0.56250000 0.06326449
v 0.12500000 -0.55468750 -0.00786173
v 0.12500000 -0.55545202 0.07031250
v 0.12500000 -0.55468750 0.07041097
v 0.12500000 -0.54687500 -0.00787532
v 0.12500000 -0.54697350 0.07812500
v 0.12474310 -0.54687500 0.07812500
v 0.12500000 -0.54687500 0.07815826
v 0.12500000 -0.53906250 -0.00788468
v 0.12500000 -0.53906250 0.07819498
v 0.12500000 -0.53125000 -0.00786901
v 0.12500000 -0.53125000 0.07821620
v 0.12500000 -0.52343750 -0.00785446
v 0.12500000 -0.52343750 0.07819772
v 0.12500000 -0.51562500 -0.00784731
v 0.12500000 -0.51562500 0.07818139
v 0.12500000 -0.50781250 -0.00784534
v 0.12500000 -0.50781250 0.07817101
v 0.12500000 -0.50000000 -0.00784361
v 0.12500000 -0.50000000 0.07816172
v 0.12500000 -0.49218750 -0.00784093
v 0.11768150 -0.49218750 0.07812500
v 0.12500000 -0.49218750 0.07080650
v 0.12500000 -0.49950600 0.07812500
v 0.12500000 -0.48437500 -0.00783843
v 0.11730349 -0.48437500 0.07812500
v 0.12500000 -0.48437500 0.07042849
v 0.12500000 -0.47656250 -0.00783664
v 0.11734402 -0.47656250 0.07031250
v 0.12500000 -0.47656250 0.06265652
v 0.12500000 -0.48421848 0.07031250
v 0.11722624 -0.47656250 0.07812500
v 0.12500000 -0.47620881 -0.00781250
v 0.11754119 -0.46875000 -0.00781250
v 0.12500000 -0.46875000 -0.00035369
v 0.11723018 -0.46875000 0.07031250
v 0.12500000 -0.46875000 0.06254268
v 0.11730146 -0.46093750 -0.00781250
v 0.12500000 -0.46093750 -0.00011390
v 0.11761975 -0.46093750 0.05468750
v 0.12500000 -0.46093750 0.04730725
v 0.12500000 -0.46831769 0.05468750
v 0.12500000 -0.46868348 0.06250000
v 0.11725402 -0.46093750 0.06250000
v 0.11723423 -0.45312500 -0.00781250
v 0.12500000 -0.45312500 -0.00004673
v 0.11743951 -0.45312500 0.03906250
v 0.12500000 -0.45312500 0.03150201
v 0.12500000 -0.46068549 0.03906250
v 0.12500000 -0.46083480 0.04687500
v 0.11729026 -0.45312500 0.04687500
v 0.11723828 -0.45312500 0.05468750
v 0.11721730 -0.45312500 0.06250000
v 0.12500000 -0.45303810 0.00000000
v 0.11727440 -0.44531250 0.00000000
v 0.12500000 -0.45302057 0.00781250
v 0.11729193 -0.44531250 0.00781250
v 0.12500000 -0.45298672 0.01562500
v 0.11732578 -0.44531250 0.01562500
v 0.12500000 -0.45301843 0.02343750
v 0.11729407 -0.44531250 0.02343750
v 0.12500000 -0.45306563 0.03125000
v 0.11724687 -0.44531250 0.03125000
v 0.11723411 -0.44531250 0.03906250
v 0.11722410 -0.44531250 0.04687500
v 0.11721492 -0.44531250 0.05468750
v 0.11722589 -0.43750000 0.00000000
v 0.11722898 -0.43750000 0.00781250
v 0.11723018 -0.43750000 0.01562500
v 0.11722708 -0.43750000 0.02343750
v 0.11721849 -0.43750000 0.03125000
v 0.11721289 -0.42968750 0.00000000
v 0.11721373 -0.42968750 0.00781250
v 0.11721301 -0.42968750 0.01562500
v 0.13277519 -0.63281250 0.03906250
v 0.13281250 -0.63289469 0.03906250
v 0.13281250 -0.63281250 0.03865552
v 0.13281250 -0.63281250 0.03911936
v 0.13274586 -0.62500000 0.00000000
v 0.13281250 -0.62509474 0.00000000
v 0.13281250 -0.62500000 -0.00007683
v 0.13273311 -0.62500000 0.00781250
v 0.13281250 -0.62506726 0.00781250
v 0.13272488 -0.62500000 0.01562500
v 0.13281250 -0.62507743 0.01562500
v 0.13270938 -0.62500000 0.02343750
v 0.13281250 -0.62510771 0.02343750
v 0.13257766 -0.62500000 0.03125000
v 0.13281250 -0.62540695 0.03125000
v 0.13274395 -0.62500000 0.04687500
v 0.13281250 -0.62505689 0.04687500
v 0.13281250 -0.62500000 0.04690659
v 0.13281250 -0.61718750 -0.00681090
v 0.13281250 -0.61718750 0.04911435
v 0.12792587 -0.60937500 -0.00781250
v 0.13281250 -0.61618593 -0.00781250
v 0.13281250 -0.60937500 -0.00784767
v 0.13281250 -0.61161432 0.05468750
v 0.13268340 -0.60937500 0.05468750
v 0.13281250 -0.60937500 0.05470562
v 0.13281250 -0.60156250 -0.00785977
v 0.13099909 -0.60156250 0.05468750
v 0.13281250 -0.60156250 0.05471170
v 0.13281250 -0.59375000 -0.00785863
v 0.13281250 -0.59375000 0.05472493
v 0.13281250 -0.58593750 -0.00785750
v 0.13281250 -0.58593750 0.05478609
v 0.13281250 -0.57812500 -0.00786048
v 0.13281250 -0.57822362 0.06250000
v 0.13271785 -0.57812500 0.06250000
v 0.13281250 -0.57812500 0.06251800
v 0.13281250 -0.57031250 -0.00786704
v 0.13281250 -0.57031250 0.06256080
v 0.13281250 -0.56250000 -0.00786150
v 0.13281250 -0.56256083 0.07031250
v 0.13204801 -0.56250000 0.07031250
v 0.13281250 -0.56250000 0.07039142
v 0.13281250 -0.55468750 -0.00786185
v 0.13271403 -0.55468750 0.07812500
v 0.13281250 -0.55476639 0.07812500
v 0.13281250 -0.55468750 0.07816422
v 0.13281250 -0.54687500 -0.00786012
v 0.13281250 -0.54687500 0.07820690
v 0.13281250 -0.53906250 -0.00785041
v 0.13281250 -0.53906250 0.07821250
v 0.13281250 -0.53125000 -0.00784296
v 0.13281250 -0.53125000 0.07818973
v 0.13281250 -0.52343750 -0.00783837
v 0.13281250 -0.52343750 0.07817721
v 0.13281250 -0.51562500 -0.00783646
v 0.13281250 -0.51562500 0.07816529
v 0.13281250 -0.50781250 -0.00783521
v 0.12520385 -0.50781250 0.07812500
v 0.13281250 -0.50781250 0.07051635
v 0.13281250 -0.51542118 0.07812500
v 0.13281250 -0.50693759 -0.00781250
v 0.12587488 -0.50000000 -0.00781250
v 0.13281250 -0.50000000 -0.00087488
v 0.12508702 -0.50000000 0.07812500
v 0.13281250 -0.50000000 0.07039952
v 0.12520087 -0.49218750 -0.00781250
v 0.13281250 -0.49218750 -0.00020087
v 0.12514806 -0.49218750 0.07031250
v 0.13281250 -0.49218750 0.06264806
v 0.13281250 -0.49985194 0.07031250
v 0.12511683 -0.48437500 -0.00781250
v 0.13281250 -0.48437500 -0.00011677
v 0.12504172 -0.48437500 0.07031250
v 0.13281250 -0.48437500 0.06251383
v 0.12505436 -0.47656250 -0.00781250
v 0.13281250 -0.47656250 -0.00005442
v 0.12514901 -0.47656250 0.05468750
v 0.13281250 -0.47656250 0.04702401
v 0.13281250 -0.48422599 0.05468750
v 0.13281250 -0.48435766 0.06250000
v 0.12505233 -0.47656250 0.06250000
v 0.13281250 -0.47642857 0.00000000
v 0.12513399 -0.46875000 0.00000000
v 0.13281250 -0.47641736 0.00781250
v 0.12514508 -0.46875000 0.00781250
v 0.13281250 -0.47625899 0.01562500
v 0.12530351 -0.46875000 0.01562500
v 0.13281250 -0.47593993 0.02343750
v 0.12562263 -0.46875000 0.02343750
v 0.13281250 -0.47640795 0.03125000
v 0.12515450 -0.46875000 0.03125000
v 0.13281250 -0.47646588 0.03906250
v 0.12509668 -0.46875000 0.03906250
v 0.13281250 -0.47649294 0.04687500
v 0.12506950 -0.46875000 0.04687500
v 0.12504125 -0.46875000 0.05468750
v 0.12502730 -0.46875000 0.06250000
v 0.12504447 -0.46093750 0.00000000
v 0.12504315 -0.46093750 0.00781250
v 0.12504792 -0.46093750 0.01562500
v 0.12505496 -0.46093750 0.02343750
v 0.12504268 -0.46093750 0.03125000
v 0.12503672 -0.46093750 0.03906250
v 0.12503159 -0.46093750 0.04687500
v 0.12502563 -0.45312500 0.00000000
v 0.12502587 -0.45312500 0.00781250
v 0.12502706 -0.45312500 0.01562500
v 0.12502801 -0.45312500 0.02343750
v 0.12502480 -0.45312500 0.03125000
v 0.14059603 -0.64843750 0.03906250
v 0.14062500 -0.64868364 0.03906250
v 0.14062500 -0.64843750 0.03885543
v 0.14062500 -0.64843750 0.03912652
v 0.14058709 -0.64062500 0.03125000
v 0.14062500 -0.64083210 0.03125000
v 0.14062500 -0.64062500 0.02859747
v 0.14054286 -0.64062500 0.03906250
v 0.14062500 -0.64062500 0.04274344
v 0.14053023 -0.63281250 0.00000000
v 0.14062500 -0.63379872 0.00000000
v 0.14062500 -0.63281250 -0.00361234
v 0.14055777 -0.63281250 0.00781250
v 0.14062500 -0.63356435 0.00781250
v 0.14054751 -0.63281250 0.01562500
v 0.14062500 -0.63372445 0.01562500
v 0.14051735 -0.63281250 0.02343750
v 0.14062500 -0.63546500 0.02343750
v 0.14021802 -0.63281250 0.03125000
v 0.14056814 -0.63281250 0.04687500
v 0.14062500 -0.63649341 0.04687500
v 0.14062500 -0.63281250 0.04698145
v 0.14054811 -0.62500000 -0.00781250
v 0.14062500 -0.62861234 -0.00781250
v 0.14062500 -0.62500000 -0.00784296
v 0.14059341 -0.62500000 0.05468750
v 0.14062500 -0.62510648 0.05468750
v 0.14062500 -0.62500000 0.05470622
v 0.13381410 -0.61718750 -0.00781250
v 0.14062500 -0.61718750 -0.00785887
v 0.13838565 -0.61718750 0.05468750
v 0.14062500 -0.61718750 0.05471361
v 0.14062500 -0.60937500 -0.00786692
v 0.14062500 -0.60937500 0.05472195
v 0.14062500 -0.60156250 -0.00785947
v 0.14062500 -0.60156250 0.05476129
v 0.14062500 -0.59375000 -0.00785941
v 0.14062500 -0.59375000 0.05547738
v 0.14062500 -0.58593750 -0.00786394
v 0.14062500 -0.58672738 0.06250000
v 0.14052641 -0.58593750 0.06250000
v 0.14062500 -0.58593750 0.06251931
v 0.14062500 -0.57812500 -0.00787187
v 0.14062500 -0.57812500 0.06257761
v 0.14062500 -0.57031250 -0.00784993
v 0.14062500 -0.57039014 0.07031250
v 0.14056420 -0.57031250 0.07031250
v 0.14062500 -0.57031250 0.07036579
v 0.14062500 -0.56250000 -0.00784087
v 0.14054608 -0.56250000 0.07812500
v 0.14062500 -0.56255332 0.07812500
v 0.14062500 -0.56250000 0.07815921
v 0.14062500 -0.55468750 -0.00783998
v 0.14062500 -0.55468750 0.07817745
v 0.14062500 -0.54687500 -0.00783879
v 0.14062500 -0.54687500 0.07818973
v 0.14062500 -0.53906250 -0.00783581
v 0.13348114 -0.53906250 0.07812500
v 0.14062500 -0.53906250 0.07098114
v 0.14062500 -0.54620633 0.07812500
v 0.14062500 -0.53855798 -0.00781250
v 0.13331699 -0.53125000 -0.00781250
v 0.14062500 -0.53125000 -0.00050455
v 0.13295877 -0.53125000 0.07812500
v 0.14062500 -0.53125000 0.07045877
v 0.13297427 -0.52343750 -0.00781250
v 0.14062500 -0.52343750 -0.00016177
v 0.13290620 -0.52343750 0.07812500
v 0.14062500 -0.52343750 0.07040620
v 0.13291228 -0.51562500 -0.00781250
v 0.14062500 -0.51562500 -0.00009984
v 0.13321483 -0.51562500 0.07031250
v 0.14062500 -0.51562500 0.06290233
v 0.14062500 -0.52303517 0.07031250
v 0.13287735 -0.51562500 0.07812500
v 0.13287163 -0.50781250 -0.00781250
v 0.14062500 -0.50781250 -0.00005919
v 0.13292146 -0.50781250 0.07031250
v 0.14062500 -0.50781250 0.06260896
v 0.14062500 -0.50000000 -0.00003839
v 0.13285649 -0.50000000 0.07031250
v 0.14062500 -0.50000000 0.06254399
v 0.14062500 -0.49218750 -0.00002879
v 0.13309491 -0.49218750 0.05468750
v 0.14062500 -0.49218750 0.04715741
v 0.14062500 -0.49971765 0.05468750
v 0.14062500 -0.49993783 0.06250000
v 0.13287461 -0.49218750 0.06250000
v 0.14062500 -0.49211925 0.00000000
v 0.13288081 -0.48437500 0.00000000
v 0.14062500 -0.49210548 0.00781250
v 0.13289452 -0.48437500 0.00781250
v 0.14062500 -0.49208808 0.01562500
v 0.13291192 -0.48437500 0.01562500
v 0.14062500 -0.49208659 0.02343750
v 0.13291347 -0.48437500 0.02343750
v 0.14062500 -0.49210048 0.03125000
v 0.13289952 -0.48437500 0.03125000
v 0.14062500 -0.49212217 0.03906250
v 0.13287783 -0.48437500 0.03906250
v 0.14062500 -0.49213171 0.04687500
v 0.13286829 -0.48437500 0.04687500
v 0.13285124 -0.48437500 0.05468750
v 0.13282144 -0.48437500 0.06250000
v 0.13284230 -0.47656250 0.00000000
v 0.13284457 -0.47656250 0.00781250
v 0.13284659 -0.47656250 0.01562500
v 0.13284898 -0.47656250 0.02343750
v 0.13284647 -0.47656250 0.03125000
v 0.13284254 -0.47656250 0.03906250
v 0.13283980 -0.47656250 0.04687500
v 0.14841664 -0.69531250 0.02343750
v 0.14843750 -0.69729310 0.02343750
v 0.14843750 -0.69531250 0.02275920
v 0.14843750 -0.69531250 0.02357674
v 0.14843750 -0.69509235 0.02343750
v 0.14840531 -0.66406250 0.03125000
v 0.14843750 -0.66725755 0.03125000
v 0.14843750 -0.66406250 0.03024316
v 0.14836884 -0.66406250 0.03906250
v 0.14843750 -0.66703406 0.03906250
v 0.14843750 -0.66406250 0.03913200
v 0.14840364 -0.65625000 0.02343750
v 0.14843750 -0.65725684 0.02343750
v 0.14843750 -0.65625000 0.01848865
v 0.14838350 -0.65625000 0.03125000
v 0.14819133 -0.65625000 0.03906250
v 0.14843750 -0.65625000 0.04138899
v 0.14837897 -0.64843750 -0.00781250
v 0.14843750 -0.64932719 -0.00781250
v 0.14843750 -0.64843750 -0.00783843
v 0.14838576 -0.64843750 0.00000000
v 0.14843750 -0.64950159 0.00000000
v 0.14838541 -0.64843750 0.00781250
v 0.14843750 -0.64975184 0.00781250
v 0.14838266 -0.64843750 0.01562500
v 0.14843750 -0.65338635 0.01562500
v 0.14836633 -0.64843750 0.02343750
v 0.14823043 -0.64843750 0.03125000
v 0.14837348 -0.64843750 0.04687500
v 0.14843750 -0.65076396 0.04687500
v 0.14843750 -0.64843750 0.04694211
v 0.14823508 -0.64062500 -0.00781250
v 0.14843750 -0.64062500 -0.00784385
v 0.14745128 -0.64062500 0.00000000
v 0.14768565 -0.64062500 0.00781250
v 0.14752555 -0.64062500 0.01562500
v 0.14578497 -0.64062500 0.02343750
v 0.14475656 -0.64062500 0.04687500
v 0.14843750 -0.64069209 0.05468750
v 0.14840829 -0.64062500 0.05468750
v 0.14843750 -0.64062500 0.05470979
v 0.14482510 -0.63281250 -0.00781250
v 0.14843750 -0.63281250 -0.00785226
v 0.14833105 -0.63281250 0.05468750
v 0.14843750 -0.63281250 0.05471969
v 0.14843750 -0.62500000 -0.00787973
v 0.14843750 -0.62500000 0.05473554
v 0.14843750 -0.61718750 -0.00787181
v 0.14843750 -0.61718750 0.05474329
v 0.14843750 -0.60937500 -0.00785679
v 0.14843750 -0.60937500 0.05483365
v 0.14843750 -0.60156250 -0.00785714
v 0.14843750 -0.60170862 0.06250000
v 0.14836371 -0.60156250 0.06250000
v 0.14843750 -0.60156250 0.06251407
v 0.14843750 -0.59375000 -0.00786358
v 0.14764762 -0.59375000 0.06250000
v 0.14843750 -0.59375000 0.06252313
v 0.14843750 -0.58593750 -0.00785798
v 0.14843750 -0.58593750 0.06272900
v 0.14843750 -0.57812500 -0.00784254
v 0.14843750 -0.57835400 0.07031250
v 0.14835989 -0.57812500 0.07031250
v 0.14843750 -0.57812500 0.07042515
v 0.14843750 -0.57031250 -0.00783354
v 0.14843750 -0.57031250 0.07055557
v 0.14843750 -0.57011133 -0.00781250
v 0.14082611 -0.56250000 -0.00781250
v 0.14843750 -0.56250000 -0.00020117
v 0.14087880 -0.56250000 0.07812500
v 0.14843750 -0.56250000 0.07056630
v 0.14079368 -0.55468750 -0.00781250
v 0.14843750 -0.55468750 -0.00016868
v 0.14081335 -0.55468750 0.07812500
v 0.14843750 -0.55468750 0.07050085
v 0.14074385 -0.54687500 -0.00781250
v 0.14843750 -0.54687500 -0.00011885
v 0.14074516 -0.54687500 0.07812500
v 0.14843750 -0.54687500 0.07043266
v 0.14070857 -0.53906250 -0.00781250
v 0.14843750 -0.53906250 -0.00008357
v 0.14098907 -0.53906250 0.07031250
v 0.14843750 -0.53906250 0.06286407
v 0.14843750 -0.54651088 0.07031250
v 0.14843750 -0.53125000 -0.00006515
v 0.14074337 -0.53125000 0.07031250
v 0.14843750 -0.53125000 0.06261837
v 0.14843750 -0.52343750 -0.00003701
v 0.14068961 -0.52343750 0.07031250
v 0.14843750 -0.52343750 0.06256461
v 0.14843750 -0.52316889 0.00000000
v 0.14089358 -0.51562500 0.00000000
v 0.14843750 -0.51562500 0.00754392
v 0.14084864 -0.51562500 0.06250000
v 0.14843750 -0.51562500 0.05491114
v 0.14843750 -0.52321383 0.06250000
v 0.14069927 -0.50781250 0.00000000
v 0.14843750 -0.50781250 0.00773823
v 0.14068079 -0.50781250 0.06250000
v 0.14843750 -0.50781250 0.05474329
v 0.14066839 -0.50000000 0.00000000
v 0.14843750 -0.50774682 0.00781250
v 0.14069068 -0.50000000 0.00781250
v 0.14843750 -0.50773829 0.01562500
v 0.14069927 -0.50000000 0.01562500
v 0.14843750 -0.50774026 0.02343750
v 0.14069724 -0.50000000 0.02343750
v 0.14843750 -0.50773454 0.03125000
v 0.14070296 -0.50000000 0.03125000
v 0.14843750 -0.50774458 0.03906250
v 0.14069295 -0.50000000 0.03906250
v 0.14843750 -0.50773993 0.04687500
v 0.14069760 -0.50000000 0.04687500
v 0.14843750 -0.50776240 0.05468750
v 0.14067507 -0.50000000 0.05468750
v 0.14065230 -0.50000000 0.06250000
v 0.14065135 -0.49218750 0.00000000
v 0.14065313 -0.49218750 0.00781250
v 0.14065623 -0.49218750 0.01562500
v 0.14065552 -0.49218750 0.02343750
v 0.14065599 -0.49218750 0.03125000
v 0.14065325 -0.49218750 0.03906250
v 0.14065218 -0.49218750 0.04687500
v 0.15609062 -0.71875000 0.00781250
v 0.15625000 -0.71899807 0.00781250
v 0.15625000 -0.71875000 0.00688350
v 0.15602028 -0.71875000 0.01562500
v 0.15625000 -0.71917462 0.01562500
v 0.15582609 -0.71875000 0.02343750
v 0.15625000 -0.71898094 0.02343750
v 0.15625000 -0.71875000 0.02361369
v 0.15612924 -0.71093750 -0.00781250
v 0.15625000 -0.71136761 -0.00781250
v 0.15625000 -0.71093750 -0.00977933
v 0.15605879 -0.71093750 0.00000000
v 0.15625000 -0.71186650 0.00000000
v 0.15596759 -0.71093750 0.00781250
v 0.15573847 -0.71093750 0.01562500
v 0.15196168 -0.71093750 0.02343750
v 0.15625000 -0.71111366 0.03125000
v 0.15613425 -0.71093750 0.03125000
v 0.15625000 -0.71093750 0.03126812
v 0.15613174 -0.70312500 -0.01562500
v 0.15625000 -0.70509186 -0.01562500
v 0.15625000 -0.70312500 -0.01563656
v 0.15606546 -0.70312500 -0.00781250
v 0.15602767 -0.70312500 0.00000000
v 0.15596795 -0.70312500 0.00781250
v 0.15578210 -0.70312500 0.01562500
v 0.15426934 -0.70312500 0.02343750
v 0.15611315 -0.70312500 0.03125000
v 0.15625000 -0.70312500 0.03127384
v 0.15611339 -0.69531250 -0.01562500
v 0.15625000 -0.69531250 -0.01563972
v 0.15606022 -0.69531250 -0.00781250
v 0.15606487 -0.69531250 0.00000000
v 0.15590501 -0.69531250 0.00781250
v 0.15557170 -0.69531250 0.01562500
v 0.15611076 -0.69531250 0.03125000
v 0.15625000 -0.69531250 0.03127551
v 0.15620768 -0.68750000 -0.01562500
v 0.15625000 -0.68750000 -0.01564157
v 0.15619755 -0.68750000 -0.00781250
v 0.15618646 -0.68750000 0.00000000
v 0.15616846 -0.68750000 0.00781250
v 0.15612066 -0.68750000 0.01562500
v 0.15602982 -0.68750000 0.02343750
v 0.15598416 -0.68750000 0.03125000
v 0.15625000 -0.68750000 0.03128445
v 0.15625000 -0.68736660 -0.01562500
v 0.15625000 -0.67968750 -0.00794590
v 0.15618944 -0.67968750 -0.00781250
v 0.15617085 -0.67968750 0.00000000
v 0.15614426 -0.67968750 0.00781250
v 0.15610254 -0.67968750 0.01562500
v 0.15593398 -0.67968750 0.02343750
v 0.15472579 -0.67968750 0.03125000
v 0.15625000 -0.67968750 0.03168750
v 0.15616882 -0.67187500 -0.00781250
v 0.15625000 -0.67187500 -0.00786901
v 0.15614820 -0.67187500 0.00000000
v 0.15611255 -0.67187500 0.00781250
v 0.15604949 -0.67187500 0.01562500
v 0.15552127 -0.67187500 0.02343750
v 0.15305495 -0.67187500 0.03125000
v 0.15625000 -0.67231253 0.03906250
v 0.15327847 -0.67187500 0.03906250
v 0.15625000 -0.67187500 0.03909373
v 0.15610015 -0.66406250 -0.00781250
v 0.15625000 -0.66406250 -0.00785428
v 0.15605748 -0.66406250 0.00000000
v 0.15600085 -0.66406250 0.00781250
v 0.15562677 -0.66406250 0.01562500
v 0.15524316 -0.66406250 0.02343750
v 0.15625000 -0.66406250 0.04180932
v 0.15536034 -0.65625000 -0.00781250
v 0.15625000 -0.65625000 -0.00785631
v 0.15518594 -0.65625000 0.00000000
v 0.15493572 -0.65625000 0.00781250
v 0.15130115 -0.65625000 0.01562500
v 0.15625000 -0.65899688 0.04687500
v 0.15392351 -0.65625000 0.04687500
v 0.15625000 -0.65625000 0.04696524
v 0.15625000 -0.64843750 -0.00786746
v 0.15618289 -0.64843750 0.05468750
v 0.15625000 -0.64852774 0.05468750
v 0.15625000 -0.64843750 0.05471373
v 0.15625000 -0.64062500 -0.00787967
v 0.15625000 -0.64062500 0.05474663
v 0.15625000 -0.63281250 -0.00790584
v 0.15625000 -0.63281250 0.05513680
v 0.15625000 -0.62500000 -0.00788182
v 0.15625000 -0.62500000 0.05596304
v 0.15625000 -0.61718750 -0.00786823
v 0.15625000 -0.61820412 0.06250000
v 0.15620708 -0.61718750 0.06250000
v 0.15625000 -0.61718750 0.06251013
v 0.15625000 -0.60937500 -0.00786543
v 0.15610385 -0.60937500 0.06250000
v 0.15625000 -0.60937500 0.06251621
v 0.15625000 -0.60156250 -0.00785792
v 0.15625000 -0.60156250 0.06252897
v 0.15625000 -0.59375000 -0.00784171
v 0.15625000 -0.59375000 0.06308484
v 0.15625000 -0.58593750 -0.00783557
v 0.15625000 -0.58652240 0.07031250
v 0.15602100 -0.58593750 0.07031250
v 0.15625000 -0.58593750 0.07037902
v 0.15625000 -0.58543840 -0.00781250
v 0.14893663 -0.57812500 -0.00781250
v 0.15625000 -0.57812500 -0.00049913
v 0.15625000 -0.57812500 0.07039165
v 0.14851880 -0.57031250 -0.00781250
v 0.15625000 -0.57031250 -0.00008124
v 0.15625000 -0.57031250 0.07039440
v 0.15625000 -0.56250000 -0.00005805
v 0.15625000 -0.56250000 0.07039559
v 0.15625000 -0.55468750 -0.00004971
v 0.15625000 -0.55468750 0.07038450
v 0.15625000 -0.54687500 -0.00004226
v 0.14860845 -0.54687500 0.07031250
v 0.15625000 -0.54687500 0.06267095
v 0.15625000 -0.55451658 0.07031250
v 0.15625000 -0.54133302 0.00000000
v 0.15397954 -0.53906250 0.00000000
v 0.15625000 -0.53906250 0.00227046
v 0.15625000 -0.53906250 0.06256735
v 0.14851201 -0.53125000 0.00000000
v 0.15625000 -0.53762046 0.00781250
v 0.14987957 -0.53125000 0.00781250
v 0.15625000 -0.53125000 0.01418293
v 0.14857185 -0.53125000 0.06250000
v 0.15625000 -0.53125000 0.05482185
v 0.15625000 -0.53892812 0.06250000
v 0.14847338 -0.52343750 0.00000000
v 0.14852238 -0.52343750 0.00781250
v 0.15625000 -0.52506986 0.01562500
v 0.15461767 -0.52343750 0.01562500
v 0.15625000 -0.52343750 0.01725733
v 0.14849055 -0.52343750 0.06250000
v 0.15625000 -0.52343750 0.05468786
v 0.14848161 -0.51562500 0.00781250
v 0.14849722 -0.51562500 0.01562500
v 0.15625000 -0.52336854 0.02343750
v 0.14850640 -0.51562500 0.02343750
v 0.15625000 -0.52334747 0.03125000
v 0.14852750 -0.51562500 0.03125000
v 0.15625000 -0.52334532 0.03906250
v 0.14852965 -0.51562500 0.03906250
v 0.15625000 -0.52334982 0.04687500
v 0.14852512 -0.51562500 0.04687500
v 0.15625000 -0.52343714 0.05468750
v 0.14848495 -0.51562500 0.05468750
v 0.14846265 -0.50781250 0.00781250
v 0.14846325 -0.50781250 0.01562500
v 0.14846456 -0.50781250 0.02343750
v 0.14846575 -0.50781250 0.03125000
v 0.14846683 -0.50781250 0.03906250
v 0.14846635 -0.50781250 0.04687500
v 0.14846158 -0.50781250 0.05468750
v 0.16381443 -0.72656250 0.00781250
v 0.16406250 -0.72659856 0.00781250
v 0.16406250 -0.72656250 0.00767958
v 0.16363788 -0.72656250 0.01562500
v 0.16406250 -0.72669089 0.01562500
v 0.16406250 -0.72656250 0.01726019
v 0.16313350 -0.71875000 0.00000000
v 0.16406250 -0.71888286 0.00000000
v 0.16406250 -0.71875000 -0.00005674
v 0.16406250 -0.72038519 0.02343750
v 0.16406250 -0.71875000 0.02369177
v 0.16406250 -0.71099421 -0.00781250
v 0.16406250 -0.71093750 -0.00783569
v 0.16406250 -0.71119177 0.03125000
v 0.16406250 -0.71093750 0.03127337
v 0.15629041 -0.70312500 -0.01562500
v 0.16406250 -0.70312500 -0.00785285
v 0.16406250 -0.70312500 0.03129506
v 0.15634465 -0.69531250 -0.01562500
v 0.16406250 -0.69531250 -0.00790709
v 0.16406250 -0.69531250 0.03132975
v 0.16406250 -0.68759462 -0.01562500
v 0.16406250 -0.68750000 -0.01563591
v 0.16406250 -0.68750000 0.03133917
v 0.16392910 -0.67968750 -0.01562500
v 0.16406250 -0.67968750 -0.01563811
v 0.16406250 -0.67977667 0.03906250
v 0.16362500 -0.67968750 0.03906250
v 0.16406250 -0.67968750 0.03908646
v 0.16406250 -0.67810443 -0.01562500
v 0.16406250 -0.67187500 -0.00939560
v 0.16406250 -0.67187500 0.03982604
v 0.16406250 -0.66406250 -0.00814015
v 0.16406250 -0.66482598 0.04687500
v 0.16131568 -0.66406250 0.04687500
v 0.16406250 -0.66406250 0.04691386
v 0.16406250 -0.65625000 -0.00801182
v 0.16406250 -0.65625000 0.05024385
v 0.16406250 -0.64843750 -0.00797832
v 0.16406250 -0.65180629 0.05468750
v 0.16406250 -0.64843750 0.05478656
v 0.16406250 -0.64062500 -0.00792354
v 0.16406250 -0.64062500 0.05532002
v 0.16406250 -0.63281250 -0.00810522
v 0.16406250 -0.63281250 0.05703616
v 0.16406250 -0.62500000 -0.00794059
v 0.16406250 -0.62734863 0.06250000
v 0.16278696 -0.62500000 0.06250000
v 0.16406250 -0.62500000 0.06251776
v 0.16406250 -0.61718750 -0.00785911
v 0.16406250 -0.61718750 0.06252468
v 0.16406250 -0.60937500 -0.00784355
v 0.16406250 -0.60937500 0.06253326
v 0.16406250 -0.60156250 -0.00783694
v 0.16406250 -0.60156250 0.06255662
v 0.16406250 -0.59375000 -0.00783265
v 0.16406250 -0.59375000 0.06261420
v 0.16406250 -0.59356797 -0.00781250
v 0.15643203 -0.58593750 -0.00781250
v 0.16406250 -0.58593750 -0.00018203
v 0.15665030 -0.58593750 0.07031250
v 0.16406250 -0.58593750 0.06290030
v 0.16406250 -0.57812500 -0.00005364
v 0.15862560 -0.57812500 0.07031250
v 0.16406250 -0.57812500 0.06487560
v 0.16406250 -0.57031250 -0.00003880
v 0.15723550 -0.57031250 0.07031250
v 0.16406250 -0.57031250 0.06348550
v 0.16406250 -0.56250000 -0.00003350
v 0.15645742 -0.56250000 0.07031250
v 0.16406250 -0.56250000 0.06270742
v 0.16406250 -0.56232986 0.00000000
v 0.15642011 -0.55468750 0.00000000
v 0.16406250 -0.55468750 0.00764239
v 0.15634692 -0.55468750 0.07031250
v 0.16406250 -0.55468750 0.06259692
v 0.15629363 -0.54687500 0.00000000
v 0.16406250 -0.55460492 0.00781250
v 0.15633261 -0.54687500 0.00781250
v 0.16406250 -0.54687500 0.01554239
v 0.15648866 -0.54687500 0.06250000
v 0.16406250 -0.54687500 0.05492616
v 0.16406250 -0.55444887 0.06250000
v 0.15628910 -0.53906250 0.00781250
v 0.16406250 -0.54676878 0.01562500
v 0.15635622 -0.53906250 0.01562500
v 0.16406250 -0.53906250 0.02333128
v 0.15631366 -0.53906250 0.06250000
v 0.16406250 -0.53906250 0.05475116
v 0.15629458 -0.53125000 0.01562500
v 0.16406250 -0.53898460 0.02343750
v 0.15632796 -0.53125000 0.02343750
v 0.16406250 -0.53891760 0.03125000
v 0.15639496 -0.53125000 0.03125000
v 0.16406250 -0.53879452 0.03906250
v 0.15651798 -0.53125000 0.03906250
v 0.16406250 -0.53887331 0.04687500
v 0.15643919 -0.53125000 0.04687500
v 0.16406250 -0.53900546 0.05468750
v 0.15630710 -0.53125000 0.05468750
v 0.15627980 -0.52343750 0.02343750
v 0.15628350 -0.52343750 0.03125000
v 0.15628636 -0.52343750 0.03906250
v 0.15628588 -0.52343750 0.04687500
v 0.15625024 -0.52343750 0.05468750
v 0.16407824 -0.72656250 0.00781250
v 0.16408682 -0.72656250 0.01562500
v 0.16407943 -0.71875000 0.00000000
v 0.16410351 -0.71875000 0.00781250
v 0.17187500 -0.71875000 0.01558399
v 0.17187500 -0.71877429 0.01562500
v 0.17187500 -0.71876994 0.02343750
v 0.17187500 -0.71875000 0.02345479
v 0.16407645 -0.71093750 -0.00781250
v 0.16409266 -0.71093750 0.00000000
v 0.17187500 -0.71093750 0.00778234
v 0.17187500 -0.71097848 0.00781250
v 0.17187500 -0.71095476 0.03125000
v 0.17187500 -0.71093750 0.03126073
v 0.16408384 -0.70312500 -0.00781250
v 0.16413438 -0.70312500 0.00000000
v 0.17187500 -0.70312500 0.00774062
v 0.17187500 -0.70312500 0.03128994
v 0.16409981 -0.69531250 -0.00781250
v 0.17187500 -0.69531250 -0.00003731
v 0.17187500 -0.69538441 0.00000000
v 0.17187500 -0.69535241 0.03906250
v 0.17179525 -0.69531250 0.03906250
v 0.17187500 -0.69531250 0.03907561
v 0.16408086 -0.68750000 -0.01562500
v 0.16421390 -0.68750000 -0.00781250
v 0.17187500 -0.68750000 -0.00015134
v 0.17178583 -0.68750000 0.03906250
v 0.17187500 -0.68750000 0.03908253
v 0.16408789 -0.67968750 -0.01562500
v 0.17187500 -0.67968750 -0.00783795
v 0.17187500 -0.67983887 -0.00781250
v 0.17187500 -0.67968750 0.03910542
v 0.17187500 -0.67187500 -0.00785995
v 0.17187500 -0.67191786 0.04687500
v 0.17111146 -0.67187500 0.04687500
v 0.17187500 -0.67187500 0.04689372
v 0.17187500 -0.66406250 -0.00784820
v 0.17187500 -0.66406250 0.04694021
v 0.17187500 -0.65625000 -0.00784421
v 0.17187500 -0.65631521 0.05468750
v 0.16850615 -0.65625000 0.05468750
v 0.17187500 -0.65625000 0.05471134
v 0.17187500 -0.64843750 -0.00784332
v 0.17187500 -0.64843750 0.05488110
v 0.17187500 -0.64062500 -0.00784540
v 0.17187500 -0.64062500 0.05502665
v 0.17187500 -0.63281250 -0.00785053
v 0.17187500 -0.63281250 0.05488932
v 0.17187500 -0.62500000 -0.00785267
v 0.17187500 -0.62520185 0.06250000
v 0.17187500 -0.62500000 0.06252038
v 0.17187500 -0.61718750 -0.00784200
v 0.17187500 -0.61718750 0.06253040
v 0.17187500 -0.60937500 -0.00783402
v 0.17187500 -0.60937500 0.06253529
v 0.17187500 -0.60156250 -0.00783169
v 0.17187500 -0.60156250 0.06254256
v 0.17187500 -0.60142723 -0.00781250
v 0.16419780 -0.59375000 -0.00781250
v 0.17187500 -0.59375000 -0.00013524
v 0.17187500 -0.59375000 0.06255662
v 0.17187500 -0.58593750 -0.00004762
v 0.17187500 -0.58593750 0.06258786
v 0.17187500 -0.58578295 0.00000000
v 0.16421700 -0.57812500 0.00000000
v 0.17187500 -0.57812500 0.00765800
v 0.17187500 -0.57812500 0.06260908
v 0.16411436 -0.57031250 0.00000000
v 0.17187500 -0.57802880 0.00781250
v 0.16415870 -0.57031250 0.00781250
v 0.17187500 -0.57031250 0.01552880
v 0.16434813 -0.57031250 0.06250000
v 0.17187500 -0.57031250 0.05497313
v 0.17187500 -0.57783937 0.06250000
v 0.16409314 -0.56250000 0.00000000
v 0.16410363 -0.56250000 0.00781250
v 0.17187500 -0.57025063 0.01562500
v 0.16412437 -0.56250000 0.01562500
v 0.17187500 -0.56250000 0.02337563
v 0.16420531 -0.56250000 0.06250000
v 0.17187500 -0.56250000 0.05483031
v 0.16408765 -0.55468750 0.00781250
v 0.16409898 -0.55468750 0.01562500
v 0.17187500 -0.56241167 0.02343750
v 0.16415083 -0.55468750 0.02343750
v 0.17187500 -0.55468750 0.03116167
v 0.16465056 -0.55468750 0.05468750
v 0.17187500 -0.55468750 0.04746306
v 0.17187500 -0.56191191 0.05468750
v 0.16410875 -0.55468750 0.06250000
v 0.16409206 -0.54687500 0.01562500
v 0.16411853 -0.54687500 0.02343750
v 0.17187500 -0.55460149 0.03125000
v 0.16414845 -0.54687500 0.03125000
v 0.17187500 -0.55456772 0.03906250
v 0.16418231 -0.54687500 0.03906250
v 0.17187500 -0.55457327 0.04687500
v 0.16417670 -0.54687500 0.04687500
v 0.16412115 -0.54687500 0.05468750
v 0.16409624 -0.53906250 0.02343750
v 0.16410148 -0.53906250 0.03125000
v 0.16410756 -0.53906250 0.03906250
v 0.16410410 -0.53906250 0.04687500
v 0.16409171 -0.53906250 0.05468750
v 0.17188537 -0.71875000 0.01562500
v 0.17188513 -0.71875000 0.02343750
v 0.17188847 -0.71093750 0.00781250
v 0.17189479 -0.71093750 0.01562500
v 0.17189670 -0.71093750 0.02343750
v 0.17188478 -0.71093750 0.03125000
v 0.17189634 -0.70312500 0.00781250
v 0.17192686 -0.70312500 0.01562500
v 0.17968750 -0.70312500 0.02338564
v 0.17968750 -0.70314667 0.02343750
v 0.17190301 -0.70312500 0.03125000
v 0.17968750 -0.70312500 0.02346551
v 0.17189205 -0.69531250 0.00000000
v 0.17190790 -0.69531250 0.00781250
v 0.17968750 -0.69531250 0.01559210
v 0.17968750 -0.69536442 0.01562500
v 0.17968750 -0.69534045 0.03125000
v 0.17189765 -0.69531250 0.03906250
v 0.17968750 -0.69531250 0.03127265
v 0.17189813 -0.68750000 0.00000000
v 0.17199111 -0.68750000 0.00781250
v 0.17968750 -0.68750000 0.01550889
v 0.17968750 -0.68752262 0.03906250
v 0.17968750 -0.68750000 0.03907478
v 0.17189431 -0.67968750 -0.00781250
v 0.17192662 -0.67968750 0.00000000
v 0.17968750 -0.67968750 0.00776088
v 0.17968750 -0.67980367 0.00781250
v 0.17968750 -0.67968750 0.03909409
v 0.17191231 -0.67187500 -0.00781250
v 0.17968750 -0.67187500 -0.00003737
v 0.17968750 -0.67192662 0.00000000
v 0.17201626 -0.67187500 0.04687500
v 0.17968750 -0.67187500 0.03920376
v 0.17192280 -0.66406250 -0.00781250
v 0.17968750 -0.66406250 -0.00004780
v 0.17968750 -0.66420379 0.04687500
v 0.17968750 -0.66406250 0.04689479
v 0.17200196 -0.65625000 -0.00781250
v 0.17968750 -0.65625000 -0.00012696
v 0.17191541 -0.65625000 0.05468750
v 0.17968750 -0.65625000 0.04691541
v 0.17968750 -0.64856446 -0.00781250
v 0.17968750 -0.64843750 -0.00782830
v 0.17200792 -0.64843750 0.05468750
v 0.17968750 -0.64843750 0.04700792
v 0.17968750 -0.64062500 -0.00783116
v 0.17968750 -0.64075792 0.05468750
v 0.17968750 -0.64062500 0.05472636
v 0.17968750 -0.63281250 -0.00783557
v 0.17968750 -0.63281250 0.05473232
v 0.17968750 -0.62500000 -0.00783718
v 0.17196631 -0.62500000 0.06250000
v 0.17968750 -0.62500000 0.05477881
v 0.17968750 -0.61718750 -0.00783497
v 0.17209089 -0.61718750 0.06250000
v 0.17968750 -0.61718750 0.05490339
v 0.17968750 -0.61694795 -0.00781250
v 0.17211449 -0.60937500 -0.00781250
v 0.17968750 -0.60937500 -0.00023955
v 0.17201924 -0.60937500 0.06250000
v 0.17968750 -0.60937500 0.05483174
v 0.17194736 -0.60156250 -0.00781250
v 0.17968750 -0.60156250 -0.00007230
v 0.17201519 -0.60156250 0.06250000
v 0.17968750 -0.60156250 0.05482769
v 0.17968750 -0.60142887 0.00000000
v 0.17200863 -0.59375000 0.00000000
v 0.17968750 -0.59375000 0.00767887
v 0.17204285 -0.59375000 0.06250000
v 0.17968750 -0.59375000 0.05485535
v 0.17191005 -0.58593750 0.00000000
v 0.17968750 -0.59369332 0.00781250
v 0.17193162 -0.58593750 0.00781250
v 0.17968750 -0.59361678 0.01562500
v 0.17200816 -0.58593750 0.01562500
v 0.17968750 -0.58593750 0.02330434
v 0.17207098 -0.58593750 0.06250000
v 0.17968750 -0.58593750 0.05488348
v 0.17190349 -0.57812500 0.00781250
v 0.17191625 -0.57812500 0.01562500
v 0.17968750 -0.58584255 0.02343750
v 0.17197001 -0.57812500 0.02343750
v 0.17968750 -0.57812500 0.03115499
v 0.17193735 -0.57812500 0.06250000
v 0.17968750 -0.57812500 0.05474985
v 0.17189908 -0.57031250 0.01562500
v 0.17191446 -0.57031250 0.02343750
v 0.17968750 -0.57801622 0.03125000
v 0.17198372 -0.57031250 0.03125000
v 0.17968750 -0.57031250 0.03895378
v 0.17195916 -0.57031250 0.05468750
v 0.17968750 -0.57031250 0.04695916
v 0.17968750 -0.57804087 0.05468750
v 0.17190111 -0.56250000 0.02343750
v 0.17191923 -0.56250000 0.03125000
v 0.17968750 -0.57024598 0.03906250
v 0.17194152 -0.56250000 0.03906250
v 0.17968750 -0.57024467 0.04687500
v 0.17194283 -0.56250000 0.04687500
v 0.17191398 -0.56250000 0.05468750
v 0.17189908 -0.55468750 0.03125000
v 0.17190123 -0.55468750 0.03906250
v 0.17190170 -0.55468750 0.04687500
v 0.17970133 -0.70312500 0.02343750
v 0.17970061 -0.69531250 0.01562500
v 0.17971706 -0.69531250 0.02343750
v 0.17970753 -0.69531250 0.03125000
v 0.17971146 -0.68750000 0.01562500
v 0.18750000 -0.68750000 0.02341354
v 0.18750000 -0.68752956 0.02343750
v 0.17995262 -0.68750000 0.03125000
v 0.18750000 -0.68750000 0.02370262
v 0.17970371 -0.68750000 0.03906250
v 0.17970777 -0.67968750 0.00781250
v 0.17988789 -0.67968750 0.01562500
v 0.18750000 -0.67968750 0.02323711
v 0.18750000 -0.67995259 0.03125000
v 0.17974734 -0.67968750 0.03906250
v 0.18750000 -0.67968750 0.03130984
v 0.17970431 -0.67187500 0.00000000
v 0.17973304 -0.67187500 0.00781250
v 0.18750000 -0.67187500 0.01557946
v 0.18750000 -0.67207536 0.01562500
v 0.18750000 -0.67193487 0.03906250
v 0.18750000 -0.67187500 0.03908205
v 0.17971420 -0.66406250 0.00000000
v 0.17991245 -0.66406250 0.00781250
v 0.18750000 -0.66406250 0.01540005
v 0.17972767 -0.66406250 0.04687500
v 0.18750000 -0.66406250 0.03910267
v 0.17973399 -0.65625000 0.00000000
v 0.18750000 -0.65625000 0.00776601
v 0.18750000 -0.65647495 0.00781250
v 0.17977202 -0.65625000 0.04687500
v 0.18750000 -0.65625000 0.03914702
v 0.17971683 -0.64843750 -0.00781250
v 0.17988503 -0.64843750 0.00000000
v 0.18750000 -0.64843750 0.00761497
v 0.18750000 -0.64845198 0.04687500
v 0.18750000 -0.64843750 0.04688072
v 0.17972636 -0.64062500 -0.00781250
v 0.18750000 -0.64062500 -0.00003892
v 0.18750000 -0.64082250 0.00000000
v 0.17975891 -0.64062500 0.05468750
v 0.18750000 -0.64062500 0.04694641
v 0.17974222 -0.63281250 -0.00781250
v 0.18750000 -0.63281250 -0.00005472
v 0.17985833 -0.63281250 0.05468750
v 0.18750000 -0.63281250 0.04704583
v 0.17976665 -0.62500000 -0.00781250
v 0.18750000 -0.62500000 -0.00007910
v 0.18750000 -0.62517086 0.05468750
v 0.18750000 -0.62500000 0.05473232
v 0.17976654 -0.61718750 -0.00781250
v 0.18750000 -0.61718750 -0.00007898
v 0.18750000 -0.61718750 0.05474961
v 0.18750000 -0.60937500 -0.00002748
v 0.18205094 -0.60937500 0.05468750
v 0.18750000 -0.60937500 0.04923844
v 0.18750000 -0.61482406 0.05468750
v 0.18750000 -0.60932600 0.00000000
v 0.17973650 -0.60156250 0.00000000
v 0.18750000 -0.60925156 0.00781250
v 0.17981100 -0.60156250 0.00781250
v 0.18750000 -0.60156250 0.01550150
v 0.17987061 -0.60156250 0.05468750
v 0.18750000 -0.60156250 0.04705811
v 0.17971325 -0.59375000 0.00781250
v 0.18750000 -0.60153067 0.01562500
v 0.17971933 -0.59375000 0.01562500
v 0.18750000 -0.60151386 0.02343750
v 0.17973614 -0.59375000 0.02343750
v 0.18750000 -0.60128239 0.03125000
v 0.17996764 -0.59375000 0.03125000
v 0.18750000 -0.59375000 0.03878236
v 0.17981195 -0.59375000 0.05468750
v 0.18750000 -0.59375000 0.04699945
v 0.17971647 -0.58593750 0.02343750
v 0.17974257 -0.58593750 0.03125000
v 0.18750000 -0.59357914 0.03906250
v 0.17985833 -0.58593750 0.03906250
v 0.18750000 -0.59360045 0.04687500
v 0.17983711 -0.58593750 0.04687500
v 0.17974627 -0.58593750 0.05468750
v 0.17971730 -0.57812500 0.03125000
v 0.17973173 -0.57812500 0.03906250
v 0.17973447 -0.57812500 0.04687500
v 0.17971945 -0.57812500 0.05468750
v 0.17971182 -0.57031250 0.03906250
v 0.17971230 -0.57031250 0.04687500
v 0.18752134 -0.68750000 0.02343750
v 0.18759966 -0.67968750 0.02343750
v 0.18754256 -0.67968750 0.03125000
v 0.18754613 -0.67187500 0.01562500
v 0.19531250 -0.67187500 0.02339137
v 0.19531250 -0.67197463 0.02343750
v 0.19531250 -0.67191753 0.03125000
v 0.18752277 -0.67187500 0.03906250
v 0.19531250 -0.67187500 0.03127277
v 0.18767881 -0.66406250 0.01562500
v 0.19531250 -0.66406250 0.02325869
v 0.18754411 -0.66406250 0.03906250
v 0.19531250 -0.66406250 0.03129411
v 0.18754172 -0.65625000 0.00781250
v 0.19531250 -0.65625000 0.01558328
v 0.19531250 -0.65642875 0.01562500
v 0.18764412 -0.65625000 0.03906250
v 0.19531250 -0.65625000 0.03139412
v 0.18758953 -0.64843750 0.00781250
v 0.19531250 -0.64843750 0.01553547
v 0.19531250 -0.64858165 0.03906250
v 0.18750572 -0.64843750 0.04687500
v 0.19531250 -0.64843750 0.03909636
v 0.18752921 -0.64062500 0.00000000
v 0.18784761 -0.64062500 0.00781250
v 0.19531250 -0.64062500 0.01527739
v 0.18760753 -0.64062500 0.04687500
v 0.19531250 -0.64062500 0.03917003
v 0.18754089 -0.63281250 0.00000000
v 0.19531250 -0.63281250 0.00777161
v 0.19531250 -0.63316014 0.00781250
v 0.18792415 -0.63281250 0.04687500
v 0.19531250 -0.63281250 0.03948665
v 0.18754137 -0.62500000 0.00000000
v 0.19531250 -0.62500000 0.00777113
v 0.19531250 -0.62542418 0.04687500
v 0.18760133 -0.62500000 0.05468750
v 0.19531250 -0.62500000 0.04697633
v 0.18754089 -0.61718750 0.00000000
v 0.19531250 -0.61718750 0.00777161
v 0.18766868 -0.61718750 0.05468750
v 0.19531250 -0.61718750 0.04704368
v 0.18752170 -0.60937500 0.00000000
v 0.19531250 -0.61715069 0.00781250
v 0.18753684 -0.60937500 0.00781250
v 0.19531250 -0.61657062 0.01562500
v 0.18811691 -0.60937500 0.01562500
v 0.19531250 -0.60937500 0.02282059
v 0.19531250 -0.60937500 0.04693532
v 0.18752551 -0.60156250 0.01562500
v 0.19531250 -0.60933390 0.02343750
v 0.18754113 -0.60156250 0.02343750
v 0.19531250 -0.60925919 0.03125000
v 0.18761575 -0.60156250 0.03125000
v 0.19531250 -0.60922348 0.03906250
v 0.18765152 -0.60156250 0.03906250
v 0.19531250 -0.60927290 0.04687500
v 0.18760204 -0.60156250 0.04687500
v 0.18753695 -0.59375000 0.03906250
v 0.18753386 -0.59375000 0.04687500
v 0.19533813 -0.67187500 0.02343750
v 0.19533157 -0.67187500 0.03125000
v 0.19539416 -0.66406250 0.02343750
v 0.19534779 -0.66406250 0.03125000
v 0.19534755 -0.65625000 0.01562500
v 0.19584954 -0.65625000 0.02343750
v 0.19537508 -0.65625000 0.03125000
v 0.19536352 -0.64843750 0.01562500
v 0.20312500 -0.64843750 0.02338648
v 0.20312500 -0.64897454 0.02343750
v 0.19542944 -0.64843750 0.03125000
v 0.20312500 -0.64843750 0.02355444
v 0.19533885 -0.64843750 0.03906250
v 0.19542050 -0.64062500 0.01562500
v 0.20312500 -0.64062500 0.02332950
v 0.20312500 -0.64074197 0.03125000
v 0.19535661 -0.64062500 0.03906250
v 0.20312500 -0.64062500 0.03129411
v 0.19533741 -0.63281250 0.00781250
v 0.19541347 -0.63281250 0.01562500
v 0.20312500 -0.63281250 0.02333653
v 0.19540679 -0.63281250 0.03906250
v 0.20312500 -0.63281250 0.03134429
v 0.19533801 -0.62500000 0.00781250
v 0.19538617 -0.62500000 0.01562500
v 0.20312500 -0.62500000 0.02336383
v 0.20312500 -0.62509429 0.03906250
v 0.19539380 -0.62500000 0.04687500
v 0.20312500 -0.62500000 0.03914380
v 0.19533074 -0.61718750 0.00781250
v 0.19534957 -0.61718750 0.01562500
v 0.20312500 -0.61718750 0.02340043
v 0.19540405 -0.61718750 0.04687500
v 0.20312500 -0.61718750 0.03915405
v 0.20312500 -0.61715260 0.02343750
v 0.19534743 -0.60937500 0.02343750
v 0.20312500 -0.61709809 0.03125000
v 0.19540191 -0.60937500 0.03125000
v 0.20312500 -0.61710566 0.03906250
v 0.19539428 -0.60937500 0.03906250
v 0.19535446 -0.60937500 0.04687500
v 0.20314324 -0.64843750 0.02343750
v 0.20314479 -0.64062500 0.02343750
v 0.20314360 -0.64062500 0.03125000
v 0.20314610 -0.63281250 0.02343750
v 0.20315003 -0.63281250 0.03125000
v 0.20314574 -0.62500000 0.02343750
v 0.20315278 -0.62500000 0.03125000
v 0.20314872 -0.62500000 0.03906250
v 0.20314026 -0.61718750 0.02343750
v 0.20314896 -0.61718750 0.03125000
v 0.20314801 -0.61718750 0.03906250
f 3 2 1
f 5 4 1
f 5 1 2
f 6 4 5
f 7 3 1
f 9 8 7
f 1 9 7
f 4 9 1
f 4 6 10
f 11 4 10
f 9 4 11
f 12 11 10
f 8 9 13
f 8 13 14
f 15 9 11
f 13 9 15
f 11 12 16
f 17 11 16
f 15 11 17
f 18 17 16
f 14 13 19
f 14 19 20
f 21 13 15
f 19 13 21
f 22 15 17
f 21 15 22
f 17 18 23
f 17 23 22
f 20 19 24
f 20 24 25
f 26 19 21
f 24 19 26
f 22 28 27
f 26 22 27
f 21 22 26
f 28 22 23
f 29 25 24
f 29 24 26
f 29 26 30
f 30 26 27
f 33 32 31
f 35 34 31
f 35 31 32
f 37 36 34
f 37 34 35
f 38 36 37
f 41 40 39
f 43 42 39
f 43 39 40
f 45 44 42
f 45 42 43
f 44 45 33
f 31 44 33
f 46 44 31
f 47 31 34
f 46 31 47
f 48 34 36
f 47 34 48
f 36 38 49
f 50 36 49
f 48 36 50
f 51 50 49
f 41 39 52
f 41 52 53
f 54 39 42
f 52 39 54
f 55 42 44
f 54 42 55
f 56 44 46
f 55 44 56
f 3 56 2
f 56 47 2
f 56 46 47
f 2 47 5
f 5 47 48
f 5 48 6
f 48 57 6
f 48 50 57
f 50 51 58
f 59 50 58
f 57 50 59
f 60 59 58
f 53 52 61
f 53 61 62
f 63 52 54
f 61 52 63
f 64 54 55
f 63 54 64
f 65 55 56
f 64 55 65
f 7 66 3
f 66 56 3
f 66 65 56
f 8 66 7
f 57 10 6
f 10 57 12
f 57 67 12
f 57 59 67
f 59 60 68
f 59 68 67
f 69 62 61
f 69 61 63
f 69 63 70
f 72 71 70
f 63 72 70
f 64 72 63
f 73 64 65
f 72 64 73
f 74 65 66
f 73 65 74
f 14 74 8
f 8 74 66
f 67 16 12
f 18 16 67
f 68 18 67
f 75 18 68
f 71 72 76
f 71 76 77
f 78 72 73
f 76 72 78
f 79 73 74
f 78 73 79
f 20 79 14
f 14 79 74
f 75 23 18
f 80 23 75
f 77 76 81
f 77 81 82
f 83 76 78
f 81 76 83
f 84 78 79
f 83 78 84
f 25 84 20
f 20 84 79
f 85 27 28
f 86 85 28
f 23 86 28
f 80 86 23
f 87 82 81
f 89 88 87
f 81 89 87
f 83 89 81
f 90 83 84
f 89 83 90
f 29 91 25
f 91 84 25
f 91 90 84
f 30 92 29
f 29 92 91
f 27 85 30
f 85 92 30
f 85 93 92
f 85 86 94
f 85 94 93
f 88 89 95
f 88 95 96
f 97 89 90
f 95 89 97
f 98 90 91
f 97 90 98
f 99 91 92
f 98 91 99
f 100 92 93
f 99 92 100
f 93 94 101
f 93 101 100
f 102 96 95
f 102 95 97
f 102 97 103
f 105 104 103
f 97 105 103
f 98 105 97
f 106 98 99
f 105 98 106
f 100 108 107
f 106 100 107
f 99 100 106
f 108 100 101
f 109 104 105
f 109 105 106
f 109 106 110
f 110 106 107
f 113 112 111
f 115 114 111
f 115 111 112
f 117 116 114
f 117 114 115
f 32 33 116
f 117 32 116
f 118 32 117
f 32 119 35
f 118 119 32
f 35 120 37
f 119 120 35
f 38 37 120
f 38 120 121
f 124 123 122
f 122 123 113
f 122 113 111
f 41 122 111
f 40 41 111
f 40 111 43
f 43 111 114
f 43 114 45
f 45 114 116
f 45 116 33
f 121 125 38
f 38 125 49
f 127 126 51
f 49 127 51
f 125 127 49
f 128 126 127
f 124 122 129
f 124 129 130
f 53 129 41
f 41 129 122
f 126 58 51
f 60 58 126
f 128 60 126
f 131 60 128
f 130 129 132
f 130 132 133
f 62 132 53
f 53 132 129
f 131 68 60
f 134 68 131
f 135 133 132
f 137 135 136
f 136 135 69
f 135 132 69
f 132 62 69
f 70 138 69
f 69 138 136
f 71 138 70
f 134 75 68
f 139 75 134
f 137 136 140
f 137 140 141
f 142 136 138
f 140 136 142
f 77 142 71
f 71 142 138
f 139 80 75
f 143 80 139
f 141 140 144
f 141 144 145
f 146 140 142
f 144 140 146
f 82 146 77
f 77 146 142
f 143 86 80
f 147 86 143
f 145 144 148
f 145 148 149
f 150 144 146
f 148 144 150
f 87 151 82
f 151 146 82
f 151 150 146
f 88 151 87
f 147 94 86
f 152 94 147
f 153 149 148
f 155 154 153
f 148 155 153
f 150 155 148
f 156 150 151
f 155 150 156
f 96 156 88
f 88 156 151
f 152 101 94
f 157 101 152
f 158 154 155
f 160 159 158
f 155 160 158
f 156 160 155
f 102 161 96
f 161 156 96
f 161 160 156
f 103 162 102
f 102 162 161
f 104 162 103
f 163 107 108
f 164 163 108
f 101 164 108
f 157 164 101
f 159 160 165
f 159 165 166
f 167 160 161
f 165 160 167
f 168 161 162
f 167 161 168
f 109 169 104
f 169 162 104
f 169 168 162
f 110 170 109
f 109 170 169
f 107 163 110
f 163 170 110
f 163 171 170
f 163 164 172
f 163 172 171
f 173 166 165
f 175 174 173
f 165 175 173
f 167 175 165
f 176 167 168
f 175 167 176
f 177 168 169
f 176 168 177
f 178 169 170
f 177 169 178
f 179 170 171
f 178 170 179
f 171 172 180
f 171 180 179
f 181 174 175
f 181 175 176
f 181 176 182
f 184 183 182
f 176 184 182
f 177 184 176
f 178 186 185
f 184 178 185
f 177 178 184
f 186 178 179
f 186 179 187
f 187 179 180
f 188 183 184
f 188 184 185
f 190 189 112
f 190 112 113
f 112 191 115
f 189 191 112
f 115 192 117
f 191 192 115
f 192 194 193
f 118 192 193
f 117 192 118
f 195 119 118
f 195 118 193
f 196 120 119
f 196 119 195
f 196 121 120
f 198 197 123
f 198 123 124
f 113 123 190
f 190 123 197
f 194 199 193
f 193 199 195
f 195 199 200
f 195 200 196
f 196 200 201
f 201 203 202
f 201 202 125
f 196 201 125
f 121 196 125
f 204 127 125
f 204 125 202
f 204 128 127
f 130 198 124
f 130 205 198
f 203 206 202
f 202 206 204
f 204 206 207
f 128 204 207
f 208 128 207
f 131 128 208
f 133 205 130
f 133 209 205
f 208 134 131
f 210 134 208
f 133 135 211
f 212 133 211
f 209 133 212
f 137 211 135
f 210 139 134
f 213 139 210
f 212 211 214
f 212 214 215
f 141 214 137
f 137 214 211
f 213 143 139
f 216 143 213
f 215 214 217
f 215 217 218
f 145 217 141
f 141 217 214
f 216 147 143
f 219 147 216
f 220 218 217
f 217 145 220
f 145 221 220
f 145 149 221
f 219 152 147
f 222 152 219
f 149 153 223
f 224 149 223
f 221 149 224
f 154 223 153
f 226 157 225
f 157 222 225
f 157 152 222
f 227 226 225
f 224 223 228
f 224 228 229
f 158 230 154
f 230 223 154
f 230 228 223
f 159 230 158
f 231 164 226
f 226 164 157
f 226 227 232
f 226 232 231
f 229 228 233
f 229 233 234
f 235 228 230
f 233 228 235
f 166 235 159
f 159 235 230
f 236 172 231
f 231 172 164
f 231 232 237
f 231 237 236
f 234 233 238
f 234 238 239
f 240 233 235
f 238 233 240
f 173 241 166
f 241 235 166
f 241 240 235
f 174 241 173
f 242 180 236
f 236 180 172
f 236 237 243
f 236 243 242
f 239 238 244
f 239 244 245
f 246 238 240
f 244 238 246
f 247 240 241
f 246 240 247
f 181 248 174
f 248 241 174
f 248 247 241
f 182 249 181
f 181 249 248
f 183 249 182
f 250 185 186
f 187 251 186
f 186 251 250
f 252 251 187
f 252 187 180
f 253 252 180
f 242 253 180
f 253 242 243
f 245 244 254
f 245 254 255
f 256 244 246
f 254 244 256
f 257 246 247
f 256 246 257
f 258 247 248
f 257 247 258
f 259 248 249
f 258 248 259
f 188 260 183
f 260 249 183
f 260 259 249
f 185 250 188
f 250 260 188
f 250 261 260
f 262 250 251
f 261 250 262
f 251 252 263
f 251 263 262
f 255 254 264
f 255 264 265
f 266 254 256
f 264 254 266
f 267 256 257
f 266 256 267
f 268 257 258
f 267 257 268
f 269 258 259
f 268 258 269
f 270 259 260
f 269 259 270
f 271 260 261
f 270 260 271
f 262 273 272
f 271 262 272
f 261 262 271
f 273 262 263
f 274 265 264
f 274 264 266
f 274 266 275
f 275 266 267
f 275 267 276
f 276 267 268
f 276 268 277
f 277 268 269
f 277 269 278
f 278 269 270
f 278 270 279
f 279 270 271
f 279 271 280
f 280 271 272
f 283 282 281
f 285 284 281
f 285 281 282
f 287 286 284
f 287 284 285
f 289 288 286
f 289 286 287
f 291 290 288
f 291 288 289
f 292 290 291
f 283 281 293
f 283 293 294
f 295 281 284
f 293 281 295
f 296 284 286
f 295 284 296
f 297 286 288
f 296 286 297
f 298 288 290
f 297 288 298
f 290 292 299
f 300 290 299
f 298 290 300
f 301 300 299
f 294 293 302
f 294 302 303
f 304 293 295
f 302 293 304
f 305 295 296
f 304 295 305
f 306 296 297
f 305 296 306
f 307 297 298
f 306 297 307
f 308 298 300
f 307 298 308
f 300 301 309
f 300 309 308
f 310 303 302
f 312 311 310
f 302 312 310
f 304 312 302
f 313 304 305
f 312 304 313
f 314 305 306
f 313 305 314
f 307 316 315
f 314 307 315
f 306 307 314
f 316 307 308
f 316 308 317
f 317 308 309
f 318 311 312
f 318 312 313
f 318 313 319
f 319 313 314
f 319 314 320
f 320 314 315
f 190 321 189
f 322 191 189
f 322 189 321
f 323 192 191
f 323 191 322
f 323 194 192
f 198 324 197
f 324 325 197
f 197 325 190
f 325 326 190
f 326 321 190
f 321 326 322
f 322 326 327
f 329 328 327
f 328 322 327
f 328 323 322
f 330 199 194
f 323 330 194
f 328 330 323
f 331 200 199
f 331 199 330
f 332 201 200
f 332 200 331
f 332 203 201
f 334 333 324
f 198 334 324
f 205 334 198
f 324 333 325
f 329 335 328
f 328 335 330
f 330 335 336
f 330 336 331
f 331 336 337
f 339 338 337
f 338 331 337
f 338 332 331
f 340 206 203
f 332 340 203
f 338 340 332
f 341 207 206
f 341 206 340
f 341 208 207
f 209 334 205
f 209 342 334
f 339 343 338
f 338 343 340
f 340 343 344
f 340 344 341
f 341 344 345
f 208 341 345
f 346 208 345
f 210 208 346
f 212 342 209
f 212 347 342
f 346 213 210
f 348 213 346
f 215 347 212
f 215 349 347
f 348 216 213
f 350 216 348
f 218 349 215
f 218 351 349
f 350 219 216
f 352 219 350
f 218 220 353
f 354 218 353
f 351 218 354
f 221 353 220
f 356 222 355
f 222 352 355
f 222 219 352
f 357 356 355
f 354 353 358
f 354 358 359
f 224 358 221
f 221 358 353
f 356 225 222
f 227 225 356
f 357 227 356
f 360 227 357
f 359 358 361
f 359 361 362
f 229 361 224
f 224 361 358
f 360 232 227
f 363 232 360
f 362 361 364
f 362 364 365
f 234 364 229
f 229 364 361
f 363 237 232
f 366 237 363
f 365 364 367
f 365 367 368
f 239 367 234
f 234 367 364
f 366 243 237
f 369 243 366
f 368 367 370
f 368 370 371
f 245 370 239
f 239 370 367
f 372 252 253
f 373 372 253
f 243 373 253
f 369 373 243
f 371 370 374
f 371 374 375
f 255 374 245
f 245 374 370
f 376 263 372
f 372 263 252
f 372 373 377
f 372 377 376
f 375 374 378
f 375 378 379
f 265 378 255
f 255 378 374
f 380 272 273
f 263 376 273
f 376 380 273
f 376 381 380
f 376 377 382
f 376 382 381
f 379 378 383
f 379 383 384
f 274 385 265
f 385 378 265
f 385 383 378
f 275 386 274
f 274 386 385
f 276 387 275
f 275 387 386
f 277 388 276
f 276 388 387
f 278 389 277
f 277 389 388
f 279 390 278
f 278 390 389
f 280 391 279
f 279 391 390
f 272 380 280
f 380 391 280
f 380 392 391
f 393 380 381
f 392 380 393
f 381 382 394
f 381 394 393
f 395 384 383
f 397 396 395
f 383 397 395
f 385 397 383
f 398 385 386
f 397 385 398
f 399 386 387
f 398 386 399
f 400 387 388
f 399 387 400
f 401 388 389
f 400 388 401
f 402 389 390
f 401 389 402
f 403 390 391
f 402 390 403
f 404 391 392
f 403 391 404
f 393 406 405
f 404 393 405
f 392 393 404
f 406 393 394
f 396 397 407
f 396 407 408
f 409 397 398
f 407 397 409
f 410 398 399
f 409 398 410
f 411 399 400
f 410 399 411
f 412 400 401
f 411 400 412
f 413 401 402
f 412 401 413
f 403 415 414
f 413 403 414
f 402 403 413
f 415 403 404
f 415 404 416
f 416 404 405
f 408 407 417
f 408 417 418
f 419 407 409
f 417 407 419
f 420 409 410
f 419 409 420
f 411 422 421
f 420 411 421
f 410 411 420
f 422 411 412
f 422 412 423
f 423 412 413
f 423 413 424
f 424 413 414
f 418 417 425
f 418 425 426
f 419 428 427
f 425 419 427
f 417 419 425
f 428 419 420
f 428 420 429
f 429 420 421
f 430 426 425
f 430 425 427
f 433 432 431
f 435 434 431
f 435 431 432
f 436 434 435
f 439 438 437
f 441 440 437
f 441 437 438
f 443 442 440
f 443 440 441
f 442 443 433
f 431 442 433
f 444 442 431
f 445 431 434
f 444 431 445
f 434 436 446
f 447 434 446
f 445 434 447
f 448 447 446
f 451 450 449
f 449 450 439
f 437 449 439
f 452 449 437
f 453 437 440
f 452 437 453
f 454 440 442
f 453 440 454
f 455 442 444
f 454 442 455
f 456 444 445
f 455 444 456
f 457 445 447
f 456 445 457
f 447 448 458
f 459 447 458
f 457 447 459
f 460 459 458
f 451 449 461
f 451 461 462
f 283 461 282
f 461 452 282
f 461 449 452
f 282 452 285
f 285 452 453
f 285 453 287
f 287 453 454
f 287 454 289
f 289 454 455
f 289 455 291
f 291 455 456
f 291 456 292
f 456 463 292
f 456 457 463
f 464 457 459
f 463 457 464
f 459 460 465
f 466 459 465
f 464 459 466
f 467 466 465
f 462 461 468
f 462 468 469
f 294 468 283
f 283 468 461
f 463 299 292
f 299 463 301
f 463 470 301
f 463 464 470
f 471 464 466
f 470 464 471
f 466 467 472
f 466 472 471
f 469 468 473
f 469 473 474
f 303 473 294
f 294 473 468
f 475 309 470
f 470 309 301
f 471 477 476
f 475 471 476
f 470 471 475
f 477 471 472
f 478 474 473
f 480 478 479
f 479 478 310
f 478 473 310
f 473 303 310
f 311 479 310
f 481 315 316
f 317 482 316
f 316 482 481
f 483 482 317
f 483 317 309
f 484 483 309
f 475 484 309
f 484 475 476
f 485 480 479
f 485 479 311
f 318 485 311
f 486 485 318
f 488 486 487
f 486 319 487
f 486 318 319
f 487 319 489
f 319 490 489
f 319 320 490
f 320 315 481
f 491 320 481
f 490 320 491
f 491 481 482
f 491 482 492
f 492 482 483
f 493 488 487
f 493 487 489
f 325 494 326
f 495 327 326
f 495 326 494
f 495 329 327
f 334 496 333
f 496 497 333
f 333 497 325
f 497 498 325
f 498 494 325
f 500 499 498
f 499 494 498
f 499 495 494
f 501 335 329
f 495 501 329
f 499 501 495
f 502 336 335
f 502 335 501
f 503 337 336
f 503 336 502
f 503 339 337
f 342 504 496
f 342 496 334
f 497 496 505
f 505 496 504
f 500 506 499
f 499 506 501
f 501 506 507
f 501 507 502
f 502 507 508
f 502 508 503
f 503 508 509
f 509 511 510
f 509 510 343
f 503 509 343
f 339 503 343
f 512 344 343
f 512 343 510
f 513 345 344
f 513 344 512
f 513 346 345
f 515 514 504
f 342 515 504
f 347 515 342
f 504 514 505
f 511 516 510
f 510 516 512
f 512 516 517
f 512 517 513
f 513 517 518
f 346 513 518
f 519 346 518
f 348 346 519
f 349 515 347
f 349 520 515
f 519 350 348
f 521 350 519
f 351 520 349
f 351 522 520
f 521 352 350
f 523 352 521
f 354 522 351
f 354 524 522
f 355 352 525
f 352 526 525
f 352 523 526
f 525 357 355
f 359 524 354
f 359 527 524
f 526 528 525
f 357 525 528
f 529 357 528
f 360 357 529
f 362 527 359
f 362 530 527
f 529 363 360
f 531 363 529
f 365 530 362
f 365 532 530
f 531 366 363
f 533 366 531
f 368 532 365
f 368 534 532
f 536 369 535
f 369 533 535
f 369 366 533
f 537 536 535
f 371 534 368
f 371 538 534
f 539 373 536
f 536 373 369
f 536 537 540
f 536 540 539
f 375 538 371
f 375 541 538
f 542 377 539
f 539 377 373
f 539 540 543
f 539 543 542
f 379 541 375
f 379 544 541
f 545 382 542
f 542 382 377
f 542 543 546
f 542 546 545
f 384 544 379
f 384 547 544
f 548 394 545
f 545 394 382
f 545 546 549
f 545 549 548
f 384 395 550
f 551 384 550
f 547 384 551
f 396 550 395
f 552 405 406
f 553 552 406
f 553 406 394
f 554 553 394
f 548 554 394
f 554 548 549
f 551 550 555
f 551 555 556
f 408 555 396
f 396 555 550
f 557 414 415
f 416 558 415
f 415 558 557
f 405 552 416
f 552 558 416
f 552 559 558
f 552 553 560
f 552 560 559
f 556 555 561
f 556 561 562
f 418 561 408
f 408 561 555
f 563 421 422
f 423 564 422
f 422 564 563
f 424 565 423
f 423 565 564
f 414 557 424
f 557 565 424
f 557 566 565
f 567 557 558
f 566 557 567
f 568 558 559
f 567 558 568
f 559 560 569
f 559 569 568
f 562 561 570
f 562 570 571
f 426 570 418
f 418 570 561
f 572 427 428
f 429 573 428
f 428 573 572
f 421 563 429
f 563 573 429
f 563 574 573
f 575 563 564
f 574 563 575
f 576 564 565
f 575 564 576
f 577 565 566
f 576 565 577
f 578 566 567
f 577 566 578
f 568 580 579
f 578 568 579
f 567 568 578
f 580 568 569
f 581 571 570
f 583 581 582
f 582 581 430
f 581 570 430
f 570 426 430
f 427 572 430
f 572 582 430
f 572 584 582
f 585 572 573
f 584 572 585
f 586 573 574
f 585 573 586
f 575 588 587
f 586 575 587
f 574 575 586
f 588 575 576
f 588 576 589
f 589 576 577
f 589 577 590
f 590 577 578
f 590 578 591
f 591 578 579
f 583 582 592
f 583 592 593
f 594 582 584
f 592 582 594
f 585 596 595
f 594 585 595
f 584 585 594
f 596 585 586
f 596 586 597
f 597 586 587
f 593 592 598
f 593 598 599
f 594 601 600
f 598 594 600
f 592 594 598
f 601 594 595
f 602 599 598
f 602 598 600
f 605 604 603
f 607 606 603
f 607 603 604
f 609 608 606
f 609 606 607
f 611 610 608
f 611 608 609
f 613 612 610
f 613 610 611
f 614 612 613
f 617 616 615
f 615 616 605
f 603 615 605
f 618 615 603
f 619 603 606
f 618 603 619
f 620 606 608
f 619 606 620
f 621 608 610
f 620 608 621
f 622 610 612
f 621 610 622
f 612 614 623
f 624 612 623
f 622 612 624
f 625 624 623
f 617 615 626
f 617 626 627
f 628 615 618
f 626 615 628
f 629 618 619
f 628 618 629
f 433 629 432
f 629 620 432
f 629 619 620
f 432 620 435
f 435 620 621
f 435 621 436
f 621 630 436
f 621 622 630
f 631 622 624
f 630 622 631
f 624 625 632
f 633 624 632
f 631 624 633
f 634 633 632
f 637 636 635
f 635 636 627
f 635 627 626
f 439 635 626
f 438 439 626
f 438 626 441
f 441 626 628
f 441 628 443
f 443 628 629
f 443 629 433
f 630 446 436
f 446 630 448
f 630 638 448
f 630 631 638
f 639 631 633
f 638 631 639
f 633 634 640
f 633 640 639
f 637 635 450
f 451 637 450
f 641 637 451
f 450 635 439
f 638 458 448
f 458 638 460
f 638 642 460
f 638 639 642
f 639 640 643
f 644 639 643
f 642 639 644
f 645 644 643
f 462 641 451
f 462 646 641
f 642 465 460
f 465 642 467
f 642 647 467
f 642 644 647
f 644 645 648
f 644 648 647
f 469 646 462
f 469 649 646
f 650 472 647
f 647 472 467
f 647 648 651
f 647 651 650
f 474 649 469
f 474 652 649
f 653 476 477
f 654 653 477
f 654 477 472
f 655 654 472
f 650 655 472
f 655 650 651
f 474 478 656
f 657 474 656
f 652 474 657
f 480 656 478
f 658 483 484
f 659 658 484
f 659 484 476
f 660 659 476
f 653 660 476
f 660 653 654
f 661 657 656
f 663 661 662
f 662 661 485
f 661 656 485
f 656 480 485
f 486 664 485
f 485 664 662
f 488 664 486
f 665 489 490
f 491 666 490
f 490 666 665
f 666 491 667
f 491 668 667
f 491 492 668
f 492 483 658
f 669 492 658
f 668 492 669
f 669 658 659
f 670 663 662
f 670 662 664
f 670 664 671
f 671 664 488
f 493 671 488
f 672 671 493
f 493 489 665
f 673 493 665
f 672 493 673
f 673 665 666
f 673 666 674
f 674 666 667
f 497 675 498
f 675 500 498
f 505 676 675
f 505 675 497
f 677 506 500
f 675 677 500
f 676 677 675
f 678 507 506
f 678 506 677
f 679 508 507
f 679 507 678
f 680 509 508
f 680 508 679
f 680 511 509
f 515 681 514
f 681 682 514
f 514 682 505
f 682 683 505
f 683 676 505
f 676 683 677
f 677 683 684
f 677 684 678
f 678 684 685
f 678 685 679
f 679 685 686
f 688 687 686
f 687 679 686
f 687 680 679
f 689 516 511
f 680 689 511
f 687 689 680
f 690 517 516
f 690 516 689
f 691 518 517
f 691 517 690
f 691 519 518
f 693 692 681
f 515 693 681
f 520 693 515
f 681 692 682
f 688 694 687
f 687 694 689
f 689 694 695
f 689 695 690
f 690 695 696
f 690 696 691
f 691 696 697
f 519 691 697
f 698 519 697
f 521 519 698
f 522 693 520
f 522 699 693
f 698 523 521
f 700 523 698
f 524 699 522
f 524 701 699
f 700 526 523
f 702 526 700
f 527 701 524
f 527 703 701
f 702 704 526
f 526 704 528
f 529 528 704
f 529 704 705
f 530 703 527
f 530 706 703
f 705 531 529
f 707 531 705
f 532 706 530
f 532 708 706
f 707 533 531
f 709 533 707
f 534 708 532
f 534 710 708
f 709 711 533
f 533 711 535
f 537 535 711
f 537 711 712
f 538 710 534
f 538 713 710
f 712 540 537
f 714 540 712
f 541 713 538
f 541 715 713
f 714 543 540
f 716 543 714
f 544 715 541
f 544 717 715
f 716 546 543
f 718 546 716
f 547 717 544
f 547 719 717
f 721 549 720
f 549 718 720
f 549 546 718
f 722 721 720
f 551 719 547
f 551 723 719
f 724 553 554
f 549 721 554
f 721 724 554
f 721 725 724
f 721 722 726
f 721 726 725
f 556 723 551
f 556 727 723
f 728 560 724
f 724 560 553
f 725 730 729
f 728 725 729
f 724 725 728
f 730 725 726
f 562 727 556
f 562 731 727
f 732 569 728
f 728 569 560
f 728 729 733
f 728 733 732
f 571 731 562
f 571 734 731
f 735 579 580
f 569 732 580
f 732 735 580
f 732 736 735
f 732 733 737
f 732 737 736
f 571 581 738
f 739 571 738
f 734 571 739
f 583 738 581
f 740 587 588
f 589 741 588
f 588 741 740
f 590 742 589
f 589 742 741
f 591 743 590
f 590 743 742
f 579 735 591
f 735 743 591
f 735 744 743
f 736 746 745
f 744 736 745
f 735 736 744
f 746 736 737
f 739 738 747
f 739 747 748
f 593 747 583
f 583 747 738
f 749 595 596
f 597 750 596
f 596 750 749
f 587 740 597
f 740 750 597
f 740 751 750
f 752 740 741
f 751 740 752
f 753 741 742
f 752 741 753
f 754 742 743
f 753 742 754
f 755 743 744
f 754 743 755
f 744 745 756
f 744 756 755
f 748 747 757
f 748 757 758
f 599 757 593
f 593 757 747
f 759 600 601
f 595 749 601
f 749 759 601
f 749 760 759
f 761 749 750
f 760 749 761
f 762 750 751
f 761 750 762
f 763 751 752
f 762 751 763
f 764 752 753
f 763 752 764
f 754 766 765
f 764 754 765
f 753 754 764
f 766 754 755
f 766 755 767
f 767 755 756
f 758 757 768
f 758 768 769
f 602 770 599
f 770 757 599
f 770 768 757
f 600 759 602
f 759 770 602
f 759 771 770
f 772 759 760
f 771 759 772
f 773 760 761
f 772 760 773
f 762 775 774
f 773 762 774
f 761 762 773
f 775 762 763
f 775 763 776
f 776 763 764
f 776 764 777
f 777 764 765
f 769 768 778
f 769 778 779
f 780 768 770
f 778 768 780
f 781 770 771
f 780 770 781
f 782 771 772
f 781 771 782
f 773 784 783
f 782 773 783
f 772 773 782
f 784 773 774
f 779 778 785
f 779 785 786
f 787 778 780
f 785 778 787
f 788 780 781
f 787 780 788
f 782 790 789
f 788 782 789
f 781 782 788
f 790 782 783
f 791 786 785
f 793 792 791
f 785 793 791
f 787 793 785
f 788 795 794
f 793 788 794
f 787 788 793
f 795 788 789
f 796 792 793
f 796 793 794
f 799 798 797
f 801 800 797
f 801 797 798
f 803 802 800
f 803 800 801
f 805 804 802
f 805 802 803
f 807 806 804
f 807 804 805
f 809 808 806
f 809 806 807
f 811 810 808
f 811 808 809
f 812 810 811
f 815 814 813
f 813 814 799
f 797 813 799
f 816 813 797
f 605 816 604
f 816 800 604
f 816 797 800
f 604 800 607
f 607 800 802
f 607 802 609
f 609 802 804
f 609 804 611
f 611 804 806
f 611 806 613
f 613 806 808
f 613 808 614
f 808 817 614
f 808 810 817
f 810 812 818
f 819 810 818
f 817 810 819
f 820 819 818
f 815 813 821
f 815 821 822
f 617 821 616
f 821 816 616
f 821 813 816
f 616 816 605
f 817 623 614
f 623 817 625
f 817 823 625
f 817 819 823
f 819 820 824
f 819 824 823
f 822 821 825
f 822 825 826
f 627 825 617
f 617 825 821
f 823 632 625
f 828 827 634
f 828 634 632
f 824 828 632
f 823 824 632
f 829 827 828
f 826 825 636
f 637 826 636
f 830 826 637
f 636 825 627
f 831 640 827
f 827 640 634
f 827 829 832
f 827 832 831
f 835 834 833
f 834 830 833
f 830 641 833
f 830 637 641
f 831 643 640
f 645 643 831
f 832 645 831
f 836 645 832
f 835 833 837
f 835 837 838
f 646 837 641
f 641 837 833
f 836 648 645
f 839 648 836
f 838 837 840
f 838 840 841
f 649 840 646
f 646 840 837
f 839 651 648
f 842 651 839
f 843 841 840
f 840 649 843
f 649 844 843
f 649 652 844
f 845 654 655
f 846 845 655
f 651 846 655
f 842 846 651
f 657 844 652
f 657 847 844
f 849 848 660
f 660 848 659
f 660 654 845
f 850 660 845
f 849 660 850
f 850 845 846
f 657 661 851
f 852 657 851
f 847 657 852
f 663 851 661
f 853 667 668
f 853 668 854
f 668 855 854
f 668 669 855
f 669 659 848
f 669 848 855
f 856 852 851
f 856 851 663
f 670 856 663
f 857 856 670
f 859 857 858
f 857 671 858
f 857 670 671
f 672 860 671
f 671 860 858
f 673 861 672
f 672 861 860
f 861 673 862
f 673 863 862
f 673 674 863
f 674 667 853
f 864 674 853
f 863 674 864
f 864 853 854
f 865 859 858
f 865 858 860
f 865 860 866
f 866 860 861
f 866 861 867
f 867 861 862
f 869 868 683
f 869 683 682
f 868 871 870
f 684 868 870
f 683 868 684
f 872 685 684
f 872 684 870
f 873 686 685
f 873 685 872
f 873 688 686
f 693 874 692
f 874 875 692
f 875 682 692
f 875 869 682
f 871 876 870
f 870 876 872
f 872 876 877
f 872 877 873
f 873 877 878
f 873 878 688
f 878 694 688
f 878 879 694
f 879 881 880
f 695 879 880
f 694 879 695
f 882 696 695
f 882 695 880
f 883 697 696
f 883 696 882
f 883 698 697
f 885 884 874
f 693 885 874
f 699 885 693
f 874 884 875
f 881 886 880
f 880 886 882
f 882 886 887
f 882 887 883
f 883 887 888
f 698 883 888
f 889 698 888
f 700 698 889
f 701 885 699
f 701 890 885
f 889 702 700
f 891 702 889
f 703 890 701
f 703 892 890
f 704 702 893
f 702 894 893
f 702 891 894
f 893 705 704
f 706 892 703
f 706 895 892
f 894 896 893
f 705 893 896
f 897 705 896
f 707 705 897
f 708 895 706
f 708 898 895
f 897 709 707
f 899 709 897
f 710 898 708
f 710 900 898
f 899 901 709
f 709 901 711
f 712 711 901
f 712 901 902
f 713 900 710
f 713 903 900
f 902 714 712
f 904 714 902
f 715 903 713
f 715 905 903
f 904 716 714
f 906 716 904
f 717 905 715
f 717 907 905
f 909 718 908
f 718 906 908
f 718 716 906
f 910 909 908
f 719 907 717
f 719 911 907
f 909 720 718
f 722 720 909
f 910 722 909
f 912 722 910
f 723 911 719
f 723 913 911
f 912 726 722
f 914 726 912
f 727 913 723
f 727 915 913
f 916 729 730
f 917 916 730
f 726 917 730
f 914 917 726
f 731 915 727
f 731 918 915
f 919 733 916
f 916 733 729
f 916 917 920
f 916 920 919
f 734 918 731
f 734 921 918
f 922 737 919
f 919 737 733
f 919 920 923
f 919 923 922
f 739 921 734
f 739 924 921
f 925 745 746
f 737 922 746
f 922 925 746
f 922 926 925
f 922 923 927
f 922 927 926
f 748 924 739
f 748 928 924
f 929 756 925
f 925 756 745
f 930 925 926
f 929 925 930
f 926 927 931
f 926 931 930
f 758 928 748
f 758 932 928
f 933 765 766
f 767 934 766
f 766 934 933
f 756 929 767
f 929 934 767
f 929 935 934
f 936 929 930
f 935 929 936
f 930 931 937
f 930 937 936
f 769 932 758
f 769 938 932
f 939 774 775
f 776 940 775
f 775 940 939
f 777 941 776
f 776 941 940
f 765 933 777
f 933 941 777
f 933 942 941
f 943 933 934
f 942 933 943
f 944 934 935
f 943 934 944
f 936 946 945
f 944 936 945
f 935 936 944
f 946 936 937
f 949 948 947
f 948 938 947
f 938 779 947
f 938 769 779
f 950 783 784
f 774 939 784
f 939 950 784
f 939 951 950
f 952 939 940
f 951 939 952
f 953 940 941
f 952 940 953
f 954 941 942
f 953 941 954
f 955 942 943
f 954 942 955
f 956 943 944
f 955 943 956
f 944 945 957
f 944 957 956
f 949 947 958
f 949 958 959
f 786 958 779
f 779 958 947
f 960 789 790
f 783 950 790
f 950 960 790
f 950 961 960
f 962 950 951
f 961 950 962
f 963 951 952
f 962 951 963
f 964 952 953
f 963 952 964
f 965 953 954
f 964 953 965
f 955 967 966
f 965 955 966
f 954 955 965
f 967 955 956
f 967 956 968
f 968 956 957
f 969 959 958
f 971 969 970
f 970 969 791
f 969 958 791
f 958 786 791
f 792 970 791
f 972 794 795
f 789 960 795
f 960 972 795
f 960 973 972
f 974 960 961
f 973 960 974
f 975 961 962
f 974 961 975
f 963 977 976
f 975 963 976
f 962 963 975
f 977 963 964
f 977 964 978
f 978 964 965
f 978 965 979
f 979 965 966
f 971 970 980
f 971 980 981
f 796 982 792
f 982 970 792
f 982 980 970
f 794 972 796
f 972 982 796
f 972 983 982
f 984 972 973
f 983 972 984
f 985 973 974
f 984 973 985
f 975 987 986
f 985 975 986
f 974 975 985
f 987 975 976
f 981 980 988
f 981 988 989
f 990 980 982
f 988 980 990
f 991 982 983
f 990 982 991
f 992 983 984
f 991 983 992
f 993 984 985
f 992 984 993
f 985 986 994
f 985 994 993
f 989 988 995
f 989 995 996
f 997 988 990
f 995 988 997
f 998 990 991
f 997 990 998
f 999 991 992
f 998 991 999
f 993 1001 1000
f 999 993 1000
f 992 993 999
f 1001 993 994
f 996 995 1002
f 996 1002 1003
f 1004 995 997
f 1002 995 1004
f 1005 997 998
f 1004 997 1005
f 999 1007 1006
f 1005 999 1006
f 998 999 1005
f 1007 999 1000
f 1003 1002 1008
f 1003 1008 1009
f 1010 1002 1004
f 1008 1002 1010
f 1005 1012 1011
f 1010 1005 1011
f 1004 1005 1010
f 1012 1005 1006
f 1013 1009 1008
f 1013 1008 1010
f 1013 1010 1014
f 1014 1010 1011
f 1017 1016 1015
f 1018 1015 1016
f 1021 1020 1019
f 1023 1022 1019
f 1023 1019 1020
f 1025 1024 1022
f 1025 1022 1023
f 1027 1026 1024
f 1027 1024 1025
f 1026 1027 1017
f 1015 1026 1017
f 1028 1026 1015
f 1015 1018 1029
f 1030 1015 1029
f 1028 1015 1030
f 1032 1031 1030
f 1032 1030 1029
f 1033 1031 1032
f 1036 1035 1034
f 1034 1035 1021
f 1019 1034 1021
f 1037 1034 1019
f 1038 1019 1022
f 1037 1019 1038
f 1039 1022 1024
f 1038 1022 1039
f 1040 1024 1026
f 1039 1024 1040
f 1041 1026 1028
f 1040 1026 1041
f 1042 1028 1030
f 1041 1028 1042
f 1043 1030 1031
f 1042 1030 1043
f 1031 1033 1044
f 1045 1031 1044
f 1043 1031 1045
f 1046 1045 1044
f 1036 1034 1047
f 1036 1047 1048
f 799 1047 798
f 1047 1037 798
f 1047 1034 1037
f 798 1037 801
f 801 1037 1038
f 801 1038 803
f 803 1038 1039
f 803 1039 805
f 805 1039 1040
f 805 1040 807
f 807 1040 1041
f 807 1041 809
f 809 1041 1042
f 809 1042 811
f 811 1042 1043
f 811 1043 812
f 1043 1049 812
f 1043 1045 1049
f 1045 1046 1050
f 1045 1050 1049
f 1048 1047 814
f 815 1048 814
f 1051 1048 815
f 814 1047 799
f 1049 818 812
f 820 818 1049
f 1050 820 1049
f 1052 820 1050
f 1055 1054 1053
f 1054 1051 1053
f 1051 822 1053
f 1051 815 822
f 1057 824 1056
f 824 1052 1056
f 824 820 1052
f 1058 1057 1056
f 1055 1053 1059
f 1055 1059 1060
f 826 1059 822
f 822 1059 1053
f 1057 828 824
f 829 828 1057
f 1058 829 1057
f 1061 829 1058
f 1060 1059 1062
f 1060 1062 1063
f 830 1062 826
f 826 1062 1059
f 1061 832 829
f 1064 832 1061
f 1063 1062 834
f 835 1063 834
f 1065 1063 835
f 834 1062 830
f 1064 836 832
f 1066 836 1064
f 838 1065 835
f 838 1067 1065
f 1066 839 836
f 1068 839 1066
f 841 1067 838
f 841 1069 1067
f 1068 842 839
f 1070 842 1068
f 841 843 1071
f 1072 841 1071
f 1069 841 1072
f 844 1071 843
f 1070 846 842
f 1073 846 1070
f 1074 1072 1071
f 1071 844 1074
f 844 1075 1074
f 844 847 1075
f 1076 848 849
f 1076 849 1077
f 849 1078 1077
f 849 850 1078
f 850 846 1073
f 850 1073 1078
f 852 1080 1079
f 1075 852 1079
f 847 852 1075
f 1080 1081 1079
f 1083 1082 855
f 855 1082 854
f 855 848 1076
f 1084 855 1076
f 1083 855 1084
f 1084 1076 1077
f 856 1080 852
f 1085 1081 1080
f 856 1085 1080
f 857 1085 856
f 1087 1086 859
f 1086 857 859
f 1086 1085 857
f 1087 1088 1086
f 1089 862 863
f 1089 863 1090
f 863 1091 1090
f 863 864 1091
f 864 854 1082
f 864 1082 1091
f 865 1087 859
f 1092 1088 1087
f 865 1092 1087
f 866 1092 865
f 1093 866 867
f 1093 1092 866
f 867 862 1089
f 1094 867 1089
f 1093 867 1094
f 1094 1089 1090
f 869 1095 868
f 1095 871 868
f 875 1096 1095
f 875 1095 869
f 1097 876 871
f 1095 1097 871
f 1096 1097 1095
f 1098 877 876
f 1098 876 1097
f 1099 878 877
f 1099 877 1098
f 1100 879 878
f 1100 878 1099
f 1100 881 879
f 885 1101 884
f 1101 1102 884
f 884 1102 875
f 1102 1103 875
f 1103 1096 875
f 1096 1103 1097
f 1097 1103 1104
f 1097 1104 1098
f 1098 1104 1105
f 1098 1105 1099
f 1099 1105 1106
f 1099 1106 1100
f 1100 1106 1107
f 1100 1107 881
f 1107 886 881
f 1107 1108 886
f 1108 1110 1109
f 887 1108 1109
f 886 1108 887
f 1111 888 887
f 1111 887 1109
f 1111 889 888
f 1113 1112 1101
f 885 1113 1101
f 890 1113 885
f 1101 1112 1102
f 1110 1114 1109
f 1109 1114 1111
f 1111 1114 1115
f 889 1111 1115
f 1116 889 1115
f 891 889 1116
f 892 1113 890
f 892 1117 1113
f 1116 894 891
f 1118 894 1116
f 895 1117 892
f 895 1119 1117
f 1118 1120 894
f 894 1120 896
f 897 896 1120
f 897 1120 1121
f 898 1119 895
f 898 1122 1119
f 1121 899 897
f 1123 899 1121
f 900 1122 898
f 900 1124 1122
f 1123 1125 899
f 899 1125 901
f 902 901 1125
f 902 1125 1126
f 903 1124 900
f 903 1127 1124
f 1126 904 902
f 1128 904 1126
f 905 1127 903
f 905 1129 1127
f 1128 906 904
f 1130 906 1128
f 907 1129 905
f 907 1131 1129
f 1130 1132 906
f 906 1132 908
f 910 908 1132
f 910 1132 1133
f 911 1131 907
f 911 1134 1131
f 1133 912 910
f 1135 912 1133
f 913 1134 911
f 913 1136 1134
f 1135 914 912
f 1137 914 1135
f 915 1136 913
f 915 1138 1136
f 1137 917 914
f 1139 917 1137
f 918 1138 915
f 918 1140 1138
f 1139 920 917
f 1141 920 1139
f 921 1140 918
f 921 1142 1140
f 1141 923 920
f 1143 923 1141
f 924 1142 921
f 924 1144 1142
f 1143 927 923
f 1145 927 1143
f 928 1144 924
f 928 1146 1144
f 1145 931 927
f 1147 931 1145
f 1150 1149 1148
f 1149 1146 1148
f 1146 932 1148
f 1146 928 932
f 1147 937 931
f 1151 937 1147
f 1150 1148 1152
f 1150 1152 1153
f 938 1152 932
f 932 1152 1148
f 1154 945 946
f 1155 1154 946
f 937 1155 946
f 1151 1155 937
f 1153 1152 948
f 949 1153 948
f 1156 1153 949
f 948 1152 938
f 1157 957 1154
f 1154 957 945
f 1154 1155 1158
f 1154 1158 1157
f 959 1156 949
f 959 1159 1156
f 1160 966 967
f 968 1161 967
f 967 1161 1160
f 957 1157 968
f 1157 1161 968
f 1157 1162 1161
f 1157 1158 1163
f 1157 1163 1162
f 959 969 1164
f 1165 959 1164
f 1159 959 1165
f 971 1164 969
f 1166 976 977
f 978 1167 977
f 977 1167 1166
f 979 1168 978
f 978 1168 1167
f 966 1160 979
f 1160 1168 979
f 1160 1169 1168
f 1170 1160 1161
f 1169 1160 1170
f 1171 1161 1162
f 1170 1161 1171
f 1162 1163 1172
f 1162 1172 1171
f 1165 1164 1173
f 1165 1173 1174
f 981 1173 971
f 971 1173 1164
f 1175 986 987
f 976 1166 987
f 1166 1175 987
f 1166 1176 1175
f 1177 1166 1167
f 1176 1166 1177
f 1178 1167 1168
f 1177 1167 1178
f 1179 1168 1169
f 1178 1168 1179
f 1180 1169 1170
f 1179 1169 1180
f 1171 1182 1181
f 1180 1171 1181
f 1170 1171 1180
f 1182 1171 1172
f 1174 1173 1183
f 1174 1183 1184
f 989 1183 981
f 981 1183 1173
f 1185 994 1175
f 1175 994 986
f 1186 1175 1176
f 1185 1175 1186
f 1187 1176 1177
f 1186 1176 1187
f 1188 1177 1178
f 1187 1177 1188
f 1189 1178 1179
f 1188 1178 1189
f 1190 1179 1180
f 1189 1179 1190
f 1180 1181 1191
f 1180 1191 1190
f 1184 1183 1192
f 1184 1192 1193
f 996 1192 989
f 989 1192 1183
f 1194 1000 1001
f 994 1185 1001
f 1185 1194 1001
f 1185 1195 1194
f 1196 1185 1186
f 1195 1185 1196
f 1197 1186 1187
f 1196 1186 1197
f 1198 1187 1188
f 1197 1187 1198
f 1199 1188 1189
f 1198 1188 1199
f 1190 1201 1200
f 1199 1190 1200
f 1189 1190 1199
f 1201 1190 1191
f 1193 1192 1202
f 1193 1202 1203
f 1003 1202 996
f 996 1202 1192
f 1204 1006 1007
f 1000 1194 1007
f 1194 1204 1007
f 1194 1205 1204
f 1206 1194 1195
f 1205 1194 1206
f 1207 1195 1196
f 1206 1195 1207
f 1208 1196 1197
f 1207 1196 1208
f 1198 1210 1209
f 1208 1198 1209
f 1197 1198 1208
f 1210 1198 1199
f 1210 1199 1211
f 1211 1199 1200
f 1203 1202 1212
f 1203 1212 1213
f 1009 1212 1003
f 1003 1212 1202
f 1214 1011 1012
f 1006 1204 1012
f 1204 1214 1012
f 1204 1215 1214
f 1216 1204 1205
f 1215 1204 1216
f 1217 1205 1206
f 1216 1205 1217
f 1218 1206 1207
f 1217 1206 1218
f 1208 1220 1219
f 1218 1208 1219
f 1207 1208 1218
f 1220 1208 1209
f 1213 1212 1221
f 1213 1221 1222
f 1013 1223 1009
f 1223 1212 1009
f 1223 1221 1212
f 1014 1224 1013
f 1013 1224 1223
f 1011 1214 1014
f 1214 1224 1014
f 1214 1225 1224
f 1226 1214 1215
f 1225 1214 1226
f 1227 1215 1216
f 1226 1215 1227
f 1228 1216 1217
f 1227 1216 1228
f 1218 1230 1229
f 1228 1218 1229
f 1217 1218 1228
f 1230 1218 1219
f 1222 1221 1231
f 1222 1231 1232
f 1233 1221 1223
f 1231 1221 1233
f 1234 1223 1224
f 1233 1223 1234
f 1235 1224 1225
f 1234 1224 1235
f 1236 1225 1226
f 1235 1225 1236
f 1237 1226 1227
f 1236 1226 1237
f 1228 1239 1238
f 1237 1228 1238
f 1227 1228 1237
f 1239 1228 1229
f 1232 1231 1240
f 1232 1240 1241
f 1242 1231 1233
f 1240 1231 1242
f 1243 1233 1234
f 1242 1233 1243
f 1244 1234 1235
f 1243 1234 1244
f 1245 1235 1236
f 1244 1235 1245
f 1237 1247 1246
f 1245 1237 1246
f 1236 1237 1245
f 1247 1237 1238
f 1241 1240 1248
f 1241 1248 1249
f 1250 1240 1242
f 1248 1240 1250
f 1251 1242 1243
f 1250 1242 1251
f 1252 1243 1244
f 1251 1243 1252
f 1245 1254 1253
f 1252 1245 1253
f 1244 1245 1252
f 1254 1245 1246
f 1249 1248 1255
f 1249 1255 1256
f 1257 1248 1250
f 1255 1248 1257
f 1258 1250 1251
f 1257 1250 1258
f 1259 1251 1252
f 1258 1251 1259
f 1252 1253 1260
f 1252 1260 1259
f 1256 1255 1261
f 1256 1261 1262
f 1263 1255 1257
f 1261 1255 1263
f 1264 1257 1258
f 1263 1257 1264
f 1265 1258 1259
f 1264 1258 1265
f 1259 1260 1266
f 1259 1266 1265
f 1262 1261 1267
f 1262 1267 1268
f 1269 1261 1263
f 1267 1261 1269
f 1270 1263 1264
f 1269 1263 1270
f 1265 1272 1271
f 1270 1265 1271
f 1264 1265 1270
f 1272 1265 1266
f 1273 1268 1267
f 1275 1274 1273
f 1267 1275 1273
f 1269 1275 1267
f 1276 1269 1270
f 1275 1269 1276
f 1270 1271 1277
f 1270 1277 1276
f 1274 1275 1278
f 1274 1278 1279
f 1280 1275 1276
f 1278 1275 1280
f 1276 1277 1281
f 1276 1281 1280
f 1279 1278 1282
f 1279 1282 1283
f 1284 1278 1280
f 1282 1278 1284
f 1280 1281 1285
f 1280 1285 1284
f 1283 1282 1286
f 1283 1286 1287
f 1288 1282 1284
f 1286 1282 1288
f 1284 1285 1289
f 1284 1289 1288
f 1287 1286 1290
f 1287 1290 1291
f 1292 1286 1288
f 1290 1286 1292
f 1288 1289 1293
f 1288 1293 1292
f 1291 1290 1294
f 1291 1294 1295
f 1292 1297 1296
f 1294 1292 1296
f 1290 1292 1294
f 1297 1292 1293
f 1295 1294 1298
f 1295 1298 1299
f 1294 1296 1300
f 1294 1300 1298
f 1299 1298 1301
f 1299 1301 1302
f 1298 1300 1303
f 1298 1303 1301
f 1302 1301 1304
f 1302 1304 1305
f 1301 1303 1306
f 1301 1306 1304
f 1305 1304 1307
f 1305 1307 1308
f 1304 1306 1309
f 1304 1309 1307
f 1308 1307 1310
f 1308 1310 1311
f 1307 1309 1312
f 1313 1307 1312
f 1310 1307 1313
f 1314 1313 1312
f 1317 1316 1315
f 1319 1318 1315
f 1319 1315 1316
f 1320 1318 1319
f 1311 1310 1321
f 1311 1321 1322
f 1323 1310 1313
f 1321 1310 1323
f 1313 1314 1324
f 1325 1313 1324
f 1323 1313 1325
f 1327 1326 1325
f 1327 1325 1324
f 1326 1327 1317
f 1315 1326 1317
f 1328 1326 1315
f 1329 1315 1318
f 1328 1315 1329
f 1318 1320 1330
f 1331 1318 1330
f 1329 1318 1331
f 1333 1332 1331
f 1333 1331 1330
f 1334 1332 1333
f 1322 1321 1335
f 1322 1335 1336
f 1337 1321 1323
f 1335 1321 1337
f 1338 1323 1325
f 1337 1323 1338
f 1339 1325 1326
f 1338 1325 1339
f 1340 1326 1328
f 1339 1326 1340
f 1341 1328 1329
f 1340 1328 1341
f 1342 1329 1331
f 1341 1329 1342
f 1343 1331 1332
f 1342 1331 1343
f 1332 1334 1344
f 1332 1344 1343
f 1336 1335 1345
f 1336 1345 1346
f 1347 1335 1337
f 1345 1335 1347
f 1348 1337 1338
f 1347 1337 1348
f 1349 1338 1339
f 1348 1338 1349
f 1350 1339 1340
f 1349 1339 1350
f 1017 1350 1016
f 1350 1341 1016
f 1350 1340 1341
f 1016 1341 1018
f 1341 1351 1018
f 1341 1342 1351
f 1352 1342 1343
f 1351 1342 1352
f 1343 1344 1353
f 1354 1343 1353
f 1352 1343 1354
f 1355 1354 1353
f 1346 1345 1356
f 1346 1356 1357
f 1021 1356 1020
f 1356 1347 1020
f 1356 1345 1347
f 1020 1347 1023
f 1023 1347 1348
f 1023 1348 1025
f 1025 1348 1349
f 1025 1349 1027
f 1027 1349 1350
f 1027 1350 1017
f 1351 1029 1018
f 1029 1351 1032
f 1032 1351 1352
f 1032 1352 1033
f 1352 1358 1033
f 1352 1354 1358
f 1354 1355 1359
f 1354 1359 1358
f 1362 1361 1360
f 1360 1361 1357
f 1360 1357 1356
f 1036 1360 1356
f 1035 1036 1356
f 1035 1356 1021
f 1358 1044 1033
f 1046 1044 1358
f 1359 1046 1358
f 1363 1046 1359
f 1362 1360 1364
f 1362 1364 1365
f 1048 1364 1036
f 1036 1364 1360
f 1363 1050 1046
f 1366 1050 1363
f 1365 1364 1367
f 1365 1367 1368
f 1051 1367 1048
f 1048 1367 1364
f 1370 1052 1369
f 1052 1366 1369
f 1052 1050 1366
f 1371 1370 1369
f 1368 1367 1054
f 1055 1368 1054
f 1372 1368 1055
f 1054 1367 1051
f 1370 1056 1052
f 1058 1056 1370
f 1371 1058 1370
f 1373 1058 1371
f 1060 1372 1055
f 1060 1374 1372
f 1373 1061 1058
f 1375 1061 1373
f 1063 1374 1060
f 1063 1376 1374
f 1375 1064 1061
f 1377 1064 1375
f 1065 1376 1063
f 1065 1378 1376
f 1377 1066 1064
f 1379 1066 1377
f 1067 1378 1065
f 1067 1380 1378
f 1379 1068 1066
f 1381 1068 1379
f 1069 1380 1067
f 1069 1382 1380
f 1381 1070 1068
f 1383 1070 1381
f 1072 1385 1384
f 1382 1072 1384
f 1069 1072 1382
f 1385 1386 1384
f 1383 1073 1070
f 1387 1073 1383
f 1074 1385 1072
f 1074 1075 1385
f 1075 1386 1385
f 1075 1388 1386
f 1390 1389 1078
f 1078 1389 1077
f 1078 1073 1387
f 1078 1387 1390
f 1391 1388 1075
f 1391 1075 1079
f 1393 1392 1081
f 1392 1079 1081
f 1392 1391 1079
f 1393 1394 1392
f 1396 1395 1083
f 1083 1395 1082
f 1397 1083 1084
f 1397 1396 1083
f 1084 1077 1389
f 1084 1389 1397
f 1085 1393 1081
f 1398 1394 1393
f 1085 1398 1393
f 1086 1398 1085
f 1400 1399 1088
f 1399 1086 1088
f 1399 1398 1086
f 1402 1401 1400
f 1400 1401 1399
f 1404 1403 1402
f 1402 1403 1401
f 1090 1091 1404
f 1091 1403 1404
f 1091 1405 1403
f 1091 1082 1395
f 1091 1395 1405
f 1092 1400 1088
f 1400 1092 1093
f 1400 1093 1402
f 1402 1093 1094
f 1402 1094 1404
f 1404 1094 1090
f 1407 1406 1103
f 1407 1103 1102
f 1406 1409 1408
f 1104 1406 1408
f 1103 1406 1104
f 1410 1105 1104
f 1410 1104 1408
f 1411 1106 1105
f 1411 1105 1410
f 1412 1107 1106
f 1412 1106 1411
f 1413 1108 1107
f 1413 1107 1412
f 1413 1110 1108
f 1415 1414 1112
f 1415 1112 1113
f 1102 1112 1407
f 1407 1112 1414
f 1409 1416 1408
f 1408 1416 1410
f 1410 1416 1417
f 1410 1417 1411
f 1411 1417 1418
f 1411 1418 1412
f 1412 1418 1419
f 1412 1419 1413
f 1413 1419 1420
f 1413 1420 1110
f 1420 1114 1110
f 1420 1421 1114
f 1421 1423 1422
f 1115 1421 1422
f 1114 1421 1115
f 1422 1116 1115
f 1117 1415 1113
f 1117 1424 1415
f 1423 1425 1422
f 1116 1422 1425
f 1426 1116 1425
f 1118 1116 1426
f 1119 1424 1117
f 1119 1427 1424
f 1426 1428 1118
f 1118 1428 1120
f 1121 1120 1428
f 1121 1428 1429
f 1122 1427 1119
f 1122 1430 1427
f 1429 1123 1121
f 1431 1123 1429
f 1124 1430 1122
f 1124 1432 1430
f 1431 1433 1123
f 1123 1433 1125
f 1126 1125 1433
f 1126 1433 1434
f 1127 1432 1124
f 1127 1435 1432
f 1434 1128 1126
f 1436 1128 1434
f 1129 1435 1127
f 1129 1437 1435
f 1436 1130 1128
f 1438 1130 1436
f 1131 1437 1129
f 1131 1439 1437
f 1438 1440 1130
f 1130 1440 1132
f 1133 1132 1440
f 1133 1440 1441
f 1134 1439 1131
f 1134 1442 1439
f 1441 1135 1133
f 1443 1135 1441
f 1136 1442 1134
f 1136 1444 1442
f 1443 1137 1135
f 1445 1137 1443
f 1138 1444 1136
f 1138 1446 1444
f 1445 1139 1137
f 1447 1139 1445
f 1140 1446 1138
f 1140 1448 1446
f 1447 1141 1139
f 1449 1141 1447
f 1142 1448 1140
f 1142 1450 1448
f 1449 1143 1141
f 1451 1143 1449
f 1144 1450 1142
f 1144 1452 1450
f 1451 1145 1143
f 1453 1145 1451
f 1146 1452 1144
f 1146 1454 1452
f 1453 1147 1145
f 1455 1147 1453
f 1457 1456 1149
f 1457 1149 1150
f 1146 1149 1454
f 1454 1149 1456
f 1459 1151 1458
f 1151 1455 1458
f 1151 1147 1455
f 1460 1459 1458
f 1153 1457 1150
f 1153 1461 1457
f 1462 1155 1459
f 1459 1155 1151
f 1459 1460 1463
f 1459 1463 1462
f 1156 1461 1153
f 1156 1464 1461
f 1465 1158 1462
f 1462 1158 1155
f 1462 1463 1466
f 1462 1466 1465
f 1159 1464 1156
f 1159 1467 1464
f 1468 1163 1465
f 1465 1163 1158
f 1465 1466 1469
f 1465 1469 1468
f 1165 1467 1159
f 1165 1470 1467
f 1472 1471 1468
f 1471 1163 1468
f 1471 1172 1163
f 1472 1468 1469
f 1174 1470 1165
f 1174 1473 1470
f 1474 1181 1182
f 1475 1474 1182
f 1172 1475 1182
f 1471 1475 1172
f 1184 1473 1174
f 1184 1476 1473
f 1477 1191 1474
f 1474 1191 1181
f 1474 1475 1478
f 1474 1478 1477
f 1193 1476 1184
f 1193 1479 1476
f 1480 1200 1201
f 1191 1477 1201
f 1477 1480 1201
f 1477 1481 1480
f 1477 1478 1482
f 1477 1482 1481
f 1203 1479 1193
f 1203 1483 1479
f 1484 1209 1210
f 1211 1485 1210
f 1210 1485 1484
f 1200 1480 1211
f 1480 1485 1211
f 1480 1486 1485
f 1487 1480 1481
f 1486 1480 1487
f 1481 1482 1488
f 1481 1488 1487
f 1213 1483 1203
f 1213 1489 1483
f 1490 1219 1220
f 1209 1484 1220
f 1484 1490 1220
f 1484 1491 1490
f 1492 1484 1485
f 1491 1484 1492
f 1493 1485 1486
f 1492 1485 1493
f 1487 1495 1494
f 1493 1487 1494
f 1486 1487 1493
f 1495 1487 1488
f 1222 1489 1213
f 1222 1496 1489
f 1497 1229 1230
f 1219 1490 1230
f 1490 1497 1230
f 1490 1498 1497
f 1499 1490 1491
f 1498 1490 1499
f 1500 1491 1492
f 1499 1491 1500
f 1501 1492 1493
f 1500 1492 1501
f 1493 1494 1502
f 1493 1502 1501
f 1232 1496 1222
f 1232 1503 1496
f 1504 1238 1239
f 1229 1497 1239
f 1497 1504 1239
f 1497 1505 1504
f 1506 1497 1498
f 1505 1497 1506
f 1507 1498 1499
f 1506 1498 1507
f 1508 1499 1500
f 1507 1499 1508
f 1501 1510 1509
f 1508 1501 1509
f 1500 1501 1508
f 1510 1501 1502
f 1241 1503 1232
f 1241 1511 1503
f 1512 1246 1247
f 1238 1504 1247
f 1504 1512 1247
f 1504 1513 1512
f 1514 1504 1505
f 1513 1504 1514
f 1515 1505 1506
f 1514 1505 1515
f 1516 1506 1507
f 1515 1506 1516
f 1517 1507 1508
f 1516 1507 1517
f 1508 1509 1518
f 1508 1518 1517
f 1249 1511 1241
f 1249 1519 1511
f 1520 1253 1254
f 1246 1512 1254
f 1512 1520 1254
f 1512 1521 1520
f 1522 1512 1513
f 1521 1512 1522
f 1523 1513 1514
f 1522 1513 1523
f 1524 1514 1515
f 1523 1514 1524
f 1525 1515 1516
f 1524 1515 1525
f 1517 1527 1526
f 1525 1517 1526
f 1516 1517 1525
f 1527 1517 1518
f 1256 1519 1249
f 1256 1528 1519
f 1529 1260 1520
f 1520 1260 1253
f 1530 1520 1521
f 1529 1520 1530
f 1531 1521 1522
f 1530 1521 1531
f 1532 1522 1523
f 1531 1522 1532
f 1524 1534 1533
f 1532 1524 1533
f 1523 1524 1532
f 1534 1524 1525
f 1534 1525 1535
f 1535 1525 1526
f 1262 1528 1256
f 1262 1536 1528
f 1537 1266 1529
f 1529 1266 1260
f 1538 1529 1530
f 1537 1529 1538
f 1539 1530 1531
f 1538 1530 1539
f 1540 1531 1532
f 1539 1531 1540
f 1532 1533 1541
f 1532 1541 1540
f 1268 1536 1262
f 1268 1542 1536
f 1543 1271 1272
f 1266 1537 1272
f 1537 1543 1272
f 1537 1544 1543
f 1545 1537 1538
f 1544 1537 1545
f 1546 1538 1539
f 1545 1538 1546
f 1540 1548 1547
f 1546 1540 1547
f 1539 1540 1546
f 1548 1540 1541
f 1268 1273 1549
f 1550 1268 1549
f 1542 1268 1550
f 1274 1549 1273
f 1551 1277 1543
f 1543 1277 1271
f 1552 1543 1544
f 1551 1543 1552
f 1553 1544 1545
f 1552 1544 1553
f 1554 1545 1546
f 1553 1545 1554
f 1546 1547 1555
f 1546 1555 1554
f 1550 1549 1556
f 1550 1556 1557
f 1279 1556 1274
f 1274 1556 1549
f 1558 1281 1551
f 1551 1281 1277
f 1559 1551 1552
f 1558 1551 1559
f 1560 1552 1553
f 1559 1552 1560
f 1561 1553 1554
f 1560 1553 1561
f 1554 1555 1562
f 1554 1562 1561
f 1557 1556 1563
f 1557 1563 1564
f 1283 1563 1279
f 1279 1563 1556
f 1565 1285 1558
f 1558 1285 1281
f 1566 1558 1559
f 1565 1558 1566
f 1567 1559 1560
f 1566 1559 1567
f 1568 1560 1561
f 1567 1560 1568
f 1561 1562 1569
f 1561 1569 1568
f 1564 1563 1570
f 1564 1570 1571
f 1287 1570 1283
f 1283 1570 1563
f 1572 1289 1565
f 1565 1289 1285
f 1573 1565 1566
f 1572 1565 1573
f 1574 1566 1567
f 1573 1566 1574
f 1575 1567 1568
f 1574 1567 1575
f 1568 1569 1576
f 1568 1576 1575
f 1571 1570 1577
f 1571 1577 1578
f 1291 1577 1287
f 1287 1577 1570
f 1579 1293 1572
f 1572 1293 1289
f 1580 1572 1573
f 1579 1572 1580
f 1581 1573 1574
f 1580 1573 1581
f 1582 1574 1575
f 1581 1574 1582
f 1575 1576 1583
f 1575 1583 1582
f 1578 1577 1584
f 1578 1584 1585
f 1295 1584 1291
f 1291 1584 1577
f 1586 1296 1297
f 1293 1579 1297
f 1579 1586 1297
f 1579 1587 1586
f 1588 1579 1580
f 1587 1579 1588
f 1589 1580 1581
f 1588 1580 1589
f 1590 1581 1582
f 1589 1581 1590
f 1582 1583 1591
f 1582 1591 1590
f 1585 1584 1592
f 1585 1592 1593
f 1299 1592 1295
f 1295 1592 1584
f 1594 1300 1586
f 1586 1300 1296
f 1595 1586 1587
f 1594 1586 1595
f 1596 1587 1588
f 1595 1587 1596
f 1597 1588 1589
f 1596 1588 1597
f 1598 1589 1590
f 1597 1589 1598
f 1590 1591 1599
f 1590 1599 1598
f 1593 1592 1600
f 1593 1600 1601
f 1302 1600 1299
f 1299 1600 1592
f 1602 1303 1594
f 1594 1303 1300
f 1603 1594 1595
f 1602 1594 1603
f 1604 1595 1596
f 1603 1595 1604
f 1605 1596 1597
f 1604 1596 1605
f 1606 1597 1598
f 1605 1597 1606
f 1598 1599 1607
f 1608 1598 1607
f 1606 1598 1608
f 1609 1608 1607
f 1601 1600 1610
f 1601 1610 1611
f 1305 1610 1302
f 1302 1610 1600
f 1612 1306 1602
f 1602 1306 1303
f 1613 1602 1603
f 1612 1602 1613
f 1614 1603 1604
f 1613 1603 1614
f 1615 1604 1605
f 1614 1604 1615
f 1616 1605 1606
f 1615 1605 1616
f 1617 1606 1608
f 1616 1606 1617
f 1608 1609 1618
f 1619 1608 1618
f 1617 1608 1619
f 1621 1620 1619
f 1621 1619 1618
f 1622 1620 1621
f 1611 1610 1623
f 1611 1623 1624
f 1308 1623 1305
f 1305 1623 1610
f 1625 1309 1612
f 1612 1309 1306
f 1626 1612 1613
f 1625 1612 1626
f 1627 1613 1614
f 1626 1613 1627
f 1628 1614 1615
f 1627 1614 1628
f 1629 1615 1616
f 1628 1615 1629
f 1630 1616 1617
f 1629 1616 1630
f 1631 1617 1619
f 1630 1617 1631
f 1632 1619 1620
f 1631 1619 1632
f 1620 1622 1633
f 1620 1633 1632
f 1624 1623 1634
f 1624 1634 1635
f 1311 1634 1308
f 1308 1634 1623
f 1625 1312 1309
f 1312 1625 1314
f 1625 1636 1314
f 1625 1626 1636
f 1637 1626 1627
f 1636 1626 1637
f 1317 1637 1316
f 1637 1628 1316
f 1637 1627 1628
f 1316 1628 1319
f 1319 1628 1629
f 1319 1629 1320
f 1629 1638 1320
f 1629 1630 1638
f 1639 1630 1631
f 1638 1630 1639
f 1640 1631 1632
f 1639 1631 1640
f 1632 1633 1641
f 1632 1641 1640
f 1635 1634 1642
f 1635 1642 1643
f 1322 1642 1311
f 1311 1642 1634
f 1636 1324 1314
f 1324 1636 1327
f 1327 1636 1637
f 1327 1637 1317
f 1638 1330 1320
f 1330 1638 1333
f 1333 1638 1639
f 1333 1639 1334
f 1639 1644 1334
f 1639 1640 1644
f 1640 1641 1645
f 1646 1640 1645
f 1644 1640 1646
f 1647 1646 1645
f 1643 1642 1648
f 1643 1648 1649
f 1336 1648 1322
f 1322 1648 1642
f 1650 1344 1644
f 1644 1344 1334
f 1651 1644 1646
f 1650 1644 1651
f 1646 1647 1652
f 1646 1652 1651
f 1649 1648 1653
f 1649 1653 1654
f 1346 1653 1336
f 1336 1653 1648
f 1650 1353 1344
f 1650 1651 1655
f 1355 1650 1655
f 1656 1355 1655
f 1650 1355 1353
f 1655 1651 1652
f 1654 1653 1657
f 1654 1657 1658
f 1357 1657 1346
f 1346 1657 1653
f 1656 1359 1355
f 1659 1359 1656
f 1658 1657 1361
f 1362 1658 1361
f 1660 1658 1362
f 1361 1657 1357
f 1659 1363 1359
f 1661 1363 1659
f 1365 1660 1362
f 1365 1662 1660
f 1661 1366 1363
f 1663 1366 1661
f 1368 1662 1365
f 1368 1664 1662
f 1663 1665 1366
f 1366 1665 1369
f 1371 1369 1665
f 1371 1665 1666
f 1372 1664 1368
f 1372 1667 1664
f 1666 1373 1371
f 1668 1373 1666
f 1374 1667 1372
f 1374 1669 1667
f 1668 1375 1373
f 1670 1375 1668
f 1376 1669 1374
f 1376 1671 1669
f 1670 1377 1375
f 1672 1377 1670
f 1378 1671 1376
f 1378 1673 1671
f 1672 1379 1377
f 1674 1379 1672
f 1380 1673 1378
f 1380 1675 1673
f 1674 1381 1379
f 1676 1381 1674
f 1382 1678 1677
f 1675 1382 1677
f 1380 1382 1675
f 1678 1679 1677
f 1676 1383 1381
f 1680 1383 1676
f 1384 1678 1382
f 1384 1386 1678
f 1386 1679 1678
f 1386 1681 1679
f 1684 1683 1682
f 1680 1684 1682
f 1387 1680 1682
f 1383 1680 1387
f 1388 1686 1685
f 1681 1388 1685
f 1386 1388 1681
f 1686 1687 1685
f 1690 1689 1688
f 1690 1688 1683
f 1683 1688 1682
f 1688 1389 1682
f 1389 1390 1682
f 1682 1390 1387
f 1391 1686 1388
f 1691 1687 1686
f 1391 1691 1686
f 1392 1691 1391
f 1693 1692 1394
f 1692 1392 1394
f 1692 1691 1392
f 1695 1694 1693
f 1693 1694 1692
f 1697 1696 1695
f 1695 1696 1694
f 1699 1698 1697
f 1697 1698 1696
f 1701 1700 1699
f 1699 1700 1698
f 1395 1396 1701
f 1396 1700 1701
f 1396 1702 1700
f 1397 1688 1689
f 1702 1397 1689
f 1396 1397 1702
f 1688 1397 1389
f 1398 1693 1394
f 1693 1398 1399
f 1693 1399 1695
f 1695 1399 1401
f 1695 1401 1697
f 1697 1401 1403
f 1697 1403 1699
f 1699 1403 1405
f 1699 1405 1701
f 1701 1405 1395
f 1407 1703 1406
f 1703 1409 1406
f 1415 1704 1414
f 1704 1705 1414
f 1414 1705 1407
f 1705 1706 1407
f 1706 1703 1407
f 1706 1708 1707
f 1706 1707 1416
f 1703 1706 1416
f 1409 1703 1416
f 1709 1417 1416
f 1709 1416 1707
f 1710 1418 1417
f 1710 1417 1709
f 1711 1419 1418
f 1711 1418 1710
f 1712 1420 1419
f 1712 1419 1711
f 1713 1421 1420
f 1713 1420 1712
f 1713 1423 1421
f 1715 1714 1704
f 1415 1715 1704
f 1424 1715 1415
f 1704 1714 1705
f 1708 1716 1707
f 1707 1716 1709
f 1709 1716 1717
f 1709 1717 1710
f 1710 1717 1718
f 1710 1718 1711
f 1711 1718 1719
f 1711 1719 1712
f 1712 1719 1720
f 1712 1720 1713
f 1713 1720 1721
f 1721 1723 1722
f 1721 1722 1425
f 1713 1721 1425
f 1423 1713 1425
f 1722 1426 1425
f 1427 1715 1424
f 1427 1724 1715
f 1723 1725 1722
f 1725 1727 1726
f 1725 1726 1428
f 1722 1725 1428
f 1426 1722 1428
f 1726 1429 1428
f 1430 1724 1427
f 1430 1728 1724
f 1727 1729 1726
f 1429 1726 1729
f 1730 1429 1729
f 1431 1429 1730
f 1432 1728 1430
f 1432 1731 1728
f 1730 1732 1431
f 1431 1732 1433
f 1434 1433 1732
f 1434 1732 1733
f 1435 1731 1432
f 1435 1734 1731
f 1733 1436 1434
f 1735 1436 1733
f 1437 1734 1435
f 1437 1736 1734
f 1735 1438 1436
f 1737 1438 1735
f 1439 1736 1437
f 1439 1738 1736
f 1737 1739 1438
f 1438 1739 1440
f 1441 1440 1739
f 1441 1739 1740
f 1442 1738 1439
f 1442 1741 1738
f 1740 1443 1441
f 1742 1443 1740
f 1444 1741 1442
f 1444 1743 1741
f 1742 1445 1443
f 1744 1445 1742
f 1446 1743 1444
f 1446 1745 1743
f 1744 1447 1445
f 1746 1447 1744
f 1448 1745 1446
f 1448 1747 1745
f 1746 1449 1447
f 1748 1449 1746
f 1450 1747 1448
f 1450 1749 1747
f 1748 1451 1449
f 1750 1451 1748
f 1452 1749 1450
f 1452 1751 1749
f 1753 1453 1752
f 1453 1750 1752
f 1453 1451 1750
f 1754 1753 1752
f 1757 1756 1755
f 1756 1751 1755
f 1751 1454 1755
f 1751 1452 1454
f 1758 1455 1753
f 1753 1455 1453
f 1753 1754 1759
f 1753 1759 1758
f 1757 1755 1456
f 1457 1757 1456
f 1760 1757 1457
f 1456 1755 1454
f 1758 1458 1455
f 1460 1458 1758
f 1759 1460 1758
f 1761 1460 1759
f 1461 1760 1457
f 1461 1762 1760
f 1761 1463 1460
f 1763 1463 1761
f 1464 1762 1461
f 1464 1764 1762
f 1763 1466 1463
f 1765 1466 1763
f 1467 1764 1464
f 1467 1766 1764
f 1765 1469 1466
f 1767 1469 1765
f 1470 1766 1467
f 1470 1768 1766
f 1769 1471 1472
f 1770 1769 1472
f 1469 1770 1472
f 1767 1770 1469
f 1473 1768 1470
f 1473 1771 1768
f 1772 1475 1769
f 1769 1475 1471
f 1769 1770 1773
f 1769 1773 1772
f 1476 1771 1473
f 1476 1774 1771
f 1775 1478 1772
f 1772 1478 1475
f 1772 1773 1776
f 1772 1776 1775
f 1479 1774 1476
f 1479 1777 1774
f 1778 1482 1775
f 1775 1482 1478
f 1775 1776 1779
f 1775 1779 1778
f 1483 1777 1479
f 1483 1780 1777
f 1781 1488 1778
f 1778 1488 1482
f 1778 1779 1782
f 1778 1782 1781
f 1489 1780 1483
f 1489 1783 1780
f 1784 1494 1495
f 1488 1781 1495
f 1781 1784 1495
f 1781 1785 1784
f 1781 1782 1786
f 1781 1786 1785
f 1496 1783 1489
f 1496 1787 1783
f 1788 1502 1784
f 1784 1502 1494
f 1789 1784 1785
f 1788 1784 1789
f 1785 1786 1790
f 1785 1790 1789
f 1503 1787 1496
f 1503 1791 1787
f 1792 1509 1510
f 1502 1788 1510
f 1788 1792 1510
f 1788 1793 1792
f 1794 1788 1789
f 1793 1788 1794
f 1789 1790 1795
f 1789 1795 1794
f 1798 1797 1796
f 1797 1791 1796
f 1791 1511 1796
f 1791 1503 1511
f 1799 1518 1792
f 1792 1518 1509
f 1800 1792 1793
f 1799 1792 1800
f 1794 1802 1801
f 1800 1794 1801
f 1793 1794 1800
f 1802 1794 1795
f 1798 1796 1803
f 1798 1803 1804
f 1519 1803 1511
f 1511 1803 1796
f 1805 1526 1527
f 1518 1799 1527
f 1799 1805 1527
f 1799 1806 1805
f 1807 1799 1800
f 1806 1799 1807
f 1800 1801 1808
f 1800 1808 1807
f 1804 1803 1809
f 1804 1809 1810
f 1528 1809 1519
f 1519 1809 1803
f 1811 1533 1534
f 1535 1812 1534
f 1534 1812 1811
f 1526 1805 1535
f 1805 1812 1535
f 1805 1813 1812
f 1814 1805 1806
f 1813 1805 1814
f 1807 1816 1815
f 1814 1807 1815
f 1806 1807 1814
f 1816 1807 1808
f 1810 1809 1817
f 1810 1817 1818
f 1536 1817 1528
f 1528 1817 1809
f 1819 1541 1811
f 1811 1541 1533
f 1820 1811 1812
f 1819 1811 1820
f 1821 1812 1813
f 1820 1812 1821
f 1822 1813 1814
f 1821 1813 1822
f 1814 1815 1823
f 1814 1823 1822
f 1818 1817 1824
f 1818 1824 1825
f 1542 1824 1536
f 1536 1824 1817
f 1826 1547 1548
f 1541 1819 1548
f 1819 1826 1548
f 1819 1827 1826
f 1828 1819 1820
f 1827 1819 1828
f 1829 1820 1821
f 1828 1820 1829
f 1822 1831 1830
f 1829 1822 1830
f 1821 1822 1829
f 1831 1822 1823
f 1825 1824 1832
f 1825 1832 1833
f 1550 1832 1542
f 1542 1832 1824
f 1834 1555 1826
f 1826 1555 1547
f 1835 1826 1827
f 1834 1826 1835
f 1836 1827 1828
f 1835 1827 1836
f 1837 1828 1829
f 1836 1828 1837
f 1829 1830 1838
f 1829 1838 1837
f 1833 1832 1839
f 1833 1839 1840
f 1557 1839 1550
f 1550 1839 1832
f 1841 1562 1834
f 1834 1562 1555
f 1842 1834 1835
f 1841 1834 1842
f 1843 1835 1836
f 1842 1835 1843
f 1844 1836 1837
f 1843 1836 1844
f 1837 1838 1845
f 1837 1845 1844
f 1840 1839 1846
f 1840 1846 1847
f 1564 1846 1557
f 1557 1846 1839
f 1848 1569 1841
f 1841 1569 1562
f 1849 1841 1842
f 1848 1841 1849
f 1850 1842 1843
f 1849 1842 1850
f 1851 1843 1844
f 1850 1843 1851
f 1844 1845 1852
f 1844 1852 1851
f 1847 1846 1853
f 1847 1853 1854
f 1571 1853 1564
f 1564 1853 1846
f 1855 1576 1848
f 1848 1576 1569
f 1856 1848 1849
f 1855 1848 1856
f 1857 1849 1850
f 1856 1849 1857
f 1858 1850 1851
f 1857 1850 1858
f 1851 1852 1859
f 1851 1859 1858
f 1860 1854 1853
f 1853 1571 1860
f 1571 1861 1860
f 1571 1578 1861
f 1862 1583 1855
f 1855 1583 1576
f 1863 1855 1856
f 1862 1855 1863
f 1864 1856 1857
f 1863 1856 1864
f 1858 1866 1865
f 1864 1858 1865
f 1857 1858 1864
f 1866 1858 1859
f 1585 1861 1578
f 1585 1867 1861
f 1868 1591 1862
f 1862 1591 1583
f 1869 1862 1863
f 1868 1862 1869
f 1870 1863 1864
f 1869 1863 1870
f 1864 1865 1871
f 1864 1871 1870
f 1593 1867 1585
f 1593 1872 1867
f 1873 1599 1868
f 1868 1599 1591
f 1874 1868 1869
f 1873 1868 1874
f 1875 1869 1870
f 1874 1869 1875
f 1870 1871 1876
f 1877 1870 1876
f 1875 1870 1877
f 1878 1877 1876
f 1601 1872 1593
f 1601 1879 1872
f 1873 1607 1599
f 1607 1873 1609
f 1873 1880 1609
f 1873 1874 1880
f 1881 1874 1875
f 1880 1874 1881
f 1882 1875 1877
f 1881 1875 1882
f 1877 1878 1883
f 1877 1883 1882
f 1611 1879 1601
f 1611 1884 1879
f 1880 1618 1609
f 1618 1880 1621
f 1621 1880 1881
f 1621 1881 1622
f 1881 1885 1622
f 1881 1882 1885
f 1882 1883 1886
f 1882 1886 1885
f 1624 1884 1611
f 1624 1887 1884
f 1888 1633 1885
f 1885 1633 1622
f 1885 1886 1889
f 1885 1889 1888
f 1635 1887 1624
f 1635 1890 1887
f 1891 1641 1888
f 1888 1641 1633
f 1888 1889 1892
f 1888 1892 1891
f 1643 1890 1635
f 1643 1893 1890
f 1891 1645 1641
f 1647 1645 1891
f 1892 1647 1891
f 1894 1647 1892
f 1649 1893 1643
f 1649 1895 1893
f 1894 1652 1647
f 1896 1652 1894
f 1654 1895 1649
f 1654 1897 1895
f 1898 1656 1655
f 1899 1898 1655
f 1652 1899 1655
f 1896 1899 1652
f 1658 1897 1654
f 1658 1900 1897
f 1901 1659 1898
f 1898 1659 1656
f 1898 1899 1902
f 1898 1902 1901
f 1660 1900 1658
f 1660 1903 1900
f 1904 1661 1901
f 1901 1661 1659
f 1901 1902 1905
f 1901 1905 1904
f 1662 1903 1660
f 1662 1906 1903
f 1907 1663 1904
f 1904 1663 1661
f 1904 1905 1908
f 1904 1908 1907
f 1664 1906 1662
f 1664 1909 1906
f 1907 1665 1663
f 1666 1665 1907
f 1908 1666 1907
f 1910 1666 1908
f 1667 1909 1664
f 1667 1911 1909
f 1910 1668 1666
f 1912 1668 1910
f 1669 1911 1667
f 1669 1913 1911
f 1912 1670 1668
f 1914 1670 1912
f 1671 1913 1669
f 1671 1915 1913
f 1917 1672 1916
f 1672 1914 1916
f 1672 1670 1914
f 1918 1917 1916
f 1673 1915 1671
f 1673 1919 1915
f 1920 1674 1917
f 1917 1674 1672
f 1917 1918 1921
f 1917 1921 1920
f 1675 1919 1673
f 1675 1922 1919
f 1924 1923 1920
f 1923 1674 1920
f 1923 1676 1674
f 1924 1920 1921
f 1925 1922 1675
f 1925 1675 1677
f 1677 1679 1925
f 1925 1679 1926
f 1923 1680 1676
f 1927 1680 1923
f 1681 1926 1679
f 1681 1928 1926
f 1930 1929 1684
f 1684 1929 1683
f 1684 1680 1927
f 1684 1927 1930
f 1931 1928 1681
f 1931 1681 1685
f 1933 1932 1687
f 1932 1685 1687
f 1932 1931 1685
f 1935 1934 1933
f 1933 1934 1932
f 1935 1936 1934
f 1939 1938 1937
f 1689 1690 1937
f 1690 1939 1937
f 1690 1940 1939
f 1690 1683 1929
f 1690 1929 1940
f 1691 1933 1687
f 1933 1691 1692
f 1933 1692 1935
f 1941 1936 1935
f 1692 1941 1935
f 1694 1941 1692
f 1942 1694 1696
f 1942 1941 1694
f 1943 1696 1698
f 1943 1942 1696
f 1944 1698 1700
f 1944 1943 1698
f 1702 1937 1938
f 1944 1702 1938
f 1700 1702 1944
f 1937 1702 1689
f 1705 1945 1706
f 1945 1708 1706
f 1715 1946 1714
f 1946 1947 1714
f 1714 1947 1705
f 1947 1948 1705
f 1948 1945 1705
f 1948 1950 1949
f 1948 1949 1716
f 1945 1948 1716
f 1708 1945 1716
f 1951 1717 1716
f 1951 1716 1949
f 1952 1718 1717
f 1952 1717 1951
f 1953 1719 1718
f 1953 1718 1952
f 1954 1720 1719
f 1954 1719 1953
f 1955 1721 1720
f 1955 1720 1954
f 1955 1723 1721
f 1957 1956 1946
f 1715 1957 1946
f 1724 1957 1715
f 1946 1956 1947
f 1950 1958 1949
f 1949 1958 1951
f 1951 1958 1959
f 1951 1959 1952
f 1952 1959 1960
f 1952 1960 1953
f 1953 1960 1961
f 1953 1961 1954
f 1954 1961 1962
f 1954 1962 1955
f 1955 1962 1963
f 1955 1963 1723
f 1963 1725 1723
f 1963 1964 1725
f 1727 1725 1964
f 1727 1964 1965
f 1728 1957 1724
f 1728 1966 1957
f 1965 1967 1727
f 1727 1967 1729
f 1730 1729 1967
f 1730 1967 1968
f 1731 1966 1728
f 1731 1969 1966
f 1732 1730 1970
f 1730 1971 1970
f 1730 1968 1971
f 1970 1733 1732
f 1734 1969 1731
f 1734 1972 1969
f 1971 1973 1970
f 1733 1970 1973
f 1974 1733 1973
f 1735 1733 1974
f 1736 1972 1734
f 1736 1975 1972
f 1974 1737 1735
f 1976 1737 1974
f 1738 1975 1736
f 1738 1977 1975
f 1739 1737 1978
f 1737 1979 1978
f 1737 1976 1979
f 1978 1740 1739
f 1741 1977 1738
f 1741 1980 1977
f 1979 1981 1978
f 1740 1978 1981
f 1982 1740 1981
f 1742 1740 1982
f 1743 1980 1741
f 1743 1983 1980
f 1982 1744 1742
f 1984 1744 1982
f 1745 1983 1743
f 1745 1985 1983
f 1984 1746 1744
f 1986 1746 1984
f 1747 1985 1745
f 1747 1987 1985
f 1986 1748 1746
f 1988 1748 1986
f 1749 1987 1747
f 1749 1989 1987
f 1991 1750 1990
f 1750 1988 1990
f 1750 1748 1988
f 1992 1991 1990
f 1995 1994 1993
f 1994 1989 1993
f 1989 1751 1993
f 1989 1749 1751
f 1991 1752 1750
f 1754 1752 1991
f 1992 1754 1991
f 1996 1754 1992
f 1995 1993 1756
f 1757 1995 1756
f 1997 1995 1757
f 1756 1993 1751
f 1996 1759 1754
f 1998 1759 1996
f 1760 1997 1757
f 1760 1999 1997
f 1998 1761 1759
f 2000 1761 1998
f 1762 1999 1760
f 1762 2001 1999
f 2000 1763 1761
f 2002 1763 2000
f 1764 2001 1762
f 1764 2003 2001
f 2002 1765 1763
f 2004 1765 2002
f 1766 2003 1764
f 1766 2005 2003
f 2004 1767 1765
f 2006 1767 2004
f 1768 2005 1766
f 1768 2007 2005
f 2006 1770 1767
f 2008 1770 2006
f 1771 2007 1768
f 1771 2009 2007
f 2008 1773 1770
f 2010 1773 2008
f 1774 2009 1771
f 1774 2011 2009
f 2010 1776 1773
f 2012 1776 2010
f 1777 2011 1774
f 1777 2013 2011
f 2012 1779 1776
f 2014 1779 2012
f 1780 2013 1777
f 1780 2015 2013
f 2014 1782 1779
f 2016 1782 2014
f 2019 2018 2017
f 2018 2015 2017
f 2015 1783 2017
f 2015 1780 1783
f 2016 1786 1782
f 2020 1786 2016
f 2019 2017 2021
f 2019 2021 2022
f 1787 2021 1783
f 1783 2021 2017
f 2020 1790 1786
f 2023 1790 2020
f 2022 2021 2024
f 2022 2024 2025
f 1791 2024 1787
f 1787 2024 2021
f 2023 1795 1790
f 2026 1795 2023
f 2025 2024 1797
f 1798 2025 1797
f 2027 2025 1798
f 1797 2024 1791
f 2028 1801 1802
f 2029 2028 1802
f 1795 2029 1802
f 2026 2029 1795
f 1804 2027 1798
f 1804 2030 2027
f 2031 1808 2028
f 2028 1808 1801
f 2028 2029 2032
f 2028 2032 2031
f 1810 2030 1804
f 1810 2033 2030
f 2034 1815 1816
f 1808 2031 1816
f 2031 2034 1816
f 2031 2035 2034
f 2031 2032 2036
f 2031 2036 2035
f 1818 2033 1810
f 1818 2037 2033
f 2038 1823 2034
f 2034 1823 1815
f 2039 2034 2035
f 2038 2034 2039
f 2035 2036 2040
f 2035 2040 2039
f 1825 2037 1818
f 1825 2041 2037
f 2042 1830 1831
f 1823 2038 1831
f 2038 2042 1831
f 2038 2043 2042
f 2039 2045 2044
f 2043 2039 2044
f 2038 2039 2043
f 2045 2039 2040
f 1833 2041 1825
f 1833 2046 2041
f 2047 1838 2042
f 2042 1838 1830
f 2048 2042 2043
f 2047 2042 2048
f 2043 2044 2049
f 2043 2049 2048
f 1840 2046 1833
f 1840 2050 2046
f 2051 1845 2047
f 2047 1845 1838
f 2052 2047 2048
f 2051 2047 2052
f 2048 2049 2053
f 2048 2053 2052
f 1847 2050 1840
f 1847 2054 2050
f 2055 1852 2051
f 2051 1852 1845
f 2052 2057 2056
f 2055 2052 2056
f 2051 2052 2055
f 2057 2052 2053
f 1854 2054 1847
f 1854 2058 2054
f 2059 1859 2055
f 2055 1859 1852
f 2055 2056 2060
f 2055 2060 2059
f 1854 1860 2061
f 2062 1854 2061
f 2058 1854 2062
f 1861 2061 1860
f 2063 1865 1866
f 1859 2059 1866
f 2059 2063 1866
f 2059 2064 2063
f 2059 2060 2065
f 2059 2065 2064
f 2062 2061 2066
f 2062 2066 2067
f 1867 2066 1861
f 1861 2066 2061
f 2068 1871 2063
f 2063 1871 1865
f 2064 2070 2069
f 2068 2064 2069
f 2063 2064 2068
f 2070 2064 2065
f 2067 2066 2071
f 2067 2071 2072
f 1872 2071 1867
f 1867 2071 2066
f 2068 1876 1871
f 1878 1876 2068
f 2069 1878 2068
f 2073 1878 2069
f 2072 2071 2074
f 2072 2074 2075
f 1879 2074 1872
f 1872 2074 2071
f 2073 1883 1878
f 2076 1883 2073
f 2075 2074 2077
f 2075 2077 2078
f 1884 2077 1879
f 1879 2077 2074
f 2076 1886 1883
f 2079 1886 2076
f 2078 2077 2080
f 2078 2080 2081
f 1887 2080 1884
f 1884 2080 2077
f 2079 1889 1886
f 2082 1889 2079
f 2081 2080 2083
f 2081 2083 2084
f 1890 2083 1887
f 1887 2083 2080
f 2082 1892 1889
f 2085 1892 2082
f 2086 2084 2083
f 2083 1890 2086
f 1890 2087 2086
f 1890 1893 2087
f 2085 1894 1892
f 2088 1894 2085
f 1895 2087 1893
f 1895 2089 2087
f 2088 1896 1894
f 2090 1896 2088
f 1897 2089 1895
f 1897 2091 2089
f 2090 1899 1896
f 2092 1899 2090
f 1900 2091 1897
f 1900 2093 2091
f 2092 1902 1899
f 2094 1902 2092
f 1903 2093 1900
f 1903 2095 2093
f 2094 1905 1902
f 2096 1905 2094
f 1906 2095 1903
f 1906 2097 2095
f 2096 1908 1905
f 2098 1908 2096
f 1909 2097 1906
f 1909 2099 2097
f 2098 1910 1908
f 2100 1910 2098
f 1911 2099 1909
f 1911 2101 2099
f 2103 1912 2102
f 1912 2100 2102
f 1912 1910 2100
f 2104 2103 2102
f 1913 2101 1911
f 1913 2105 2101
f 2106 1914 2103
f 2103 1914 1912
f 2103 2104 2107
f 2103 2107 2106
f 1915 2105 1913
f 1915 2108 2105
f 2106 1916 1914
f 1918 1916 2106
f 2107 1918 2106
f 2109 1918 2107
f 1919 2108 1915
f 1919 2110 2108
f 2109 1921 1918
f 2111 1921 2109
f 1922 2110 1919
f 1922 2112 2110
f 2114 2113 1924
f 1924 2113 1923
f 1924 1921 2111
f 1924 2111 2114
f 2115 2112 1922
f 2115 1922 1925
f 1925 1926 2115
f 2115 1926 2116
f 2113 1927 1923
f 2117 1927 2113
f 1928 2119 2118
f 2116 1928 2118
f 1926 1928 2116
f 2121 2120 2119
f 2119 2120 2118
f 2121 2122 2120
f 2125 2124 2123
f 1929 1930 2123
f 1930 2125 2123
f 1930 2126 2125
f 1930 1927 2117
f 1930 2117 2126
f 1931 2119 1928
f 2119 1931 1932
f 2119 1932 2121
f 2127 2122 2121
f 1932 2127 2121
f 1934 2127 1932
f 2129 2128 1936
f 2128 1934 1936
f 2128 2127 1934
f 2131 2130 2129
f 2129 2130 2128
f 2133 2132 2131
f 2131 2132 2130
f 2135 2134 2133
f 2133 2134 2132
f 1938 1939 2135
f 1939 2134 2135
f 1939 2136 2134
f 1940 2123 2124
f 2136 1940 2124
f 1939 1940 2136
f 2123 1940 1929
f 1941 2129 1936
f 2129 1941 1942
f 2129 1942 2131
f 2131 1942 1943
f 2131 1943 2133
f 2133 1943 1944
f 2133 1944 2135
f 2135 1944 1938
f 1947 2137 1948
f 2137 1950 1948
f 1957 2138 1956
f 2137 1947 1956
f 2138 2137 1956
f 2139 2137 2138
f 2140 1958 1950
f 2137 2140 1950
f 2139 2140 2137
f 2141 1959 1958
f 2141 1958 2140
f 2142 1960 1959
f 2142 1959 2141
f 2143 1961 1960
f 2143 1960 2142
f 2144 1962 1961
f 2144 1961 2143
f 2145 1963 1962
f 2145 1962 2144
f 2146 1964 1963
f 2146 1963 2145
f 2146 1965 1964
f 2148 2147 2138
f 1957 2148 2138
f 1966 2148 1957
f 2138 2147 2139
f 2139 2147 2149
f 2139 2149 2140
f 2140 2149 2150
f 2140 2150 2141
f 2141 2150 2151
f 2141 2151 2142
f 2142 2151 2152
f 2142 2152 2143
f 2143 2152 2153
f 2143 2153 2144
f 2144 2153 2154
f 2144 2154 2145
f 2145 2154 2155
f 2145 2155 2146
f 2146 2155 2156
f 2156 2158 2157
f 2156 2157 1967
f 2146 2156 1967
f 1965 2146 1967
f 2157 1968 1967
f 1969 2148 1966
f 1969 2159 2148
f 2158 2160 2157
f 1968 2157 2160
f 2161 1968 2160
f 1971 1968 2161
f 1972 2159 1969
f 1972 2162 2159
f 2161 2163 1971
f 1971 2163 1973
f 1974 1973 2163
f 1974 2163 2164
f 1975 2162 1972
f 1975 2165 2162
f 2164 1976 1974
f 2166 1976 2164
f 1977 2165 1975
f 1977 2167 2165
f 2166 1979 1976
f 2168 1979 2166
f 1980 2167 1977
f 1980 2169 2167
f 2168 2170 1979
f 1979 2170 1981
f 1982 1981 2170
f 1982 2170 2171
f 1983 2169 1980
f 1983 2172 2169
f 2171 1984 1982
f 2173 1984 2171
f 1985 2172 1983
f 1985 2174 2172
f 2173 1986 1984
f 2175 1986 2173
f 2178 2177 2176
f 2177 2174 2176
f 2174 1987 2176
f 2174 1985 1987
f 2180 1988 2179
f 1988 2175 2179
f 1988 1986 2175
f 2181 2180 2179
f 2178 2176 2182
f 2178 2182 2183
f 1989 2182 1987
f 1987 2182 2176
f 2180 1990 1988
f 1992 1990 2180
f 2181 1992 2180
f 2184 1992 2181
f 2183 2182 1994
f 1995 2183 1994
f 2185 2183 1995
f 1994 2182 1989
f 2184 1996 1992
f 2186 1996 2184
f 1997 2185 1995
f 1997 2187 2185
f 2186 1998 1996
f 2188 1998 2186
f 1999 2187 1997
f 1999 2189 2187
f 2188 2000 1998
f 2190 2000 2188
f 2001 2189 1999
f 2001 2191 2189
f 2190 2002 2000
f 2192 2002 2190
f 2003 2191 2001
f 2003 2193 2191
f 2192 2004 2002
f 2194 2004 2192
f 2005 2193 2003
f 2005 2195 2193
f 2194 2006 2004
f 2196 2006 2194
f 2007 2195 2005
f 2007 2197 2195
f 2196 2008 2006
f 2198 2008 2196
f 2009 2197 2007
f 2009 2199 2197
f 2198 2010 2008
f 2200 2010 2198
f 2203 2202 2201
f 2202 2199 2201
f 2199 2011 2201
f 2199 2009 2011
f 2200 2012 2010
f 2204 2012 2200
f 2203 2201 2205
f 2203 2205 2206
f 2013 2205 2011
f 2011 2205 2201
f 2204 2014 2012
f 2207 2014 2204
f 2206 2205 2208
f 2206 2208 2209
f 2015 2208 2013
f 2013 2208 2205
f 2207 2016 2014
f 2210 2016 2207
f 2209 2208 2018
f 2019 2209 2018
f 2211 2209 2019
f 2018 2208 2015
f 2210 2020 2016
f 2212 2020 2210
f 2022 2211 2019
f 2022 2213 2211
f 2212 2023 2020
f 2214 2023 2212
f 2025 2213 2022
f 2025 2215 2213
f 2214 2026 2023
f 2216 2026 2214
f 2027 2215 2025
f 2027 2217 2215
f 2216 2029 2026
f 2218 2029 2216
f 2030 2217 2027
f 2030 2219 2217
f 2218 2032 2029
f 2220 2032 2218
f 2033 2219 2030
f 2033 2221 2219
f 2220 2036 2032
f 2222 2036 2220
f 2037 2221 2033
f 2037 2223 2221
f 2222 2040 2036
f 2224 2040 2222
f 2041 2223 2037
f 2041 2225 2223
f 2226 2044 2045
f 2227 2226 2045
f 2040 2227 2045
f 2224 2227 2040
f 2046 2225 2041
f 2046 2228 2225
f 2230 2229 2226
f 2229 2044 2226
f 2229 2049 2044
f 2230 2226 2227
f 2050 2228 2046
f 2050 2231 2228
f 2229 2053 2049
f 2232 2053 2229
f 2054 2231 2050
f 2054 2233 2231
f 2234 2056 2057
f 2235 2234 2057
f 2053 2235 2057
f 2232 2235 2053
f 2058 2233 2054
f 2058 2236 2233
f 2238 2237 2234
f 2237 2056 2234
f 2237 2060 2056
f 2238 2234 2235
f 2062 2236 2058
f 2062 2239 2236
f 2237 2065 2060
f 2240 2065 2237
f 2067 2239 2062
f 2067 2241 2239
f 2242 2069 2070
f 2243 2242 2070
f 2065 2243 2070
f 2240 2243 2065
f 2072 2241 2067
f 2072 2244 2241
f 2245 2073 2242
f 2242 2073 2069
f 2242 2243 2246
f 2242 2246 2245
f 2075 2244 2072
f 2075 2247 2244
f 2248 2076 2245
f 2245 2076 2073
f 2245 2246 2249
f 2245 2249 2248
f 2078 2247 2075
f 2078 2250 2247
f 2251 2079 2248
f 2248 2079 2076
f 2248 2249 2252
f 2248 2252 2251
f 2081 2250 2078
f 2081 2253 2250
f 2254 2082 2251
f 2251 2082 2079
f 2251 2252 2255
f 2251 2255 2254
f 2084 2253 2081
f 2084 2256 2253
f 2257 2085 2254
f 2254 2085 2082
f 2254 2255 2258
f 2254 2258 2257
f 2084 2086 2259
f 2260 2084 2259
f 2256 2084 2260
f 2087 2259 2086
f 2261 2088 2257
f 2257 2088 2085
f 2257 2258 2262
f 2257 2262 2261
f 2260 2259 2263
f 2260 2263 2264
f 2089 2263 2087
f 2087 2263 2259
f 2265 2090 2261
f 2261 2090 2088
f 2261 2262 2266
f 2261 2266 2265
f 2264 2263 2267
f 2264 2267 2268
f 2091 2267 2089
f 2089 2267 2263
f 2269 2092 2265
f 2265 2092 2090
f 2265 2266 2270
f 2265 2270 2269
f 2268 2267 2271
f 2268 2271 2272
f 2093 2271 2091
f 2091 2271 2267
f 2273 2094 2269
f 2269 2094 2092
f 2269 2270 2274
f 2269 2274 2273
f 2272 2271 2275
f 2272 2275 2276
f 2095 2275 2093
f 2093 2275 2271
f 2278 2277 2273
f 2277 2094 2273
f 2277 2096 2094
f 2278 2273 2274
f 2279 2276 2275
f 2275 2095 2279
f 2095 2280 2279
f 2095 2097 2280
f 2282 2098 2281
f 2098 2277 2281
f 2098 2096 2277
f 2283 2282 2281
f 2099 2280 2097
f 2099 2284 2280
f 2285 2100 2282
f 2282 2100 2098
f 2282 2283 2286
f 2282 2286 2285
f 2101 2284 2099
f 2101 2287 2284
f 2285 2102 2100
f 2104 2102 2285
f 2286 2104 2285
f 2288 2104 2286
f 2105 2287 2101
f 2105 2289 2287
f 2288 2107 2104
f 2290 2107 2288
f 2108 2289 2105
f 2108 2291 2289
f 2290 2109 2107
f 2292 2109 2290
f 2110 2291 2108
f 2110 2293 2291
f 2296 2295 2294
f 2292 2296 2294
f 2111 2292 2294
f 2109 2292 2111
f 2112 2298 2297
f 2293 2112 2297
f 2110 2112 2293
f 2298 2299 2297
f 2294 2295 2114
f 2295 2113 2114
f 2295 2300 2113
f 2294 2114 2111
f 2115 2298 2112
f 2115 2116 2298
f 2116 2299 2298
f 2116 2301 2299
f 2304 2303 2302
f 2300 2304 2302
f 2117 2300 2302
f 2113 2300 2117
f 2305 2301 2116
f 2305 2116 2118
f 2306 2118 2120
f 2306 2305 2118
f 2308 2307 2122
f 2307 2120 2122
f 2307 2306 2120
f 2310 2309 2308
f 2308 2309 2307
f 2310 2311 2309
f 2314 2313 2312
f 2316 2315 2312
f 2312 2315 2314
f 2124 2125 2316
f 2125 2315 2316
f 2125 2317 2315
f 2126 2302 2303
f 2317 2126 2303
f 2125 2126 2317
f 2302 2126 2117
f 2127 2308 2122
f 2308 2127 2128
f 2308 2128 2310
f 2318 2311 2310
f 2128 2318 2310
f 2130 2318 2128
f 2319 2130 2132
f 2319 2318 2130
f 2134 2312 2313
f 2319 2134 2313
f 2132 2134 2319
f 2312 2134 2136
f 2312 2136 2316
f 2316 2136 2124
f 2148 2320 2147
f 2321 2149 2147
f 2321 2147 2320
f 2322 2150 2149
f 2322 2149 2321
f 2323 2151 2150
f 2323 2150 2322
f 2324 2152 2151
f 2324 2151 2323
f 2325 2153 2152
f 2325 2152 2324
f 2326 2154 2153
f 2326 2153 2325
f 2327 2155 2154
f 2327 2154 2326
f 2328 2156 2155
f 2328 2155 2327
f 2328 2158 2156
f 2159 2329 2320
f 2159 2320 2148
f 2331 2321 2330
f 2321 2329 2330
f 2321 2320 2329
f 2321 2331 2322
f 2322 2331 2332
f 2322 2332 2323
f 2323 2332 2333
f 2323 2333 2324
f 2324 2333 2334
f 2324 2334 2325
f 2325 2334 2335
f 2325 2335 2326
f 2326 2335 2336
f 2326 2336 2327
f 2327 2336 2337
f 2327 2337 2328
f 2328 2337 2338
f 2328 2338 2158
f 2338 2160 2158
f 2338 2339 2160
f 2161 2160 2339
f 2161 2339 2340
f 2342 2341 2329
f 2159 2342 2329
f 2162 2342 2159
f 2329 2341 2330
f 2163 2161 2343
f 2161 2344 2343
f 2161 2340 2344
f 2343 2164 2163
f 2165 2342 2162
f 2165 2345 2342
f 2344 2346 2343
f 2164 2343 2346
f 2347 2164 2346
f 2166 2164 2347
f 2167 2345 2165
f 2167 2348 2345
f 2347 2168 2166
f 2349 2168 2347
f 2169 2348 2167
f 2169 2350 2348
f 2170 2168 2351
f 2168 2352 2351
f 2168 2349 2352
f 2351 2171 2170
f 2172 2350 2169
f 2172 2353 2350
f 2352 2354 2351
f 2171 2351 2354
f 2355 2171 2354
f 2173 2171 2355
f 2174 2353 2172
f 2174 2356 2353
f 2355 2175 2173
f 2357 2175 2355
f 2359 2358 2177
f 2359 2177 2178
f 2174 2177 2356
f 2356 2177 2358
f 2357 2360 2175
f 2175 2360 2179
f 2181 2179 2360
f 2181 2360 2361
f 2183 2359 2178
f 2183 2362 2359
f 2361 2184 2181
f 2363 2184 2361
f 2185 2362 2183
f 2185 2364 2362
f 2363 2186 2184
f 2365 2186 2363
f 2187 2364 2185
f 2187 2366 2364
f 2365 2188 2186
f 2367 2188 2365
f 2189 2366 2187
f 2189 2368 2366
f 2367 2190 2188
f 2369 2190 2367
f 2191 2368 2189
f 2191 2370 2368
f 2369 2192 2190
f 2371 2192 2369
f 2193 2370 2191
f 2193 2372 2370
f 2371 2194 2192
f 2373 2194 2371
f 2195 2372 2193
f 2195 2374 2372
f 2373 2196 2194
f 2375 2196 2373
f 2197 2374 2195
f 2197 2376 2374
f 2375 2198 2196
f 2377 2198 2375
f 2380 2379 2378
f 2379 2376 2378
f 2376 2199 2378
f 2376 2197 2199
f 2377 2200 2198
f 2381 2200 2377
f 2380 2378 2202
f 2203 2380 2202
f 2382 2380 2203
f 2202 2378 2199
f 2381 2204 2200
f 2383 2204 2381
f 2206 2382 2203
f 2206 2384 2382
f 2383 2207 2204
f 2385 2207 2383
f 2209 2384 2206
f 2209 2386 2384
f 2385 2210 2207
f 2387 2210 2385
f 2211 2386 2209
f 2211 2388 2386
f 2387 2212 2210
f 2389 2212 2387
f 2213 2388 2211
f 2213 2390 2388
f 2389 2214 2212
f 2391 2214 2389
f 2215 2390 2213
f 2215 2392 2390
f 2391 2216 2214
f 2393 2216 2391
f 2217 2392 2215
f 2217 2394 2392
f 2393 2218 2216
f 2395 2218 2393
f 2219 2394 2217
f 2219 2396 2394
f 2395 2220 2218
f 2397 2220 2395
f 2221 2396 2219
f 2221 2398 2396
f 2397 2222 2220
f 2399 2222 2397
f 2223 2398 2221
f 2223 2400 2398
f 2399 2224 2222
f 2401 2224 2399
f 2225 2400 2223
f 2225 2402 2400
f 2401 2227 2224
f 2403 2227 2401
f 2228 2402 2225
f 2228 2404 2402
f 2406 2405 2230
f 2230 2405 2229
f 2230 2227 2403
f 2230 2403 2406
f 2231 2404 2228
f 2231 2407 2404
f 2405 2232 2229
f 2408 2232 2405
f 2233 2407 2231
f 2233 2409 2407
f 2408 2235 2232
f 2410 2235 2408
f 2236 2409 2233
f 2236 2411 2409
f 2413 2412 2238
f 2238 2412 2237
f 2238 2235 2410
f 2238 2410 2413
f 2239 2411 2236
f 2239 2414 2411
f 2412 2240 2237
f 2415 2240 2412
f 2241 2414 2239
f 2241 2416 2414
f 2415 2243 2240
f 2417 2243 2415
f 2244 2416 2241
f 2244 2418 2416
f 2417 2246 2243
f 2419 2246 2417
f 2247 2418 2244
f 2247 2420 2418
f 2419 2249 2246
f 2421 2249 2419
f 2250 2420 2247
f 2250 2422 2420
f 2421 2252 2249
f 2423 2252 2421
f 2253 2422 2250
f 2253 2424 2422
f 2423 2255 2252
f 2425 2255 2423
f 2256 2424 2253
f 2256 2426 2424
f 2425 2258 2255
f 2427 2258 2425
f 2260 2426 2256
f 2260 2428 2426
f 2427 2262 2258
f 2429 2262 2427
f 2264 2428 2260
f 2264 2430 2428
f 2429 2266 2262
f 2431 2266 2429
f 2268 2430 2264
f 2268 2432 2430
f 2431 2270 2266
f 2433 2270 2431
f 2272 2432 2268
f 2272 2434 2432
f 2433 2274 2270
f 2435 2274 2433
f 2276 2434 2272
f 2276 2436 2434
f 2437 2277 2278
f 2438 2437 2278
f 2274 2438 2278
f 2435 2438 2274
f 2276 2279 2439
f 2440 2276 2439
f 2436 2276 2440
f 2280 2439 2279
f 2437 2281 2277
f 2283 2281 2437
f 2438 2283 2437
f 2441 2283 2438
f 2442 2440 2439
f 2439 2280 2442
f 2280 2443 2442
f 2280 2284 2443
f 2441 2286 2283
f 2444 2286 2441
f 2287 2443 2284
f 2287 2445 2443
f 2444 2288 2286
f 2446 2288 2444
f 2289 2445 2287
f 2289 2447 2445
f 2446 2290 2288
f 2448 2290 2446
f 2291 2447 2289
f 2291 2449 2447
f 2452 2451 2450
f 2448 2452 2450
f 2292 2448 2450
f 2290 2448 2292
f 2293 2449 2291
f 2293 2453 2449
f 2450 2451 2296
f 2451 2295 2296
f 2451 2454 2295
f 2450 2296 2292
f 2455 2453 2293
f 2455 2293 2297
f 2297 2299 2455
f 2455 2299 2456
f 2454 2300 2295
f 2457 2300 2454
f 2301 2459 2458
f 2456 2301 2458
f 2299 2301 2456
f 2461 2460 2459
f 2459 2460 2458
f 2461 2462 2460
f 2464 2463 2304
f 2304 2463 2303
f 2304 2300 2457
f 2304 2457 2464
f 2305 2459 2301
f 2459 2305 2306
f 2459 2306 2461
f 2465 2462 2461
f 2306 2465 2461
f 2307 2465 2306
f 2466 2307 2309
f 2466 2465 2307
f 2468 2467 2311
f 2467 2309 2311
f 2467 2466 2309
f 2470 2469 2468
f 2468 2469 2467
f 2313 2314 2470
f 2314 2469 2470
f 2314 2471 2469
f 2472 2314 2315
f 2472 2471 2314
f 2473 2315 2317
f 2473 2472 2315
f 2317 2303 2463
f 2317 2463 2473
f 2318 2468 2311
f 2468 2318 2319
f 2468 2319 2470
f 2470 2319 2313
f 2476 2475 2474
f 2477 2474 2475
f 2476 2474 2478
f 2476 2478 2479
f 2474 2477 2480
f 2474 2480 2478
f 2479 2478 2481
f 2479 2481 2482
f 2478 2480 2483
f 2478 2483 2481
f 2482 2481 2484
f 2482 2484 2485
f 2481 2483 2486
f 2481 2486 2484
f 2485 2484 2487
f 2485 2487 2488
f 2484 2486 2489
f 2490 2484 2489
f 2487 2484 2490
f 2491 2490 2489
f 2488 2487 2492
f 2488 2492 2493
f 2494 2487 2490
f 2492 2487 2494
f 2490 2491 2495
f 2490 2495 2494
f 2493 2492 2496
f 2493 2496 2497
f 2498 2492 2494
f 2496 2492 2498
f 2494 2495 2499
f 2494 2499 2498
f 2497 2496 2500
f 2497 2500 2501
f 2502 2496 2498
f 2500 2496 2502
f 2498 2499 2503
f 2498 2503 2502
f 2504 2501 2500
f 2506 2505 2504
f 2500 2506 2504
f 2502 2506 2500
f 2502 2503 2507
f 2502 2507 2506
f 2508 2505 2506
f 2508 2506 2507
f 2330 2509 2331
f 2510 2332 2331
f 2510 2331 2509
f 2511 2333 2332
f 2511 2332 2510
f 2512 2334 2333
f 2512 2333 2511
f 2513 2335 2334
f 2513 2334 2512
f 2514 2336 2335
f 2514 2335 2513
f 2515 2337 2336
f 2515 2336 2514
f 2516 2338 2337
f 2516 2337 2515
f 2517 2339 2338
f 2517 2338 2516
f 2517 2340 2339
f 2342 2518 2341
f 2518 2519 2341
f 2341 2519 2330
f 2519 2520 2330
f 2520 2509 2330
f 2509 2520 2510
f 2510 2520 2521
f 2510 2521 2511
f 2511 2521 2522
f 2511 2522 2512
f 2512 2522 2523
f 2512 2523 2513
f 2513 2523 2524
f 2513 2524 2514
f 2514 2524 2525
f 2514 2525 2515
f 2515 2525 2526
f 2515 2526 2516
f 2516 2526 2527
f 2516 2527 2517
f 2517 2527 2528
f 2340 2517 2528
f 2529 2340 2528
f 2344 2340 2529
f 2531 2530 2518
f 2342 2531 2518
f 2345 2531 2342
f 2518 2530 2519
f 2346 2344 2532
f 2344 2533 2532
f 2344 2529 2533
f 2532 2347 2346
f 2348 2531 2345
f 2348 2534 2531
f 2533 2535 2532
f 2347 2532 2535
f 2536 2347 2535
f 2349 2347 2536
f 2350 2534 2348
f 2350 2537 2534
f 2536 2352 2349
f 2538 2352 2536
f 2353 2537 2350
f 2353 2539 2537
f 2538 2540 2352
f 2352 2540 2354
f 2355 2354 2540
f 2355 2540 2541
f 2356 2539 2353
f 2356 2542 2539
f 2541 2357 2355
f 2543 2357 2541
f 2545 2544 2358
f 2545 2358 2359
f 2356 2358 2542
f 2542 2358 2544
f 2543 2546 2357
f 2357 2546 2360
f 2361 2360 2546
f 2361 2546 2547
f 2362 2545 2359
f 2362 2548 2545
f 2547 2363 2361
f 2549 2363 2547
f 2364 2548 2362
f 2364 2550 2548
f 2549 2365 2363
f 2551 2365 2549
f 2366 2550 2364
f 2366 2552 2550
f 2551 2367 2365
f 2553 2367 2551
f 2368 2552 2366
f 2368 2554 2552
f 2553 2369 2367
f 2555 2369 2553
f 2370 2554 2368
f 2370 2556 2554
f 2555 2371 2369
f 2557 2371 2555
f 2372 2556 2370
f 2372 2558 2556
f 2557 2373 2371
f 2559 2373 2557
f 2562 2561 2560
f 2561 2558 2560
f 2558 2374 2560
f 2558 2372 2374
f 2559 2375 2373
f 2563 2375 2559
f 2562 2560 2564
f 2562 2564 2565
f 2376 2564 2374
f 2374 2564 2560
f 2563 2377 2375
f 2566 2377 2563
f 2565 2564 2379
f 2380 2565 2379
f 2567 2565 2380
f 2379 2564 2376
f 2566 2381 2377
f 2568 2381 2566
f 2382 2567 2380
f 2382 2569 2567
f 2568 2383 2381
f 2570 2383 2568
f 2384 2569 2382
f 2384 2571 2569
f 2570 2385 2383
f 2572 2385 2570
f 2386 2571 2384
f 2386 2573 2571
f 2572 2387 2385
f 2574 2387 2572
f 2388 2573 2386
f 2388 2575 2573
f 2574 2389 2387
f 2576 2389 2574
f 2390 2575 2388
f 2390 2577 2575
f 2576 2391 2389
f 2578 2391 2576
f 2392 2577 2390
f 2392 2579 2577
f 2578 2393 2391
f 2580 2393 2578
f 2394 2579 2392
f 2394 2581 2579
f 2580 2395 2393
f 2582 2395 2580
f 2396 2581 2394
f 2396 2583 2581
f 2582 2397 2395
f 2584 2397 2582
f 2398 2583 2396
f 2398 2585 2583
f 2584 2399 2397
f 2586 2399 2584
f 2400 2585 2398
f 2400 2587 2585
f 2586 2401 2399
f 2588 2401 2586
f 2402 2587 2400
f 2402 2589 2587
f 2588 2403 2401
f 2590 2403 2588
f 2404 2589 2402
f 2404 2591 2589
f 2593 2592 2406
f 2406 2592 2405
f 2406 2403 2590
f 2406 2590 2593
f 2407 2591 2404
f 2407 2594 2591
f 2592 2408 2405
f 2595 2408 2592
f 2409 2594 2407
f 2409 2596 2594
f 2595 2410 2408
f 2597 2410 2595
f 2411 2596 2409
f 2411 2598 2596
f 2599 2412 2413
f 2600 2599 2413
f 2410 2600 2413
f 2597 2600 2410
f 2414 2598 2411
f 2414 2601 2598
f 2603 2602 2599
f 2602 2412 2599
f 2602 2415 2412
f 2603 2599 2600
f 2416 2601 2414
f 2416 2604 2601
f 2602 2417 2415
f 2605 2417 2602
f 2418 2604 2416
f 2418 2606 2604
f 2605 2419 2417
f 2607 2419 2605
f 2420 2606 2418
f 2420 2608 2606
f 2607 2421 2419
f 2609 2421 2607
f 2422 2608 2420
f 2422 2610 2608
f 2612 2423 2611
f 2423 2609 2611
f 2423 2421 2609
f 2613 2612 2611
f 2424 2610 2422
f 2424 2614 2610
f 2615 2425 2612
f 2612 2425 2423
f 2612 2613 2616
f 2612 2616 2615
f 2426 2614 2424
f 2426 2617 2614
f 2618 2427 2615
f 2615 2427 2425
f 2615 2616 2619
f 2615 2619 2618
f 2428 2617 2426
f 2428 2620 2617
f 2621 2429 2618
f 2618 2429 2427
f 2618 2619 2622
f 2618 2622 2621
f 2430 2620 2428
f 2430 2623 2620
f 2624 2431 2621
f 2621 2431 2429
f 2621 2622 2625
f 2621 2625 2624
f 2432 2623 2430
f 2432 2626 2623
f 2627 2433 2624
f 2624 2433 2431
f 2624 2625 2628
f 2624 2628 2627
f 2434 2626 2432
f 2434 2629 2626
f 2631 2630 2627
f 2630 2433 2627
f 2630 2435 2433
f 2631 2627 2628
f 2436 2629 2434
f 2436 2632 2629
f 2630 2438 2435
f 2633 2438 2630
f 2440 2632 2436
f 2440 2634 2632
f 2633 2441 2438
f 2635 2441 2633
f 2636 2634 2440
f 2636 2440 2442
f 2442 2443 2636
f 2636 2443 2637
f 2635 2444 2441
f 2638 2444 2635
f 2445 2637 2443
f 2445 2639 2637
f 2638 2446 2444
f 2640 2446 2638
f 2447 2639 2445
f 2447 2641 2639
f 2644 2643 2642
f 2640 2644 2642
f 2448 2640 2642
f 2446 2640 2448
f 2449 2641 2447
f 2449 2645 2641
f 2642 2643 2452
f 2643 2451 2452
f 2643 2646 2451
f 2642 2452 2448
f 2453 2645 2449
f 2453 2647 2645
f 2646 2454 2451
f 2648 2454 2646
f 2649 2647 2453
f 2649 2453 2455
f 2455 2456 2649
f 2649 2456 2650
f 2653 2652 2651
f 2648 2653 2651
f 2457 2648 2651
f 2454 2648 2457
f 2654 2650 2456
f 2654 2456 2458
f 2655 2458 2460
f 2655 2654 2458
f 2657 2656 2462
f 2656 2460 2462
f 2656 2655 2460
f 2659 2658 2657
f 2657 2658 2656
f 2659 2660 2658
f 2663 2662 2661
f 2665 2664 2661
f 2661 2664 2663
f 2664 2665 2652
f 2652 2665 2651
f 2665 2463 2651
f 2463 2464 2651
f 2651 2464 2457
f 2465 2657 2462
f 2657 2465 2466
f 2657 2466 2659
f 2666 2660 2659
f 2466 2666 2659
f 2467 2666 2466
f 2667 2467 2469
f 2667 2666 2467
f 2668 2469 2471
f 2668 2667 2469
f 2472 2661 2662
f 2668 2472 2662
f 2471 2472 2668
f 2661 2472 2473
f 2661 2473 2665
f 2665 2473 2463
f 2671 2670 2669
f 2673 2672 2669
f 2673 2669 2670
f 2674 2672 2673
f 2675 2671 2669
f 2677 2676 2675
f 2669 2677 2675
f 2672 2677 2669
f 2672 2674 2678
f 2679 2672 2678
f 2677 2672 2679
f 2680 2679 2678
f 2676 2677 2681
f 2676 2681 2682
f 2683 2677 2679
f 2681 2677 2683
f 2679 2680 2684
f 2679 2684 2683
f 2682 2681 2685
f 2682 2685 2686
f 2687 2681 2683
f 2685 2681 2687
f 2683 2684 2688
f 2689 2683 2688
f 2687 2683 2689
f 2690 2689 2688
f 2693 2692 2691
f 2691 2692 2686
f 2685 2691 2686
f 2694 2691 2685
f 2695 2685 2687
f 2694 2685 2695
f 2696 2687 2689
f 2695 2687 2696
f 2689 2690 2697
f 2689 2697 2696
f 2698 2693 2691
f 2700 2699 2698
f 2691 2700 2698
f 2694 2700 2691
f 2701 2694 2695
f 2700 2694 2701
f 2476 2701 2475
f 2701 2696 2475
f 2701 2695 2696
f 2703 2702 2477
f 2703 2477 2475
f 2697 2703 2475
f 2696 2697 2475
f 2704 2702 2703
f 2699 2700 2705
f 2699 2705 2706
f 2707 2700 2701
f 2705 2700 2707
f 2479 2707 2476
f 2476 2707 2701
f 2708 2480 2702
f 2702 2480 2477
f 2702 2704 2709
f 2702 2709 2708
f 2706 2705 2710
f 2706 2710 2711
f 2712 2705 2707
f 2710 2705 2712
f 2482 2712 2479
f 2479 2712 2707
f 2713 2483 2708
f 2708 2483 2480
f 2708 2709 2714
f 2708 2714 2713
f 2711 2710 2715
f 2711 2715 2716
f 2717 2710 2712
f 2715 2710 2717
f 2485 2717 2482
f 2482 2717 2712
f 2718 2486 2713
f 2713 2486 2483
f 2713 2714 2719
f 2713 2719 2718
f 2720 2716 2715
f 2722 2721 2720
f 2715 2722 2720
f 2717 2722 2715
f 2488 2722 2485
f 2485 2722 2717
f 2718 2489 2486
f 2491 2489 2718
f 2719 2491 2718
f 2723 2491 2719
f 2721 2722 2724
f 2721 2724 2725
f 2493 2724 2488
f 2488 2724 2722
f 2723 2495 2491
f 2726 2495 2723
f 2727 2725 2724
f 2724 2493 2727
f 2493 2728 2727
f 2493 2497 2728
f 2726 2499 2495
f 2729 2499 2726
f 2501 2728 2497
f 2501 2730 2728
f 2729 2503 2499
f 2731 2503 2729
f 2732 2730 2501
f 2732 2501 2504
f 2504 2505 2732
f 2732 2505 2733
f 2731 2507 2503
f 2734 2507 2731
f 2505 2508 2735
f 2736 2505 2735
f 2733 2505 2736
f 2737 2735 2508
f 2507 2737 2508
f 2734 2737 2507
f 2738 2736 2735
f 2738 2735 2737
f 2519 2739 2520
f 2740 2521 2520
f 2740 2520 2739
f 2741 2522 2521
f 2741 2521 2740
f 2742 2523 2522
f 2742 2522 2741
f 2743 2524 2523
f 2743 2523 2742
f 2744 2525 2524
f 2744 2524 2743
f 2745 2526 2525
f 2745 2525 2744
f 2746 2527 2526
f 2746 2526 2745
f 2747 2528 2527
f 2747 2527 2746
f 2747 2529 2528
f 2531 2748 2530
f 2748 2749 2530
f 2530 2749 2519
f 2749 2750 2519
f 2750 2739 2519
f 2739 2750 2740
f 2740 2750 2751
f 2740 2751 2741
f 2741 2751 2752
f 2741 2752 2742
f 2742 2752 2753
f 2742 2753 2743
f 2743 2753 2754
f 2743 2754 2744
f 2744 2754 2755
f 2744 2755 2745
f 2745 2755 2756
f 2745 2756 2746
f 2746 2756 2757
f 2746 2757 2747
f 2747 2757 2758
f 2529 2747 2758
f 2759 2529 2758
f 2533 2529 2759
f 2761 2760 2748
f 2531 2761 2748
f 2534 2761 2531
f 2748 2760 2749
f 2759 2762 2533
f 2533 2762 2535
f 2536 2535 2762
f 2536 2762 2763
f 2537 2761 2534
f 2537 2764 2761
f 2763 2538 2536
f 2765 2538 2763
f 2539 2764 2537
f 2539 2766 2764
f 2540 2538 2767
f 2538 2768 2767
f 2538 2765 2768
f 2767 2541 2540
f 2542 2766 2539
f 2542 2769 2766
f 2768 2770 2767
f 2541 2767 2770
f 2771 2541 2770
f 2543 2541 2771
f 2773 2772 2544
f 2773 2544 2545
f 2542 2544 2769
f 2769 2544 2772
f 2771 2774 2543
f 2543 2774 2546
f 2547 2546 2774
f 2547 2774 2775
f 2548 2773 2545
f 2548 2776 2773
f 2775 2549 2547
f 2777 2549 2775
f 2550 2776 2548
f 2550 2778 2776
f 2777 2551 2549
f 2779 2551 2777
f 2552 2778 2550
f 2552 2780 2778
f 2779 2553 2551
f 2781 2553 2779
f 2554 2780 2552
f 2554 2782 2780
f 2781 2555 2553
f 2783 2555 2781
f 2556 2782 2554
f 2556 2784 2782
f 2783 2557 2555
f 2785 2557 2783
f 2558 2784 2556
f 2558 2786 2784
f 2785 2559 2557
f 2787 2559 2785
f 2789 2788 2561
f 2789 2561 2562
f 2558 2561 2786
f 2786 2561 2788
f 2787 2563 2559
f 2790 2563 2787
f 2565 2789 2562
f 2565 2791 2789
f 2790 2566 2563
f 2792 2566 2790
f 2567 2791 2565
f 2567 2793 2791
f 2792 2568 2566
f 2794 2568 2792
f 2569 2793 2567
f 2569 2795 2793
f 2794 2570 2568
f 2796 2570 2794
f 2571 2795 2569
f 2571 2797 2795
f 2796 2572 2570
f 2798 2572 2796
f 2573 2797 2571
f 2573 2799 2797
f 2798 2574 2572
f 2800 2574 2798
f 2575 2799 2573
f 2575 2801 2799
f 2800 2576 2574
f 2802 2576 2800
f 2577 2801 2575
f 2577 2803 2801
f 2802 2578 2576
f 2804 2578 2802
f 2579 2803 2577
f 2579 2805 2803
f 2804 2580 2578
f 2806 2580 2804
f 2581 2805 2579
f 2581 2807 2805
f 2806 2582 2580
f 2808 2582 2806
f 2583 2807 2581
f 2583 2809 2807
f 2808 2584 2582
f 2810 2584 2808
f 2585 2809 2583
f 2585 2811 2809
f 2810 2586 2584
f 2812 2586 2810
f 2587 2811 2585
f 2587 2813 2811
f 2812 2588 2586
f 2814 2588 2812
f 2589 2813 2587
f 2589 2815 2813
f 2814 2590 2588
f 2816 2590 2814
f 2591 2815 2589
f 2591 2817 2815
f 2819 2818 2593
f 2593 2818 2592
f 2593 2590 2816
f 2593 2816 2819
f 2594 2817 2591
f 2594 2820 2817
f 2818 2595 2592
f 2821 2595 2818
f 2596 2820 2594
f 2596 2822 2820
f 2821 2597 2595
f 2823 2597 2821
f 2598 2822 2596
f 2598 2824 2822
f 2823 2600 2597
f 2825 2600 2823
f 2601 2824 2598
f 2601 2826 2824
f 2827 2602 2603
f 2828 2827 2603
f 2600 2828 2603
f 2825 2828 2600
f 2604 2826 2601
f 2604 2829 2826
f 2830 2605 2827
f 2827 2605 2602
f 2827 2828 2831
f 2827 2831 2830
f 2606 2829 2604
f 2606 2832 2829
f 2833 2607 2830
f 2830 2607 2605
f 2830 2831 2834
f 2830 2834 2833
f 2608 2832 2606
f 2608 2835 2832
f 2836 2609 2833
f 2833 2609 2607
f 2833 2834 2837
f 2833 2837 2836
f 2610 2835 2608
f 2610 2838 2835
f 2836 2611 2609
f 2613 2611 2836
f 2837 2613 2836
f 2839 2613 2837
f 2614 2838 2610
f 2614 2840 2838
f 2839 2616 2613
f 2841 2616 2839
f 2617 2840 2614
f 2617 2842 2840
f 2841 2619 2616
f 2843 2619 2841
f 2620 2842 2617
f 2620 2844 2842
f 2843 2622 2619
f 2845 2622 2843
f 2623 2844 2620
f 2623 2846 2844
f 2845 2625 2622
f 2847 2625 2845
f 2626 2846 2623
f 2626 2848 2846
f 2847 2628 2625
f 2849 2628 2847
f 2629 2848 2626
f 2629 2850 2848
f 2852 2851 2631
f 2631 2851 2630
f 2631 2628 2849
f 2631 2849 2852
f 2632 2850 2629
f 2632 2853 2850
f 2851 2633 2630
f 2854 2633 2851
f 2634 2853 2632
f 2634 2855 2853
f 2854 2635 2633
f 2856 2635 2854
f 2857 2855 2634
f 2857 2634 2636
f 2636 2637 2857
f 2857 2637 2858
f 2856 2638 2635
f 2859 2638 2856
f 2639 2858 2637
f 2639 2860 2858
f 2859 2640 2638
f 2861 2640 2859
f 2641 2860 2639
f 2641 2862 2860
f 2863 2643 2644
f 2864 2863 2644
f 2640 2864 2644
f 2861 2864 2640
f 2645 2862 2641
f 2645 2865 2862
f 2867 2866 2863
f 2866 2643 2863
f 2866 2646 2643
f 2867 2863 2864
f 2647 2865 2645
f 2647 2868 2865
f 2866 2648 2646
f 2869 2648 2866
f 2870 2868 2647
f 2870 2647 2649
f 2872 2871 2650
f 2871 2649 2650
f 2871 2870 2649
f 2872 2873 2871
f 2875 2874 2653
f 2653 2874 2652
f 2653 2648 2869
f 2653 2869 2875
f 2654 2872 2650
f 2876 2873 2872
f 2654 2876 2872
f 2655 2876 2654
f 2877 2655 2656
f 2877 2876 2655
f 2878 2656 2658
f 2878 2877 2656
f 2658 2660 2878
f 2878 2660 2879
f 2882 2881 2880
f 2662 2663 2880
f 2663 2882 2880
f 2663 2883 2882
f 2884 2663 2664
f 2884 2883 2663
f 2664 2652 2874
f 2664 2874 2884
f 2885 2879 2660
f 2885 2660 2666
f 2886 2666 2667
f 2886 2885 2666
f 2668 2880 2881
f 2886 2668 2881
f 2667 2668 2886
f 2880 2668 2662
f 2889 2888 2887
f 2890 2887 2888
f 2893 2892 2891
f 2891 2892 2889
f 2887 2891 2889
f 2894 2891 2887
f 2887 2890 2895
f 2896 2887 2895
f 2894 2887 2896
f 2897 2896 2895
f 2893 2891 2898
f 2893 2898 2899
f 2900 2891 2894
f 2898 2891 2900
f 2901 2894 2896
f 2900 2894 2901
f 2896 2897 2902
f 2903 2896 2902
f 2901 2896 2903
f 2904 2903 2902
f 2899 2898 2905
f 2899 2905 2906
f 2671 2905 2670
f 2905 2900 2670
f 2905 2898 2900
f 2670 2900 2673
f 2673 2900 2901
f 2673 2901 2674
f 2901 2907 2674
f 2901 2903 2907
f 2903 2904 2908
f 2909 2903 2908
f 2907 2903 2909
f 2910 2909 2908
f 2911 2906 2905
f 2913 2911 2912
f 2912 2911 2675
f 2911 2905 2675
f 2905 2671 2675
f 2676 2912 2675
f 2907 2678 2674
f 2678 2907 2680
f 2907 2914 2680
f 2907 2909 2914
f 2909 2910 2915
f 2909 2915 2914
f 2913 2912 2916
f 2913 2916 2917
f 2682 2916 2676
f 2676 2916 2912
f 2918 2684 2914
f 2914 2684 2680
f 2914 2915 2919
f 2914 2919 2918
f 2917 2916 2920
f 2917 2920 2921
f 2686 2920 2682
f 2682 2920 2916
f 2918 2688 2684
f 2690 2688 2918
f 2919 2690 2918
f 2922 2690 2919
f 2921 2920 2692
f 2693 2921 2692
f 2923 2921 2693
f 2692 2920 2686
f 2925 2697 2924
f 2697 2922 2924
f 2697 2690 2922
f 2926 2925 2924
f 2693 2698 2927
f 2928 2693 2927
f 2923 2693 2928
f 2699 2927 2698
f 2925 2703 2697
f 2704 2703 2925
f 2926 2704 2925
f 2929 2704 2926
f 2928 2927 2930
f 2928 2930 2931
f 2706 2930 2699
f 2699 2930 2927
f 2929 2709 2704
f 2932 2709 2929
f 2933 2931 2930
f 2930 2706 2933
f 2706 2934 2933
f 2706 2711 2934
f 2932 2714 2709
f 2935 2714 2932
f 2716 2934 2711
f 2716 2936 2934
f 2938 2719 2937
f 2719 2935 2937
f 2719 2714 2935
f 2939 2938 2937
f 2716 2720 2940
f 2941 2716 2940
f 2936 2716 2941
f 2721 2940 2720
f 2942 2723 2938
f 2938 2723 2719
f 2938 2939 2943
f 2938 2943 2942
f 2944 2941 2940
f 2940 2721 2944
f 2721 2945 2944
f 2721 2725 2945
f 2946 2726 2942
f 2942 2726 2723
f 2942 2943 2947
f 2942 2947 2946
f 2725 2727 2948
f 2949 2725 2948
f 2945 2725 2949
f 2728 2948 2727
f 2950 2729 2946
f 2946 2729 2726
f 2946 2947 2951
f 2946 2951 2950
f 2952 2949 2948
f 2948 2728 2952
f 2728 2953 2952
f 2728 2730 2953
f 2955 2954 2950
f 2954 2729 2950
f 2954 2731 2729
f 2955 2950 2951
f 2730 2732 2956
f 2957 2730 2956
f 2953 2730 2957
f 2733 2956 2732
f 2954 2734 2731
f 2958 2734 2954
f 2959 2957 2956
f 2956 2733 2959
f 2733 2960 2959
f 2733 2736 2960
f 2958 2737 2734
f 2961 2737 2958
f 2962 2960 2736
f 2962 2736 2738
f 2738 2737 2961
f 2738 2961 2962
f 2749 2963 2750
f 2964 2751 2750
f 2964 2750 2963
f 2965 2752 2751
f 2965 2751 2964
f 2966 2753 2752
f 2966 2752 2965
f 2967 2754 2753
f 2967 2753 2966
f 2968 2755 2754
f 2968 2754 2967
f 2969 2756 2755
f 2969 2755 2968
f 2970 2757 2756
f 2970 2756 2969
f 2757 2970 2971
f 2972 2757 2971
f 2758 2757 2972
f 2759 2758 2972
f 2759 2972 2973
f 2761 2974 2760
f 2974 2975 2760
f 2760 2975 2749
f 2975 2976 2749
f 2976 2963 2749
f 2963 2976 2964
f 2964 2976 2977
f 2964 2977 2965
f 2965 2977 2978
f 2965 2978 2966
f 2966 2978 2979
f 2966 2979 2967
f 2967 2979 2980
f 2967 2980 2968
f 2968 2980 2981
f 2968 2981 2969
f 2969 2981 2982
f 2969 2982 2970
f 2970 2982 2983
f 2970 2983 2971
f 2762 2759 2984
f 2759 2985 2984
f 2759 2973 2985
f 2984 2763 2762
f 2987 2986 2974
f 2761 2987 2974
f 2764 2987 2761
f 2974 2986 2975
f 2985 2988 2984
f 2763 2984 2988
f 2989 2763 2988
f 2765 2763 2989
f 2766 2987 2764
f 2766 2990 2987
f 2989 2768 2765
f 2991 2768 2989
f 2769 2990 2766
f 2769 2992 2990
f 2770 2768 2993
f 2768 2994 2993
f 2768 2991 2994
f 2993 2771 2770
f 2773 2995 2772
f 2995 2996 2772
f 2996 2769 2772
f 2996 2992 2769
f 2994 2997 2993
f 2997 2999 2998
f 2997 2998 2774
f 2993 2997 2774
f 2771 2993 2774
f 2998 2775 2774
f 3001 3000 2995
f 2773 3001 2995
f 2776 3001 2773
f 2995 3000 2996
f 2999 3002 2998
f 2775 2998 3002
f 3003 2775 3002
f 2777 2775 3003
f 2778 3001 2776
f 2778 3004 3001
f 3003 2779 2777
f 3005 2779 3003
f 2780 3004 2778
f 2780 3006 3004
f 3005 2781 2779
f 3007 2781 3005
f 2782 3006 2780
f 2782 3008 3006
f 3007 2783 2781
f 3009 2783 3007
f 2784 3008 2782
f 2784 3010 3008
f 3009 2785 2783
f 3011 2785 3009
f 2786 3010 2784
f 2786 3012 3010
f 3011 2787 2785
f 3013 2787 3011
f 3015 3014 2788
f 3015 2788 2789
f 2786 2788 3012
f 3012 2788 3014
f 3013 2790 2787
f 3016 2790 3013
f 2791 3015 2789
f 2791 3017 3015
f 3016 2792 2790
f 3018 2792 3016
f 2793 3017 2791
f 2793 3019 3017
f 3018 2794 2792
f 3020 2794 3018
f 2795 3019 2793
f 2795 3021 3019
f 3020 2796 2794
f 3022 2796 3020
f 2797 3021 2795
f 2797 3023 3021
f 3022 2798 2796
f 3024 2798 3022
f 2799 3023 2797
f 2799 3025 3023
f 3024 2800 2798
f 3026 2800 3024
f 2801 3025 2799
f 2801 3027 3025
f 3026 2802 2800
f 3028 2802 3026
f 2803 3027 2801
f 2803 3029 3027
f 3028 2804 2802
f 3030 2804 3028
f 2805 3029 2803
f 2805 3031 3029
f 3030 2806 2804
f 3032 2806 3030
f 2807 3031 2805
f 2807 3033 3031
f 3032 2808 2806
f 3034 2808 3032
f 2809 3033 2807
f 2809 3035 3033
f 3034 2810 2808
f 3036 2810 3034
f 2811 3035 2809
f 2811 3037 3035
f 3036 2812 2810
f 3038 2812 3036
f 2813 3037 2811
f 2813 3039 3037
f 3038 2814 2812
f 3040 2814 3038
f 2815 3039 2813
f 2815 3041 3039
f 3040 2816 2814
f 3042 2816 3040
f 2817 3041 2815
f 2817 3043 3041
f 3044 2818 2819
f 3045 3044 2819
f 2816 3045 2819
f 3042 3045 2816
f 2820 3043 2817
f 2820 3046 3043
f 3048 3047 3044
f 3047 2818 3044
f 3047 2821 2818
f 3048 3044 3045
f 2822 3046 2820
f 2822 3049 3046
f 3047 2823 2821
f 3050 2823 3047
f 2824 3049 2822
f 2824 3051 3049
f 3050 2825 2823
f 3052 2825 3050
f 2826 3051 2824
f 2826 3053 3051
f 3052 2828 2825
f 3054 2828 3052
f 2829 3053 2826
f 2829 3055 3053
f 3054 2831 2828
f 3056 2831 3054
f 2832 3055 2829
f 2832 3057 3055
f 3056 2834 2831
f 3058 2834 3056
f 2835 3057 2832
f 2835 3059 3057
f 3058 2837 2834
f 3060 2837 3058
f 2838 3059 2835
f 2838 3061 3059
f 3060 2839 2837
f 3062 2839 3060
f 2840 3061 2838
f 2840 3063 3061
f 3062 2841 2839
f 3064 2841 3062
f 2842 3063 2840
f 2842 3065 3063
f 3064 2843 2841
f 3066 2843 3064
f 2844 3065 2842
f 2844 3067 3065
f 3066 2845 2843
f 3068 2845 3066
f 2846 3067 2844
f 2846 3069 3067
f 3068 2847 2845
f 3070 2847 3068
f 2848 3069 2846
f 2848 3071 3069
f 3070 2849 2847
f 3072 2849 3070
f 2850 3071 2848
f 2850 3073 3071
f 3074 2851 2852
f 3075 3074 2852
f 2849 3075 2852
f 3072 3075 2849
f 2853 3073 2850
f 2853 3076 3073
f 3078 3077 3074
f 3077 2851 3074
f 3077 2854 2851
f 3078 3074 3075
f 2855 3076 2853
f 2855 3079 3076
f 3077 2856 2854
f 3080 2856 3077
f 3081 3079 2855
f 3081 2855 2857
f 2857 2858 3081
f 3081 2858 3082
f 3080 2859 2856
f 3083 2859 3080
f 2860 3082 2858
f 2860 3084 3082
f 3083 2861 2859
f 3085 2861 3083
f 2862 3084 2860
f 2862 3086 3084
f 3085 2864 2861
f 3087 2864 3085
f 2865 3086 2862
f 2865 3088 3086
f 3090 3089 2867
f 2867 3089 2866
f 2867 2864 3087
f 2867 3087 3090
f 2868 3088 2865
f 2868 3091 3088
f 3089 2869 2866
f 3092 2869 3089
f 3093 3091 2868
f 3093 2868 2870
f 3094 2870 2871
f 3094 3093 2870
f 2871 2873 3094
f 3094 2873 3095
f 3097 3096 2875
f 2875 3096 2874
f 2875 2869 3092
f 2875 3092 3097
f 3098 3095 2873
f 3098 2873 2876
f 3099 2876 2877
f 3099 3098 2876
f 3100 2877 2878
f 3100 3099 2877
f 3102 3101 2879
f 3101 2878 2879
f 3101 3100 2878
f 3104 3103 3102
f 3102 3103 3101
f 2881 2882 3104
f 2882 3103 3104
f 2882 3105 3103
f 3106 2882 2883
f 3106 3105 2882
f 3107 2883 2884
f 3107 3106 2883
f 2884 2874 3096
f 2884 3096 3107
f 2885 3102 2879
f 3102 2885 2886
f 3102 2886 3104
f 3104 2886 2881
f 3110 3109 3108
f 3112 3111 3108
f 3112 3108 3109
f 2888 2889 3111
f 3112 2888 3111
f 3113 2888 3112
f 3115 3114 2890
f 2888 3115 2890
f 3113 3115 2888
f 3116 3114 3115
f 3110 3108 3117
f 3110 3117 3118
f 2893 3117 2892
f 3117 3111 2892
f 3117 3108 3111
f 2892 3111 2889
f 3114 2895 2890
f 3120 3119 2897
f 3120 2897 2895
f 3116 3120 2895
f 3114 3116 2895
f 3121 3119 3120
f 3122 3118 3117
f 3117 2893 3122
f 2893 3123 3122
f 2893 2899 3123
f 3119 2902 2897
f 2904 2902 3119
f 3121 2904 3119
f 3124 2904 3121
f 2906 3123 2899
f 2906 3125 3123
f 3124 3126 2904
f 2904 3126 2908
f 2910 2908 3126
f 2910 3126 3127
f 2906 2911 3128
f 3129 2906 3128
f 3125 2906 3129
f 2913 3128 2911
f 3127 2915 2910
f 3130 2915 3127
f 3131 3129 3128
f 3128 2913 3131
f 2913 3132 3131
f 2913 2917 3132
f 3130 2919 2915
f 3133 2919 3130
f 2921 3132 2917
f 2921 3134 3132
f 3136 2922 3135
f 2922 3133 3135
f 2922 2919 3133
f 3137 3136 3135
f 2923 3134 2921
f 2923 3138 3134
f 3136 2924 2922
f 2926 2924 3136
f 3137 2926 3136
f 3139 2926 3137
f 2928 3138 2923
f 2928 3140 3138
f 3139 2929 2926
f 3141 2929 3139
f 2931 3140 2928
f 2931 3142 3140
f 3141 2932 2929
f 3143 2932 3141
f 2931 2933 3144
f 3145 2931 3144
f 3142 2931 3145
f 2934 3144 2933
f 3143 2935 2932
f 3146 2935 3143
f 3147 3145 3144
f 3144 2934 3147
f 2934 3148 3147
f 2934 2936 3148
f 3146 3149 2935
f 2935 3149 2937
f 2939 2937 3149
f 2939 3149 3150
f 2941 3148 2936
f 2941 3151 3148
f 3150 2943 2939
f 3152 2943 3150
f 3153 3151 2941
f 3153 2941 2944
f 2944 2945 3153
f 3153 2945 3154
f 3152 2947 2943
f 3155 2947 3152
f 2949 3154 2945
f 2949 3156 3154
f 3155 2951 2947
f 3157 2951 3155
f 3158 3156 2949
f 3158 2949 2952
f 2952 2953 3158
f 3158 2953 3159
f 3161 3160 2955
f 2955 3160 2954
f 2955 2951 3157
f 2955 3157 3161
f 2957 3163 3162
f 3159 2957 3162
f 2953 2957 3159
f 3163 3164 3162
f 3160 2958 2954
f 3165 2958 3160
f 2959 3163 2957
f 2959 2960 3163
f 2960 3164 3163
f 2960 3166 3164
f 3165 2961 2958
f 3167 2961 3165
f 3168 3166 2960
f 3168 2960 2962
f 2962 2961 3167
f 2962 3167 3168
f 2971 3169 2972
f 3169 2973 2972
f 2975 3170 2976
f 3171 2977 2976
f 3171 2976 3170
f 3172 2978 2977
f 3172 2977 3171
f 3173 2979 2978
f 3173 2978 3172
f 3174 2980 2979
f 3174 2979 3173
f 3175 2981 2980
f 3175 2980 3174
f 3176 2982 2981
f 3176 2981 3175
f 3177 2983 2982
f 3177 2982 3176
f 3177 3178 2983
f 2983 3178 2971
f 3178 3179 2971
f 3179 3169 2971
f 2973 3169 3179
f 3180 2973 3179
f 2985 2973 3180
f 2987 3181 2986
f 3181 3182 2986
f 2986 3182 2975
f 3182 3183 2975
f 3183 3170 2975
f 3170 3183 3171
f 3171 3183 3184
f 3171 3184 3172
f 3172 3184 3185
f 3172 3185 3173
f 3173 3185 3186
f 3173 3186 3174
f 3174 3186 3187
f 3174 3187 3175
f 3175 3187 3188
f 3175 3188 3176
f 3176 3188 3189
f 3176 3189 3177
f 3177 3189 3190
f 3177 3190 3178
f 2988 2985 3191
f 2985 3192 3191
f 2985 3180 3192
f 3191 2989 2988
f 3194 3193 3181
f 2987 3194 3181
f 2990 3194 2987
f 3181 3193 3182
f 3192 3195 3191
f 2989 3191 3195
f 3196 2989 3195
f 2991 2989 3196
f 2992 3194 2990
f 2992 3197 3194
f 3196 2994 2991
f 3198 2994 3196
f 2996 3197 2992
f 2996 3199 3197
f 2997 2994 3200
f 2994 3201 3200
f 2994 3198 3201
f 3200 2999 2997
f 3203 3202 3000
f 3203 3000 3001
f 2996 3000 3199
f 3199 3000 3202
f 3201 3204 3200
f 3204 3206 3205
f 3204 3205 3002
f 3200 3204 3002
f 2999 3200 3002
f 3205 3003 3002
f 3004 3203 3001
f 3004 3207 3203
f 3206 3208 3205
f 3003 3205 3208
f 3209 3003 3208
f 3005 3003 3209
f 3006 3207 3004
f 3006 3210 3207
f 3209 3007 3005
f 3211 3007 3209
f 3008 3210 3006
f 3008 3212 3210
f 3211 3009 3007
f 3213 3009 3211
f 3010 3212 3008
f 3010 3214 3212
f 3213 3011 3009
f 3215 3011 3213
f 3012 3214 3010
f 3012 3216 3214
f 3215 3013 3011
f 3217 3013 3215
f 3219 3218 3014
f 3219 3014 3015
f 3012 3014 3216
f 3216 3014 3218
f 3217 3016 3013
f 3220 3016 3217
f 3017 3219 3015
f 3017 3221 3219
f 3220 3018 3016
f 3222 3018 3220
f 3019 3221 3017
f 3019 3223 3221
f 3222 3020 3018
f 3224 3020 3222
f 3021 3223 3019
f 3021 3225 3223
f 3224 3022 3020
f 3226 3022 3224
f 3023 3225 3021
f 3023 3227 3225
f 3226 3024 3022
f 3228 3024 3226
f 3025 3227 3023
f 3025 3229 3227
f 3228 3026 3024
f 3230 3026 3228
f 3027 3229 3025
f 3027 3231 3229
f 3230 3028 3026
f 3232 3028 3230
f 3029 3231 3027
f 3029 3233 3231
f 3232 3030 3028
f 3234 3030 3232
f 3031 3233 3029
f 3031 3235 3233
f 3234 3032 3030
f 3236 3032 3234
f 3033 3235 3031
f 3033 3237 3235
f 3236 3034 3032
f 3238 3034 3236
f 3035 3237 3033
f 3035 3239 3237
f 3238 3036 3034
f 3240 3036 3238
f 3037 3239 3035
f 3037 3241 3239
f 3240 3038 3036
f 3242 3038 3240
f 3039 3241 3037
f 3039 3243 3241
f 3242 3040 3038
f 3244 3040 3242
f 3041 3243 3039
f 3041 3245 3243
f 3244 3042 3040
f 3246 3042 3244
f 3043 3245 3041
f 3043 3247 3245
f 3246 3045 3042
f 3248 3045 3246
f 3046 3247 3043
f 3046 3249 3247
f 3250 3047 3048
f 3251 3250 3048
f 3045 3251 3048
f 3248 3251 3045
f 3049 3249 3046
f 3049 3252 3249
f 3254 3253 3250
f 3253 3047 3250
f 3253 3050 3047
f 3254 3250 3251
f 3051 3252 3049
f 3051 3255 3252
f 3253 3052 3050
f 3256 3052 3253
f 3053 3255 3051
f 3053 3257 3255
f 3256 3054 3052
f 3258 3054 3256
f 3055 3257 3053
f 3055 3259 3257
f 3258 3056 3054
f 3260 3056 3258
f 3057 3259 3055
f 3057 3261 3259
f 3260 3058 3056
f 3262 3058 3260
f 3059 3261 3057
f 3059 3263 3261
f 3262 3060 3058
f 3264 3060 3262
f 3061 3263 3059
f 3061 3265 3263
f 3264 3062 3060
f 3266 3062 3264
f 3063 3265 3061
f 3063 3267 3265
f 3266 3064 3062
f 3268 3064 3266
f 3065 3267 3063
f 3065 3269 3267
f 3268 3066 3064
f 3270 3066 3268
f 3067 3269 3065
f 3067 3271 3269
f 3270 3068 3066
f 3272 3068 3270
f 3069 3271 3067
f 3069 3273 3271
f 3272 3070 3068
f 3274 3070 3272
f 3071 3273 3069
f 3071 3275 3273
f 3274 3072 3070
f 3276 3072 3274
f 3073 3275 3071
f 3073 3277 3275
f 3276 3075 3072
f 3278 3075 3276
f 3076 3277 3073
f 3076 3279 3277
f 3281 3280 3078
f 3078 3280 3077
f 3078 3075 3278
f 3078 3278 3281
f 3079 3279 3076
f 3079 3282 3279
f 3280 3080 3077
f 3283 3080 3280
f 3284 3282 3079
f 3284 3079 3081
f 3081 3082 3284
f 3284 3082 3285
f 3283 3083 3080
f 3286 3083 3283
f 3084 3285 3082
f 3084 3287 3285
f 3286 3085 3083
f 3288 3085 3286
f 3086 3287 3084
f 3086 3289 3287
f 3292 3291 3290
f 3288 3292 3290
f 3087 3288 3290
f 3085 3288 3087
f 3088 3289 3086
f 3088 3293 3289
f 3290 3291 3090
f 3291 3089 3090
f 3291 3294 3089
f 3290 3090 3087
f 3091 3293 3088
f 3091 3295 3293
f 3294 3092 3089
f 3296 3092 3294
f 3297 3295 3091
f 3297 3091 3093
f 3299 3297 3298
f 3297 3094 3298
f 3297 3093 3094
f 3095 3298 3094
f 3301 3300 3097
f 3097 3300 3096
f 3097 3092 3296
f 3097 3296 3301
f 3302 3299 3298
f 3302 3298 3095
f 3098 3302 3095
f 3303 3302 3098
f 3304 3098 3099
f 3304 3303 3098
f 3305 3099 3100
f 3305 3304 3099
f 3306 3100 3101
f 3306 3305 3100
f 3307 3101 3103
f 3307 3306 3101
f 3308 3103 3105
f 3308 3307 3103
f 3309 3105 3106
f 3309 3308 3105
f 3310 3106 3107
f 3310 3309 3106
f 3107 3096 3300
f 3107 3300 3310
f 3313 3312 3311
f 3314 3311 3312
f 3317 3316 3315
f 3315 3316 3313
f 3311 3315 3313
f 3318 3315 3311
f 3311 3314 3319
f 3320 3311 3319
f 3318 3311 3320
f 3322 3321 3320
f 3322 3320 3319
f 3323 3321 3322
f 3317 3315 3109
f 3110 3317 3109
f 3324 3317 3110
f 3109 3315 3112
f 3112 3315 3318
f 3112 3318 3113
f 3113 3318 3320
f 3113 3320 3115
f 3115 3320 3321
f 3116 3115 3321
f 3323 3116 3321
f 3325 3116 3323
f 3118 3324 3110
f 3118 3326 3324
f 3325 3327 3116
f 3116 3327 3120
f 3121 3120 3327
f 3121 3327 3328
f 3118 3122 3329
f 3330 3118 3329
f 3326 3118 3330
f 3123 3329 3122
f 3328 3124 3121
f 3331 3124 3328
f 3332 3330 3329
f 3329 3123 3332
f 3123 3333 3332
f 3123 3125 3333
f 3331 3334 3124
f 3124 3334 3126
f 3127 3126 3334
f 3127 3334 3335
f 3129 3333 3125
f 3129 3336 3333
f 3335 3130 3127
f 3337 3130 3335
f 3129 3131 3338
f 3339 3129 3338
f 3336 3129 3339
f 3132 3338 3131
f 3337 3133 3130
f 3340 3133 3337
f 3339 3338 3341
f 3339 3341 3342
f 3134 3341 3132
f 3132 3341 3338
f 3340 3343 3133
f 3133 3343 3135
f 3137 3135 3343
f 3137 3343 3344
f 3345 3342 3341
f 3341 3134 3345
f 3134 3346 3345
f 3134 3138 3346
f 3344 3139 3137
f 3347 3139 3344
f 3140 3346 3138
f 3140 3348 3346
f 3347 3141 3139
f 3349 3141 3347
f 3142 3348 3140
f 3142 3350 3348
f 3349 3143 3141
f 3351 3143 3349
f 3145 3350 3142
f 3145 3352 3350
f 3351 3146 3143
f 3353 3146 3351
f 3354 3352 3145
f 3354 3145 3147
f 3147 3148 3354
f 3354 3148 3355
f 3353 3356 3146
f 3146 3356 3149
f 3150 3149 3356
f 3150 3356 3357
f 3151 3355 3148
f 3151 3358 3355
f 3357 3152 3150
f 3359 3152 3357
f 3360 3358 3151
f 3360 3151 3153
f 3153 3154 3360
f 3360 3154 3361
f 3359 3155 3152
f 3362 3155 3359
f 3156 3361 3154
f 3156 3363 3361
f 3362 3157 3155
f 3364 3157 3362
f 3365 3363 3156
f 3365 3156 3158
f 3158 3159 3365
f 3365 3159 3366
f 3368 3367 3161
f 3161 3367 3160
f 3161 3157 3364
f 3161 3364 3368
f 3369 3366 3159
f 3369 3159 3162
f 3162 3164 3369
f 3369 3164 3370
f 3367 3165 3160
f 3371 3165 3367
f 3166 3370 3164
f 3166 3372 3370
f 3371 3167 3165
f 3373 3167 3371
f 3374 3372 3166
f 3374 3166 3168
f 3168 3167 3373
f 3168 3373 3374
f 3178 3375 3179
f 3375 3180 3179
f 3182 3376 3183
f 3377 3184 3183
f 3377 3183 3376
f 3378 3185 3184
f 3378 3184 3377
f 3379 3186 3185
f 3379 3185 3378
f 3380 3187 3186
f 3380 3186 3379
f 3381 3188 3187
f 3381 3187 3380
f 3382 3189 3188
f 3382 3188 3381
f 3189 3382 3383
f 3384 3189 3383
f 3190 3189 3384
f 3178 3190 3375
f 3190 3385 3375
f 3190 3384 3385
f 3180 3375 3385
f 3386 3180 3385
f 3192 3180 3386
f 3194 3387 3193
f 3387 3388 3193
f 3193 3388 3182
f 3388 3389 3182
f 3389 3376 3182
f 3376 3389 3377
f 3377 3389 3390
f 3377 3390 3378
f 3378 3390 3391
f 3378 3391 3379
f 3379 3391 3392
f 3379 3392 3380
f 3380 3392 3393
f 3380 3393 3381
f 3381 3393 3394
f 3381 3394 3382
f 3382 3394 3395
f 3382 3395 3383
f 3386 3396 3192
f 3192 3396 3195
f 3196 3195 3396
f 3196 3396 3397
f 3399 3398 3387
f 3194 3399 3387
f 3197 3399 3194
f 3387 3398 3388
f 3397 3198 3196
f 3400 3198 3397
f 3199 3399 3197
f 3199 3401 3399
f 3400 3201 3198
f 3402 3201 3400
f 3203 3403 3202
f 3403 3404 3202
f 3404 3199 3202
f 3404 3401 3199
f 3402 3405 3201
f 3201 3405 3204
f 3206 3204 3405
f 3206 3405 3406
f 3408 3407 3403
f 3203 3408 3403
f 3207 3408 3203
f 3403 3407 3404
f 3208 3206 3409
f 3206 3410 3409
f 3206 3406 3410
f 3409 3209 3208
f 3210 3408 3207
f 3210 3411 3408
f 3410 3412 3409
f 3209 3409 3412
f 3413 3209 3412
f 3211 3209 3413
f 3212 3411 3210
f 3212 3414 3411
f 3413 3213 3211
f 3415 3213 3413
f 3214 3414 3212
f 3214 3416 3414
f 3415 3215 3213
f 3417 3215 3415
f 3216 3416 3214
f 3216 3418 3416
f 3417 3217 3215
f 3419 3217 3417
f 3421 3420 3218
f 3421 3218 3219
f 3216 3218 3418
f 3418 3218 3420
f 3419 3220 3217
f 3422 3220 3419
f 3221 3421 3219
f 3221 3423 3421
f 3422 3222 3220
f 3424 3222 3422
f 3223 3423 3221
f 3223 3425 3423
f 3424 3224 3222
f 3426 3224 3424
f 3225 3425 3223
f 3225 3427 3425
f 3426 3226 3224
f 3428 3226 3426
f 3227 3427 3225
f 3227 3429 3427
f 3428 3228 3226
f 3430 3228 3428
f 3229 3429 3227
f 3229 3431 3429
f 3430 3230 3228
f 3432 3230 3430
f 3231 3431 3229
f 3231 3433 3431
f 3432 3232 3230
f 3434 3232 3432
f 3233 3433 3231
f 3233 3435 3433
f 3434 3234 3232
f 3436 3234 3434
f 3235 3435 3233
f 3235 3437 3435
f 3436 3236 3234
f 3438 3236 3436
f 3237 3437 3235
f 3237 3439 3437
f 3438 3238 3236
f 3440 3238 3438
f 3239 3439 3237
f 3239 3441 3439
f 3440 3240 3238
f 3442 3240 3440
f 3241 3441 3239
f 3241 3443 3441
f 3442 3242 3240
f 3444 3242 3442
f 3243 3443 3241
f 3243 3445 3443
f 3444 3244 3242
f 3446 3244 3444
f 3245 3445 3243
f 3245 3447 3445
f 3446 3246 3244
f 3448 3246 3446
f 3247 3447 3245
f 3247 3449 3447
f 3448 3248 3246
f 3450 3248 3448
f 3249 3449 3247
f 3249 3451 3449
f 3450 3251 3248
f 3452 3251 3450
f 3252 3451 3249
f 3252 3453 3451
f 3455 3454 3254
f 3254 3454 3253
f 3254 3251 3452
f 3254 3452 3455
f 3255 3453 3252
f 3255 3456 3453
f 3454 3256 3253
f 3457 3256 3454
f 3257 3456 3255
f 3257 3458 3456
f 3457 3258 3256
f 3459 3258 3457
f 3259 3458 3257
f 3259 3460 3458
f 3459 3260 3258
f 3461 3260 3459
f 3261 3460 3259
f 3261 3462 3460
f 3461 3262 3260
f 3463 3262 3461
f 3263 3462 3261
f 3263 3464 3462
f 3463 3264 3262
f 3465 3264 3463
f 3265 3464 3263
f 3265 3466 3464
f 3465 3266 3264
f 3467 3266 3465
f 3267 3466 3265
f 3267 3468 3466
f 3467 3268 3266
f 3469 3268 3467
f 3269 3468 3267
f 3269 3470 3468
f 3469 3270 3268
f 3471 3270 3469
f 3271 3470 3269
f 3271 3472 3470
f 3471 3272 3270
f 3473 3272 3471
f 3273 3472 3271
f 3273 3474 3472
f 3473 3274 3272
f 3475 3274 3473
f 3275 3474 3273
f 3275 3476 3474
f 3475 3276 3274
f 3477 3276 3475
f 3277 3476 3275
f 3277 3478 3476
f 3477 3278 3276
f 3479 3278 3477
f 3279 3478 3277
f 3279 3480 3478
f 3482 3481 3281
f 3281 3481 3280
f 3281 3278 3479
f 3281 3479 3482
f 3282 3480 3279
f 3282 3483 3480
f 3481 3283 3280
f 3484 3283 3481
f 3282 3284 3485
f 3486 3282 3485
f 3483 3282 3486
f 3285 3485 3284
f 3484 3286 3283
f 3487 3286 3484
f 3488 3486 3485
f 3485 3285 3488
f 3285 3489 3488
f 3285 3287 3489
f 3487 3288 3286
f 3490 3288 3487
f 3289 3489 3287
f 3289 3491 3489
f 3493 3492 3292
f 3292 3492 3291
f 3292 3288 3490
f 3292 3490 3493
f 3496 3495 3494
f 3495 3491 3494
f 3491 3293 3494
f 3491 3289 3293
f 3492 3294 3291
f 3497 3294 3492
f 3498 3496 3494
f 3494 3293 3498
f 3293 3499 3498
f 3293 3295 3499
f 3502 3501 3500
f 3497 3502 3500
f 3296 3497 3500
f 3294 3497 3296
f 3295 3297 3503
f 3504 3295 3503
f 3499 3295 3504
f 3299 3503 3297
f 3500 3501 3301
f 3501 3300 3301
f 3501 3505 3300
f 3500 3301 3296
f 3504 3503 3506
f 3504 3506 3507
f 3302 3508 3299
f 3508 3503 3299
f 3508 3506 3503
f 3303 3509 3302
f 3302 3509 3508
f 3304 3510 3303
f 3303 3510 3509
f 3305 3511 3304
f 3304 3511 3510
f 3306 3512 3305
f 3305 3512 3511
f 3307 3513 3306
f 3306 3513 3512
f 3513 3307 3514
f 3307 3515 3514
f 3307 3308 3515
f 3516 3308 3309
f 3516 3515 3308
f 3517 3309 3310
f 3517 3516 3309
f 3310 3300 3505
f 3310 3505 3517
f 3507 3506 3518
f 3507 3518 3519
f 3520 3506 3508
f 3518 3506 3520
f 3521 3508 3509
f 3520 3508 3521
f 3522 3509 3510
f 3521 3509 3522
f 3523 3510 3511
f 3522 3510 3523
f 3524 3511 3512
f 3523 3511 3524
f 3513 3526 3525
f 3524 3513 3525
f 3512 3513 3524
f 3526 3513 3514
f 3519 3518 3527
f 3519 3527 3528
f 3520 3530 3529
f 3527 3520 3529
f 3518 3520 3527
f 3530 3520 3521
f 3530 3521 3531
f 3531 3521 3522
f 3531 3522 3532
f 3532 3522 3523
f 3532 3523 3533
f 3533 3523 3524
f 3533 3524 3534
f 3534 3524 3525
f 3535 3528 3527
f 3535 3527 3529
f 3538 3537 3536
f 3540 3539 3536
f 3540 3536 3537
f 3541 3539 3540
f 3544 3543 3542
f 3542 3543 3538
f 3536 3542 3538
f 3545 3542 3536
f 3313 3545 3312
f 3545 3539 3312
f 3545 3536 3539
f 3547 3546 3314
f 3547 3314 3312
f 3541 3547 3312
f 3539 3541 3312
f 3548 3546 3547
f 3544 3542 3549
f 3544 3549 3550
f 3317 3549 3316
f 3549 3545 3316
f 3549 3542 3545
f 3316 3545 3313
f 3546 3319 3314
f 3548 3551 3546
f 3551 3319 3546
f 3551 3322 3319
f 3323 3322 3551
f 3323 3551 3552
f 3550 3549 3553
f 3550 3553 3554
f 3324 3553 3317
f 3317 3553 3549
f 3556 3325 3555
f 3325 3552 3555
f 3325 3323 3552
f 3557 3556 3555
f 3558 3554 3553
f 3553 3324 3558
f 3324 3559 3558
f 3324 3326 3559
f 3556 3327 3325
f 3328 3327 3556
f 3557 3328 3556
f 3560 3328 3557
f 3330 3559 3326
f 3330 3561 3559
f 3560 3331 3328
f 3562 3331 3560
f 3563 3561 3330
f 3563 3330 3332
f 3332 3333 3563
f 3563 3333 3564
f 3562 3565 3331
f 3331 3565 3334
f 3335 3334 3565
f 3335 3565 3566
f 3336 3564 3333
f 3336 3567 3564
f 3566 3337 3335
f 3568 3337 3566
f 3339 3567 3336
f 3339 3569 3567
f 3568 3340 3337
f 3570 3340 3568
f 3342 3569 3339
f 3342 3571 3569
f 3570 3572 3340
f 3340 3572 3343
f 3344 3343 3572
f 3344 3572 3573
f 3574 3571 3342
f 3574 3342 3345
f 3345 3346 3574
f 3574 3346 3575
f 3573 3347 3344
f 3576 3347 3573
f 3348 3575 3346
f 3348 3577 3575
f 3576 3349 3347
f 3578 3349 3576
f 3350 3577 3348
f 3350 3579 3577
f 3578 3351 3349
f 3580 3351 3578
f 3352 3579 3350
f 3352 3581 3579
f 3580 3353 3351
f 3582 3353 3580
f 3583 3581 3352
f 3583 3352 3354
f 3354 3355 3583
f 3583 3355 3584
f 3582 3585 3353
f 3353 3585 3356
f 3357 3356 3585
f 3357 3585 3586
f 3358 3584 3355
f 3358 3587 3584
f 3586 3359 3357
f 3588 3359 3586
f 3589 3587 3358
f 3589 3358 3360
f 3360 3361 3589
f 3589 3361 3590
f 3588 3362 3359
f 3591 3362 3588
f 3363 3590 3361
f 3363 3592 3590
f 3591 3364 3362
f 3593 3364 3591
f 3594 3592 3363
f 3594 3363 3365
f 3365 3366 3594
f 3594 3366 3595
f 3597 3596 3368
f 3368 3596 3367
f 3368 3364 3593
f 3368 3593 3597
f 3366 3369 3598
f 3599 3366 3598
f 3595 3366 3599
f 3370 3598 3369
f 3596 3371 3367
f 3600 3371 3596
f 3601 3599 3598
f 3598 3370 3601
f 3370 3602 3601
f 3370 3372 3602
f 3600 3373 3371
f 3603 3373 3600
f 3604 3602 3372
f 3604 3372 3374
f 3374 3373 3603
f 3374 3603 3604
f 3606 3605 3384
f 3606 3384 3383
f 3384 3607 3385
f 3605 3607 3384
f 3386 3385 3607
f 3386 3607 3608
f 3610 3609 3389
f 3610 3389 3388
f 3389 3611 3390
f 3609 3611 3389
f 3390 3612 3391
f 3611 3612 3390
f 3391 3613 3392
f 3612 3613 3391
f 3392 3614 3393
f 3613 3614 3392
f 3393 3615 3394
f 3614 3615 3393
f 3394 3616 3395
f 3615 3616 3394
f 3383 3395 3606
f 3606 3395 3616
f 3396 3386 3617
f 3386 3618 3617
f 3386 3608 3618
f 3617 3397 3396
f 3620 3619 3398
f 3620 3398 3399
f 3388 3398 3610
f 3610 3398 3619
f 3618 3621 3617
f 3397 3617 3621
f 3622 3397 3621
f 3400 3397 3622
f 3401 3620 3399
f 3401 3623 3620
f 3622 3402 3400
f 3624 3402 3622
f 3404 3623 3401
f 3404 3625 3623
f 3624 3626 3402
f 3402 3626 3405
f 3406 3405 3626
f 3406 3626 3627
f 3629 3628 3407
f 3629 3407 3408
f 3404 3407 3625
f 3625 3407 3628
f 3627 3410 3406
f 3630 3410 3627
f 3411 3629 3408
f 3411 3631 3629
f 3630 3632 3410
f 3410 3632 3412
f 3413 3412 3632
f 3413 3632 3633
f 3414 3631 3411
f 3414 3634 3631
f 3633 3415 3413
f 3635 3415 3633
f 3416 3634 3414
f 3416 3636 3634
f 3635 3417 3415
f 3637 3417 3635
f 3418 3636 3416
f 3418 3638 3636
f 3637 3419 3417
f 3639 3419 3637
f 3641 3640 3420
f 3641 3420 3421
f 3418 3420 3638
f 3638 3420 3640
f 3639 3422 3419
f 3642 3422 3639
f 3423 3641 3421
f 3423 3643 3641
f 3642 3424 3422
f 3644 3424 3642
f 3425 3643 3423
f 3425 3645 3643
f 3644 3426 3424
f 3646 3426 3644
f 3427 3645 3425
f 3427 3647 3645
f 3646 3428 3426
f 3648 3428 3646
f 3429 3647 3427
f 3429 3649 3647
f 3648 3430 3428
f 3650 3430 3648
f 3431 3649 3429
f 3431 3651 3649
f 3650 3432 3430
f 3652 3432 3650
f 3433 3651 3431
f 3433 3653 3651
f 3652 3434 3432
f 3654 3434 3652
f 3435 3653 3433
f 3435 3655 3653
f 3654 3436 3434
f 3656 3436 3654
f 3437 3655 3435
f 3437 3657 3655
f 3656 3438 3436
f 3658 3438 3656
f 3439 3657 3437
f 3439 3659 3657
f 3658 3440 3438
f 3660 3440 3658
f 3441 3659 3439
f 3441 3661 3659
f 3660 3442 3440
f 3662 3442 3660
f 3443 3661 3441
f 3443 3663 3661
f 3662 3444 3442
f 3664 3444 3662
f 3445 3663 3443
f 3445 3665 3663
f 3664 3446 3444
f 3666 3446 3664
f 3447 3665 3445
f 3447 3667 3665
f 3666 3448 3446
f 3668 3448 3666
f 3449 3667 3447
f 3449 3669 3667
f 3668 3450 3448
f 3670 3450 3668
f 3451 3669 3449
f 3451 3671 3669
f 3670 3452 3450
f 3672 3452 3670
f 3453 3671 3451
f 3453 3673 3671
f 3675 3674 3455
f 3455 3674 3454
f 3455 3452 3672
f 3455 3672 3675
f 3456 3673 3453
f 3456 3676 3673
f 3674 3457 3454
f 3677 3457 3674
f 3458 3676 3456
f 3458 3678 3676
f 3677 3459 3457
f 3679 3459 3677
f 3460 3678 3458
f 3460 3680 3678
f 3679 3461 3459
f 3681 3461 3679
f 3462 3680 3460
f 3462 3682 3680
f 3681 3463 3461
f 3683 3463 3681
f 3464 3682 3462
f 3464 3684 3682
f 3683 3465 3463
f 3685 3465 3683
f 3466 3684 3464
f 3466 3686 3684
f 3685 3467 3465
f 3687 3467 3685
f 3468 3686 3466
f 3468 3688 3686
f 3687 3469 3467
f 3689 3469 3687
f 3470 3688 3468
f 3470 3690 3688
f 3689 3471 3469
f 3691 3471 3689
f 3472 3690 3470
f 3472 3692 3690
f 3691 3473 3471
f 3693 3473 3691
f 3474 3692 3472
f 3474 3694 3692
f 3693 3475 3473
f 3695 3475 3693
f 3476 3694 3474
f 3476 3696 3694
f 3695 3477 3475
f 3697 3477 3695
f 3478 3696 3476
f 3478 3698 3696
f 3697 3479 3477
f 3699 3479 3697
f 3480 3698 3478
f 3480 3700 3698
f 3702 3701 3482
f 3482 3701 3481
f 3482 3479 3699
f 3482 3699 3702
f 3483 3700 3480
f 3483 3703 3700
f 3701 3484 3481
f 3704 3484 3701
f 3486 3703 3483
f 3486 3705 3703
f 3704 3487 3484
f 3706 3487 3704
f 3486 3488 3707
f 3708 3486 3707
f 3705 3486 3708
f 3489 3707 3488
f 3711 3710 3709
f 3706 3711 3709
f 3490 3706 3709
f 3487 3706 3490
f 3708 3707 3712
f 3708 3712 3713
f 3491 3712 3489
f 3489 3712 3707
f 3709 3710 3493
f 3710 3492 3493
f 3710 3714 3492
f 3709 3493 3490
f 3713 3712 3495
f 3496 3713 3495
f 3715 3713 3496
f 3495 3712 3491
f 3714 3497 3492
f 3716 3497 3714
f 3496 3498 3717
f 3718 3496 3717
f 3715 3496 3718
f 3499 3717 3498
f 3720 3719 3502
f 3502 3719 3501
f 3502 3497 3716
f 3502 3716 3720
f 3721 3718 3717
f 3717 3499 3721
f 3499 3722 3721
f 3499 3504 3722
f 3719 3505 3501
f 3723 3505 3719
f 3507 3722 3504
f 3507 3724 3722
f 3726 3725 3515
f 3515 3725 3514
f 3727 3515 3516
f 3727 3726 3515
f 3728 3516 3517
f 3728 3727 3516
f 3517 3505 3723
f 3517 3723 3728
f 3519 3724 3507
f 3519 3729 3724
f 3730 3525 3526
f 3731 3730 3526
f 3514 3731 3526
f 3725 3731 3514
f 3528 3729 3519
f 3528 3732 3729
f 3733 3529 3530
f 3531 3734 3530
f 3530 3734 3733
f 3532 3735 3531
f 3531 3735 3734
f 3533 3736 3532
f 3532 3736 3735
f 3534 3737 3533
f 3533 3737 3736
f 3738 3737 3534
f 3738 3534 3525
f 3739 3738 3525
f 3730 3739 3525
f 3739 3730 3731
f 3528 3535 3740
f 3741 3528 3740
f 3732 3528 3741
f 3529 3733 3535
f 3733 3740 3535
f 3733 3742 3740
f 3743 3733 3734
f 3742 3733 3743
f 3744 3734 3735
f 3743 3734 3744
f 3745 3735 3736
f 3744 3735 3745
f 3737 3747 3746
f 3745 3737 3746
f 3736 3737 3745
f 3747 3737 3738
f 3741 3740 3748
f 3741 3748 3749
f 3750 3740 3742
f 3748 3740 3750
f 3751 3742 3743
f 3750 3742 3751
f 3752 3743 3744
f 3751 3743 3752
f 3745 3754 3753
f 3752 3745 3753
f 3744 3745 3752
f 3754 3745 3746
f 3749 3748 3755
f 3749 3755 3756
f 3757 3748 3750
f 3755 3748 3757
f 3758 3750 3751
f 3757 3750 3758
f 3759 3751 3752
f 3758 3751 3759
f 3752 3753 3760
f 3752 3760 3759
f 3756 3755 3761
f 3756 3761 3762
f 3763 3755 3757
f 3761 3755 3763
f 3764 3757 3758
f 3763 3757 3764
f 3765 3758 3759
f 3764 3758 3765
f 3759 3760 3766
f 3759 3766 3765
f 3762 3761 3767
f 3762 3767 3768
f 3769 3761 3763
f 3767 3761 3769
f 3770 3763 3764
f 3769 3763 3770
f 3765 3772 3771
f 3770 3765 3771
f 3764 3765 3770
f 3772 3765 3766
f 3768 3767 3773
f 3768 3773 3774
f 3775 3767 3769
f 3773 3767 3775
f 3776 3769 3770
f 3775 3769 3776
f 3770 3771 3777
f 3770 3777 3776
f 3774 3773 3778
f 3774 3778 3779
f 3780 3773 3775
f 3778 3773 3780
f 3781 3775 3776
f 3780 3775 3781
f 3776 3777 3782
f 3776 3782 3781
f 3779 3778 3783
f 3779 3783 3784
f 3785 3778 3780
f 3783 3778 3785
f 3786 3780 3781
f 3785 3780 3786
f 3781 3782 3787
f 3781 3787 3786
f 3784 3783 3788
f 3784 3788 3789
f 3790 3783 3785
f 3788 3783 3790
f 3791 3785 3786
f 3790 3785 3791
f 3786 3787 3792
f 3786 3792 3791
f 3789 3788 3793
f 3789 3793 3794
f 3795 3788 3790
f 3793 3788 3795
f 3796 3790 3791
f 3795 3790 3796
f 3791 3792 3797
f 3791 3797 3796
f 3794 3793 3798
f 3794 3798 3799
f 3800 3793 3795
f 3798 3793 3800
f 3801 3795 3796
f 3800 3795 3801
f 3796 3797 3802
f 3796 3802 3801
f 3799 3798 3803
f 3799 3803 3804
f 3805 3798 3800
f 3803 3798 3805
f 3806 3800 3801
f 3805 3800 3806
f 3801 3802 3807
f 3801 3807 3806
f 3804 3803 3808
f 3804 3808 3809
f 3810 3803 3805
f 3808 3803 3810
f 3806 3812 3811
f 3810 3806 3811
f 3805 3806 3810
f 3812 3806 3807
f 3809 3808 3813
f 3809 3813 3814
f 3815 3808 3810
f 3813 3808 3815
f 3810 3811 3816
f 3810 3816 3815
f 3814 3813 3817
f 3814 3817 3818
f 3819 3813 3815
f 3817 3813 3819
f 3815 3816 3820
f 3815 3820 3819
f 3818 3817 3821
f 3818 3821 3822
f 3819 3824 3823
f 3821 3819 3823
f 3817 3819 3821
f 3824 3819 3820
f 3822 3821 3825
f 3822 3825 3826
f 3821 3823 3827
f 3821 3827 3825
f 3826 3825 3828
f 3826 3828 3829
f 3825 3827 3830
f 3825 3830 3828
f 3831 3829 3828
f 3831 3828 3830
f 3834 3833 3832
f 3836 3835 3832
f 3836 3832 3833
f 3838 3837 3835
f 3838 3835 3836
f 3839 3837 3838
f 3834 3832 3840
f 3834 3840 3841
f 3842 3832 3835
f 3840 3832 3842
f 3843 3835 3837
f 3842 3835 3843
f 3837 3839 3844
f 3845 3837 3844
f 3843 3837 3845
f 3846 3845 3844
f 3841 3840 3847
f 3841 3847 3848
f 3538 3847 3537
f 3847 3842 3537
f 3847 3840 3842
f 3537 3842 3540
f 3540 3842 3843
f 3540 3843 3541
f 3843 3849 3541
f 3843 3845 3849
f 3845 3846 3850
f 3845 3850 3849
f 3848 3847 3543
f 3544 3848 3543
f 3851 3848 3544
f 3543 3847 3538
f 3849 3547 3541
f 3853 3852 3548
f 3853 3548 3547
f 3850 3853 3547
f 3849 3850 3547
f 3854 3852 3853
f 3550 3851 3544
f 3550 3855 3851
f 3852 3551 3548
f 3552 3551 3852
f 3854 3552 3852
f 3856 3552 3854
f 3554 3858 3857
f 3855 3554 3857
f 3550 3554 3855
f 3858 3859 3857
f 3856 3860 3552
f 3552 3860 3555
f 3557 3555 3860
f 3557 3860 3861
f 3558 3858 3554
f 3558 3559 3858
f 3559 3859 3858
f 3559 3862 3859
f 3861 3560 3557
f 3863 3560 3861
f 3561 3862 3559
f 3561 3864 3862
f 3863 3562 3560
f 3865 3562 3863
f 3866 3864 3561
f 3866 3561 3563
f 3563 3564 3866
f 3866 3564 3867
f 3865 3868 3562
f 3562 3868 3565
f 3566 3565 3868
f 3566 3868 3869
f 3567 3867 3564
f 3567 3870 3867
f 3869 3568 3566
f 3871 3568 3869
f 3569 3870 3567
f 3569 3872 3870
f 3871 3570 3568
f 3873 3570 3871
f 3571 3872 3569
f 3571 3874 3872
f 3873 3875 3570
f 3570 3875 3572
f 3573 3572 3875
f 3573 3875 3876
f 3877 3874 3571
f 3877 3571 3574
f 3574 3575 3877
f 3877 3575 3878
f 3876 3576 3573
f 3879 3576 3876
f 3577 3878 3575
f 3577 3880 3878
f 3879 3578 3576
f 3881 3578 3879
f 3579 3880 3577
f 3579 3882 3880
f 3881 3580 3578
f 3883 3580 3881
f 3581 3882 3579
f 3581 3884 3882
f 3883 3582 3580
f 3885 3582 3883
f 3886 3884 3581
f 3886 3581 3583
f 3583 3584 3886
f 3886 3584 3887
f 3885 3888 3582
f 3582 3888 3585
f 3586 3585 3888
f 3586 3888 3889
f 3587 3887 3584
f 3587 3890 3887
f 3889 3588 3586
f 3891 3588 3889
f 3892 3890 3587
f 3892 3587 3589
f 3589 3590 3892
f 3892 3590 3893
f 3891 3591 3588
f 3894 3591 3891
f 3592 3893 3590
f 3592 3895 3893
f 3894 3593 3591
f 3896 3593 3894
f 3897 3895 3592
f 3897 3592 3594
f 3594 3595 3897
f 3897 3595 3898
f 3900 3899 3597
f 3597 3899 3596
f 3597 3593 3896
f 3597 3896 3900
f 3599 3898 3595
f 3599 3901 3898
f 3899 3600 3596
f 3902 3600 3899
f 3903 3901 3599
f 3903 3599 3601
f 3601 3602 3903
f 3903 3602 3904
f 3902 3603 3600
f 3905 3603 3902
f 3906 3904 3602
f 3906 3602 3604
f 3604 3603 3905
f 3604 3905 3906
f 3606 3907 3605
f 3605 3907 3908
f 3909 3605 3908
f 3607 3605 3909
f 3608 3607 3909
f 3608 3909 3910
f 3912 3911 3609
f 3912 3609 3610
f 3609 3913 3611
f 3911 3913 3609
f 3913 3915 3914
f 3612 3913 3914
f 3611 3913 3612
f 3916 3613 3612
f 3916 3612 3914
f 3613 3916 3917
f 3918 3613 3917
f 3614 3613 3918
f 3614 3919 3615
f 3918 3919 3614
f 3615 3920 3616
f 3919 3920 3615
f 3606 3616 3907
f 3616 3921 3907
f 3616 3920 3921
f 3907 3921 3908
f 3910 3618 3608
f 3922 3618 3910
f 3924 3923 3619
f 3924 3619 3620
f 3610 3619 3912
f 3912 3619 3923
f 3915 3925 3914
f 3914 3925 3916
f 3916 3925 3926
f 3916 3926 3917
f 3922 3927 3618
f 3618 3927 3621
f 3622 3621 3927
f 3622 3927 3928
f 3623 3924 3620
f 3623 3929 3924
f 3928 3624 3622
f 3930 3624 3928
f 3625 3929 3623
f 3625 3931 3929
f 3930 3932 3624
f 3624 3932 3626
f 3627 3626 3932
f 3627 3932 3933
f 3629 3934 3628
f 3934 3935 3628
f 3935 3625 3628
f 3935 3931 3625
f 3933 3630 3627
f 3936 3630 3933
f 3938 3937 3934
f 3629 3938 3934
f 3631 3938 3629
f 3934 3937 3935
f 3936 3939 3630
f 3630 3939 3632
f 3633 3632 3939
f 3633 3939 3940
f 3634 3938 3631
f 3634 3941 3938
f 3940 3635 3633
f 3942 3635 3940
f 3636 3941 3634
f 3636 3943 3941
f 3942 3637 3635
f 3944 3637 3942
f 3638 3943 3636
f 3638 3945 3943
f 3944 3639 3637
f 3946 3639 3944
f 3948 3947 3640
f 3948 3640 3641
f 3638 3640 3945
f 3945 3640 3947
f 3946 3642 3639
f 3949 3642 3946
f 3643 3948 3641
f 3643 3950 3948
f 3949 3644 3642
f 3951 3644 3949
f 3645 3950 3643
f 3645 3952 3950
f 3951 3646 3644
f 3953 3646 3951
f 3647 3952 3645
f 3647 3954 3952
f 3953 3648 3646
f 3955 3648 3953
f 3649 3954 3647
f 3649 3956 3954
f 3955 3650 3648
f 3957 3650 3955
f 3651 3956 3649
f 3651 3958 3956
f 3957 3652 3650
f 3959 3652 3957
f 3653 3958 3651
f 3653 3960 3958
f 3959 3654 3652
f 3961 3654 3959
f 3655 3960 3653
f 3655 3962 3960
f 3961 3656 3654
f 3963 3656 3961
f 3657 3962 3655
f 3657 3964 3962
f 3963 3658 3656
f 3965 3658 3963
f 3659 3964 3657
f 3659 3966 3964
f 3965 3660 3658
f 3967 3660 3965
f 3661 3966 3659
f 3661 3968 3966
f 3967 3662 3660
f 3969 3662 3967
f 3663 3968 3661
f 3663 3970 3968
f 3969 3664 3662
f 3971 3664 3969
f 3665 3970 3663
f 3665 3972 3970
f 3971 3666 3664
f 3973 3666 3971
f 3667 3972 3665
f 3667 3974 3972
f 3973 3668 3666
f 3975 3668 3973
f 3669 3974 3667
f 3669 3976 3974
f 3975 3670 3668
f 3977 3670 3975
f 3671 3976 3669
f 3671 3978 3976
f 3981 3980 3979
f 3977 3981 3979
f 3672 3977 3979
f 3670 3977 3672
f 3673 3978 3671
f 3673 3982 3978
f 3979 3980 3675
f 3980 3674 3675
f 3980 3983 3674
f 3979 3675 3672
f 3676 3982 3673
f 3676 3984 3982
f 3983 3677 3674
f 3985 3677 3983
f 3678 3984 3676
f 3678 3986 3984
f 3985 3679 3677
f 3987 3679 3985
f 3680 3986 3678
f 3680 3988 3986
f 3987 3681 3679
f 3989 3681 3987
f 3682 3988 3680
f 3682 3990 3988
f 3989 3683 3681
f 3991 3683 3989
f 3684 3990 3682
f 3684 3992 3990
f 3991 3685 3683
f 3993 3685 3991
f 3686 3992 3684
f 3686 3994 3992
f 3993 3687 3685
f 3995 3687 3993
f 3688 3994 3686
f 3688 3996 3994
f 3995 3689 3687
f 3997 3689 3995
f 3690 3996 3688
f 3690 3998 3996
f 3997 3691 3689
f 3999 3691 3997
f 3692 3998 3690
f 3692 4000 3998
f 3999 3693 3691
f 4001 3693 3999
f 3694 4000 3692
f 3694 4002 4000
f 4001 3695 3693
f 4003 3695 4001
f 3696 4002 3694
f 3696 4004 4002
f 4003 3697 3695
f 4005 3697 4003
f 3698 4004 3696
f 3698 4006 4004
f 4009 4008 4007
f 4005 4009 4007
f 3699 4005 4007
f 3697 4005 3699
f 3700 4006 3698
f 3700 4010 4006
f 4007 4008 3702
f 4008 3701 3702
f 4008 4011 3701
f 4007 3702 3699
f 3703 4010 3700
f 3703 4012 4010
f 4011 3704 3701
f 4013 3704 4011
f 3705 4012 3703
f 3705 4014 4012
f 4013 3706 3704
f 4015 3706 4013
f 3708 4014 3705
f 3708 4016 4014
f 4018 4017 3711
f 3711 4017 3710
f 3711 3706 4015
f 3711 4015 4018
f 3713 4016 3708
f 3713 4019 4016
f 4017 3714 3710
f 4020 3714 4017
f 3715 4019 3713
f 3715 4021 4019
f 4024 4023 4022
f 4020 4024 4022
f 3716 4020 4022
f 3714 4020 3716
f 3718 4021 3715
f 3718 4025 4021
f 4022 4023 3720
f 4023 3719 3720
f 4023 4026 3719
f 4022 3720 3716
f 3718 3721 4027
f 4028 3718 4027
f 4025 3718 4028
f 3722 4027 3721
f 4031 4030 4029
f 4026 4031 4029
f 3723 4026 4029
f 3719 4026 3723
f 4028 4027 4032
f 4028 4032 4033
f 3724 4032 3722
f 3722 4032 4027
f 4034 3725 3726
f 4034 3726 4035
f 3726 4036 4035
f 3726 3727 4036
f 3728 4029 4030
f 4036 3728 4030
f 3727 3728 4036
f 4029 3728 3723
f 4033 4032 4037
f 4033 4037 4038
f 3729 4037 3724
f 3724 4037 4032
f 4040 4039 4034
f 4039 3725 4034
f 4039 3731 3725
f 4040 4034 4035
f 4038 4037 4041
f 4038 4041 4042
f 3732 4041 3729
f 3729 4041 4037
f 4044 4043 3739
f 3739 4043 3738
f 3739 3731 4039
f 3739 4039 4044
f 4042 4041 4045
f 4042 4045 4046
f 3741 4045 3732
f 3732 4045 4041
f 4048 4047 3747
f 3747 4047 3746
f 3747 3738 4043
f 3747 4043 4048
f 4046 4045 4049
f 4046 4049 4050
f 3749 4049 3741
f 3741 4049 4045
f 4051 3753 3754
f 4052 4051 3754
f 3746 4052 3754
f 4047 4052 3746
f 4050 4049 4053
f 4050 4053 4054
f 3756 4053 3749
f 3749 4053 4049
f 4056 4055 4051
f 4055 3753 4051
f 4055 3760 3753
f 4056 4051 4052
f 4054 4053 4057
f 4054 4057 4058
f 3762 4057 3756
f 3756 4057 4053
f 4055 3766 3760
f 4059 3766 4055
f 4058 4057 4060
f 4058 4060 4061
f 3768 4060 3762
f 3762 4060 4057
f 4062 3771 3772
f 4063 4062 3772
f 3766 4063 3772
f 4059 4063 3766
f 4061 4060 4064
f 4061 4064 4065
f 3774 4064 3768
f 3768 4064 4060
f 4066 3777 4062
f 4062 3777 3771
f 4062 4063 4067
f 4062 4067 4066
f 4065 4064 4068
f 4065 4068 4069
f 3779 4068 3774
f 3774 4068 4064
f 4070 3782 4066
f 4066 3782 3777
f 4066 4067 4071
f 4066 4071 4070
f 4069 4068 4072
f 4069 4072 4073
f 3784 4072 3779
f 3779 4072 4068
f 4074 3787 4070
f 4070 3787 3782
f 4070 4071 4075
f 4070 4075 4074
f 4073 4072 4076
f 4073 4076 4077
f 3789 4076 3784
f 3784 4076 4072
f 4078 3792 4074
f 4074 3792 3787
f 4074 4075 4079
f 4074 4079 4078
f 4077 4076 4080
f 4077 4080 4081
f 3794 4080 3789
f 3789 4080 4076
f 4082 3797 4078
f 4078 3797 3792
f 4078 4079 4083
f 4078 4083 4082
f 4081 4080 4084
f 4081 4084 4085
f 3799 4084 3794
f 3794 4084 4080
f 4086 3802 4082
f 4082 3802 3797
f 4082 4083 4087
f 4082 4087 4086
f 4085 4084 4088
f 4085 4088 4089
f 3804 4088 3799
f 3799 4088 4084
f 4091 4090 4086
f 4090 3802 4086
f 4090 3807 3802
f 4091 4086 4087
f 4089 4088 4092
f 4089 4092 4093
f 3809 4092 3804
f 3804 4092 4088
f 4094 3811 3812
f 4095 4094 3812
f 3807 4095 3812
f 4090 4095 3807
f 4093 4092 4096
f 4093 4096 4097
f 3814 4096 3809
f 3809 4096 4092
f 4098 3816 4094
f 4094 3816 3811
f 4094 4095 4099
f 4094 4099 4098
f 4097 4096 4100
f 4097 4100 4101
f 3818 4100 3814
f 3814 4100 4096
f 4102 3820 4098
f 4098 3820 3816
f 4098 4099 4103
f 4098 4103 4102
f 4101 4100 4104
f 4101 4104 4105
f 3822 4104 3818
f 3818 4104 4100
f 4106 3823 3824
f 3820 4102 3824
f 4102 4106 3824
f 4102 4107 4106
f 4102 4103 4108
f 4102 4108 4107
f 4105 4104 4109
f 4105 4109 4110
f 3826 4109 3822
f 3822 4109 4104
f 4111 3827 4106
f 4106 3827 3823
f 4112 4106 4107
f 4111 4106 4112
f 4107 4108 4113
f 4107 4113 4112
f 4110 4109 4114
f 4110 4114 4115
f 3829 4114 3826
f 3826 4114 4109
f 4116 3830 4111
f 4111 3830 3827
f 4117 4111 4112
f 4116 4111 4117
f 4112 4113 4118
f 4112 4118 4117
f 4115 4114 4119
f 4115 4119 4120
f 3831 4121 3829
f 4121 4114 3829
f 4121 4119 4114
f 3830 4116 3831
f 4116 4121 3831
f 4116 4122 4121
f 4123 4116 4117
f 4122 4116 4123
f 4117 4118 4124
f 4117 4124 4123
f 4120 4119 4125
f 4120 4125 4126
f 4127 4119 4121
f 4125 4119 4127
f 4128 4121 4122
f 4127 4121 4128
f 4129 4122 4123
f 4128 4122 4129
f 4123 4124 4130
f 4123 4130 4129
f 4126 4125 4131
f 4126 4131 4132
f 4133 4125 4127
f 4131 4125 4133
f 4134 4127 4128
f 4133 4127 4134
f 4135 4128 4129
f 4134 4128 4135
f 4129 4130 4136
f 4129 4136 4135
f 4132 4131 4137
f 4132 4137 4138
f 4139 4131 4133
f 4137 4131 4139
f 4140 4133 4134
f 4139 4133 4140
f 4141 4134 4135
f 4140 4134 4141
f 4135 4136 4142
f 4135 4142 4141
f 4138 4137 4143
f 4138 4143 4144
f 4145 4137 4139
f 4143 4137 4145
f 4146 4139 4140
f 4145 4139 4146
f 4147 4140 4141
f 4146 4140 4147
f 4141 4142 4148
f 4141 4148 4147
f 4144 4143 4149
f 4144 4149 4150
f 4151 4143 4145
f 4149 4143 4151
f 4152 4145 4146
f 4151 4145 4152
f 4153 4146 4147
f 4152 4146 4153
f 4147 4148 4154
f 4147 4154 4153
f 4150 4149 4155
f 4150 4155 4156
f 4157 4149 4151
f 4155 4149 4157
f 4158 4151 4152
f 4157 4151 4158
f 4159 4152 4153
f 4158 4152 4159
f 4153 4154 4160
f 4153 4160 4159
f 4156 4155 4161
f 4156 4161 4162
f 4163 4155 4157
f 4161 4155 4163
f 4164 4157 4158
f 4163 4157 4164
f 4165 4158 4159
f 4164 4158 4165
f 4159 4160 4166
f 4159 4166 4165
f 4162 4161 4167
f 4162 4167 4168
f 4169 4161 4163
f 4167 4161 4169
f 4170 4163 4164
f 4169 4163 4170
f 4171 4164 4165
f 4170 4164 4171
f 4165 4166 4172
f 4165 4172 4171
f 4168 4167 4173
f 4168 4173 4174
f 4175 4167 4169
f 4173 4167 4175
f 4176 4169 4170
f 4175 4169 4176
f 4177 4170 4171
f 4176 4170 4177
f 4171 4172 4178
f 4171 4178 4177
f 4174 4173 4179
f 4174 4179 4180
f 4181 4173 4175
f 4179 4173 4181
f 4182 4175 4176
f 4181 4175 4182
f 4183 4176 4177
f 4182 4176 4183
f 4177 4178 4184
f 4177 4184 4183
f 4180 4179 4185
f 4180 4185 4186
f 4187 4179 4181
f 4185 4179 4187
f 4188 4181 4182
f 4187 4181 4188
f 4189 4182 4183
f 4188 4182 4189
f 4183 4184 4190
f 4183 4190 4189
f 4186 4185 4191
f 4186 4191 4192
f 4193 4185 4187
f 4191 4185 4193
f 4194 4187 4188
f 4193 4187 4194
f 4195 4188 4189
f 4194 4188 4195
f 4189 4190 4196
f 4189 4196 4195
f 4192 4191 4197
f 4192 4197 4198
f 4199 4191 4193
f 4197 4191 4199
f 4200 4193 4194
f 4199 4193 4200
f 4201 4194 4195
f 4200 4194 4201
f 4195 4196 4202
f 4195 4202 4201
f 4198 4197 4203
f 4198 4203 4204
f 4205 4197 4199
f 4203 4197 4205
f 4206 4199 4200
f 4205 4199 4206
f 4207 4200 4201
f 4206 4200 4207
f 4201 4202 4208
f 4201 4208 4207
f 4204 4203 4209
f 4204 4209 4210
f 4211 4203 4205
f 4209 4203 4211
f 4212 4205 4206
f 4211 4205 4212
f 4213 4206 4207
f 4212 4206 4213
f 4207 4208 4214
f 4207 4214 4213
f 4210 4209 4215
f 4210 4215 4216
f 4217 4209 4211
f 4215 4209 4217
f 4218 4211 4212
f 4217 4211 4218
f 4219 4212 4213
f 4218 4212 4219
f 4213 4214 4220
f 4213 4220 4219
f 4216 4215 4221
f 4216 4221 4222
f 4223 4215 4217
f 4221 4215 4223
f 4224 4217 4218
f 4223 4217 4224
f 4225 4218 4219
f 4224 4218 4225
f 4219 4220 4226
f 4219 4226 4225
f 4222 4221 4227
f 4222 4227 4228
f 4229 4221 4223
f 4227 4221 4229
f 4230 4223 4224
f 4229 4223 4230
f 4231 4224 4225
f 4230 4224 4231
f 4225 4226 4232
f 4233 4225 4232
f 4231 4225 4233
f 4234 4233 4232
f 4228 4227 4235
f 4228 4235 4236
f 4237 4227 4229
f 4235 4227 4237
f 4238 4229 4230
f 4237 4229 4238
f 4239 4230 4231
f 4238 4230 4239
f 4240 4231 4233
f 4239 4231 4240
f 4233 4234 4241
f 4233 4241 4240
f 4236 4235 4242
f 4236 4242 4243
f 3834 4242 3833
f 4242 4237 3833
f 4242 4235 4237
f 3833 4237 3836
f 3836 4237 4238
f 3836 4238 3838
f 3838 4238 4239
f 3838 4239 3839
f 4239 4244 3839
f 4239 4240 4244
f 4240 4241 4245
f 4240 4245 4244
f 4243 4242 4246
f 4243 4246 4247
f 3841 4246 3834
f 3834 4246 4242
f 4244 3844 3839
f 3846 3844 4244
f 4245 3846 4244
f 4248 3846 4245
f 4247 4246 4249
f 4247 4249 4250
f 3848 4249 3841
f 3841 4249 4246
f 4252 3850 4251
f 3850 4248 4251
f 3850 3846 4248
f 4253 4252 4251
f 4254 4250 4249
f 4249 3848 4254
f 3848 4255 4254
f 3848 3851 4255
f 4252 3853 3850
f 3854 3853 4252
f 4253 3854 4252
f 4256 3854 4253
f 3855 4255 3851
f 3855 4257 4255
f 4256 3856 3854
f 4258 3856 4256
f 4259 4257 3855
f 4259 3855 3857
f 3857 3859 4259
f 4259 3859 4260
f 4258 4261 3856
f 3856 4261 3860
f 3861 3860 4261
f 3861 4261 4262
f 3862 4260 3859
f 3862 4263 4260
f 4262 3863 3861
f 4264 3863 4262
f 3864 4263 3862
f 3864 4265 4263
f 4264 3865 3863
f 4266 3865 4264
f 4267 4265 3864
f 4267 3864 3866
f 3866 3867 4267
f 4267 3867 4268
f 4266 4269 3865
f 3865 4269 3868
f 3869 3868 4269
f 3869 4269 4270
f 3870 4268 3867
f 3870 4271 4268
f 4270 3871 3869
f 4272 3871 4270
f 3872 4271 3870
f 3872 4273 4271
f 4272 3873 3871
f 4274 3873 4272
f 3874 4273 3872
f 3874 4275 4273
f 4274 4276 3873
f 3873 4276 3875
f 3876 3875 4276
f 3876 4276 4277
f 4278 4275 3874
f 4278 3874 3877
f 3877 3878 4278
f 4278 3878 4279
f 4277 3879 3876
f 4280 3879 4277
f 3880 4279 3878
f 3880 4281 4279
f 4280 3881 3879
f 4282 3881 4280
f 3882 4281 3880
f 3882 4283 4281
f 4282 3883 3881
f 4284 3883 4282
f 3884 4283 3882
f 3884 4285 4283
f 4284 3885 3883
f 4286 3885 4284
f 4287 4285 3884
f 4287 3884 3886
f 3886 3887 4287
f 4287 3887 4288
f 4286 4289 3885
f 3885 4289 3888
f 3889 3888 4289
f 3889 4289 4290
f 3890 4288 3887
f 3890 4291 4288
f 4290 3891 3889
f 4292 3891 4290
f 4293 4291 3890
f 4293 3890 3892
f 3892 3893 4293
f 4293 3893 4294
f 4292 3894 3891
f 4295 3894 4292
f 3895 4294 3893
f 3895 4296 4294
f 4295 3896 3894
f 4297 3896 4295
f 4298 4296 3895
f 4298 3895 3897
f 3897 3898 4298
f 4298 3898 4299
f 4301 4300 3900
f 3900 4300 3899
f 3900 3896 4297
f 3900 4297 4301
f 3901 4299 3898
f 3901 4302 4299
f 4300 3902 3899
f 4303 3902 4300
f 4304 4302 3901
f 4304 3901 3903
f 3903 3904 4304
f 4304 3904 4305
f 4303 3905 3902
f 4306 3905 4303
f 3904 3906 4307
f 4308 3904 4307
f 4305 3904 4308
f 4309 4307 3906
f 3905 4309 3906
f 4306 4309 3905
f 4310 4308 4307
f 4310 4307 4309
f 3908 4311 3909
f 4311 3910 3909
f 3912 4312 3911
f 4313 3913 3911
f 4313 3911 4312
f 4313 3915 3913
f 3917 4314 3918
f 3918 4314 4315
f 4316 3918 4315
f 3919 3918 4316
f 3919 4317 3920
f 4316 4317 3919
f 3920 4318 3921
f 4317 4318 3920
f 3908 3921 4311
f 3921 4319 4311
f 3921 4318 4319
f 3910 4311 4319
f 4320 3910 4319
f 3922 3910 4320
f 3924 4321 3923
f 4321 4322 3923
f 3923 4322 3912
f 4322 4323 3912
f 4323 4312 3912
f 4312 4323 4313
f 4313 4323 4324
f 4313 4324 3915
f 4324 3925 3915
f 4324 4325 3925
f 3925 4326 3926
f 4325 4326 3925
f 3917 3926 4314
f 3926 4327 4314
f 3926 4326 4327
f 4314 4327 4315
f 4320 4328 3922
f 3922 4328 3927
f 3928 3927 4328
f 3928 4328 4329
f 4331 4330 4321
f 3924 4331 4321
f 3929 4331 3924
f 4321 4330 4322
f 4329 3930 3928
f 4332 3930 4329
f 3931 4331 3929
f 3931 4333 4331
f 3932 3930 4334
f 3930 4335 4334
f 3930 4332 4335
f 4334 3933 3932
f 3935 4333 3931
f 3935 4336 4333
f 4335 4337 4334
f 3933 4334 4337
f 4338 3933 4337
f 3936 3933 4338
f 4340 4339 3937
f 4340 3937 3938
f 3935 3937 4336
f 4336 3937 4339
f 4338 4341 3936
f 3936 4341 3939
f 3940 3939 4341
f 3940 4341 4342
f 3941 4340 3938
f 3941 4343 4340
f 4342 3942 3940
f 4344 3942 4342
f 3943 4343 3941
f 3943 4345 4343
f 4344 3944 3942
f 4346 3944 4344
f 3945 4345 3943
f 3945 4347 4345
f 4346 3946 3944
f 4348 3946 4346
f 4350 4349 3947
f 4350 3947 3948
f 3945 3947 4347
f 4347 3947 4349
f 4348 3949 3946
f 4351 3949 4348
f 3950 4350 3948
f 3950 4352 4350
f 4351 3951 3949
f 4353 3951 4351
f 3952 4352 3950
f 3952 4354 4352
f 4353 3953 3951
f 4355 3953 4353
f 3954 4354 3952
f 3954 4356 4354
f 4355 3955 3953
f 4357 3955 4355
f 3956 4356 3954
f 3956 4358 4356
f 4357 3957 3955
f 4359 3957 4357
f 3958 4358 3956
f 3958 4360 4358
f 4359 3959 3957
f 4361 3959 4359
f 3960 4360 3958
f 3960 4362 4360
f 4361 3961 3959
f 4363 3961 4361
f 3962 4362 3960
f 3962 4364 4362
f 4363 3963 3961
f 4365 3963 4363
f 3964 4364 3962
f 3964 4366 4364
f 4365 3965 3963
f 4367 3965 4365
f 3966 4366 3964
f 3966 4368 4366
f 4367 3967 3965
f 4369 3967 4367
f 3968 4368 3966
f 3968 4370 4368
f 4369 3969 3967
f 4371 3969 4369
f 3970 4370 3968
f 3970 4372 4370
f 4371 3971 3969
f 4373 3971 4371
f 3972 4372 3970
f 3972 4374 4372
f 4373 3973 3971
f 4375 3973 4373
f 3974 4374 3972
f 3974 4376 4374
f 4375 3975 3973
f 4377 3975 4375
f 3976 4376 3974
f 3976 4378 4376
f 4381 4380 4379
f 4377 4381 4379
f 3977 4377 4379
f 3975 4377 3977
f 3978 4378 3976
f 3978 4382 4378
f 4379 4380 3981
f 4380 3980 3981
f 4380 4383 3980
f 4379 3981 3977
f 3982 4382 3978
f 3982 4384 4382
f 4383 3983 3980
f 4385 3983 4383
f 3984 4384 3982
f 3984 4386 4384
f 4385 3985 3983
f 4387 3985 4385
f 3986 4386 3984
f 3986 4388 4386
f 4387 3987 3985
f 4389 3987 4387
f 3988 4388 3986
f 3988 4390 4388
f 4389 3989 3987
f 4391 3989 4389
f 3990 4390 3988
f 3990 4392 4390
f 4391 3991 3989
f 4393 3991 4391
f 3992 4392 3990
f 3992 4394 4392
f 4393 3993 3991
f 4395 3993 4393
f 3994 4394 3992
f 3994 4396 4394
f 4395 3995 3993
f 4397 3995 4395
f 3996 4396 3994
f 3996 4398 4396
f 4397 3997 3995
f 4399 3997 4397
f 3998 4398 3996
f 3998 4400 4398
f 4399 3999 3997
f 4401 3999 4399
f 4000 4400 3998
f 4000 4402 4400
f 4401 4001 3999
f 4403 4001 4401
f 4002 4402 4000
f 4002 4404 4402
f 4403 4003 4001
f 4405 4003 4403
f 4004 4404 4002
f 4004 4406 4404
f 4409 4408 4407
f 4405 4409 4407
f 4005 4405 4407
f 4003 4405 4005
f 4006 4406 4004
f 4006 4410 4406
f 4407 4408 4009
f 4408 4008 4009
f 4408 4411 4008
f 4407 4009 4005
f 4010 4410 4006
f 4010 4412 4410
f 4411 4011 4008
f 4413 4011 4411
f 4012 4412 4010
f 4012 4414 4412
f 4413 4013 4011
f 4415 4013 4413
f 4014 4414 4012
f 4014 4416 4414
f 4419 4418 4417
f 4415 4419 4417
f 4015 4415 4417
f 4013 4415 4015
f 4016 4416 4014
f 4016 4420 4416
f 4417 4418 4018
f 4418 4017 4018
f 4418 4421 4017
f 4417 4018 4015
f 4019 4420 4016
f 4019 4422 4420
f 4421 4020 4017
f 4423 4020 4421
f 4021 4422 4019
f 4021 4424 4422
f 4426 4425 4024
f 4024 4425 4023
f 4024 4020 4423
f 4024 4423 4426
f 4025 4424 4021
f 4025 4427 4424
f 4425 4026 4023
f 4428 4026 4425
f 4028 4427 4025
f 4028 4429 4427
f 4431 4430 4031
f 4031 4430 4030
f 4031 4026 4428
f 4031 4428 4431
f 4033 4429 4028
f 4033 4432 4429
f 4434 4433 4036
f 4036 4433 4035
f 4036 4030 4430
f 4036 4430 4434
f 4038 4432 4033
f 4038 4435 4432
f 4437 4436 4040
f 4040 4436 4039
f 4040 4035 4433
f 4040 4433 4437
f 4042 4435 4038
f 4042 4438 4435
f 4439 4043 4044
f 4440 4439 4044
f 4039 4440 4044
f 4436 4440 4039
f 4046 4438 4042
f 4046 4441 4438
f 4442 4047 4048
f 4443 4442 4048
f 4443 4048 4043
f 4444 4443 4043
f 4439 4444 4043
f 4444 4439 4440
f 4050 4441 4046
f 4050 4445 4441
f 4447 4446 4442
f 4446 4047 4442
f 4446 4052 4047
f 4447 4442 4443
f 4054 4445 4050
f 4054 4448 4445
f 4450 4449 4056
f 4056 4449 4055
f 4056 4052 4446
f 4056 4446 4450
f 4058 4448 4054
f 4058 4451 4448
f 4449 4059 4055
f 4452 4059 4449
f 4061 4451 4058
f 4061 4453 4451
f 4452 4063 4059
f 4454 4063 4452
f 4065 4453 4061
f 4065 4455 4453
f 4454 4067 4063
f 4456 4067 4454
f 4069 4455 4065
f 4069 4457 4455
f 4456 4071 4067
f 4458 4071 4456
f 4073 4457 4069
f 4073 4459 4457
f 4458 4075 4071
f 4460 4075 4458
f 4077 4459 4073
f 4077 4461 4459
f 4460 4079 4075
f 4462 4079 4460
f 4081 4461 4077
f 4081 4463 4461
f 4462 4083 4079
f 4464 4083 4462
f 4085 4463 4081
f 4085 4465 4463
f 4464 4087 4083
f 4466 4087 4464
f 4089 4465 4085
f 4089 4467 4465
f 4468 4090 4091
f 4469 4468 4091
f 4087 4469 4091
f 4466 4469 4087
f 4093 4467 4089
f 4093 4470 4467
f 4471 4095 4468
f 4468 4095 4090
f 4468 4469 4472
f 4468 4472 4471
f 4097 4470 4093
f 4097 4473 4470
f 4474 4099 4471
f 4471 4099 4095
f 4471 4472 4475
f 4471 4475 4474
f 4101 4473 4097
f 4101 4476 4473
f 4477 4103 4474
f 4474 4103 4099
f 4474 4475 4478
f 4474 4478 4477
f 4105 4476 4101
f 4105 4479 4476
f 4480 4108 4477
f 4477 4108 4103
f 4477 4478 4481
f 4477 4481 4480
f 4110 4479 4105
f 4110 4482 4479
f 4483 4113 4480
f 4480 4113 4108
f 4480 4481 4484
f 4480 4484 4483
f 4115 4482 4110
f 4115 4485 4482
f 4486 4118 4483
f 4483 4118 4113
f 4483 4484 4487
f 4483 4487 4486
f 4120 4485 4115
f 4120 4488 4485
f 4489 4124 4486
f 4486 4124 4118
f 4486 4487 4490
f 4486 4490 4489
f 4126 4488 4120
f 4126 4491 4488
f 4492 4130 4489
f 4489 4130 4124
f 4489 4490 4493
f 4489 4493 4492
f 4132 4491 4126
f 4132 4494 4491
f 4495 4136 4492
f 4492 4136 4130
f 4492 4493 4496
f 4492 4496 4495
f 4138 4494 4132
f 4138 4497 4494
f 4498 4142 4495
f 4495 4142 4136
f 4495 4496 4499
f 4495 4499 4498
f 4144 4497 4138
f 4144 4500 4497
f 4501 4148 4498
f 4498 4148 4142
f 4498 4499 4502
f 4498 4502 4501
f 4150 4500 4144
f 4150 4503 4500
f 4504 4154 4501
f 4501 4154 4148
f 4501 4502 4505
f 4501 4505 4504
f 4156 4503 4150
f 4156 4506 4503
f 4507 4160 4504
f 4504 4160 4154
f 4504 4505 4508
f 4504 4508 4507
f 4162 4506 4156
f 4162 4509 4506
f 4510 4166 4507
f 4507 4166 4160
f 4507 4508 4511
f 4507 4511 4510
f 4168 4509 4162
f 4168 4512 4509
f 4513 4172 4510
f 4510 4172 4166
f 4510 4511 4514
f 4510 4514 4513
f 4174 4512 4168
f 4174 4515 4512
f 4516 4178 4513
f 4513 4178 4172
f 4513 4514 4517
f 4513 4517 4516
f 4180 4515 4174
f 4180 4518 4515
f 4519 4184 4516
f 4516 4184 4178
f 4516 4517 4520
f 4516 4520 4519
f 4186 4518 4180
f 4186 4521 4518
f 4522 4190 4519
f 4519 4190 4184
f 4519 4520 4523
f 4519 4523 4522
f 4524 4525 4524
f 4525 4521 4524
f 4521 4192 4524
f 4521 4186 4192
f 4526 4196 4522
f 4522 4196 4190
f 4522 4523 4527
f 4522 4527 4526
f 4524 4524 4528
f 4524 4528 4529
f 4198 4528 4192
f 4192 4528 4524
f 4530 4202 4526
f 4526 4202 4196
f 4526 4527 4531
f 4526 4531 4530
f 4529 4528 4532
f 4529 4532 4533
f 4204 4532 4198
f 4198 4532 4528
f 4534 4208 4530
f 4530 4208 4202
f 4530 4531 4535
f 4530 4535 4534
f 4533 4532 4536
f 4533 4536 4537
f 4210 4536 4204
f 4204 4536 4532
f 4538 4214 4534
f 4534 4214 4208
f 4534 4535 4539
f 4534 4539 4538
f 4537 4536 4540
f 4537 4540 4541
f 4216 4540 4210
f 4210 4540 4536
f 4542 4220 4538
f 4538 4220 4214
f 4538 4539 4543
f 4538 4543 4542
f 4544 4541 4540
f 4540 4216 4544
f 4216 4545 4544
f 4216 4222 4545
f 4546 4226 4542
f 4542 4226 4220
f 4542 4543 4547
f 4542 4547 4546
f 4228 4545 4222
f 4228 4548 4545
f 4546 4232 4226
f 4234 4232 4546
f 4547 4234 4546
f 4549 4234 4547
f 4236 4548 4228
f 4236 4550 4548
f 4549 4241 4234
f 4551 4241 4549
f 4243 4550 4236
f 4243 4552 4550
f 4551 4245 4241
f 4553 4245 4551
f 4247 4552 4243
f 4247 4554 4552
f 4553 4248 4245
f 4555 4248 4553
f 4250 4554 4247
f 4250 4556 4554
f 4555 4557 4248
f 4248 4557 4251
f 4253 4251 4557
f 4253 4557 4558
f 4559 4556 4250
f 4559 4250 4254
f 4254 4255 4559
f 4559 4255 4560
f 4558 4256 4253
f 4561 4256 4558
f 4257 4560 4255
f 4257 4562 4560
f 4561 4258 4256
f 4563 4258 4561
f 4564 4562 4257
f 4564 4257 4259
f 4259 4260 4564
f 4564 4260 4565
f 4563 4566 4258
f 4258 4566 4261
f 4262 4261 4566
f 4262 4566 4567
f 4263 4565 4260
f 4263 4568 4565
f 4567 4264 4262
f 4569 4264 4567
f 4265 4568 4263
f 4265 4570 4568
f 4569 4266 4264
f 4571 4266 4569
f 4572 4570 4265
f 4572 4265 4267
f 4267 4268 4572
f 4572 4268 4573
f 4571 4574 4266
f 4266 4574 4269
f 4270 4269 4574
f 4270 4574 4575
f 4271 4573 4268
f 4271 4576 4573
f 4575 4272 4270
f 4577 4272 4575
f 4273 4576 4271
f 4273 4578 4576
f 4577 4274 4272
f 4579 4274 4577
f 4275 4578 4273
f 4275 4580 4578
f 4579 4581 4274
f 4274 4581 4276
f 4277 4276 4581
f 4277 4581 4582
f 4275 4278 4583
f 4584 4275 4583
f 4580 4275 4584
f 4279 4583 4278
f 4582 4280 4277
f 4585 4280 4582
f 4586 4584 4583
f 4583 4279 4586
f 4279 4587 4586
f 4279 4281 4587
f 4585 4282 4280
f 4588 4282 4585
f 4283 4587 4281
f 4283 4589 4587
f 4588 4284 4282
f 4590 4284 4588
f 4285 4589 4283
f 4285 4591 4589
f 4590 4286 4284
f 4592 4286 4590
f 4593 4591 4285
f 4593 4285 4287
f 4287 4288 4593
f 4593 4288 4594
f 4592 4595 4286
f 4286 4595 4289
f 4290 4289 4595
f 4290 4595 4596
f 4291 4594 4288
f 4291 4597 4594
f 4596 4292 4290
f 4598 4292 4596
f 4599 4597 4291
f 4599 4291 4293
f 4293 4294 4599
f 4599 4294 4600
f 4598 4295 4292
f 4601 4295 4598
f 4296 4600 4294
f 4296 4602 4600
f 4601 4297 4295
f 4603 4297 4601
f 4604 4602 4296
f 4604 4296 4298
f 4298 4299 4604
f 4604 4299 4605
f 4606 4300 4301
f 4607 4606 4301
f 4297 4607 4301
f 4603 4607 4297
f 4302 4605 4299
f 4302 4608 4605
f 4610 4609 4606
f 4609 4300 4606
f 4609 4303 4300
f 4610 4606 4607
f 4611 4608 4302
f 4611 4302 4304
f 4304 4305 4611
f 4611 4305 4612
f 4609 4306 4303
f 4613 4306 4609
f 4308 4612 4305
f 4308 4614 4612
f 4613 4309 4306
f 4615 4309 4613
f 4616 4614 4308
f 4616 4308 4310
f 4310 4309 4615
f 4310 4615 4616
f 4315 4617 4316
f 4316 4617 4618
f 4619 4316 4618
f 4317 4316 4619
f 4317 4620 4318
f 4619 4620 4317
f 4318 4621 4319
f 4620 4621 4318
f 4320 4319 4621
f 4320 4621 4622
f 4624 4623 4323
f 4624 4323 4322
f 4323 4625 4324
f 4623 4625 4323
f 4324 4626 4325
f 4625 4626 4324
f 4325 4627 4326
f 4626 4627 4325
f 4326 4628 4327
f 4627 4628 4326
f 4315 4327 4617
f 4327 4629 4617
f 4327 4628 4629
f 4617 4629 4618
f 4328 4320 4630
f 4320 4631 4630
f 4320 4622 4631
f 4630 4329 4328
f 4633 4632 4330
f 4633 4330 4331
f 4322 4330 4624
f 4624 4330 4632
f 4631 4634 4630
f 4329 4630 4634
f 4635 4329 4634
f 4332 4329 4635
f 4333 4633 4331
f 4333 4636 4633
f 4635 4335 4332
f 4637 4335 4635
f 4336 4636 4333
f 4336 4638 4636
f 4637 4639 4335
f 4335 4639 4337
f 4338 4337 4639
f 4338 4639 4640
f 4642 4641 4339
f 4642 4339 4340
f 4336 4339 4638
f 4638 4339 4641
f 4640 4643 4338
f 4338 4643 4341
f 4342 4341 4643
f 4342 4643 4644
f 4343 4642 4340
f 4343 4645 4642
f 4644 4344 4342
f 4646 4344 4644
f 4345 4645 4343
f 4345 4647 4645
f 4646 4346 4344
f 4648 4346 4646
f 4347 4647 4345
f 4347 4649 4647
f 4648 4348 4346
f 4650 4348 4648
f 4652 4651 4349
f 4652 4349 4350
f 4347 4349 4649
f 4649 4349 4651
f 4650 4351 4348
f 4653 4351 4650
f 4352 4652 4350
f 4352 4654 4652
f 4653 4353 4351
f 4655 4353 4653
f 4354 4654 4352
f 4354 4656 4654
f 4655 4355 4353
f 4657 4355 4655
f 4356 4656 4354
f 4356 4658 4656
f 4657 4357 4355
f 4659 4357 4657
f 4358 4658 4356
f 4358 4660 4658
f 4659 4359 4357
f 4661 4359 4659
f 4360 4660 4358
f 4360 4662 4660
f 4661 4361 4359
f 4663 4361 4661
f 4362 4662 4360
f 4362 4664 4662
f 4663 4363 4361
f 4665 4363 4663
f 4364 4664 4362
f 4364 4666 4664
f 4665 4365 4363
f 4667 4365 4665
f 4366 4666 4364
f 4366 4668 4666
f 4667 4367 4365
f 4669 4367 4667
f 4368 4668 4366
f 4368 4670 4668
f 4669 4369 4367
f 4671 4369 4669
f 4370 4670 4368
f 4370 4672 4670
f 4671 4371 4369
f 4673 4371 4671
f 4372 4672 4370
f 4372 4674 4672
f 4673 4373 4371
f 4675 4373 4673
f 4374 4674 4372
f 4374 4676 4674
f 4679 4678 4677
f 4675 4679 4677
f 4375 4675 4677
f 4373 4675 4375
f 4376 4676 4374
f 4376 4680 4676
f 4677 4678 4681
f 4681 4678 4682
f 4681 4377 4375
f 4681 4375 4677
f 4378 4680 4376
f 4378 4683 4680
f 4681 4682 4381
f 4682 4380 4381
f 4682 4684 4380
f 4681 4381 4377
f 4382 4683 4378
f 4382 4685 4683
f 4684 4383 4380
f 4686 4383 4684
f 4384 4685 4382
f 4384 4687 4685
f 4686 4385 4383
f 4688 4385 4686
f 4386 4687 4384
f 4386 4689 4687
f 4688 4387 4385
f 4690 4387 4688
f 4388 4689 4386
f 4388 4691 4689
f 4690 4389 4387
f 4692 4389 4690
f 4390 4691 4388
f 4390 4693 4691
f 4692 4391 4389
f 4694 4391 4692
f 4392 4693 4390
f 4392 4695 4693
f 4694 4393 4391
f 4696 4393 4694
f 4394 4695 4392
f 4394 4697 4695
f 4700 4699 4698
f 4696 4700 4698
f 4395 4696 4698
f 4393 4696 4395
f 4396 4697 4394
f 4396 4701 4697
f 4699 4702 4698
f 4395 4698 4702
f 4703 4395 4702
f 4397 4395 4703
f 4398 4701 4396
f 4398 4704 4701
f 4707 4706 4705
f 4703 4707 4705
f 4399 4703 4705
f 4397 4703 4399
f 4400 4704 4398
f 4400 4708 4704
f 4705 4706 4709
f 4709 4706 4710
f 4709 4401 4399
f 4709 4399 4705
f 4402 4708 4400
f 4402 4711 4708
f 4709 4710 4712
f 4712 4710 4713
f 4712 4403 4401
f 4712 4401 4709
f 4404 4711 4402
f 4404 4714 4711
f 4712 4713 4715
f 4715 4713 4716
f 4715 4405 4403
f 4715 4403 4712
f 4406 4714 4404
f 4406 4717 4714
f 4715 4716 4409
f 4716 4408 4409
f 4716 4718 4408
f 4715 4409 4405
f 4410 4717 4406
f 4410 4719 4717
f 4718 4411 4408
f 4720 4411 4718
f 4412 4719 4410
f 4412 4721 4719
f 4720 4413 4411
f 4722 4413 4720
f 4414 4721 4412
f 4414 4723 4721
f 4722 4415 4413
f 4724 4415 4722
f 4416 4723 4414
f 4416 4725 4723
f 4727 4726 4419
f 4419 4726 4418
f 4419 4415 4724
f 4419 4724 4727
f 4420 4725 4416
f 4420 4728 4725
f 4726 4421 4418
f 4729 4421 4726
f 4422 4728 4420
f 4422 4730 4728
f 4729 4423 4421
f 4731 4423 4729
f 4424 4730 4422
f 4424 4732 4730
f 4734 4733 4426
f 4426 4733 4425
f 4426 4423 4731
f 4426 4731 4734
f 4427 4732 4424
f 4427 4735 4732
f 4733 4428 4425
f 4736 4428 4733
f 4429 4735 4427
f 4429 4737 4735
f 4739 4738 4431
f 4431 4738 4430
f 4431 4428 4736
f 4431 4736 4739
f 4432 4737 4429
f 4432 4740 4737
f 4742 4741 4434
f 4434 4741 4433
f 4434 4430 4738
f 4434 4738 4742
f 4435 4740 4432
f 4435 4743 4740
f 4745 4744 4437
f 4437 4744 4436
f 4437 4433 4741
f 4437 4741 4745
f 4438 4743 4435
f 4438 4746 4743
f 4749 4748 4747
f 4744 4749 4747
f 4440 4744 4747
f 4436 4744 4440
f 4441 4746 4438
f 4441 4750 4746
f 4747 4748 4444
f 4748 4443 4444
f 4748 4751 4443
f 4747 4444 4440
f 4445 4750 4441
f 4445 4752 4750
f 4754 4753 4447
f 4447 4753 4446
f 4447 4443 4751
f 4447 4751 4754
f 4448 4752 4445
f 4448 4755 4752
f 4757 4756 4450
f 4450 4756 4449
f 4450 4446 4753
f 4450 4753 4757
f 4451 4755 4448
f 4451 4758 4755
f 4756 4452 4449
f 4759 4452 4756
f 4453 4758 4451
f 4453 4760 4758
f 4759 4454 4452
f 4761 4454 4759
f 4455 4760 4453
f 4455 4762 4760
f 4761 4456 4454
f 4763 4456 4761
f 4457 4762 4455
f 4457 4764 4762
f 4763 4458 4456
f 4765 4458 4763
f 4459 4764 4457
f 4459 4766 4764
f 4765 4460 4458
f 4767 4460 4765
f 4461 4766 4459
f 4461 4768 4766
f 4767 4462 4460
f 4769 4462 4767
f 4463 4768 4461
f 4463 4770 4768
f 4769 4464 4462
f 4771 4464 4769
f 4465 4770 4463
f 4465 4772 4770
f 4771 4466 4464
f 4773 4466 4771
f 4467 4772 4465
f 4467 4774 4772
f 4773 4469 4466
f 4775 4469 4773
f 4470 4774 4467
f 4470 4776 4774
f 4775 4472 4469
f 4777 4472 4775
f 4473 4776 4470
f 4473 4778 4776
f 4777 4475 4472
f 4779 4475 4777
f 4476 4778 4473
f 4476 4780 4778
f 4779 4478 4475
f 4781 4478 4779
f 4479 4780 4476
f 4479 4782 4780
f 4781 4481 4478
f 4783 4481 4781
f 4482 4782 4479
f 4482 4784 4782
f 4783 4484 4481
f 4785 4484 4783
f 4788 4787 4786
f 4787 4784 4786
f 4784 4485 4786
f 4784 4482 4485
f 4785 4487 4484
f 4789 4487 4785
f 4788 4786 4790
f 4788 4790 4791
f 4488 4790 4485
f 4485 4790 4786
f 4789 4490 4487
f 4792 4490 4789
f 4791 4790 4793
f 4791 4793 4794
f 4491 4793 4488
f 4488 4793 4790
f 4792 4493 4490
f 4795 4493 4792
f 4794 4793 4796
f 4794 4796 4797
f 4494 4796 4491
f 4491 4796 4793
f 4795 4496 4493
f 4798 4496 4795
f 4799 4797 4796
f 4796 4494 4799
f 4494 4800 4799
f 4494 4497 4800
f 4798 4499 4496
f 4801 4499 4798
f 4500 4800 4497
f 4500 4802 4800
f 4801 4502 4499
f 4803 4502 4801
f 4806 4805 4804
f 4805 4802 4804
f 4802 4503 4804
f 4802 4500 4503
f 4803 4505 4502
f 4807 4505 4803
f 4806 4804 4808
f 4806 4808 4809
f 4506 4808 4503
f 4503 4808 4804
f 4807 4508 4505
f 4810 4508 4807
f 4809 4808 4811
f 4809 4811 4812
f 4509 4811 4506
f 4506 4811 4808
f 4810 4511 4508
f 4813 4511 4810
f 4812 4811 4814
f 4812 4814 4815
f 4512 4814 4509
f 4509 4814 4811
f 4813 4514 4511
f 4816 4514 4813
f 4815 4814 4817
f 4815 4817 4818
f 4515 4817 4512
f 4512 4817 4814
f 4816 4517 4514
f 4819 4517 4816
f 4818 4817 4820
f 4818 4820 4821
f 4518 4820 4515
f 4515 4820 4817
f 4819 4520 4517
f 4822 4520 4819
f 4821 4820 4823
f 4821 4823 4824
f 4521 4823 4518
f 4518 4823 4820
f 4822 4523 4520
f 4825 4523 4822
f 4824 4823 4525
f 4524 4824 4525
f 4826 4824 4524
f 4525 4823 4521
f 4825 4527 4523
f 4827 4527 4825
f 4529 4826 4524
f 4529 4828 4826
f 4827 4531 4527
f 4829 4531 4827
f 4533 4828 4529
f 4533 4830 4828
f 4829 4535 4531
f 4831 4535 4829
f 4537 4830 4533
f 4537 4832 4830
f 4831 4539 4535
f 4833 4539 4831
f 4541 4832 4537
f 4541 4834 4832
f 4833 4543 4539
f 4835 4543 4833
f 4541 4544 4836
f 4837 4541 4836
f 4834 4541 4837
f 4545 4836 4544
f 4835 4547 4543
f 4838 4547 4835
f 4839 4837 4836
f 4836 4545 4839
f 4545 4840 4839
f 4545 4548 4840
f 4838 4549 4547
f 4841 4549 4838
f 4550 4840 4548
f 4550 4842 4840
f 4841 4551 4549
f 4843 4551 4841
f 4552 4842 4550
f 4552 4844 4842
f 4843 4553 4551
f 4845 4553 4843
f 4554 4844 4552
f 4554 4846 4844
f 4845 4555 4553
f 4847 4555 4845
f 4556 4846 4554
f 4556 4848 4846
f 4847 4849 4555
f 4555 4849 4557
f 4558 4557 4849
f 4558 4849 4850
f 4851 4848 4556
f 4851 4556 4559
f 4559 4560 4851
f 4851 4560 4852
f 4850 4561 4558
f 4853 4561 4850
f 4562 4852 4560
f 4562 4854 4852
f 4853 4563 4561
f 4855 4563 4853
f 4856 4854 4562
f 4856 4562 4564
f 4564 4565 4856
f 4856 4565 4857
f 4855 4858 4563
f 4563 4858 4566
f 4567 4566 4858
f 4567 4858 4859
f 4568 4857 4565
f 4568 4860 4857
f 4859 4569 4567
f 4861 4569 4859
f 4570 4860 4568
f 4570 4862 4860
f 4861 4571 4569
f 4863 4571 4861
f 4864 4862 4570
f 4864 4570 4572
f 4572 4573 4864
f 4864 4573 4865
f 4863 4866 4571
f 4571 4866 4574
f 4575 4574 4866
f 4575 4866 4867
f 4576 4865 4573
f 4576 4868 4865
f 4867 4577 4575
f 4869 4577 4867
f 4578 4868 4576
f 4578 4870 4868
f 4869 4579 4577
f 4871 4579 4869
f 4580 4870 4578
f 4580 4872 4870
f 4871 4873 4579
f 4579 4873 4581
f 4582 4581 4873
f 4582 4873 4874
f 4584 4872 4580
f 4584 4875 4872
f 4874 4585 4582
f 4876 4585 4874
f 4877 4875 4584
f 4877 4584 4586
f 4586 4587 4877
f 4877 4587 4878
f 4876 4588 4585
f 4879 4588 4876
f 4589 4878 4587
f 4589 4880 4878
f 4879 4590 4588
f 4881 4590 4879
f 4591 4880 4589
f 4591 4882 4880
f 4881 4592 4590
f 4883 4592 4881
f 4884 4882 4591
f 4884 4591 4593
f 4593 4594 4884
f 4884 4594 4885
f 4883 4886 4592
f 4592 4886 4595
f 4596 4595 4886
f 4596 4886 4887
f 4597 4885 4594
f 4597 4888 4885
f 4887 4598 4596
f 4889 4598 4887
f 4890 4888 4597
f 4890 4597 4599
f 4599 4600 4890
f 4890 4600 4891
f 4889 4601 4598
f 4892 4601 4889
f 4602 4891 4600
f 4602 4893 4891
f 4892 4603 4601
f 4894 4603 4892
f 4895 4893 4602
f 4895 4602 4604
f 4604 4605 4895
f 4895 4605 4896
f 4894 4607 4603
f 4897 4607 4894
f 4608 4896 4605
f 4608 4898 4896
f 4900 4899 4610
f 4610 4899 4609
f 4610 4607 4897
f 4610 4897 4900
f 4901 4898 4608
f 4901 4608 4611
f 4611 4612 4901
f 4901 4612 4902
f 4899 4613 4609
f 4903 4613 4899
f 4614 4902 4612
f 4614 4904 4902
f 4903 4615 4613
f 4905 4615 4903
f 4614 4616 4906
f 4907 4614 4906
f 4904 4614 4907
f 4908 4906 4616
f 4615 4908 4616
f 4905 4908 4615
f 4909 4907 4906
f 4909 4906 4908
f 4618 4910 4619
f 4619 4910 4911
f 4912 4619 4911
f 4620 4619 4912
f 4620 4913 4621
f 4912 4913 4620
f 4622 4621 4913
f 4622 4913 4914
f 4916 4915 4623
f 4916 4623 4624
f 4623 4917 4625
f 4915 4917 4623
f 4625 4918 4626
f 4917 4918 4625
f 4626 4919 4627
f 4918 4919 4626
f 4627 4920 4628
f 4919 4920 4627
f 4628 4921 4629
f 4920 4921 4628
f 4618 4629 4910
f 4629 4922 4910
f 4629 4921 4922
f 4910 4922 4911
f 4914 4631 4622
f 4923 4631 4914
f 4925 4924 4632
f 4925 4632 4633
f 4624 4632 4916
f 4916 4632 4924
f 4923 4926 4631
f 4631 4926 4634
f 4635 4634 4926
f 4635 4926 4927
f 4636 4925 4633
f 4636 4928 4925
f 4927 4637 4635
f 4929 4637 4927
f 4638 4928 4636
f 4638 4930 4928
f 4929 4931 4637
f 4637 4931 4639
f 4640 4639 4931
f 4640 4931 4932
f 4934 4933 4641
f 4934 4641 4642
f 4638 4641 4930
f 4930 4641 4933
f 4643 4640 4935
f 4640 4936 4935
f 4640 4932 4936
f 4935 4644 4643
f 4645 4934 4642
f 4645 4937 4934
f 4936 4938 4935
f 4644 4935 4938
f 4939 4644 4938
f 4646 4644 4939
f 4647 4937 4645
f 4647 4940 4937
f 4939 4648 4646
f 4941 4648 4939
f 4649 4940 4647
f 4649 4942 4940
f 4941 4650 4648
f 4943 4650 4941
f 4652 4944 4651
f 4944 4945 4651
f 4945 4649 4651
f 4945 4942 4649
f 4943 4653 4650
f 4946 4653 4943
f 4948 4947 4944
f 4652 4948 4944
f 4654 4948 4652
f 4944 4947 4945
f 4946 4655 4653
f 4949 4655 4946
f 4656 4948 4654
f 4656 4950 4948
f 4949 4657 4655
f 4951 4657 4949
f 4658 4950 4656
f 4658 4952 4950
f 4951 4659 4657
f 4953 4659 4951
f 4660 4952 4658
f 4660 4954 4952
f 4953 4661 4659
f 4955 4661 4953
f 4662 4954 4660
f 4662 4956 4954
f 4955 4663 4661
f 4957 4663 4955
f 4664 4956 4662
f 4664 4958 4956
f 4957 4665 4663
f 4959 4665 4957
f 4666 4958 4664
f 4666 4960 4958
f 4959 4667 4665
f 4961 4667 4959
f 4668 4960 4666
f 4668 4962 4960
f 4961 4669 4667
f 4963 4669 4961
f 4670 4962 4668
f 4670 4964 4962
f 4963 4671 4669
f 4965 4671 4963
f 4672 4964 4670
f 4672 4966 4964
f 4965 4673 4671
f 4967 4673 4965
f 4674 4966 4672
f 4674 4968 4966
f 4971 4970 4969
f 4967 4971 4969
f 4675 4967 4969
f 4673 4967 4675
f 4676 4968 4674
f 4676 4972 4968
f 4969 4970 4679
f 4970 4678 4679
f 4970 4973 4678
f 4969 4679 4675
f 4680 4972 4676
f 4680 4974 4972
f 4973 4682 4678
f 4975 4682 4973
f 4683 4974 4680
f 4683 4976 4974
f 4975 4684 4682
f 4977 4684 4975
f 4685 4976 4683
f 4685 4978 4976
f 4977 4686 4684
f 4979 4686 4977
f 4687 4978 4685
f 4687 4980 4978
f 4979 4688 4686
f 4981 4688 4979
f 4689 4980 4687
f 4689 4982 4980
f 4981 4690 4688
f 4983 4690 4981
f 4691 4982 4689
f 4691 4984 4982
f 4983 4692 4690
f 4985 4692 4983
f 4693 4984 4691
f 4693 4986 4984
f 4989 4988 4987
f 4985 4989 4987
f 4694 4985 4987
f 4692 4985 4694
f 4695 4986 4693
f 4695 4990 4986
f 4987 4988 4991
f 4991 4988 4992
f 4991 4696 4694
f 4991 4694 4987
f 4697 4990 4695
f 4697 4993 4990
f 4991 4992 4700
f 4992 4699 4700
f 4992 4994 4699
f 4991 4700 4696
f 4701 4993 4697
f 4701 4995 4993
f 4702 4699 4996
f 4699 4997 4996
f 4699 4994 4997
f 4996 4703 4702
f 4704 4995 4701
f 4704 4998 4995
f 4996 4997 4707
f 4997 4706 4707
f 4997 4999 4706
f 4996 4707 4703
f 4708 4998 4704
f 4708 5000 4998
f 4999 4710 4706
f 5001 4710 4999
f 4711 5000 4708
f 4711 5002 5000
f 5001 4713 4710
f 5003 4713 5001
f 4714 5002 4711
f 4714 5004 5002
f 5003 4716 4713
f 5005 4716 5003
f 4717 5004 4714
f 4717 5006 5004
f 5005 4718 4716
f 5007 4718 5005
f 4719 5006 4717
f 4719 5008 5006
f 5007 4720 4718
f 5009 4720 5007
f 4721 5008 4719
f 4721 5010 5008
f 5009 4722 4720
f 5011 4722 5009
f 4723 5010 4721
f 4723 5012 5010
f 5015 5014 5013
f 5011 5015 5013
f 4724 5011 5013
f 4722 5011 4724
f 4725 5012 4723
f 4725 5016 5012
f 5013 5014 4727
f 5014 4726 4727
f 5014 5017 4726
f 5013 4727 4724
f 4728 5016 4725
f 4728 5018 5016
f 5017 4729 4726
f 5019 4729 5017
f 4730 5018 4728
f 4730 5020 5018
f 5023 5022 5021
f 5019 5023 5021
f 4731 5019 5021
f 4729 5019 4731
f 4732 5020 4730
f 4732 5024 5020
f 5021 5022 4734
f 5022 4733 4734
f 5022 5025 4733
f 5021 4734 4731
f 4735 5024 4732
f 4735 5026 5024
f 5025 4736 4733
f 5027 4736 5025
f 4737 5026 4735
f 4737 5028 5026
f 5030 5029 4739
f 4739 5029 4738
f 4739 4736 5027
f 4739 5027 5030
f 4740 5028 4737
f 4740 5031 5028
f 5034 5033 5032
f 4741 4742 5032
f 4742 5034 5032
f 4742 5035 5034
f 4742 4738 5029
f 4742 5029 5035
f 4743 5031 4740
f 4743 5036 5031
f 5032 5033 4745
f 5033 4744 4745
f 5033 5037 4744
f 5032 4745 4741
f 4746 5036 4743
f 4746 5038 5036
f 5040 5039 4749
f 4749 5039 4748
f 4749 4744 5037
f 4749 5037 5040
f 4750 5038 4746
f 4750 5041 5038
f 5044 5043 5042
f 5039 5044 5042
f 4751 5039 5042
f 4748 5039 4751
f 4752 5041 4750
f 4752 5045 5041
f 5042 5043 4754
f 5043 4753 4754
f 5043 5046 4753
f 5042 4754 4751
f 4755 5045 4752
f 4755 5047 5045
f 5049 5048 4757
f 4757 5048 4756
f 4757 4753 5046
f 4757 5046 5049
f 4758 5047 4755
f 4758 5050 5047
f 5048 4759 4756
f 5051 4759 5048
f 4760 5050 4758
f 4760 5052 5050
f 5051 4761 4759
f 5053 4761 5051
f 4762 5052 4760
f 4762 5054 5052
f 5053 4763 4761
f 5055 4763 5053
f 4764 5054 4762
f 4764 5056 5054
f 5055 4765 4763
f 5057 4765 5055
f 4766 5056 4764
f 4766 5058 5056
f 5057 4767 4765
f 5059 4767 5057
f 4768 5058 4766
f 4768 5060 5058
f 5059 4769 4767
f 5061 4769 5059
f 4770 5060 4768
f 4770 5062 5060
f 5061 4771 4769
f 5063 4771 5061
f 4772 5062 4770
f 4772 5064 5062
f 5063 4773 4771
f 5065 4773 5063
f 4774 5064 4772
f 4774 5066 5064
f 5065 4775 4773
f 5067 4775 5065
f 4776 5066 4774
f 4776 5068 5066
f 5067 4777 4775
f 5069 4777 5067
f 4778 5068 4776
f 4778 5070 5068
f 5069 4779 4777
f 5071 4779 5069
f 4780 5070 4778
f 4780 5072 5070
f 5071 4781 4779
f 5073 4781 5071
f 4782 5072 4780
f 4782 5074 5072
f 5073 4783 4781
f 5075 4783 5073
f 4784 5074 4782
f 4784 5076 5074
f 5075 4785 4783
f 5077 4785 5075
f 4788 5078 4787
f 5078 5079 4787
f 5079 4784 4787
f 5079 5076 4784
f 5077 4789 4785
f 5080 4789 5077
f 4791 5081 5078
f 4791 5078 4788
f 5079 5078 5082
f 5082 5078 5081
f 5080 4792 4789
f 5083 4792 5080
f 4794 5084 5081
f 4794 5081 4791
f 5082 5081 5085
f 5085 5081 5084
f 5083 4795 4792
f 5086 4795 5083
f 4797 5087 5084
f 4797 5084 4794
f 5085 5084 5088
f 5088 5084 5087
f 5086 4798 4795
f 5089 4798 5086
f 4799 5087 4797
f 4799 4800 5087
f 4800 5088 5087
f 4800 5090 5088
f 5089 4801 4798
f 5091 4801 5089
f 4802 5090 4800
f 4802 5092 5090
f 5091 4803 4801
f 5093 4803 5091
f 4806 5094 4805
f 5094 5095 4805
f 5095 4802 4805
f 5095 5092 4802
f 5093 4807 4803
f 5096 4807 5093
f 4809 5097 5094
f 4809 5094 4806
f 5095 5094 5098
f 5098 5094 5097
f 5096 4810 4807
f 5099 4810 5096
f 4812 5100 5097
f 4812 5097 4809
f 5098 5097 5101
f 5101 5097 5100
f 5099 4813 4810
f 5102 4813 5099
f 4815 5103 5100
f 4815 5100 4812
f 5101 5100 5104
f 5104 5100 5103
f 5102 4816 4813
f 5105 4816 5102
f 4818 5106 5103
f 4818 5103 4815
f 5104 5103 5107
f 5107 5103 5106
f 5110 5109 5108
f 5105 5110 5108
f 4819 5105 5108
f 4816 5105 4819
f 4821 5111 5106
f 4821 5106 4818
f 5107 5106 5112
f 5112 5106 5111
f 5108 5109 5113
f 5113 5109 5114
f 5113 4822 4819
f 5113 4819 5108
f 4824 5115 5111
f 4824 5111 4821
f 5112 5111 5116
f 5116 5111 5115
f 5113 5114 5117
f 5117 5114 5118
f 5117 4825 4822
f 5117 4822 5113
f 4826 5119 5115
f 4826 5115 4824
f 5116 5115 5120
f 5120 5115 5119
f 5117 5118 5121
f 5121 5118 5122
f 5121 4827 4825
f 5121 4825 5117
f 4828 5123 5119
f 4828 5119 4826
f 5120 5119 5124
f 5124 5119 5123
f 5121 5122 5125
f 5125 5122 5126
f 5125 4829 4827
f 5125 4827 5121
f 4830 5127 5123
f 4830 5123 4828
f 5124 5123 5128
f 5128 5123 5127
f 5125 5126 5129
f 5129 5126 5130
f 5129 4831 4829
f 5129 4829 5125
f 4832 5131 5127
f 4832 5127 4830
f 5128 5127 5132
f 5132 5127 5131
f 5129 5130 5133
f 5133 5130 5134
f 5133 4833 4831
f 5133 4831 5129
f 4834 5135 5131
f 4834 5131 4832
f 5132 5131 5136
f 5136 5131 5135
f 5133 5134 5137
f 5137 5134 5138
f 5137 4835 4833
f 5137 4833 5133
f 4837 5139 5135
f 4837 5135 4834
f 5136 5135 5140
f 5140 5135 5139
f 5138 5141 5137
f 4835 5137 5141
f 5142 4835 5141
f 4838 4835 5142
f 4839 5139 4837
f 4839 4840 5139
f 4840 5140 5139
f 4840 5143 5140
f 5142 4841 4838
f 5144 4841 5142
f 4842 5143 4840
f 4842 5145 5143
f 5144 4843 4841
f 5146 4843 5144
f 4844 5145 4842
f 4844 5147 5145
f 5146 4845 4843
f 5148 4845 5146
f 4846 5147 4844
f 4846 5149 5147
f 5148 4847 4845
f 5150 4847 5148
f 4848 5149 4846
f 4848 5151 5149
f 5150 5152 4847
f 4847 5152 4849
f 4850 4849 5152
f 4850 5152 5153
f 5154 5151 4848
f 5154 4848 4851
f 4851 4852 5154
f 5154 4852 5155
f 5153 4853 4850
f 5156 4853 5153
f 4854 5155 4852
f 4854 5157 5155
f 5156 4855 4853
f 5158 4855 5156
f 5159 5157 4854
f 5159 4854 4856
f 4856 4857 5159
f 5159 4857 5160
f 5158 5161 4855
f 4855 5161 4858
f 4859 4858 5161
f 4859 5161 5162
f 4860 5160 4857
f 4860 5163 5160
f 5162 4861 4859
f 5164 4861 5162
f 4862 5163 4860
f 4862 5165 5163
f 5164 4863 4861
f 5166 4863 5164
f 5167 5165 4862
f 5167 4862 4864
f 4864 4865 5167
f 5167 4865 5168
f 5166 5169 4863
f 4863 5169 4866
f 4867 4866 5169
f 4867 5169 5170
f 4868 5168 4865
f 4868 5171 5168
f 5170 4869 4867
f 5172 4869 5170
f 4870 5171 4868
f 4870 5173 5171
f 5172 4871 4869
f 5174 4871 5172
f 4872 5173 4870
f 4872 5175 5173
f 5174 5176 4871
f 4871 5176 4873
f 4874 4873 5176
f 4874 5176 5177
f 4875 5175 4872
f 4875 5178 5175
f 5177 4876 4874
f 5179 4876 5177
f 5180 5178 4875
f 5180 4875 4877
f 4877 4878 5180
f 5180 4878 5181
f 5179 4879 4876
f 5182 4879 5179
f 4880 5181 4878
f 4880 5183 5181
f 5182 4881 4879
f 5184 4881 5182
f 4882 5183 4880
f 4882 5185 5183
f 5184 4883 4881
f 5186 4883 5184
f 4882 4884 5187
f 5188 4882 5187
f 5185 4882 5188
f 4885 5187 4884
f 5186 5189 4883
f 4883 5189 4886
f 4887 4886 5189
f 4887 5189 5190
f 5191 5188 5187
f 5187 4885 5191
f 4885 5192 5191
f 4885 4888 5192
f 5190 4889 4887
f 5193 4889 5190
f 5194 5192 4888
f 5194 4888 4890
f 4890 4891 5194
f 5194 4891 5195
f 5193 4892 4889
f 5196 4892 5193
f 4893 5195 4891
f 4893 5197 5195
f 5196 4894 4892
f 5198 4894 5196
f 5199 5197 4893
f 5199 4893 4895
f 4895 4896 5199
f 5199 4896 5200
f 5198 4897 4894
f 5201 4897 5198
f 4898 5200 4896
f 4898 5202 5200
f 5203 4899 4900
f 5204 5203 4900
f 4897 5204 4900
f 5201 5204 4897
f 5205 5202 4898
f 5205 4898 4901
f 4901 4902 5205
f 5205 4902 5206
f 5208 5207 5203
f 5207 4899 5203
f 5207 4903 4899
f 5208 5203 5204
f 4904 5206 4902
f 4904 5209 5206
f 5207 4905 4903
f 5210 4905 5207
f 4907 5209 4904
f 4907 5211 5209
f 5210 4908 4905
f 5212 4908 5210
f 5213 5211 4907
f 5213 4907 4909
f 4909 4908 5212
f 4909 5212 5213
f 5215 5214 4912
f 5215 4912 4911
f 5214 5217 5216
f 4913 5214 5216
f 4912 5214 4913
f 5216 4914 4913
f 5219 5218 4915
f 5219 4915 4916
f 4915 5220 4917
f 5218 5220 4915
f 4917 5221 4918
f 5220 5221 4917
f 4918 5222 4919
f 5221 5222 4918
f 4919 5223 4920
f 5222 5223 4919
f 4920 5224 4921
f 5223 5224 4920
f 4921 5225 4922
f 5224 5225 4921
f 4911 4922 5215
f 5215 4922 5225
f 5217 5226 5216
f 4914 5216 5226
f 5227 4914 5226
f 4923 4914 5227
f 5229 5228 4924
f 5229 4924 4925
f 4916 4924 5219
f 5219 4924 5228
f 4926 4923 5230
f 4923 5231 5230
f 4923 5227 5231
f 5230 4927 4926
f 4928 5229 4925
f 4928 5232 5229
f 5231 5233 5230
f 4927 5230 5233
f 5234 4927 5233
f 4929 4927 5234
f 4930 5232 4928
f 4930 5235 5232
f 4931 4929 5236
f 4929 5237 5236
f 4929 5234 5237
f 5236 4932 4931
f 4934 5238 4933
f 5238 5239 4933
f 5239 4930 4933
f 5239 5235 4930
f 5237 5240 5236
f 4932 5236 5240
f 5241 4932 5240
f 4936 4932 5241
f 5243 5242 5238
f 4934 5243 5238
f 4937 5243 4934
f 5238 5242 5239
f 5241 5244 4936
f 4936 5244 4938
f 4939 4938 5244
f 4939 5244 5245
f 4940 5243 4937
f 4940 5246 5243
f 5245 4941 4939
f 5247 4941 5245
f 4942 5246 4940
f 4942 5248 5246
f 5247 4943 4941
f 5249 4943 5247
f 4945 5248 4942
f 4945 5250 5248
f 5249 4946 4943
f 5251 4946 5249
f 5253 5252 4947
f 5253 4947 4948
f 4945 4947 5250
f 5250 4947 5252
f 5251 4949 4946
f 5254 4949 5251
f 4950 5253 4948
f 4950 5255 5253
f 5254 4951 4949
f 5256 4951 5254
f 4952 5255 4950
f 4952 5257 5255
f 5256 4953 4951
f 5258 4953 5256
f 4954 5257 4952
f 4954 5259 5257
f 5258 4955 4953
f 5260 4955 5258
f 4956 5259 4954
f 4956 5261 5259
f 5260 4957 4955
f 5262 4957 5260
f 4958 5261 4956
f 4958 5263 5261
f 5262 4959 4957
f 5264 4959 5262
f 4960 5263 4958
f 4960 5265 5263
f 5264 4961 4959
f 5266 4961 5264
f 4962 5265 4960
f 4962 5267 5265
f 5266 4963 4961
f 5268 4963 5266
f 4964 5267 4962
f 4964 5269 5267
f 5268 4965 4963
f 5270 4965 5268
f 4966 5269 4964
f 4966 5271 5269
f 5270 4967 4965
f 5272 4967 5270
f 4968 5271 4966
f 4968 5273 5271
f 5275 5274 4971
f 4971 5274 4970
f 4971 4967 5272
f 4971 5272 5275
f 4972 5273 4968
f 4972 5276 5273
f 5274 4973 4970
f 5277 4973 5274
f 4974 5276 4972
f 4974 5278 5276
f 5277 4975 4973
f 5279 4975 5277
f 4976 5278 4974
f 4976 5280 5278
f 5279 4977 4975
f 5281 4977 5279
f 4978 5280 4976
f 4978 5282 5280
f 5281 4979 4977
f 5283 4979 5281
f 4980 5282 4978
f 4980 5284 5282
f 5283 4981 4979
f 5285 4981 5283
f 4982 5284 4980
f 4982 5286 5284
f 5289 5288 5287
f 5285 5289 5287
f 4983 5285 5287
f 4981 5285 4983
f 4984 5286 4982
f 4984 5290 5286
f 5287 5288 5291
f 5291 5288 5292
f 5291 4985 4983
f 5291 4983 5287
f 4986 5290 4984
f 4986 5293 5290
f 5291 5292 4989
f 5292 4988 4989
f 5292 5294 4988
f 5291 4989 4985
f 4990 5293 4986
f 4990 5295 5293
f 5294 4992 4988
f 5296 4992 5294
f 4993 5295 4990
f 4993 5297 5295
f 5296 4994 4992
f 5298 4994 5296
f 4995 5297 4993
f 4995 5299 5297
f 5298 4997 4994
f 5300 4997 5298
f 4998 5299 4995
f 4998 5301 5299
f 5300 4999 4997
f 5302 4999 5300
f 5000 5301 4998
f 5000 5303 5301
f 5302 5001 4999
f 5304 5001 5302
f 5002 5303 5000
f 5002 5305 5303
f 5304 5003 5001
f 5306 5003 5304
f 5004 5305 5002
f 5004 5307 5305
f 5306 5005 5003
f 5308 5005 5306
f 5006 5307 5004
f 5006 5309 5307
f 5308 5007 5005
f 5310 5007 5308
f 5008 5309 5006
f 5008 5311 5309
f 5310 5009 5007
f 5312 5009 5310
f 5010 5311 5008
f 5010 5313 5311
f 5316 5315 5314
f 5312 5316 5314
f 5011 5312 5314
f 5009 5312 5011
f 5012 5313 5010
f 5012 5317 5313
f 5314 5315 5015
f 5315 5014 5015
f 5315 5318 5014
f 5314 5015 5011
f 5016 5317 5012
f 5016 5319 5317
f 5318 5017 5014
f 5320 5017 5318
f 5018 5319 5016
f 5018 5321 5319
f 5324 5323 5322
f 5320 5324 5322
f 5019 5320 5322
f 5017 5320 5019
f 5020 5321 5018
f 5020 5325 5321
f 5322 5323 5023
f 5323 5022 5023
f 5323 5326 5022
f 5322 5023 5019
f 5024 5325 5020
f 5024 5327 5325
f 5326 5025 5022
f 5328 5025 5326
f 5026 5327 5024
f 5026 5329 5327
f 5328 5027 5025
f 5330 5027 5328
f 5028 5329 5026
f 5028 5331 5329
f 5333 5332 5030
f 5030 5332 5029
f 5030 5027 5330
f 5030 5330 5333
f 5031 5331 5028
f 5031 5334 5331
f 5336 5335 5034
f 5034 5335 5033
f 5337 5034 5035
f 5337 5336 5034
f 5035 5029 5332
f 5035 5332 5337
f 5036 5334 5031
f 5036 5338 5334
f 5341 5340 5339
f 5335 5341 5339
f 5037 5335 5339
f 5033 5335 5037
f 5038 5338 5036
f 5038 5342 5338
f 5345 5344 5343
f 5345 5343 5340
f 5340 5343 5339
f 5343 5039 5339
f 5039 5040 5339
f 5339 5040 5037
f 5041 5342 5038
f 5041 5346 5342
f 5349 5348 5347
f 5349 5347 5344
f 5344 5347 5343
f 5347 5043 5343
f 5043 5044 5343
f 5343 5044 5039
f 5045 5346 5041
f 5045 5350 5346
f 5347 5348 5351
f 5351 5348 5352
f 5351 5046 5043
f 5351 5043 5347
f 5047 5350 5045
f 5047 5353 5350
f 5351 5352 5049
f 5352 5048 5049
f 5352 5354 5048
f 5351 5049 5046
f 5050 5353 5047
f 5050 5355 5353
f 5354 5051 5048
f 5356 5051 5354
f 5052 5355 5050
f 5052 5357 5355
f 5356 5053 5051
f 5358 5053 5356
f 5054 5357 5052
f 5054 5359 5357
f 5358 5055 5053
f 5360 5055 5358
f 5056 5359 5054
f 5056 5361 5359
f 5360 5057 5055
f 5362 5057 5360
f 5058 5361 5056
f 5058 5363 5361
f 5362 5059 5057
f 5364 5059 5362
f 5060 5363 5058
f 5060 5365 5363
f 5368 5367 5366
f 5364 5368 5366
f 5061 5364 5366
f 5059 5364 5061
f 5062 5365 5060
f 5062 5369 5365
f 5366 5367 5370
f 5370 5367 5371
f 5370 5063 5061
f 5370 5061 5366
f 5064 5369 5062
f 5064 5372 5369
f 5370 5371 5373
f 5373 5371 5374
f 5373 5065 5063
f 5373 5063 5370
f 5066 5372 5064
f 5066 5375 5372
f 5373 5374 5376
f 5376 5374 5377
f 5376 5067 5065
f 5376 5065 5373
f 5068 5375 5066
f 5068 5378 5375
f 5376 5377 5379
f 5379 5377 5380
f 5379 5069 5067
f 5379 5067 5376
f 5070 5378 5068
f 5070 5381 5378
f 5379 5380 5382
f 5382 5380 5383
f 5382 5071 5069
f 5382 5069 5379
f 5072 5381 5070
f 5072 5384 5381
f 5382 5383 5385
f 5385 5383 5386
f 5385 5073 5071
f 5385 5071 5382
f 5074 5384 5072
f 5074 5387 5384
f 5385 5386 5388
f 5388 5386 5389
f 5388 5075 5073
f 5388 5073 5385
f 5076 5387 5074
f 5076 5390 5387
f 5388 5389 5391
f 5391 5389 5392
f 5391 5077 5075
f 5391 5075 5388
f 5079 5390 5076
f 5079 5393 5390
f 5391 5392 5394
f 5394 5392 5395
f 5394 5080 5077
f 5394 5077 5391
f 5082 5393 5079
f 5082 5396 5393
f 5394 5395 5397
f 5397 5395 5398
f 5397 5083 5080
f 5397 5080 5394
f 5085 5396 5082
f 5085 5399 5396
f 5397 5398 5400
f 5400 5398 5401
f 5400 5086 5083
f 5400 5083 5397
f 5088 5399 5085
f 5088 5402 5399
f 5400 5401 5403
f 5403 5401 5404
f 5403 5089 5086
f 5403 5086 5400
f 5090 5402 5088
f 5090 5405 5402
f 5403 5404 5406
f 5406 5404 5407
f 5406 5091 5089
f 5406 5089 5403
f 5092 5405 5090
f 5092 5408 5405
f 5406 5407 5409
f 5409 5407 5410
f 5409 5093 5091
f 5409 5091 5406
f 5095 5408 5092
f 5095 5411 5408
f 5409 5410 5412
f 5412 5410 5413
f 5412 5096 5093
f 5412 5093 5409
f 5098 5411 5095
f 5098 5414 5411
f 5412 5413 5415
f 5415 5413 5416
f 5415 5099 5096
f 5415 5096 5412
f 5101 5414 5098
f 5101 5417 5414
f 5415 5416 5418
f 5418 5416 5419
f 5418 5102 5099
f 5418 5099 5415
f 5104 5417 5101
f 5104 5420 5417
f 5418 5419 5421
f 5421 5419 5422
f 5421 5105 5102
f 5421 5102 5418
f 5107 5420 5104
f 5107 5423 5420
f 5421 5422 5110
f 5422 5109 5110
f 5422 5424 5109
f 5421 5110 5105
f 5112 5423 5107
f 5112 5425 5423
f 5424 5114 5109
f 5426 5114 5424
f 5116 5425 5112
f 5116 5427 5425
f 5426 5118 5114
f 5428 5118 5426
f 5120 5427 5116
f 5120 5429 5427
f 5428 5122 5118
f 5430 5122 5428
f 5124 5429 5120
f 5124 5431 5429
f 5430 5126 5122
f 5432 5126 5430
f 5128 5431 5124
f 5128 5433 5431
f 5432 5130 5126
f 5434 5130 5432
f 5132 5433 5128
f 5132 5435 5433
f 5434 5134 5130
f 5436 5134 5434
f 5136 5435 5132
f 5136 5437 5435
f 5436 5138 5134
f 5438 5138 5436
f 5140 5437 5136
f 5140 5439 5437
f 5141 5138 5440
f 5138 5441 5440
f 5138 5438 5441
f 5440 5142 5141
f 5143 5439 5140
f 5143 5442 5439
f 5440 5441 5443
f 5443 5441 5444
f 5443 5144 5142
f 5443 5142 5440
f 5145 5442 5143
f 5145 5445 5442
f 5443 5444 5446
f 5446 5444 5447
f 5446 5146 5144
f 5446 5144 5443
f 5147 5445 5145
f 5147 5448 5445
f 5447 5449 5446
f 5146 5446 5449
f 5450 5146 5449
f 5148 5146 5450
f 5149 5452 5451
f 5448 5149 5451
f 5147 5149 5448
f 5452 5453 5451
f 5450 5150 5148
f 5454 5150 5450
f 5151 5455 5452
f 5151 5452 5149
f 5453 5452 5456
f 5456 5452 5455
f 5454 5457 5150
f 5150 5457 5152
f 5153 5152 5457
f 5153 5457 5458
f 5154 5455 5151
f 5154 5155 5455
f 5155 5456 5455
f 5155 5459 5456
f 5458 5156 5153
f 5460 5156 5458
f 5157 5459 5155
f 5157 5461 5459
f 5460 5158 5156
f 5462 5158 5460
f 5463 5461 5157
f 5463 5157 5159
f 5159 5160 5463
f 5463 5160 5464
f 5462 5465 5158
f 5158 5465 5161
f 5162 5161 5465
f 5162 5465 5466
f 5163 5464 5160
f 5163 5467 5464
f 5466 5164 5162
f 5468 5164 5466
f 5165 5467 5163
f 5165 5469 5467
f 5468 5166 5164
f 5470 5166 5468
f 5471 5469 5165
f 5471 5165 5167
f 5167 5168 5471
f 5471 5168 5472
f 5470 5473 5166
f 5166 5473 5169
f 5170 5169 5473
f 5170 5473 5474
f 5171 5472 5168
f 5171 5475 5472
f 5474 5172 5170
f 5476 5172 5474
f 5173 5475 5171
f 5173 5477 5475
f 5476 5174 5172
f 5478 5174 5476
f 5175 5477 5173
f 5175 5479 5477
f 5478 5480 5174
f 5174 5480 5176
f 5177 5176 5480
f 5177 5480 5481
f 5178 5479 5175
f 5178 5482 5479
f 5481 5179 5177
f 5483 5179 5481
f 5484 5482 5178
f 5484 5178 5180
f 5180 5181 5484
f 5484 5181 5485
f 5483 5182 5179
f 5486 5182 5483
f 5183 5485 5181
f 5183 5487 5485
f 5486 5184 5182
f 5488 5184 5486
f 5185 5487 5183
f 5185 5489 5487
f 5488 5186 5184
f 5490 5186 5488
f 5188 5489 5185
f 5188 5491 5489
f 5490 5492 5186
f 5186 5492 5189
f 5190 5189 5492
f 5190 5492 5493
f 5494 5491 5188
f 5494 5188 5191
f 5191 5192 5494
f 5494 5192 5495
f 5493 5193 5190
f 5496 5193 5493
f 5192 5194 5497
f 5498 5192 5497
f 5495 5192 5498
f 5195 5497 5194
f 5496 5196 5193
f 5499 5196 5496
f 5500 5498 5497
f 5497 5195 5500
f 5195 5501 5500
f 5195 5197 5501
f 5499 5198 5196
f 5502 5198 5499
f 5503 5501 5197
f 5503 5197 5199
f 5199 5200 5503
f 5503 5200 5504
f 5502 5201 5198
f 5505 5201 5502
f 5202 5504 5200
f 5202 5506 5504
f 5505 5204 5201
f 5507 5204 5505
f 5508 5506 5202
f 5508 5202 5205
f 5205 5206 5508
f 5508 5206 5509
f 5511 5510 5208
f 5208 5510 5207
f 5208 5204 5507
f 5208 5507 5511
f 5209 5509 5206
f 5209 5512 5509
f 5510 5210 5207
f 5513 5210 5510
f 5211 5512 5209
f 5211 5514 5512
f 5513 5212 5210
f 5515 5212 5513
f 5211 5213 5516
f 5517 5211 5516
f 5514 5211 5517
f 5518 5516 5213
f 5212 5518 5213
f 5515 5518 5212
f 5519 5517 5516
f 5519 5516 5518
f 5521 5520 5214
f 5521 5214 5215
f 5217 5214 5520
f 5217 5520 5522
f 5524 5523 5218
f 5524 5218 5219
f 5218 5525 5220
f 5523 5525 5218
f 5220 5526 5221
f 5525 5526 5220
f 5221 5527 5222
f 5526 5527 5221
f 5222 5528 5223
f 5527 5528 5222
f 5223 5529 5224
f 5528 5529 5223
f 5224 5530 5225
f 5529 5530 5224
f 5215 5225 5521
f 5521 5225 5530
f 5522 5531 5217
f 5217 5531 5226
f 5227 5226 5531
f 5227 5531 5532
f 5534 5533 5228
f 5534 5228 5229
f 5219 5228 5524
f 5524 5228 5533
f 5532 5231 5227
f 5535 5231 5532
f 5232 5534 5229
f 5232 5536 5534
f 5535 5537 5231
f 5231 5537 5233
f 5234 5233 5537
f 5234 5537 5538
f 5235 5536 5232
f 5235 5539 5536
f 5538 5237 5234
f 5540 5237 5538
f 5239 5539 5235
f 5239 5541 5539
f 5540 5542 5237
f 5237 5542 5240
f 5241 5240 5542
f 5241 5542 5543
f 5545 5544 5242
f 5545 5242 5243
f 5239 5242 5541
f 5541 5242 5544
f 5543 5546 5241
f 5241 5546 5244
f 5245 5244 5546
f 5245 5546 5547
f 5246 5545 5243
f 5246 5548 5545
f 5547 5247 5245
f 5549 5247 5547
f 5248 5548 5246
f 5248 5550 5548
f 5549 5249 5247
f 5551 5249 5549
f 5250 5550 5248
f 5250 5552 5550
f 5551 5251 5249
f 5553 5251 5551
f 5555 5554 5252
f 5555 5252 5253
f 5250 5252 5552
f 5552 5252 5554
f 5553 5254 5251
f 5556 5254 5553
f 5255 5555 5253
f 5255 5557 5555
f 5556 5256 5254
f 5558 5256 5556
f 5257 5557 5255
f 5257 5559 5557
f 5558 5258 5256
f 5560 5258 5558
f 5259 5559 5257
f 5259 5561 5559
f 5560 5260 5258
f 5562 5260 5560
f 5261 5561 5259
f 5261 5563 5561
f 5562 5262 5260
f 5564 5262 5562
f 5263 5563 5261
f 5263 5565 5563
f 5564 5264 5262
f 5566 5264 5564
f 5265 5565 5263
f 5265 5567 5565
f 5566 5266 5264
f 5568 5266 5566
f 5267 5567 5265
f 5267 5569 5567
f 5568 5268 5266
f 5570 5268 5568
f 5269 5569 5267
f 5269 5571 5569
f 5570 5270 5268
f 5572 5270 5570
f 5271 5571 5269
f 5271 5573 5571
f 5572 5272 5270
f 5574 5272 5572
f 5273 5573 5271
f 5273 5575 5573
f 5577 5576 5275
f 5275 5576 5274
f 5275 5272 5574
f 5275 5574 5577
f 5276 5575 5273
f 5276 5578 5575
f 5576 5277 5274
f 5579 5277 5576
f 5278 5578 5276
f 5278 5580 5578
f 5579 5279 5277
f 5581 5279 5579
f 5280 5580 5278
f 5280 5582 5580
f 5581 5281 5279
f 5583 5281 5581
f 5282 5582 5280
f 5282 5584 5582
f 5583 5283 5281
f 5585 5283 5583
f 5284 5584 5282
f 5284 5586 5584
f 5589 5588 5587
f 5585 5589 5587
f 5285 5585 5587
f 5283 5585 5285
f 5286 5586 5284
f 5286 5590 5586
f 5587 5588 5289
f 5588 5288 5289
f 5588 5591 5288
f 5587 5289 5285
f 5290 5590 5286
f 5290 5592 5590
f 5591 5292 5288
f 5593 5292 5591
f 5293 5592 5290
f 5293 5594 5592
f 5593 5294 5292
f 5595 5294 5593
f 5295 5594 5293
f 5295 5596 5594
f 5595 5296 5294
f 5597 5296 5595
f 5297 5596 5295
f 5297 5598 5596
f 5597 5298 5296
f 5599 5298 5597
f 5299 5598 5297
f 5299 5600 5598
f 5599 5300 5298
f 5601 5300 5599
f 5301 5600 5299
f 5301 5602 5600
f 5601 5302 5300
f 5603 5302 5601
f 5303 5602 5301
f 5303 5604 5602
f 5603 5304 5302
f 5605 5304 5603
f 5305 5604 5303
f 5305 5606 5604
f 5605 5306 5304
f 5607 5306 5605
f 5307 5606 5305
f 5307 5608 5606
f 5607 5308 5306
f 5609 5308 5607
f 5309 5608 5307
f 5309 5610 5608
f 5609 5310 5308
f 5611 5310 5609
f 5311 5610 5309
f 5311 5612 5610
f 5615 5614 5613
f 5611 5615 5613
f 5312 5611 5613
f 5310 5611 5312
f 5313 5612 5311
f 5313 5616 5612
f 5613 5614 5316
f 5614 5315 5316
f 5614 5617 5315
f 5613 5316 5312
f 5317 5616 5313
f 5317 5618 5616
f 5617 5318 5315
f 5619 5318 5617
f 5319 5618 5317
f 5319 5620 5618
f 5619 5320 5318
f 5621 5320 5619
f 5321 5620 5319
f 5321 5622 5620
f 5624 5623 5324
f 5324 5623 5323
f 5324 5320 5621
f 5324 5621 5624
f 5325 5622 5321
f 5325 5625 5622
f 5623 5326 5323
f 5626 5326 5623
f 5327 5625 5325
f 5327 5627 5625
f 5626 5328 5326
f 5628 5328 5626
f 5329 5627 5327
f 5329 5629 5627
f 5632 5631 5630
f 5628 5632 5630
f 5330 5628 5630
f 5328 5628 5330
f 5331 5629 5329
f 5331 5633 5629
f 5636 5635 5634
f 5636 5634 5631
f 5631 5634 5630
f 5634 5332 5630
f 5332 5333 5630
f 5630 5333 5330
f 5334 5633 5331
f 5334 5637 5633
f 5640 5639 5638
f 5335 5336 5638
f 5336 5640 5638
f 5336 5641 5640
f 5337 5634 5635
f 5641 5337 5635
f 5336 5337 5641
f 5634 5337 5332
f 5338 5643 5642
f 5637 5338 5642
f 5334 5338 5637
f 5643 5644 5642
f 5647 5646 5645
f 5647 5645 5639
f 5639 5645 5638
f 5645 5340 5638
f 5340 5341 5638
f 5638 5341 5335
f 5342 5648 5643
f 5342 5643 5338
f 5644 5643 5649
f 5649 5643 5648
f 5652 5651 5650
f 5652 5650 5646
f 5646 5650 5645
f 5650 5344 5645
f 5344 5345 5645
f 5645 5345 5340
f 5346 5653 5648
f 5346 5648 5342
f 5649 5648 5654
f 5654 5648 5653
f 5650 5651 5349
f 5651 5348 5349
f 5651 5655 5348
f 5650 5349 5344
f 5350 5656 5653
f 5350 5653 5346
f 5654 5653 5657
f 5657 5653 5656
f 5660 5659 5658
f 5655 5660 5658
f 5352 5655 5658
f 5348 5655 5352
f 5353 5661 5656
f 5353 5656 5350
f 5657 5656 5662
f 5662 5656 5661
f 5658 5659 5663
f 5663 5659 5664
f 5663 5354 5352
f 5663 5352 5658
f 5355 5665 5661
f 5355 5661 5353
f 5662 5661 5666
f 5666 5661 5665
f 5663 5664 5667
f 5667 5664 5668
f 5667 5356 5354
f 5667 5354 5663
f 5357 5669 5665
f 5357 5665 5355
f 5666 5665 5670
f 5670 5665 5669
f 5667 5668 5671
f 5671 5668 5672
f 5671 5358 5356
f 5671 5356 5667
f 5359 5673 5669
f 5359 5669 5357
f 5670 5669 5674
f 5674 5669 5673
f 5671 5672 5675
f 5675 5672 5676
f 5675 5360 5358
f 5675 5358 5671
f 5361 5677 5673
f 5361 5673 5359
f 5674 5673 5678
f 5678 5673 5677
f 5675 5676 5679
f 5679 5676 5680
f 5679 5362 5360
f 5679 5360 5675
f 5363 5681 5677
f 5363 5677 5361
f 5678 5677 5682
f 5682 5677 5681
f 5685 5684 5683
f 5685 5683 5680
f 5683 5679 5680
f 5683 5686 5679
f 5686 5364 5362
f 5686 5362 5679
f 5365 5687 5681
f 5365 5681 5363
f 5682 5681 5688
f 5688 5681 5687
f 5691 5690 5689
f 5691 5689 5684
f 5689 5683 5684
f 5689 5692 5683
f 5692 5367 5368
f 5686 5692 5368
f 5683 5692 5686
f 5686 5368 5364
f 5369 5693 5687
f 5369 5687 5365
f 5688 5687 5694
f 5687 5695 5694
f 5687 5693 5695
f 5694 5695 5690
f 5695 5689 5690
f 5695 5696 5689
f 5689 5697 5692
f 5689 5696 5697
f 5697 5371 5367
f 5697 5367 5692
f 5372 5698 5693
f 5372 5693 5369
f 5693 5699 5695
f 5693 5698 5699
f 5695 5700 5696
f 5695 5699 5700
f 5696 5701 5697
f 5696 5700 5701
f 5701 5374 5371
f 5701 5371 5697
f 5375 5702 5698
f 5375 5698 5372
f 5698 5703 5699
f 5698 5702 5703
f 5699 5704 5700
f 5699 5703 5704
f 5700 5705 5701
f 5700 5704 5705
f 5705 5377 5374
f 5705 5374 5701
f 5378 5706 5702
f 5378 5702 5375
f 5702 5707 5703
f 5702 5706 5707
f 5703 5708 5704
f 5703 5707 5708
f 5704 5709 5705
f 5704 5708 5709
f 5709 5380 5377
f 5709 5377 5705
f 5381 5710 5706
f 5381 5706 5378
f 5706 5711 5707
f 5706 5710 5711
f 5707 5712 5708
f 5707 5711 5712
f 5708 5713 5709
f 5708 5712 5713
f 5713 5383 5380
f 5713 5380 5709
f 5384 5714 5710
f 5384 5710 5381
f 5710 5715 5711
f 5710 5714 5715
f 5711 5716 5712
f 5711 5715 5716
f 5712 5717 5713
f 5712 5716 5717
f 5717 5386 5383
f 5717 5383 5713
f 5387 5718 5714
f 5387 5714 5384
f 5714 5719 5715
f 5714 5718 5719
f 5715 5720 5716
f 5715 5719 5720
f 5716 5721 5717
f 5716 5720 5721
f 5721 5389 5386
f 5721 5386 5717
f 5390 5722 5718
f 5390 5718 5387
f 5718 5723 5719
f 5718 5722 5723
f 5719 5724 5720
f 5719 5723 5724
f 5720 5725 5721
f 5720 5724 5725
f 5725 5392 5389
f 5725 5389 5721
f 5393 5726 5722
f 5393 5722 5390
f 5722 5727 5723
f 5722 5726 5727
f 5723 5728 5724
f 5723 5727 5728
f 5724 5729 5725
f 5724 5728 5729
f 5729 5395 5392
f 5729 5392 5725
f 5396 5730 5726
f 5396 5726 5393
f 5726 5731 5727
f 5726 5730 5731
f 5727 5732 5728
f 5727 5731 5732
f 5728 5733 5729
f 5728 5732 5733
f 5733 5398 5395
f 5733 5395 5729
f 5399 5734 5730
f 5399 5730 5396
f 5730 5735 5731
f 5730 5734 5735
f 5731 5736 5732
f 5731 5735 5736
f 5732 5737 5733
f 5732 5736 5737
f 5737 5401 5398
f 5737 5398 5733
f 5402 5738 5734
f 5402 5734 5399
f 5734 5739 5735
f 5734 5738 5739
f 5735 5740 5736
f 5735 5739 5740
f 5736 5741 5737
f 5736 5740 5741
f 5741 5404 5401
f 5741 5401 5737
f 5405 5742 5738
f 5405 5738 5402
f 5738 5743 5739
f 5738 5742 5743
f 5739 5744 5740
f 5739 5743 5744
f 5740 5745 5741
f 5740 5744 5745
f 5745 5407 5404
f 5745 5404 5741
f 5408 5746 5742
f 5408 5742 5405
f 5742 5747 5743
f 5742 5746 5747
f 5743 5748 5744
f 5743 5747 5748
f 5744 5749 5745
f 5744 5748 5749
f 5749 5410 5407
f 5749 5407 5745
f 5411 5750 5746
f 5411 5746 5408
f 5746 5751 5747
f 5746 5750 5751
f 5747 5752 5748
f 5747 5751 5752
f 5748 5753 5749
f 5748 5752 5753
f 5753 5413 5410
f 5753 5410 5749
f 5414 5754 5750
f 5414 5750 5411
f 5750 5755 5751
f 5750 5754 5755
f 5751 5756 5752
f 5751 5755 5756
f 5752 5757 5753
f 5752 5756 5757
f 5757 5416 5413
f 5757 5413 5753
f 5417 5758 5754
f 5417 5754 5414
f 5754 5759 5755
f 5754 5758 5759
f 5755 5760 5756
f 5755 5759 5760
f 5756 5761 5757
f 5756 5760 5761
f 5761 5419 5416
f 5761 5416 5757
f 5420 5762 5758
f 5420 5758 5417
f 5758 5763 5759
f 5758 5762 5763
f 5759 5764 5760
f 5759 5763 5764
f 5760 5765 5761
f 5760 5764 5765
f 5765 5422 5419
f 5765 5419 5761
f 5423 5766 5762
f 5423 5762 5420
f 5762 5767 5763
f 5762 5766 5767
f 5763 5768 5764
f 5763 5767 5768
f 5764 5769 5765
f 5764 5768 5769
f 5769 5424 5422
f 5769 5422 5765
f 5425 5770 5766
f 5425 5766 5423
f 5766 5771 5767
f 5766 5770 5771
f 5767 5772 5768
f 5767 5771 5772
f 5768 5773 5769
f 5768 5772 5773
f 5773 5426 5424
f 5773 5424 5769
f 5427 5774 5770
f 5427 5770 5425
f 5770 5775 5771
f 5770 5774 5775
f 5771 5776 5772
f 5771 5775 5776
f 5772 5777 5773
f 5772 5776 5777
f 5777 5428 5426
f 5777 5426 5773
f 5429 5778 5774
f 5429 5774 5427
f 5774 5779 5775
f 5774 5778 5779
f 5775 5780 5776
f 5775 5779 5780
f 5776 5781 5777
f 5776 5780 5781
f 5781 5430 5428
f 5781 5428 5777
f 5431 5782 5778
f 5431 5778 5429
f 5778 5783 5779
f 5778 5782 5783
f 5779 5784 5780
f 5779 5783 5784
f 5780 5785 5781
f 5780 5784 5785
f 5785 5432 5430
f 5785 5430 5781
f 5433 5786 5782
f 5433 5782 5431
f 5782 5787 5783
f 5782 5786 5787
f 5783 5788 5784
f 5783 5787 5788
f 5784 5789 5785
f 5784 5788 5789
f 5789 5434 5432
f 5789 5432 5785
f 5435 5790 5786
f 5435 5786 5433
f 5786 5791 5787
f 5786 5790 5791
f 5787 5792 5788
f 5787 5791 5792
f 5788 5793 5789
f 5788 5792 5793
f 5793 5436 5434
f 5793 5434 5789
f 5437 5794 5790
f 5437 5790 5435
f 5790 5795 5791
f 5790 5794 5795
f 5791 5796 5792
f 5791 5795 5796
f 5792 5797 5793
f 5792 5796 5797
f 5797 5438 5436
f 5797 5436 5793
f 5439 5798 5794
f 5439 5794 5437
f 5794 5799 5795
f 5794 5798 5799
f 5795 5800 5796
f 5795 5799 5800
f 5796 5801 5797
f 5796 5800 5801
f 5801 5441 5438
f 5801 5438 5797
f 5442 5802 5798
f 5442 5798 5439
f 5798 5803 5799
f 5798 5802 5803
f 5799 5804 5800
f 5799 5803 5804
f 5800 5805 5801
f 5800 5804 5805
f 5805 5444 5441
f 5805 5441 5801
f 5445 5806 5802
f 5445 5802 5442
f 5802 5807 5803
f 5802 5806 5807
f 5803 5808 5804
f 5803 5807 5808
f 5804 5809 5805
f 5804 5808 5809
f 5809 5447 5444
f 5809 5444 5805
f 5448 5810 5806
f 5448 5806 5445
f 5812 5807 5811
f 5807 5810 5811
f 5807 5806 5810
f 5807 5812 5808
f 5808 5812 5813
f 5808 5813 5809
f 5809 5813 5814
f 5814 5816 5815
f 5814 5815 5449
f 5809 5814 5449
f 5447 5809 5449
f 5815 5450 5449
f 5451 5810 5448
f 5451 5453 5810
f 5453 5811 5810
f 5453 5817 5811
f 5816 5818 5815
f 5450 5815 5818
f 5819 5450 5818
f 5454 5450 5819
f 5456 5817 5453
f 5456 5820 5817
f 5457 5454 5821
f 5454 5822 5821
f 5454 5819 5822
f 5821 5458 5457
f 5459 5820 5456
f 5459 5823 5820
f 5822 5824 5821
f 5458 5821 5824
f 5825 5458 5824
f 5460 5458 5825
f 5461 5823 5459
f 5461 5826 5823
f 5825 5462 5460
f 5827 5462 5825
f 5828 5826 5461
f 5828 5461 5463
f 5463 5464 5828
f 5828 5464 5829
f 5827 5830 5462
f 5462 5830 5465
f 5466 5465 5830
f 5466 5830 5831
f 5467 5829 5464
f 5467 5832 5829
f 5831 5468 5466
f 5833 5468 5831
f 5469 5832 5467
f 5469 5834 5832
f 5836 5470 5835
f 5470 5833 5835
f 5470 5468 5833
f 5837 5836 5835
f 5838 5834 5469
f 5838 5469 5471
f 5471 5472 5838
f 5838 5472 5839
f 5836 5473 5470
f 5474 5473 5836
f 5837 5474 5836
f 5840 5474 5837
f 5475 5839 5472
f 5475 5841 5839
f 5840 5476 5474
f 5842 5476 5840
f 5477 5841 5475
f 5477 5843 5841
f 5845 5478 5844
f 5478 5842 5844
f 5478 5476 5842
f 5846 5845 5844
f 5479 5843 5477
f 5479 5847 5843
f 5845 5480 5478
f 5481 5480 5845
f 5846 5481 5845
f 5848 5481 5846
f 5482 5847 5479
f 5482 5849 5847
f 5848 5483 5481
f 5850 5483 5848
f 5482 5484 5851
f 5852 5482 5851
f 5849 5482 5852
f 5485 5851 5484
f 5850 5486 5483
f 5853 5486 5850
f 5854 5852 5851
f 5851 5485 5854
f 5485 5855 5854
f 5485 5487 5855
f 5853 5488 5486
f 5856 5488 5853
f 5489 5855 5487
f 5489 5857 5855
f 5856 5490 5488
f 5858 5490 5856
f 5491 5857 5489
f 5491 5859 5857
f 5858 5860 5490
f 5490 5860 5492
f 5493 5492 5860
f 5493 5860 5861
f 5862 5859 5491
f 5862 5491 5494
f 5494 5495 5862
f 5862 5495 5863
f 5861 5496 5493
f 5864 5496 5861
f 5498 5863 5495
f 5498 5865 5863
f 5864 5499 5496
f 5866 5499 5864
f 5867 5865 5498
f 5867 5498 5500
f 5500 5501 5867
f 5867 5501 5868
f 5866 5502 5499
f 5869 5502 5866
f 5870 5868 5501
f 5870 5501 5503
f 5503 5504 5870
f 5870 5504 5871
f 5869 5505 5502
f 5872 5505 5869
f 5506 5871 5504
f 5506 5873 5871
f 5872 5507 5505
f 5874 5507 5872
f 5506 5508 5875
f 5876 5506 5875
f 5873 5506 5876
f 5509 5875 5508
f 5877 5510 5511
f 5878 5877 5511
f 5507 5878 5511
f 5874 5878 5507
f 5879 5876 5875
f 5875 5509 5879
f 5509 5880 5879
f 5509 5512 5880
f 5882 5881 5877
f 5881 5510 5877
f 5881 5513 5510
f 5882 5877 5878
f 5514 5880 5512
f 5514 5883 5880
f 5881 5515 5513
f 5884 5515 5881
f 5517 5883 5514
f 5517 5885 5883
f 5884 5518 5515
f 5886 5518 5884
f 5887 5885 5517
f 5887 5517 5519
f 5519 5518 5886
f 5519 5886 5887
f 5890 5889 5888
f 5891 5888 5889
f 5894 5893 5892
f 5896 5895 5892
f 5896 5892 5893
f 5520 5521 5895
f 5896 5520 5895
f 5897 5520 5896
f 5522 5520 5897
f 5522 5897 5898
f 5890 5888 5523
f 5524 5890 5523
f 5899 5890 5524
f 5891 5900 5888
f 5900 5523 5888
f 5900 5525 5523
f 5525 5901 5526
f 5900 5901 5525
f 5526 5902 5527
f 5901 5902 5526
f 5527 5903 5528
f 5902 5903 5527
f 5892 5529 5894
f 5529 5903 5894
f 5529 5528 5903
f 5529 5892 5530
f 5530 5892 5895
f 5530 5895 5521
f 5898 5904 5522
f 5522 5904 5531
f 5532 5531 5904
f 5532 5904 5905
f 5907 5906 5533
f 5907 5533 5534
f 5524 5533 5899
f 5899 5533 5906
f 5905 5535 5532
f 5908 5535 5905
f 5536 5907 5534
f 5536 5909 5907
f 5908 5910 5535
f 5535 5910 5537
f 5538 5537 5910
f 5538 5910 5911
f 5539 5909 5536
f 5539 5912 5909
f 5914 5540 5913
f 5540 5911 5913
f 5540 5538 5911
f 5915 5914 5913
f 5541 5912 5539
f 5541 5916 5912
f 5914 5542 5540
f 5543 5542 5914
f 5915 5543 5914
f 5917 5543 5915
f 5919 5918 5544
f 5919 5544 5545
f 5541 5544 5916
f 5916 5544 5918
f 5917 5920 5543
f 5543 5920 5546
f 5547 5546 5920
f 5547 5920 5921
f 5548 5919 5545
f 5548 5922 5919
f 5921 5549 5547
f 5923 5549 5921
f 5550 5922 5548
f 5550 5924 5922
f 5923 5551 5549
f 5925 5551 5923
f 5552 5924 5550
f 5552 5926 5924
f 5925 5553 5551
f 5927 5553 5925
f 5929 5928 5554
f 5929 5554 5555
f 5552 5554 5926
f 5926 5554 5928
f 5927 5556 5553
f 5930 5556 5927
f 5557 5929 5555
f 5557 5931 5929
f 5930 5558 5556
f 5932 5558 5930
f 5559 5931 5557
f 5559 5933 5931
f 5932 5560 5558
f 5934 5560 5932
f 5561 5933 5559
f 5561 5935 5933
f 5934 5562 5560
f 5936 5562 5934
f 5563 5935 5561
f 5563 5937 5935
f 5936 5564 5562
f 5938 5564 5936
f 5565 5937 5563
f 5565 5939 5937
f 5941 5566 5940
f 5566 5938 5940
f 5566 5564 5938
f 5942 5941 5940
f 5567 5939 5565
f 5567 5943 5939
f 5945 5944 5941
f 5944 5566 5941
f 5944 5568 5566
f 5945 5941 5942
f 5569 5943 5567
f 5569 5946 5943
f 5944 5570 5568
f 5947 5570 5944
f 5571 5946 5569
f 5571 5948 5946
f 5947 5572 5570
f 5949 5572 5947
f 5573 5948 5571
f 5573 5950 5948
f 5949 5574 5572
f 5951 5574 5949
f 5575 5950 5573
f 5575 5952 5950
f 5954 5953 5577
f 5577 5953 5576
f 5577 5574 5951
f 5577 5951 5954
f 5578 5952 5575
f 5578 5955 5952
f 5953 5579 5576
f 5956 5579 5953
f 5580 5955 5578
f 5580 5957 5955
f 5956 5581 5579
f 5958 5581 5956
f 5582 5957 5580
f 5582 5959 5957
f 5958 5583 5581
f 5960 5583 5958
f 5584 5959 5582
f 5584 5961 5959
f 5960 5585 5583
f 5962 5585 5960
f 5586 5961 5584
f 5586 5963 5961
f 5965 5964 5589
f 5589 5964 5588
f 5589 5585 5962
f 5589 5962 5965
f 5590 5963 5586
f 5590 5966 5963
f 5964 5591 5588
f 5967 5591 5964
f 5592 5966 5590
f 5592 5968 5966
f 5967 5593 5591
f 5969 5593 5967
f 5594 5968 5592
f 5594 5970 5968
f 5969 5595 5593
f 5971 5595 5969
f 5596 5970 5594
f 5596 5972 5970
f 5971 5597 5595
f 5973 5597 5971
f 5598 5972 5596
f 5598 5974 5972
f 5973 5599 5597
f 5975 5599 5973
f 5600 5974 5598
f 5600 5976 5974
f 5975 5601 5599
f 5977 5601 5975
f 5602 5976 5600
f 5602 5978 5976
f 5977 5603 5601
f 5979 5603 5977
f 5604 5978 5602
f 5604 5980 5978
f 5979 5605 5603
f 5981 5605 5979
f 5606 5980 5604
f 5606 5982 5980
f 5981 5607 5605
f 5983 5607 5981
f 5608 5982 5606
f 5608 5984 5982
f 5983 5609 5607
f 5985 5609 5983
f 5610 5984 5608
f 5610 5986 5984
f 5985 5611 5609
f 5987 5611 5985
f 5612 5986 5610
f 5612 5988 5986
f 5990 5989 5615
f 5615 5989 5614
f 5615 5611 5987
f 5615 5987 5990
f 5616 5988 5612
f 5616 5991 5988
f 5989 5617 5614
f 5992 5617 5989
f 5618 5991 5616
f 5618 5993 5991
f 5992 5619 5617
f 5994 5619 5992
f 5620 5996 5995
f 5993 5620 5995
f 5618 5620 5993
f 5996 5997 5995
f 6000 5999 5998
f 5994 6000 5998
f 5621 5994 5998
f 5619 5994 5621
f 5622 6001 5996
f 5622 5996 5620
f 5997 5996 6002
f 6002 5996 6001
f 5998 5999 5624
f 5999 5623 5624
f 5999 6003 5623
f 5998 5624 5621
f 5625 6004 6001
f 5625 6001 5622
f 6002 6001 6005
f 6005 6001 6004
f 6008 6007 6006
f 6003 6008 6006
f 5626 6003 6006
f 5623 6003 5626
f 5627 6009 6004
f 5627 6004 5625
f 6005 6004 6010
f 6010 6004 6009
f 6006 6007 6011
f 6011 6007 6012
f 6011 5628 5626
f 6011 5626 6006
f 5629 6013 6009
f 5629 6009 5627
f 6010 6009 6014
f 6014 6009 6013
f 6017 6016 6015
f 6017 6015 6012
f 6012 6015 6011
f 6015 5631 6011
f 5631 5632 6011
f 6011 5632 5628
f 5633 6018 6013
f 5633 6013 5629
f 6014 6013 6019
f 6019 6013 6018
f 6022 6021 6020
f 6024 6023 6020
f 6020 6023 6022
f 6023 6024 6016
f 6016 6024 6015
f 6024 5635 6015
f 5635 5636 6015
f 6015 5636 5631
f 5637 6025 6018
f 5637 6018 5633
f 6019 6018 6026
f 6026 6018 6025
f 6029 6028 6027
f 6031 6030 6027
f 6027 6030 6029
f 6033 6032 6031
f 6031 6032 6030
f 6035 6034 6033
f 6033 6034 6032
f 6037 6036 6035
f 6035 6036 6034
f 6036 6037 6021
f 6021 6037 6020
f 6037 5639 6020
f 5639 5640 6020
f 6020 5640 5641
f 6020 5641 6024
f 6024 5641 5635
f 5642 6025 5637
f 6039 6038 5644
f 5644 6038 5642
f 6038 6026 5642
f 6026 6025 5642
f 6038 6039 6028
f 6039 6027 6028
f 6039 6040 6027
f 6027 6041 6031
f 6027 6040 6041
f 6031 6042 6033
f 6031 6041 6042
f 6033 6043 6035
f 6033 6042 6043
f 6043 5646 5647
f 6037 6043 5647
f 6035 6043 6037
f 6037 5647 5639
f 5649 6044 6039
f 5649 6039 5644
f 6039 6045 6040
f 6039 6044 6045
f 6040 6046 6041
f 6040 6045 6046
f 6041 6047 6042
f 6041 6046 6047
f 6047 5651 5652
f 6043 6047 5652
f 6042 6047 6043
f 6043 5652 5646
f 5654 6048 6044
f 5654 6044 5649
f 6044 6049 6045
f 6044 6048 6049
f 6045 6050 6046
f 6045 6049 6050
f 6046 6051 6047
f 6046 6050 6051
f 6051 5655 5651
f 6051 5651 6047
f 5657 6052 6048
f 5657 6048 5654
f 6048 6053 6049
f 6048 6052 6053
f 6049 6054 6050
f 6049 6053 6054
f 6054 5659 5660
f 6051 6054 5660
f 6050 6054 6051
f 6051 5660 5655
f 5662 6055 6052
f 5662 6052 5657
f 6052 6056 6053
f 6052 6055 6056
f 6053 6057 6054
f 6053 6056 6057
f 6057 5664 5659
f 6057 5659 6054
f 5666 6058 6055
f 5666 6055 5662
f 6055 6059 6056
f 6055 6058 6059
f 6056 6060 6057
f 6056 6059 6060
f 6060 5668 5664
f 6060 5664 6057
f 5670 6061 6058
f 5670 6058 5666
f 6058 6062 6059
f 6058 6061 6062
f 6059 6063 6060
f 6059 6062 6063
f 6063 5672 5668
f 6063 5668 6060
f 5674 6064 6061
f 5674 6061 5670
f 6061 6065 6062
f 6061 6064 6065
f 6062 6066 6063
f 6062 6065 6066
f 6066 5676 5672
f 6066 5672 6063
f 5678 6067 6064
f 5678 6064 5674
f 6064 6068 6065
f 6064 6067 6068
f 6065 6069 6066
f 6065 6068 6069
f 6069 5680 5676
f 6069 5676 6066
f 5682 6070 6067
f 5682 6067 5678
f 6067 6071 6068
f 6067 6070 6071
f 6071 5684 5685
f 6069 6071 5685
f 6068 6071 6069
f 6069 5685 5680
f 5688 6072 6070
f 5688 6070 5682
f 6072 5690 5691
f 6071 6072 5691
f 6070 6072 6071
f 6071 5691 5684
f 5694 6072 5688
f 6072 5694 5690
f 5811 6073 5812
f 6074 5813 5812
f 6074 5812 6073
f 6075 5814 5813
f 6075 5813 6074
f 6075 5816 5814
f 5817 6076 6073
f 5817 6073 5811
f 6073 6077 6074
f 6073 6076 6077
f 6074 6078 6075
f 6074 6077 6078
f 6079 5818 5816
f 6075 6079 5816
f 6078 6079 6075
f 6079 5819 5818
f 5820 6080 6076
f 5820 6076 5817
f 6082 6077 6081
f 6077 6080 6081
f 6077 6076 6080
f 6077 6082 6078
f 6078 6082 6083
f 6085 6084 6083
f 6084 6078 6083
f 6084 6079 6078
f 6084 5822 5819
f 6084 5819 6079
f 5823 6086 6080
f 5823 6080 5820
f 6081 6080 6087
f 6087 6080 6086
f 6085 6088 6084
f 6084 6088 5822
f 6088 5824 5822
f 6088 6089 5824
f 5825 5824 6089
f 5825 6089 6090
f 6092 6091 6086
f 5823 6092 6086
f 5826 6092 5823
f 6086 6091 6087
f 6090 5827 5825
f 6093 5827 6090
f 6094 6092 5826
f 6094 5826 5828
f 5828 5829 6094
f 6094 5829 6095
f 6093 6096 5827
f 5827 6096 5830
f 5831 5830 6096
f 5831 6096 6097
f 5832 6095 5829
f 5832 6098 6095
f 6097 5833 5831
f 6099 5833 6097
f 5834 6098 5832
f 5834 6100 6098
f 6099 6101 5833
f 5833 6101 5835
f 5837 5835 6101
f 5837 6101 6102
f 6103 6100 5834
f 6103 5834 5838
f 5838 5839 6103
f 6103 5839 6104
f 6102 5840 5837
f 6105 5840 6102
f 5841 6104 5839
f 5841 6106 6104
f 6105 5842 5840
f 6107 5842 6105
f 5843 6106 5841
f 5843 6108 6106
f 6107 6109 5842
f 5842 6109 5844
f 5846 5844 6109
f 5846 6109 6110
f 5847 6108 5843
f 5847 6111 6108
f 6110 5848 5846
f 6112 5848 6110
f 5849 6111 5847
f 5849 6113 6111
f 6112 5850 5848
f 6114 5850 6112
f 5852 6113 5849
f 5852 6115 6113
f 6114 5853 5850
f 6116 5853 6114
f 6117 6115 5852
f 6117 5852 5854
f 5854 5855 6117
f 6117 5855 6118
f 6116 5856 5853
f 6119 5856 6116
f 5857 6118 5855
f 5857 6120 6118
f 6122 5858 6121
f 5858 6119 6121
f 5858 5856 6119
f 6123 6122 6121
f 5859 6120 5857
f 5859 6124 6120
f 6122 5860 5858
f 5861 5860 6122
f 6123 5861 6122
f 6125 5861 6123
f 6126 6124 5859
f 6126 5859 5862
f 5862 5863 6126
f 6126 5863 6127
f 6125 5864 5861
f 6128 5864 6125
f 5865 6127 5863
f 5865 6129 6127
f 6128 5866 5864
f 6130 5866 6128
f 6131 6129 5865
f 6131 5865 5867
f 5867 5868 6131
f 6131 5868 6132
f 6130 5869 5866
f 6133 5869 6130
f 6134 6132 5868
f 6134 5868 5870
f 5870 5871 6134
f 6134 5871 6135
f 6133 5872 5869
f 6136 5872 6133
f 5873 6135 5871
f 5873 6137 6135
f 6136 5874 5872
f 6138 5874 6136
f 5876 6137 5873
f 5876 6139 6137
f 6138 5878 5874
f 6140 5878 6138
f 6141 6139 5876
f 6141 5876 5879
f 5879 5880 6141
f 6141 5880 6142
f 6143 5881 5882
f 6144 6143 5882
f 5878 6144 5882
f 6140 6144 5878
f 5883 6142 5880
f 5883 6145 6142
f 6146 5884 6143
f 6143 5884 5881
f 6143 6144 6147
f 6143 6147 6146
f 5885 6145 5883
f 5885 6148 6145
f 6150 6149 6146
f 6149 5884 6146
f 6149 5886 5884
f 6150 6146 6147
f 6151 6148 5885
f 6151 5885 5887
f 5887 5886 6149
f 5887 6149 6151
f 6154 6153 6152
f 6155 6152 6153
f 6158 6157 6156
f 6159 6156 6157
f 6162 6161 6160
f 6164 6163 6160
f 6164 6160 6161
f 6166 6165 6163
f 6166 6163 6164
f 6168 6167 6165
f 6168 6165 6166
f 6167 6168 6154
f 6152 6167 6154
f 6169 6167 6152
f 6152 6155 6170
f 6152 6170 6169
f 6158 6156 5889
f 5890 6158 5889
f 6171 6158 5890
f 6173 6172 5891
f 6173 5891 5889
f 6159 6173 5889
f 6156 6159 5889
f 6175 6174 6172
f 6175 6172 6173
f 6174 6175 6162
f 6160 6174 6162
f 6176 6174 6160
f 6177 6160 6163
f 6176 6160 6177
f 5894 6177 5893
f 6177 6165 5893
f 6177 6163 6165
f 5893 6165 5896
f 5896 6165 6167
f 5896 6167 5897
f 5897 6167 6169
f 6179 6178 5898
f 6179 5898 5897
f 6170 6179 5897
f 6169 6170 5897
f 6180 6178 6179
f 6183 6182 6181
f 6182 6171 6181
f 6171 5899 6181
f 6171 5890 5899
f 6172 5900 5891
f 5900 6172 5901
f 5901 6172 6174
f 5901 6174 5902
f 5902 6174 6176
f 5902 6176 5903
f 5903 6176 6177
f 5903 6177 5894
f 6178 5904 5898
f 5905 5904 6178
f 6180 5905 6178
f 6184 5905 6180
f 6183 6181 5906
f 5907 6183 5906
f 6185 6183 5907
f 5906 6181 5899
f 6184 5908 5905
f 6186 5908 6184
f 5909 6185 5907
f 5909 6187 6185
f 6186 6188 5908
f 5908 6188 5910
f 5911 5910 6188
f 5911 6188 6189
f 5912 6187 5909
f 5912 6190 6187
f 6189 6191 5911
f 5911 6191 5913
f 5915 5913 6191
f 5915 6191 6192
f 5916 6190 5912
f 5916 6193 6190
f 6192 5917 5915
f 6194 5917 6192
f 6196 6195 5918
f 6196 5918 5919
f 5916 5918 6193
f 6193 5918 6195
f 6194 6197 5917
f 5917 6197 5920
f 5921 5920 6197
f 5921 6197 6198
f 5922 6196 5919
f 5922 6199 6196
f 6198 5923 5921
f 6200 5923 6198
f 5924 6199 5922
f 5924 6201 6199
f 6200 5925 5923
f 6202 5925 6200
f 5926 6201 5924
f 5926 6203 6201
f 6202 5927 5925
f 6204 5927 6202
f 5929 6205 5928
f 6205 6206 5928
f 6206 5926 5928
f 6206 6203 5926
f 6204 5930 5927
f 6207 5930 6204
f 5931 6208 6205
f 5931 6205 5929
f 6206 6205 6209
f 6209 6205 6208
f 6207 5932 5930
f 6210 5932 6207
f 6212 6211 6208
f 5931 6212 6208
f 5933 6212 5931
f 6208 6211 6209
f 6210 5934 5932
f 6213 5934 6210
f 5935 6212 5933
f 5935 6214 6212
f 6213 5936 5934
f 6215 5936 6213
f 5937 6214 5935
f 5937 6216 6214
f 6215 5938 5936
f 6217 5938 6215
f 5939 6216 5937
f 5939 6218 6216
f 5940 5938 6219
f 5938 6220 6219
f 5938 6217 6220
f 6219 5942 5940
f 5943 6218 5939
f 5943 6221 6218
f 6219 6220 5945
f 6220 5944 5945
f 6220 6222 5944
f 6219 5945 5942
f 5946 6221 5943
f 5946 6223 6221
f 6222 5947 5944
f 6224 5947 6222
f 5948 6223 5946
f 5948 6225 6223
f 6224 5949 5947
f 6226 5949 6224
f 5950 6225 5948
f 5950 6227 6225
f 6226 5951 5949
f 6228 5951 6226
f 5952 6227 5950
f 5952 6229 6227
f 6231 6230 5954
f 5954 6230 5953
f 5954 5951 6228
f 5954 6228 6231
f 5955 6229 5952
f 5955 6232 6229
f 6230 5956 5953
f 6233 5956 6230
f 5957 6232 5955
f 5957 6234 6232
f 6233 5958 5956
f 6235 5958 6233
f 5959 6234 5957
f 5959 6236 6234
f 6235 5960 5958
f 6237 5960 6235
f 5961 6236 5959
f 5961 6238 6236
f 6241 6240 6239
f 6237 6241 6239
f 5962 6237 6239
f 5960 6237 5962
f 5963 6238 5961
f 5963 6242 6238
f 6239 6240 5965
f 6240 5964 5965
f 6240 6243 5964
f 6239 5965 5962
f 5966 6242 5963
f 5966 6244 6242
f 6243 5967 5964
f 6245 5967 6243
f 5968 6244 5966
f 5968 6246 6244
f 6245 5969 5967
f 6247 5969 6245
f 5970 6246 5968
f 5970 6248 6246
f 6247 5971 5969
f 6249 5971 6247
f 5972 6248 5970
f 5972 6250 6248
f 6249 5973 5971
f 6251 5973 6249
f 5974 6250 5972
f 5974 6252 6250
f 6251 5975 5973
f 6253 5975 6251
f 5976 6252 5974
f 5976 6254 6252
f 6253 5977 5975
f 6255 5977 6253
f 5978 6254 5976
f 5978 6256 6254
f 6255 5979 5977
f 6257 5979 6255
f 5980 6256 5978
f 5980 6258 6256
f 6257 5981 5979
f 6259 5981 6257
f 5982 6258 5980
f 5982 6260 6258
f 6259 5983 5981
f 6261 5983 6259
f 5984 6260 5982
f 5984 6262 6260
f 6265 6264 6263
f 6261 6265 6263
f 5985 6261 6263
f 5983 6261 5985
f 5986 6267 6266
f 6262 5986 6266
f 5984 5986 6262
f 6267 6268 6266
f 6263 6264 6269
f 6269 6264 6270
f 6269 5987 5985
f 6269 5985 6263
f 5988 6271 6267
f 5988 6267 5986
f 6268 6267 6272
f 6272 6267 6271
f 6269 6270 5990
f 6270 5989 5990
f 6270 6273 5989
f 6269 5990 5987
f 5991 6274 6271
f 5991 6271 5988
f 6272 6271 6275
f 6275 6271 6274
f 6278 6277 6276
f 6273 6278 6276
f 5992 6273 6276
f 5989 6273 5992
f 5993 6279 6274
f 5993 6274 5991
f 6275 6274 6280
f 6280 6274 6279
f 6276 6277 6281
f 6281 6277 6282
f 6281 5994 5992
f 6281 5992 6276
f 5995 6279 5993
f 5995 5997 6279
f 5997 6280 6279
f 5997 6283 6280
f 6281 6282 6000
f 6282 5999 6000
f 6282 6284 5999
f 6281 6000 5994
f 6002 6283 5997
f 6002 6285 6283
f 6288 6287 6286
f 6284 6288 6286
f 6003 6284 6286
f 5999 6284 6003
f 6005 6285 6002
f 6005 6289 6285
f 6286 6287 6008
f 6287 6007 6008
f 6287 6290 6007
f 6286 6008 6003
f 6010 6289 6005
f 6010 6291 6289
f 6294 6293 6292
f 6290 6294 6292
f 6012 6290 6292
f 6007 6290 6012
f 6014 6296 6295
f 6291 6014 6295
f 6010 6014 6291
f 6296 6297 6295
f 6300 6299 6298
f 6302 6301 6298
f 6298 6301 6300
f 6301 6302 6293
f 6293 6302 6292
f 6302 6016 6292
f 6016 6017 6292
f 6292 6017 6012
f 6019 6303 6296
f 6019 6296 6014
f 6297 6296 6304
f 6296 6305 6304
f 6296 6303 6305
f 6307 6306 6305
f 6305 6306 6304
f 6309 6308 6307
f 6307 6308 6306
f 6311 6310 6309
f 6309 6310 6308
f 6313 6312 6311
f 6311 6312 6310
f 6312 6313 6299
f 6299 6313 6298
f 6313 6021 6298
f 6021 6022 6298
f 6298 6022 6023
f 6298 6023 6302
f 6302 6023 6016
f 6026 6314 6303
f 6026 6303 6019
f 6314 6028 6029
f 6305 6314 6029
f 6303 6314 6305
f 6305 6029 6030
f 6305 6030 6307
f 6307 6030 6032
f 6307 6032 6309
f 6309 6032 6034
f 6309 6034 6311
f 6311 6034 6036
f 6311 6036 6313
f 6313 6036 6021
f 6038 6314 6026
f 6314 6038 6028
f 6081 6315 6082
f 6316 6083 6082
f 6316 6082 6315
f 6316 6085 6083
f 6318 6317 6315
f 6081 6318 6315
f 6087 6318 6081
f 6315 6317 6316
f 6316 6317 6319
f 6316 6319 6085
f 6319 6088 6085
f 6319 6320 6088
f 6320 6322 6321
f 6089 6320 6321
f 6088 6320 6089
f 6321 6090 6089
f 6092 6323 6091
f 6323 6324 6091
f 6324 6087 6091
f 6324 6318 6087
f 6322 6325 6321
f 6090 6321 6325
f 6326 6090 6325
f 6093 6090 6326
f 6094 6323 6092
f 6094 6095 6323
f 6095 6324 6323
f 6095 6327 6324
f 6326 6328 6093
f 6093 6328 6096
f 6097 6096 6328
f 6097 6328 6329
f 6098 6327 6095
f 6098 6330 6327
f 6332 6099 6331
f 6099 6329 6331
f 6099 6097 6329
f 6333 6332 6331
f 6100 6335 6334
f 6330 6100 6334
f 6098 6100 6330
f 6335 6336 6334
f 6332 6101 6099
f 6102 6101 6332
f 6333 6102 6332
f 6337 6102 6333
f 6103 6335 6100
f 6103 6104 6335
f 6104 6336 6335
f 6104 6338 6336
f 6337 6105 6102
f 6339 6105 6337
f 6106 6338 6104
f 6106 6340 6338
f 6339 6107 6105
f 6341 6107 6339
f 6108 6340 6106
f 6108 6342 6340
f 6341 6343 6107
f 6107 6343 6109
f 6110 6109 6343
f 6110 6343 6344
f 6111 6342 6108
f 6111 6345 6342
f 6344 6112 6110
f 6346 6112 6344
f 6113 6345 6111
f 6113 6347 6345
f 6346 6114 6112
f 6348 6114 6346
f 6115 6350 6349
f 6347 6115 6349
f 6113 6115 6347
f 6350 6351 6349
f 6348 6116 6114
f 6352 6116 6348
f 6117 6350 6115
f 6117 6118 6350
f 6118 6351 6350
f 6118 6353 6351
f 6352 6119 6116
f 6354 6119 6352
f 6120 6353 6118
f 6120 6355 6353
f 6354 6356 6119
f 6119 6356 6121
f 6123 6121 6356
f 6123 6356 6357
f 6124 6355 6120
f 6124 6358 6355
f 6357 6125 6123
f 6359 6125 6357
f 6360 6358 6124
f 6360 6124 6126
f 6126 6127 6360
f 6360 6127 6361
f 6359 6128 6125
f 6362 6128 6359
f 6129 6361 6127
f 6129 6363 6361
f 6362 6130 6128
f 6364 6130 6362
f 6365 6363 6129
f 6365 6129 6131
f 6131 6132 6365
f 6365 6132 6366
f 6364 6133 6130
f 6367 6133 6364
f 6368 6366 6132
f 6368 6132 6134
f 6134 6135 6368
f 6368 6135 6369
f 6367 6136 6133
f 6370 6136 6367
f 6137 6369 6135
f 6137 6371 6369
f 6370 6138 6136
f 6372 6138 6370
f 6139 6371 6137
f 6139 6373 6371
f 6372 6140 6138
f 6374 6140 6372
f 6375 6373 6139
f 6375 6139 6141
f 6141 6142 6375
f 6375 6142 6376
f 6374 6144 6140
f 6377 6144 6374
f 6145 6376 6142
f 6145 6378 6376
f 6377 6147 6144
f 6379 6147 6377
f 6148 6378 6145
f 6148 6380 6378
f 6381 6149 6150
f 6382 6381 6150
f 6147 6382 6150
f 6379 6382 6147
f 6383 6380 6148
f 6383 6148 6151
f 6151 6149 6381
f 6384 6151 6381
f 6383 6151 6384
f 6384 6381 6382
f 6387 6386 6385
f 6388 6385 6386
f 6391 6390 6389
f 6393 6392 6389
f 6393 6389 6390
f 6395 6394 6392
f 6395 6392 6393
f 6397 6396 6394
f 6397 6394 6395
f 6399 6398 6396
f 6399 6396 6397
f 6401 6400 6398
f 6401 6398 6399
f 6403 6402 6400
f 6403 6400 6401
f 6402 6403 6387
f 6402 6387 6385
f 6154 6402 6385
f 6153 6154 6385
f 6155 6153 6385
f 6388 6155 6385
f 6404 6155 6388
f 6391 6389 6157
f 6158 6391 6157
f 6405 6391 6158
f 6157 6389 6159
f 6389 6406 6159
f 6389 6392 6406
f 6407 6392 6394
f 6406 6392 6407
f 6162 6407 6161
f 6407 6396 6161
f 6407 6394 6396
f 6161 6396 6164
f 6164 6396 6398
f 6164 6398 6166
f 6166 6398 6400
f 6166 6400 6168
f 6168 6400 6402
f 6168 6402 6154
f 6404 6170 6155
f 6408 6170 6404
f 6411 6410 6409
f 6410 6405 6409
f 6405 6171 6409
f 6405 6158 6171
f 6406 6173 6159
f 6173 6406 6175
f 6175 6406 6407
f 6175 6407 6162
f 6408 6412 6170
f 6170 6412 6179
f 6180 6179 6412
f 6180 6412 6413
f 6411 6409 6182
f 6183 6411 6182
f 6414 6411 6183
f 6182 6409 6171
f 6413 6184 6180
f 6415 6184 6413
f 6185 6414 6183
f 6185 6416 6414
f 6418 6186 6417
f 6186 6415 6417
f 6186 6184 6415
f 6419 6418 6417
f 6187 6416 6185
f 6187 6420 6416
f 6418 6188 6186
f 6189 6188 6418
f 6419 6189 6418
f 6421 6189 6419
f 6190 6420 6187
f 6190 6422 6420
f 6421 6423 6189
f 6189 6423 6191
f 6192 6191 6423
f 6192 6423 6424
f 6193 6422 6190
f 6193 6425 6422
f 6424 6194 6192
f 6426 6194 6424
f 6428 6427 6195
f 6428 6195 6196
f 6193 6195 6425
f 6425 6195 6427
f 6426 6429 6194
f 6194 6429 6197
f 6198 6197 6429
f 6198 6429 6430
f 6199 6428 6196
f 6199 6431 6428
f 6430 6200 6198
f 6432 6200 6430
f 6201 6431 6199
f 6201 6433 6431
f 6432 6202 6200
f 6434 6202 6432
f 6203 6433 6201
f 6203 6435 6433
f 6434 6204 6202
f 6436 6204 6434
f 6206 6435 6203
f 6206 6437 6435
f 6436 6207 6204
f 6438 6207 6436
f 6209 6437 6206
f 6209 6439 6437
f 6438 6210 6207
f 6440 6210 6438
f 6212 6441 6211
f 6441 6442 6211
f 6442 6209 6211
f 6442 6439 6209
f 6440 6213 6210
f 6443 6213 6440
f 6214 6444 6441
f 6214 6441 6212
f 6442 6441 6445
f 6445 6441 6444
f 6443 6215 6213
f 6446 6215 6443
f 6216 6447 6444
f 6216 6444 6214
f 6445 6444 6448
f 6448 6444 6447
f 6446 6217 6215
f 6449 6217 6446
f 6451 6450 6447
f 6216 6451 6447
f 6218 6451 6216
f 6447 6450 6448
f 6449 6220 6217
f 6452 6220 6449
f 6221 6451 6218
f 6221 6453 6451
f 6452 6222 6220
f 6454 6222 6452
f 6223 6453 6221
f 6223 6455 6453
f 6454 6224 6222
f 6456 6224 6454
f 6225 6455 6223
f 6225 6457 6455
f 6456 6226 6224
f 6458 6226 6456
f 6227 6457 6225
f 6227 6459 6457
f 6462 6461 6460
f 6458 6462 6460
f 6228 6458 6460
f 6226 6458 6228
f 6229 6459 6227
f 6229 6463 6459
f 6460 6461 6231
f 6461 6230 6231
f 6461 6464 6230
f 6460 6231 6228
f 6232 6463 6229
f 6232 6465 6463
f 6464 6233 6230
f 6466 6233 6464
f 6234 6465 6232
f 6234 6467 6465
f 6466 6235 6233
f 6468 6235 6466
f 6236 6467 6234
f 6236 6469 6467
f 6468 6237 6235
f 6470 6237 6468
f 6238 6469 6236
f 6238 6471 6469
f 6473 6472 6241
f 6241 6472 6240
f 6241 6237 6470
f 6241 6470 6473
f 6242 6471 6238
f 6242 6474 6471
f 6472 6243 6240
f 6475 6243 6472
f 6244 6474 6242
f 6244 6476 6474
f 6475 6245 6243
f 6477 6245 6475
f 6246 6479 6478
f 6476 6246 6478
f 6244 6246 6476
f 6479 6480 6478
f 6477 6247 6245
f 6481 6247 6477
f 6248 6482 6479
f 6248 6479 6246
f 6480 6479 6483
f 6483 6479 6482
f 6481 6249 6247
f 6484 6249 6481
f 6250 6485 6482
f 6250 6482 6248
f 6483 6482 6486
f 6486 6482 6485
f 6484 6251 6249
f 6487 6251 6484
f 6252 6488 6485
f 6252 6485 6250
f 6486 6485 6489
f 6489 6485 6488
f 6487 6253 6251
f 6490 6253 6487
f 6254 6491 6488
f 6254 6488 6252
f 6489 6488 6492
f 6492 6488 6491
f 6490 6255 6253
f 6493 6255 6490
f 6256 6494 6491
f 6256 6491 6254
f 6492 6491 6495
f 6495 6491 6494
f 6498 6497 6496
f 6493 6498 6496
f 6257 6493 6496
f 6255 6493 6257
f 6258 6499 6494
f 6258 6494 6256
f 6495 6494 6500
f 6500 6494 6499
f 6496 6497 6501
f 6501 6497 6502
f 6501 6259 6257
f 6501 6257 6496
f 6260 6503 6499
f 6260 6499 6258
f 6500 6499 6504
f 6504 6499 6503
f 6501 6502 6505
f 6505 6502 6506
f 6505 6261 6259
f 6505 6259 6501
f 6262 6507 6503
f 6262 6503 6260
f 6504 6503 6508
f 6508 6503 6507
f 6505 6506 6265
f 6506 6264 6265
f 6506 6509 6264
f 6505 6265 6261
f 6266 6507 6262
f 6266 6268 6507
f 6268 6508 6507
f 6268 6510 6508
f 6509 6270 6264
f 6511 6270 6509
f 6272 6510 6268
f 6272 6512 6510
f 6515 6514 6513
f 6511 6515 6513
f 6273 6511 6513
f 6270 6511 6273
f 6275 6512 6272
f 6275 6516 6512
f 6519 6518 6517
f 6519 6517 6514
f 6514 6517 6513
f 6517 6277 6513
f 6277 6278 6513
f 6513 6278 6273
f 6280 6516 6275
f 6280 6520 6516
f 6517 6518 6521
f 6521 6518 6522
f 6521 6282 6277
f 6521 6277 6517
f 6283 6520 6280
f 6283 6523 6520
f 6521 6522 6524
f 6524 6522 6525
f 6524 6284 6282
f 6524 6282 6521
f 6285 6523 6283
f 6285 6526 6523
f 6524 6525 6288
f 6525 6287 6288
f 6525 6527 6287
f 6524 6288 6284
f 6289 6529 6528
f 6526 6289 6528
f 6285 6289 6526
f 6529 6530 6528
f 6533 6532 6531
f 6527 6533 6531
f 6290 6527 6531
f 6287 6527 6290
f 6291 6534 6529
f 6291 6529 6289
f 6530 6529 6535
f 6535 6529 6534
f 6538 6537 6536
f 6538 6536 6532
f 6532 6536 6531
f 6536 6293 6531
f 6293 6294 6531
f 6531 6294 6290
f 6295 6534 6291
f 6540 6539 6297
f 6297 6539 6295
f 6539 6535 6295
f 6535 6534 6295
f 6542 6541 6540
f 6540 6541 6539
f 6544 6543 6542
f 6542 6543 6541
f 6546 6545 6544
f 6544 6545 6543
f 6548 6547 6546
f 6546 6547 6545
f 6299 6300 6548
f 6300 6547 6548
f 6300 6549 6547
f 6301 6536 6537
f 6549 6301 6537
f 6300 6301 6549
f 6536 6301 6293
f 6304 6540 6297
f 6540 6304 6306
f 6540 6306 6542
f 6542 6306 6308
f 6542 6308 6544
f 6544 6308 6310
f 6544 6310 6546
f 6546 6310 6312
f 6546 6312 6548
f 6548 6312 6299
f 6318 6550 6317
f 6551 6319 6317
f 6551 6317 6550
f 6552 6320 6319
f 6552 6319 6551
f 6552 6322 6320
f 6324 6553 6550
f 6324 6550 6318
f 6555 6551 6554
f 6551 6553 6554
f 6551 6550 6553
f 6551 6555 6552
f 6552 6555 6556
f 6556 6558 6557
f 6556 6557 6325
f 6552 6556 6325
f 6322 6552 6325
f 6557 6326 6325
f 6327 6559 6553
f 6327 6553 6324
f 6554 6553 6560
f 6560 6553 6559
f 6558 6561 6557
f 6557 6561 6326
f 6561 6328 6326
f 6561 6562 6328
f 6329 6328 6562
f 6329 6562 6563
f 6330 6564 6559
f 6330 6559 6327
f 6560 6559 6565
f 6565 6559 6564
f 6331 6329 6566
f 6329 6567 6566
f 6329 6563 6567
f 6566 6333 6331
f 6334 6564 6330
f 6334 6336 6564
f 6336 6565 6564
f 6336 6568 6565
f 6567 6569 6566
f 6333 6566 6569
f 6570 6333 6569
f 6337 6333 6570
f 6338 6568 6336
f 6338 6571 6568
f 6570 6339 6337
f 6572 6339 6570
f 6340 6571 6338
f 6340 6573 6571
f 6572 6341 6339
f 6574 6341 6572
f 6342 6573 6340
f 6342 6575 6573
f 6343 6341 6576
f 6341 6577 6576
f 6341 6574 6577
f 6576 6344 6343
f 6345 6579 6578
f 6575 6345 6578
f 6342 6345 6575
f 6579 6580 6578
f 6576 6577 6581
f 6581 6577 6582
f 6581 6346 6344
f 6581 6344 6576
f 6347 6583 6579
f 6347 6579 6345
f 6580 6579 6584
f 6584 6579 6583
f 6582 6585 6581
f 6346 6581 6585
f 6586 6346 6585
f 6348 6346 6586
f 6349 6583 6347
f 6349 6351 6583
f 6351 6584 6583
f 6351 6587 6584
f 6586 6352 6348
f 6588 6352 6586
f 6353 6587 6351
f 6353 6589 6587
f 6588 6354 6352
f 6590 6354 6588
f 6355 6589 6353
f 6355 6591 6589
f 6356 6354 6592
f 6354 6593 6592
f 6354 6590 6593
f 6592 6357 6356
f 6358 6595 6594
f 6591 6358 6594
f 6355 6358 6591
f 6595 6596 6594
f 6593 6597 6592
f 6357 6592 6597
f 6598 6357 6597
f 6359 6357 6598
f 6360 6595 6358
f 6360 6361 6595
f 6361 6596 6595
f 6361 6599 6596
f 6598 6362 6359
f 6600 6362 6598
f 6363 6599 6361
f 6363 6601 6599
f 6600 6364 6362
f 6602 6364 6600
f 6603 6601 6363
f 6603 6363 6365
f 6365 6366 6603
f 6603 6366 6604
f 6602 6367 6364
f 6605 6367 6602
f 6606 6604 6366
f 6606 6366 6368
f 6368 6369 6606
f 6606 6369 6607
f 6605 6370 6367
f 6608 6370 6605
f 6371 6607 6369
f 6371 6609 6607
f 6608 6372 6370
f 6610 6372 6608
f 6373 6609 6371
f 6373 6611 6609
f 6610 6374 6372
f 6612 6374 6610
f 6613 6611 6373
f 6613 6373 6375
f 6375 6376 6613
f 6613 6376 6614
f 6612 6377 6374
f 6615 6377 6612
f 6378 6614 6376
f 6378 6616 6614
f 6615 6379 6377
f 6617 6379 6615
f 6380 6616 6378
f 6380 6618 6616
f 6617 6382 6379
f 6619 6382 6617
f 6620 6618 6380
f 6620 6380 6383
f 6621 6383 6384
f 6621 6620 6383
f 6384 6382 6619
f 6384 6619 6621
f 6624 6623 6622
f 6625 6622 6623
f 6628 6627 6626
f 6630 6629 6626
f 6630 6626 6627
f 6632 6631 6629
f 6632 6629 6630
f 6634 6633 6631
f 6634 6631 6632
f 6636 6635 6633
f 6636 6633 6634
f 6638 6637 6635
f 6638 6635 6636
f 6637 6638 6624
f 6622 6637 6624
f 6639 6637 6622
f 6640 6386 6387
f 6622 6640 6387
f 6639 6622 6387
f 6640 6622 6625
f 6388 6386 6640
f 6388 6640 6641
f 6644 6643 6642
f 6642 6643 6628
f 6642 6628 6626
f 6391 6642 6626
f 6390 6391 6626
f 6390 6626 6393
f 6393 6626 6629
f 6393 6629 6395
f 6395 6629 6631
f 6395 6631 6397
f 6397 6631 6633
f 6397 6633 6399
f 6399 6633 6635
f 6399 6635 6401
f 6401 6635 6637
f 6401 6637 6403
f 6403 6637 6639
f 6403 6639 6387
f 6641 6404 6388
f 6645 6404 6641
f 6644 6642 6646
f 6644 6646 6647
f 6405 6646 6391
f 6391 6646 6642
f 6645 6408 6404
f 6648 6408 6645
f 6647 6646 6410
f 6411 6647 6410
f 6649 6647 6411
f 6410 6646 6405
f 6648 6650 6408
f 6408 6650 6412
f 6413 6412 6650
f 6413 6650 6651
f 6414 6649 6411
f 6414 6652 6649
f 6651 6415 6413
f 6653 6415 6651
f 6416 6652 6414
f 6416 6654 6652
f 6653 6655 6415
f 6415 6655 6417
f 6419 6417 6655
f 6419 6655 6656
f 6420 6654 6416
f 6420 6657 6654
f 6659 6421 6658
f 6421 6656 6658
f 6421 6419 6656
f 6660 6659 6658
f 6422 6657 6420
f 6422 6661 6657
f 6659 6423 6421
f 6424 6423 6659
f 6660 6424 6659
f 6662 6424 6660
f 6425 6661 6422
f 6425 6663 6661
f 6662 6426 6424
f 6664 6426 6662
f 6666 6665 6427
f 6666 6427 6428
f 6425 6427 6663
f 6663 6427 6665
f 6664 6667 6426
f 6426 6667 6429
f 6430 6429 6667
f 6430 6667 6668
f 6431 6666 6428
f 6431 6669 6666
f 6668 6432 6430
f 6670 6432 6668
f 6433 6669 6431
f 6433 6671 6669
f 6670 6434 6432
f 6672 6434 6670
f 6435 6671 6433
f 6435 6673 6671
f 6672 6436 6434
f 6674 6436 6672
f 6437 6673 6435
f 6437 6675 6673
f 6674 6438 6436
f 6676 6438 6674
f 6439 6675 6437
f 6439 6677 6675
f 6676 6440 6438
f 6678 6440 6676
f 6442 6677 6439
f 6442 6679 6677
f 6678 6443 6440
f 6680 6443 6678
f 6445 6679 6442
f 6445 6681 6679
f 6680 6446 6443
f 6682 6446 6680
f 6448 6681 6445
f 6448 6683 6681
f 6682 6449 6446
f 6684 6449 6682
f 6451 6685 6450
f 6685 6686 6450
f 6686 6448 6450
f 6686 6683 6448
f 6684 6452 6449
f 6687 6452 6684
f 6453 6688 6685
f 6453 6685 6451
f 6686 6685 6689
f 6689 6685 6688
f 6692 6691 6690
f 6687 6692 6690
f 6454 6687 6690
f 6452 6687 6454
f 6455 6693 6688
f 6455 6688 6453
f 6689 6688 6694
f 6694 6688 6693
f 6690 6691 6695
f 6695 6691 6696
f 6695 6456 6454
f 6695 6454 6690
f 6457 6697 6693
f 6457 6693 6455
f 6694 6693 6698
f 6698 6693 6697
f 6695 6696 6699
f 6699 6696 6700
f 6699 6458 6456
f 6699 6456 6695
f 6459 6701 6697
f 6459 6697 6457
f 6698 6697 6702
f 6702 6697 6701
f 6699 6700 6462
f 6700 6461 6462
f 6700 6703 6461
f 6699 6462 6458
f 6463 6704 6701
f 6463 6701 6459
f 6702 6701 6705
f 6705 6701 6704
f 6703 6464 6461
f 6706 6464 6703
f 6465 6707 6704
f 6465 6704 6463
f 6705 6704 6708
f 6708 6704 6707
f 6706 6466 6464
f 6709 6466 6706
f 6467 6710 6707
f 6467 6707 6465
f 6708 6707 6711
f 6711 6707 6710
f 6709 6468 6466
f 6712 6468 6709
f 6469 6713 6710
f 6469 6710 6467
f 6711 6710 6714
f 6714 6710 6713
f 6717 6716 6715
f 6712 6717 6715
f 6470 6712 6715
f 6468 6712 6470
f 6471 6718 6713
f 6471 6713 6469
f 6714 6713 6719
f 6719 6713 6718
f 6715 6716 6473
f 6716 6472 6473
f 6716 6720 6472
f 6715 6473 6470
f 6474 6721 6718
f 6474 6718 6471
f 6719 6718 6722
f 6722 6718 6721
f 6720 6475 6472
f 6723 6475 6720
f 6476 6724 6721
f 6476 6721 6474
f 6722 6721 6725
f 6725 6721 6724
f 6723 6477 6475
f 6726 6477 6723
f 6478 6724 6476
f 6478 6480 6724
f 6480 6725 6724
f 6480 6727 6725
f 6726 6481 6477
f 6728 6481 6726
f 6483 6727 6480
f 6483 6729 6727
f 6728 6484 6481
f 6730 6484 6728
f 6486 6729 6483
f 6486 6731 6729
f 6730 6487 6484
f 6732 6487 6730
f 6489 6731 6486
f 6489 6733 6731
f 6736 6735 6734
f 6732 6736 6734
f 6490 6732 6734
f 6487 6732 6490
f 6492 6733 6489
f 6492 6737 6733
f 6734 6735 6738
f 6738 6735 6739
f 6738 6493 6490
f 6738 6490 6734
f 6495 6737 6492
f 6495 6740 6737
f 6738 6739 6498
f 6739 6497 6498
f 6739 6741 6497
f 6738 6498 6493
f 6500 6740 6495
f 6500 6742 6740
f 6741 6502 6497
f 6743 6502 6741
f 6504 6742 6500
f 6504 6744 6742
f 6747 6746 6745
f 6743 6747 6745
f 6506 6743 6745
f 6502 6743 6506
f 6508 6744 6504
f 6508 6748 6744
f 6745 6746 6749
f 6749 6746 6750
f 6749 6509 6506
f 6749 6506 6745
f 6510 6748 6508
f 6510 6751 6748
f 6749 6750 6752
f 6752 6750 6753
f 6752 6511 6509
f 6752 6509 6749
f 6512 6751 6510
f 6512 6754 6751
f 6757 6756 6755
f 6757 6755 6753
f 6753 6755 6752
f 6755 6514 6752
f 6514 6515 6752
f 6752 6515 6511
f 6516 6754 6512
f 6516 6758 6754
f 6755 6756 6519
f 6756 6518 6519
f 6756 6759 6518
f 6755 6519 6514
f 6520 6758 6516
f 6520 6760 6758
f 6759 6522 6518
f 6761 6522 6759
f 6523 6763 6762
f 6760 6523 6762
f 6520 6523 6760
f 6763 6764 6762
f 6767 6766 6765
f 6761 6767 6765
f 6525 6761 6765
f 6522 6761 6525
f 6526 6768 6763
f 6526 6763 6523
f 6764 6763 6769
f 6769 6763 6768
f 6765 6766 6770
f 6770 6766 6771
f 6770 6527 6525
f 6770 6525 6765
f 6528 6768 6526
f 6528 6530 6768
f 6530 6769 6768
f 6530 6772 6769
f 6775 6774 6773
f 6775 6773 6771
f 6771 6773 6770
f 6773 6532 6770
f 6532 6533 6770
f 6770 6533 6527
f 6535 6777 6776
f 6772 6535 6776
f 6530 6535 6772
f 6779 6778 6777
f 6777 6778 6776
f 6781 6780 6779
f 6779 6780 6778
f 6783 6782 6781
f 6781 6782 6780
f 6785 6784 6783
f 6783 6784 6782
f 6787 6786 6785
f 6785 6786 6784
f 6786 6787 6774
f 6774 6787 6773
f 6787 6537 6773
f 6537 6538 6773
f 6773 6538 6532
f 6539 6777 6535
f 6777 6539 6541
f 6777 6541 6779
f 6779 6541 6543
f 6779 6543 6781
f 6781 6543 6545
f 6781 6545 6783
f 6783 6545 6547
f 6783 6547 6785
f 6785 6547 6549
f 6785 6549 6787
f 6787 6549 6537
f 6554 6788 6555
f 6789 6556 6555
f 6789 6555 6788
f 6789 6558 6556
f 6560 6790 6788
f 6560 6788 6554
f 6792 6789 6791
f 6789 6790 6791
f 6789 6788 6790
f 6789 6792 6558
f 6792 6561 6558
f 6792 6793 6561
f 6793 6795 6794
f 6562 6793 6794
f 6561 6793 6562
f 6794 6563 6562
f 6565 6796 6790
f 6565 6790 6560
f 6791 6790 6797
f 6797 6790 6796
f 6795 6798 6794
f 6563 6794 6798
f 6799 6563 6798
f 6567 6563 6799
f 6568 6800 6796
f 6568 6796 6565
f 6797 6796 6801
f 6801 6796 6800
f 6569 6567 6802
f 6567 6803 6802
f 6567 6799 6803
f 6802 6570 6569
f 6571 6804 6800
f 6571 6800 6568
f 6801 6800 6805
f 6805 6800 6804
f 6803 6806 6802
f 6570 6802 6806
f 6807 6570 6806
f 6572 6570 6807
f 6573 6808 6804
f 6573 6804 6571
f 6805 6804 6809
f 6809 6804 6808
f 6807 6574 6572
f 6810 6574 6807
f 6575 6811 6808
f 6575 6808 6573
f 6809 6808 6812
f 6812 6808 6811
f 6810 6577 6574
f 6813 6577 6810
f 6578 6811 6575
f 6578 6580 6811
f 6580 6812 6811
f 6580 6814 6812
f 6813 6582 6577
f 6815 6582 6813
f 6584 6814 6580
f 6584 6816 6814
f 6585 6582 6817
f 6582 6818 6817
f 6582 6815 6818
f 6817 6586 6585
f 6587 6820 6819
f 6816 6587 6819
f 6584 6587 6816
f 6820 6821 6819
f 6817 6818 6822
f 6822 6818 6823
f 6822 6588 6586
f 6822 6586 6817
f 6589 6824 6820
f 6589 6820 6587
f 6821 6820 6825
f 6825 6820 6824
f 6823 6826 6822
f 6588 6822 6826
f 6827 6588 6826
f 6590 6588 6827
f 6591 6828 6824
f 6591 6824 6589
f 6825 6824 6829
f 6829 6824 6828
f 6827 6593 6590
f 6830 6593 6827
f 6594 6828 6591
f 6594 6596 6828
f 6596 6829 6828
f 6596 6831 6829
f 6597 6593 6832
f 6593 6833 6832
f 6593 6830 6833
f 6832 6598 6597
f 6599 6835 6834
f 6831 6599 6834
f 6596 6599 6831
f 6835 6836 6834
f 6833 6837 6832
f 6598 6832 6837
f 6838 6598 6837
f 6600 6598 6838
f 6601 6839 6835
f 6601 6835 6599
f 6836 6835 6840
f 6840 6835 6839
f 6838 6602 6600
f 6841 6602 6838
f 6603 6839 6601
f 6603 6604 6839
f 6604 6840 6839
f 6604 6842 6840
f 6841 6605 6602
f 6843 6605 6841
f 6844 6842 6604
f 6844 6604 6606
f 6606 6607 6844
f 6844 6607 6845
f 6843 6608 6605
f 6846 6608 6843
f 6609 6845 6607
f 6609 6847 6845
f 6846 6610 6608
f 6848 6610 6846
f 6611 6850 6849
f 6847 6611 6849
f 6609 6611 6847
f 6850 6851 6849
f 6848 6612 6610
f 6852 6612 6848
f 6613 6850 6611
f 6613 6614 6850
f 6614 6851 6850
f 6614 6853 6851
f 6852 6615 6612
f 6854 6615 6852
f 6616 6853 6614
f 6616 6855 6853
f 6854 6617 6615
f 6856 6617 6854
f 6618 6858 6857
f 6855 6618 6857
f 6616 6618 6855
f 6860 6859 6858
f 6858 6859 6857
f 6856 6859 6860
f 6619 6856 6860
f 6617 6856 6619
f 6620 6858 6618
f 6858 6620 6621
f 6858 6621 6860
f 6860 6621 6619
f 6863 6862 6861
f 6864 6861 6862
f 6867 6866 6865
f 6869 6868 6865
f 6869 6865 6866
f 6870 6868 6869
f 6873 6872 6871
f 6871 6872 6863
f 6861 6871 6863
f 6874 6871 6861
f 6861 6864 6875
f 6876 6861 6875
f 6874 6861 6876
f 6878 6877 6876
f 6878 6876 6875
f 6880 6879 6877
f 6880 6877 6878
f 6879 6880 6867
f 6865 6879 6867
f 6881 6879 6865
f 6624 6881 6623
f 6881 6868 6623
f 6881 6865 6868
f 6883 6882 6625
f 6883 6625 6623
f 6870 6883 6623
f 6868 6870 6623
f 6884 6882 6883
f 6873 6871 6627
f 6628 6873 6627
f 6885 6873 6628
f 6627 6871 6630
f 6630 6871 6874
f 6630 6874 6632
f 6632 6874 6876
f 6632 6876 6634
f 6634 6876 6877
f 6634 6877 6636
f 6636 6877 6879
f 6636 6879 6638
f 6638 6879 6881
f 6638 6881 6624
f 6882 6640 6625
f 6641 6640 6882
f 6884 6641 6882
f 6886 6641 6884
f 6888 6887 6643
f 6888 6643 6644
f 6628 6643 6885
f 6885 6643 6887
f 6886 6645 6641
f 6889 6645 6886
f 6647 6888 6644
f 6647 6890 6888
f 6889 6648 6645
f 6891 6648 6889
f 6649 6890 6647
f 6649 6892 6890
f 6891 6893 6648
f 6648 6893 6650
f 6651 6650 6893
f 6651 6893 6894
f 6652 6892 6649
f 6652 6895 6892
f 6897 6653 6896
f 6653 6894 6896
f 6653 6651 6894
f 6898 6897 6896
f 6654 6895 6652
f 6654 6899 6895
f 6897 6655 6653
f 6901 6900 6656
f 6901 6656 6655
f 6898 6901 6655
f 6897 6898 6655
f 6902 6900 6901
f 6657 6899 6654
f 6657 6903 6899
f 6900 6658 6656
f 6660 6658 6900
f 6902 6660 6900
f 6904 6660 6902
f 6661 6903 6657
f 6661 6905 6903
f 6904 6662 6660
f 6906 6662 6904
f 6663 6905 6661
f 6663 6907 6905
f 6906 6664 6662
f 6908 6664 6906
f 6910 6909 6665
f 6910 6665 6666
f 6663 6665 6907
f 6907 6665 6909
f 6908 6911 6664
f 6664 6911 6667
f 6668 6667 6911
f 6668 6911 6912
f 6669 6910 6666
f 6669 6913 6910
f 6912 6670 6668
f 6914 6670 6912
f 6671 6913 6669
f 6671 6915 6913
f 6914 6672 6670
f 6916 6672 6914
f 6673 6915 6671
f 6673 6917 6915
f 6916 6674 6672
f 6918 6674 6916
f 6675 6917 6673
f 6675 6919 6917
f 6918 6676 6674
f 6920 6676 6918
f 6677 6919 6675
f 6677 6921 6919
f 6920 6678 6676
f 6922 6678 6920
f 6679 6921 6677
f 6679 6923 6921
f 6922 6680 6678
f 6924 6680 6922
f 6681 6923 6679
f 6681 6925 6923
f 6928 6927 6926
f 6924 6928 6926
f 6682 6924 6926
f 6680 6924 6682
f 6683 6925 6681
f 6683 6929 6925
f 6926 6927 6930
f 6930 6927 6931
f 6930 6684 6682
f 6930 6682 6926
f 6686 6929 6683
f 6686 6932 6929
f 6930 6931 6933
f 6933 6931 6934
f 6933 6687 6684
f 6933 6684 6930
f 6689 6932 6686
f 6689 6935 6932
f 6933 6934 6692
f 6934 6691 6692
f 6934 6936 6691
f 6933 6692 6687
f 6694 6935 6689
f 6694 6937 6935
f 6936 6696 6691
f 6938 6696 6936
f 6698 6937 6694
f 6698 6939 6937
f 6938 6700 6696
f 6940 6700 6938
f 6702 6939 6698
f 6702 6941 6939
f 6940 6703 6700
f 6942 6703 6940
f 6705 6941 6702
f 6705 6943 6941
f 6942 6706 6703
f 6944 6706 6942
f 6708 6943 6705
f 6708 6945 6943
f 6944 6709 6706
f 6946 6709 6944
f 6711 6945 6708
f 6711 6947 6945
f 6950 6949 6948
f 6946 6950 6948
f 6712 6946 6948
f 6709 6946 6712
f 6714 6947 6711
f 6714 6951 6947
f 6948 6949 6717
f 6949 6716 6717
f 6949 6952 6716
f 6948 6717 6712
f 6719 6951 6714
f 6719 6953 6951
f 6952 6720 6716
f 6954 6720 6952
f 6722 6953 6719
f 6722 6955 6953
f 6954 6723 6720
f 6956 6723 6954
f 6725 6955 6722
f 6725 6957 6955
f 6956 6726 6723
f 6958 6726 6956
f 6727 6957 6725
f 6727 6959 6957
f 6962 6961 6960
f 6958 6962 6960
f 6728 6958 6960
f 6726 6958 6728
f 6729 6959 6727
f 6729 6963 6959
f 6960 6961 6964
f 6964 6961 6965
f 6964 6730 6728
f 6964 6728 6960
f 6731 6963 6729
f 6731 6966 6963
f 6964 6965 6967
f 6967 6965 6968
f 6967 6732 6730
f 6967 6730 6964
f 6733 6966 6731
f 6733 6969 6966
f 6967 6968 6736
f 6968 6735 6736
f 6968 6970 6735
f 6967 6736 6732
f 6737 6969 6733
f 6737 6971 6969
f 6974 6973 6972
f 6970 6974 6972
f 6739 6970 6972
f 6735 6970 6739
f 6740 6971 6737
f 6740 6975 6971
f 6972 6973 6976
f 6976 6973 6977
f 6976 6741 6739
f 6976 6739 6972
f 6742 6975 6740
f 6742 6978 6975
f 6976 6977 6979
f 6979 6977 6980
f 6979 6743 6741
f 6979 6741 6976
f 6744 6978 6742
f 6744 6981 6978
f 6979 6980 6747
f 6980 6746 6747
f 6980 6982 6746
f 6979 6747 6743
f 6748 6981 6744
f 6748 6983 6981
f 6986 6985 6984
f 6982 6986 6984
f 6750 6982 6984
f 6746 6982 6750
f 6751 6988 6987
f 6983 6751 6987
f 6748 6751 6983
f 6988 6989 6987
f 6984 6985 6990
f 6990 6985 6991
f 6990 6753 6750
f 6990 6750 6984
f 6993 6992 6988
f 6751 6993 6988
f 6754 6993 6751
f 6988 6992 6989
f 6990 6991 6757
f 6991 6756 6757
f 6991 6994 6756
f 6990 6757 6753
f 6758 6996 6995
f 6993 6758 6995
f 6754 6758 6993
f 6996 6997 6995
f 7000 6999 6998
f 6994 7000 6998
f 6759 6994 6998
f 6756 6994 6759
f 6760 7001 6996
f 6760 6996 6758
f 6997 6996 7002
f 7002 6996 7001
f 6998 6999 7003
f 7003 6999 7004
f 7003 6761 6759
f 7003 6759 6998
f 6762 7001 6760
f 6762 6764 7001
f 6764 7002 7001
f 6764 7005 7002
f 7003 7004 6767
f 7004 6766 6767
f 7004 7006 6766
f 7003 6767 6761
f 6769 7005 6764
f 6769 7007 7005
f 7006 6771 6766
f 7008 6771 7006
f 6772 7010 7009
f 7007 6772 7009
f 6769 6772 7007
f 7012 7011 7010
f 7010 7011 7009
f 7014 7013 7012
f 7012 7013 7011
f 7016 7015 7014
f 7014 7015 7013
f 7018 7017 7016
f 7016 7017 7015
f 7020 7019 7018
f 7018 7019 7017
f 6774 6775 7020
f 6775 7019 7020
f 6775 7021 7019
f 6775 6771 7008
f 6775 7008 7021
f 6776 7010 6772
f 7010 6776 6778
f 7010 6778 7012
f 7012 6778 6780
f 7012 6780 7014
f 7014 6780 6782
f 7014 6782 7016
f 7016 6782 6784
f 7016 6784 7018
f 7018 6784 6786
f 7018 6786 7020
f 7020 6786 6774
f 6791 7022 6792
f 7023 6793 6792
f 7023 6792 7022
f 7023 6795 6793
f 6797 7024 7022
f 6797 7022 6791
f 7022 7025 7023
f 7022 7024 7025
f 7026 6798 6795
f 7023 7026 6795
f 7025 7026 7023
f 7026 6799 6798
f 6801 7027 7024
f 6801 7024 6797
f 7024 7028 7025
f 7024 7027 7028
f 7025 7029 7026
f 7025 7028 7029
f 7029 6803 6799
f 7029 6799 7026
f 6805 7030 7027
f 6805 7027 6801
f 7027 7031 7028
f 7027 7030 7031
f 7028 7032 7029
f 7028 7031 7032
f 7033 6806 6803
f 7029 7033 6803
f 7032 7033 7029
f 7033 6807 6806
f 6809 7034 7030
f 6809 7030 6805
f 7030 7035 7031
f 7030 7034 7035
f 7031 7036 7032
f 7031 7035 7036
f 7032 7037 7033
f 7032 7036 7037
f 7037 6810 6807
f 7037 6807 7033
f 6812 7038 7034
f 6812 7034 6809
f 7034 7039 7035
f 7034 7038 7039
f 7035 7040 7036
f 7035 7039 7040
f 7036 7041 7037
f 7036 7040 7041
f 7041 6813 6810
f 7041 6810 7037
f 6814 7042 7038
f 6814 7038 6812
f 7038 7043 7039
f 7038 7042 7043
f 7039 7044 7040
f 7039 7043 7044
f 7040 7045 7041
f 7040 7044 7045
f 7045 6815 6813
f 7045 6813 7041
f 6816 7046 7042
f 6816 7042 6814
f 7042 7047 7043
f 7042 7046 7047
f 7043 7048 7044
f 7043 7047 7048
f 7044 7049 7045
f 7044 7048 7049
f 7049 6818 6815
f 7049 6815 7045
f 6819 7046 6816
f 7046 6819 6821
f 7050 7046 6821
f 7047 7046 7050
f 7047 7051 7048
f 7047 7050 7051
f 7048 7052 7049
f 7048 7051 7052
f 7052 6823 6818
f 7052 6818 7049
f 6825 7053 7050
f 6825 7050 6821
f 7050 7054 7051
f 7050 7053 7054
f 7051 7055 7052
f 7051 7054 7055
f 7056 6826 6823
f 7052 7056 6823
f 7055 7056 7052
f 7056 6827 6826
f 6829 7057 7053
f 6829 7053 6825
f 7053 7058 7054
f 7053 7057 7058
f 7054 7059 7055
f 7054 7058 7059
f 7055 7060 7056
f 7055 7059 7060
f 7060 6830 6827
f 7060 6827 7056
f 6831 7061 7057
f 6831 7057 6829
f 7057 7062 7058
f 7057 7061 7062
f 7058 7063 7059
f 7058 7062 7063
f 7059 7064 7060
f 7059 7063 7064
f 7064 6833 6830
f 7064 6830 7060
f 6834 7061 6831
f 7061 6834 6836
f 7065 7061 6836
f 7062 7061 7065
f 7067 7063 7066
f 7063 7065 7066
f 7063 7062 7065
f 7063 7067 7064
f 7064 7067 7068
f 7068 7070 7069
f 7068 7069 6837
f 7064 7068 6837
f 6833 7064 6837
f 7069 6838 6837
f 6840 7071 7065
f 6840 7065 6836
f 7066 7065 7072
f 7072 7065 7071
f 7069 7070 7073
f 7073 7070 7074
f 7073 6841 6838
f 7073 6838 7069
f 6842 7075 7071
f 6842 7071 6840
f 7072 7071 7076
f 7076 7071 7075
f 7073 7074 7077
f 7077 7074 7078
f 7077 6843 6841
f 7077 6841 7073
f 6844 7075 6842
f 6844 6845 7075
f 6845 7076 7075
f 6845 7079 7076
f 7077 7078 7080
f 7080 7078 7081
f 7080 6846 6843
f 7080 6843 7077
f 6847 7083 7082
f 7079 6847 7082
f 6845 6847 7079
f 7083 7084 7082
f 7080 7081 7085
f 7085 7081 7086
f 7085 6848 6846
f 7085 6846 7080
f 6849 7083 6847
f 6849 6851 7083
f 6851 7084 7083
f 6851 7087 7084
f 7085 7086 7088
f 7088 7086 7089
f 7088 6852 6848
f 7088 6848 7085
f 6853 7087 6851
f 6853 7090 7087
f 7088 7089 7091
f 7091 7089 7092
f 7091 6854 6852
f 7091 6852 7088
f 6855 7094 7093
f 7090 6855 7093
f 6853 6855 7090
f 7093 7094 7092
f 7094 7091 7092
f 7094 7095 7091
f 7095 6856 6854
f 7095 6854 7091
f 6857 7094 6855
f 7094 6857 6859
f 7094 6859 7095
f 7095 6859 6856
f 7098 7097 7096
f 7100 7099 7096
f 7100 7096 7097
f 7101 7099 7100
f 7104 7103 7102
f 6862 6863 7102
f 7103 6862 7102
f 7105 6862 7103
f 7107 7106 6864
f 6862 7107 6864
f 7105 7107 6862
f 7109 7108 7106
f 7109 7106 7107
f 7111 7110 7108
f 7111 7108 7109
f 7110 7111 7098
f 7110 7098 7096
f 6867 7110 7096
f 6866 6867 7096
f 6866 7096 6869
f 6869 7096 7099
f 7113 7112 6870
f 7113 6870 6869
f 7101 7113 6869
f 7099 7101 6869
f 7114 7112 7113
f 7104 7102 6872
f 6873 7104 6872
f 7115 7104 6873
f 6872 7102 6863
f 7106 6875 6864
f 6875 7106 6878
f 6878 7106 7108
f 6878 7108 6880
f 6880 7108 7110
f 6880 7110 6867
f 7112 6883 6870
f 6884 6883 7112
f 7114 6884 7112
f 7116 6884 7114
f 7119 7118 7117
f 7118 7115 7117
f 7115 6885 7117
f 7115 6873 6885
f 7116 6886 6884
f 7120 6886 7116
f 7119 7117 6887
f 6888 7119 6887
f 7121 7119 6888
f 6887 7117 6885
f 7120 6889 6886
f 7122 6889 7120
f 6890 7121 6888
f 6890 7123 7121
f 7122 6891 6889
f 7124 6891 7122
f 6892 7123 6890
f 6892 7125 7123
f 7124 7126 6891
f 6891 7126 6893
f 6894 6893 7126
f 6894 7126 7127
f 6895 7125 6892
f 6895 7128 7125
f 7127 7129 6894
f 6894 7129 6896
f 6898 6896 7129
f 6898 7129 7130
f 6899 7128 6895
f 6899 7131 7128
f 7130 7132 6898
f 6898 7132 6901
f 6902 6901 7132
f 6902 7132 7133
f 6903 7131 6899
f 6903 7134 7131
f 7133 6904 6902
f 7135 6904 7133
f 6905 7134 6903
f 6905 7136 7134
f 7135 6906 6904
f 7137 6906 7135
f 6907 7136 6905
f 6907 7138 7136
f 7140 6908 7139
f 6908 7137 7139
f 6908 6906 7137
f 7141 7140 7139
f 7143 7142 6909
f 7143 6909 6910
f 6907 6909 7138
f 7138 6909 7142
f 7140 6911 6908
f 6912 6911 7140
f 7141 6912 7140
f 7144 6912 7141
f 6913 7143 6910
f 6913 7145 7143
f 7144 6914 6912
f 7146 6914 7144
f 6915 7145 6913
f 6915 7147 7145
f 7146 6916 6914
f 7148 6916 7146
f 6917 7147 6915
f 6917 7149 7147
f 7152 7151 7150
f 7148 7152 7150
f 6918 7148 7150
f 6916 7148 6918
f 6919 7149 6917
f 6919 7153 7149
f 7150 7151 7154
f 7154 7151 7155
f 7154 6920 6918
f 7154 6918 7150
f 6921 7153 6919
f 6921 7156 7153
f 7154 7155 7157
f 7157 7155 7158
f 7157 6922 6920
f 7157 6920 7154
f 6923 7156 6921
f 6923 7159 7156
f 7157 7158 7160
f 7160 7158 7161
f 7160 6924 6922
f 7160 6922 7157
f 6925 7159 6923
f 6925 7162 7159
f 7160 7161 6928
f 7161 6927 6928
f 7161 7163 6927
f 7160 6928 6924
f 6929 7162 6925
f 6929 7164 7162
f 7163 6931 6927
f 7165 6931 7163
f 6932 7164 6929
f 6932 7166 7164
f 7165 6934 6931
f 7167 6934 7165
f 6935 7166 6932
f 6935 7168 7166
f 7167 6936 6934
f 7169 6936 7167
f 6937 7168 6935
f 6937 7170 7168
f 7173 7172 7171
f 7169 7173 7171
f 6938 7169 7171
f 6936 7169 6938
f 6939 7170 6937
f 6939 7174 7170
f 7171 7172 7175
f 7175 7172 7176
f 7175 6940 6938
f 7175 6938 7171
f 6941 7174 6939
f 6941 7177 7174
f 7175 7176 7178
f 7178 7176 7179
f 7178 6942 6940
f 7178 6940 7175
f 6943 7177 6941
f 6943 7180 7177
f 7178 7179 7181
f 7181 7179 7182
f 7181 6944 6942
f 7181 6942 7178
f 6945 7180 6943
f 6945 7183 7180
f 7181 7182 7184
f 7184 7182 7185
f 7184 6946 6944
f 7184 6944 7181
f 6947 7183 6945
f 6947 7186 7183
f 7184 7185 6950
f 7185 6949 6950
f 7185 7187 6949
f 7184 6950 6946
f 6951 7186 6947
f 6951 7188 7186
f 7187 6952 6949
f 7189 6952 7187
f 6953 7188 6951
f 6953 7190 7188
f 7193 7192 7191
f 7189 7193 7191
f 6954 7189 7191
f 6952 7189 6954
f 6955 7190 6953
f 6955 7194 7190
f 7191 7192 7195
f 7195 7192 7196
f 7195 6956 6954
f 7195 6954 7191
f 6957 7194 6955
f 6957 7197 7194
f 7195 7196 7198
f 7198 7196 7199
f 7198 6958 6956
f 7198 6956 7195
f 6959 7197 6957
f 6959 7200 7197
f 7198 7199 6962
f 7199 6961 6962
f 7199 7201 6961
f 7198 6962 6958
f 6963 7200 6959
f 6963 7202 7200
f 7205 7204 7203
f 7201 7205 7203
f 6965 7201 7203
f 6961 7201 6965
f 6966 7202 6963
f 6966 7206 7202
f 7203 7204 7207
f 7207 7204 7208
f 7207 6968 6965
f 7207 6965 7203
f 6969 7210 7209
f 7206 6969 7209
f 6966 6969 7206
f 7210 7211 7209
f 7207 7208 7212
f 7212 7208 7213
f 7212 6970 6968
f 7212 6968 7207
f 6971 7214 7210
f 6971 7210 6969
f 7211 7210 7215
f 7215 7210 7214
f 7212 7213 6974
f 7213 6973 6974
f 7213 7216 6973
f 7212 6974 6970
f 6975 7217 7214
f 6975 7214 6971
f 7215 7214 7218
f 7218 7214 7217
f 7216 6977 6973
f 7219 6977 7216
f 6978 7220 7217
f 6978 7217 6975
f 7218 7217 7221
f 7221 7217 7220
f 7219 6980 6977
f 7222 6980 7219
f 6981 7223 7220
f 6981 7220 6978
f 7221 7220 7224
f 7224 7220 7223
f 7227 7226 7225
f 7222 7227 7225
f 6982 7222 7225
f 6980 7222 6982
f 6983 7228 7223
f 6983 7223 6981
f 7224 7223 7229
f 7229 7223 7228
f 7225 7226 6986
f 7226 6985 6986
f 7226 7230 6985
f 7225 6986 6982
f 6987 7228 6983
f 6987 6989 7228
f 6989 7229 7228
f 6989 7231 7229
f 7230 6991 6985
f 7232 6991 7230
f 6993 7233 6992
f 7233 7234 6992
f 7234 6989 6992
f 7234 7231 6989
f 7237 7236 7235
f 7232 7237 7235
f 6994 7232 7235
f 6991 7232 6994
f 6995 7233 6993
f 6995 6997 7233
f 6997 7234 7233
f 6997 7238 7234
f 7235 7236 7000
f 7236 6999 7000
f 7236 7239 6999
f 7235 7000 6994
f 7002 7238 6997
f 7002 7240 7238
f 7243 7242 7241
f 7245 7244 7241
f 7241 7244 7243
f 7239 7244 7245
f 7004 7239 7245
f 6999 7239 7004
f 7005 7247 7246
f 7240 7005 7246
f 7002 7005 7240
f 7249 7248 7247
f 7247 7248 7246
f 7251 7250 7249
f 7249 7250 7248
f 7253 7252 7251
f 7251 7252 7250
f 7255 7254 7253
f 7253 7254 7252
f 7254 7255 7242
f 7255 7241 7242
f 7255 7256 7241
f 7241 7257 7245
f 7241 7256 7257
f 7257 7006 7004
f 7257 7004 7245
f 7007 7258 7247
f 7007 7247 7005
f 7247 7259 7249
f 7247 7258 7259
f 7249 7260 7251
f 7249 7259 7260
f 7251 7261 7253
f 7251 7260 7261
f 7253 7262 7255
f 7253 7261 7262
f 7255 7263 7256
f 7255 7262 7263
f 7256 7264 7257
f 7256 7263 7264
f 7264 7008 7006
f 7264 7006 7257
f 7009 7258 7007
f 7258 7009 7011
f 7258 7011 7259
f 7259 7011 7013
f 7259 7013 7260
f 7260 7013 7015
f 7260 7015 7261
f 7261 7015 7017
f 7261 7017 7262
f 7262 7017 7019
f 7262 7019 7263
f 7263 7019 7021
f 7263 7021 7264
f 7264 7021 7008
f 7066 7265 7067
f 7266 7068 7067
f 7266 7067 7265
f 7266 7070 7068
f 7072 7267 7265
f 7072 7265 7066
f 7265 7268 7266
f 7265 7267 7268
f 7268 7074 7070
f 7268 7070 7266
f 7076 7269 7267
f 7076 7267 7072
f 7267 7270 7268
f 7267 7269 7270
f 7270 7078 7074
f 7270 7074 7268
f 7079 7271 7269
f 7079 7269 7076
f 7269 7272 7270
f 7269 7271 7272
f 7272 7081 7078
f 7272 7078 7270
f 7082 7271 7079
f 7271 7082 7084
f 7273 7271 7084
f 7272 7271 7273
f 7273 7086 7081
f 7273 7081 7272
f 7087 7274 7273
f 7087 7273 7084
f 7274 7089 7086
f 7274 7086 7273
f 7090 7275 7274
f 7090 7274 7087
f 7275 7092 7089
f 7275 7089 7274
f 7093 7275 7090
f 7275 7093 7092
f 7278 7277 7276
f 7280 7279 7276
f 7280 7276 7277
f 7281 7279 7280
f 7284 7283 7282
f 7286 7285 7282
f 7286 7282 7283
f 7288 7287 7285
f 7288 7285 7286
f 7290 7289 7287
f 7290 7287 7288
f 7292 7291 7289
f 7292 7289 7290
f 7291 7292 7278
f 7291 7278 7276
f 7098 7291 7276
f 7097 7098 7276
f 7097 7276 7100
f 7100 7276 7279
f 7294 7293 7101
f 7294 7101 7100
f 7281 7294 7100
f 7279 7281 7100
f 7295 7293 7294
f 7284 7282 7103
f 7104 7284 7103
f 7296 7284 7104
f 7103 7282 7105
f 7105 7282 7285
f 7105 7285 7107
f 7107 7285 7287
f 7107 7287 7109
f 7109 7287 7289
f 7109 7289 7111
f 7111 7289 7291
f 7111 7291 7098
f 7293 7113 7101
f 7114 7113 7293
f 7295 7114 7293
f 7297 7114 7295
f 7300 7299 7298
f 7299 7296 7298
f 7296 7115 7298
f 7296 7104 7115
f 7297 7116 7114
f 7301 7116 7297
f 7300 7298 7118
f 7119 7300 7118
f 7302 7300 7119
f 7118 7298 7115
f 7301 7120 7116
f 7303 7120 7301
f 7121 7302 7119
f 7121 7304 7302
f 7303 7122 7120
f 7305 7122 7303
f 7123 7304 7121
f 7123 7306 7304
f 7305 7124 7122
f 7307 7124 7305
f 7125 7306 7123
f 7125 7308 7306
f 7307 7309 7124
f 7124 7309 7126
f 7311 7310 7127
f 7126 7311 7127
f 7309 7311 7126
f 7312 7310 7311
f 7128 7308 7125
f 7128 7313 7308
f 7310 7129 7127
f 7315 7314 7130
f 7315 7130 7129
f 7312 7315 7129
f 7310 7312 7129
f 7316 7314 7315
f 7131 7313 7128
f 7131 7317 7313
f 7314 7132 7130
f 7133 7132 7314
f 7316 7133 7314
f 7318 7133 7316
f 7134 7317 7131
f 7134 7319 7317
f 7318 7135 7133
f 7320 7135 7318
f 7136 7319 7134
f 7136 7321 7319
f 7323 7137 7322
f 7137 7320 7322
f 7137 7135 7320
f 7324 7323 7322
f 7138 7321 7136
f 7138 7325 7321
f 7323 7139 7137
f 7141 7139 7323
f 7324 7141 7323
f 7326 7141 7324
f 7143 7327 7142
f 7327 7328 7142
f 7328 7138 7142
f 7328 7325 7138
f 7326 7144 7141
f 7329 7144 7326
f 7145 7330 7327
f 7145 7327 7143
f 7328 7327 7331
f 7331 7327 7330
f 7329 7146 7144
f 7332 7146 7329
f 7147 7333 7330
f 7147 7330 7145
f 7331 7330 7334
f 7334 7330 7333
f 7332 7148 7146
f 7335 7148 7332
f 7337 7336 7333
f 7147 7337 7333
f 7149 7337 7147
f 7333 7336 7334
f 7339 7338 7152
f 7152 7338 7151
f 7152 7148 7335
f 7152 7335 7339
f 7153 7337 7149
f 7153 7340 7337
f 7338 7155 7151
f 7341 7155 7338
f 7156 7340 7153
f 7156 7342 7340
f 7341 7158 7155
f 7343 7158 7341
f 7159 7342 7156
f 7159 7344 7342
f 7343 7161 7158
f 7345 7161 7343
f 7162 7344 7159
f 7162 7346 7344
f 7345 7163 7161
f 7347 7163 7345
f 7164 7346 7162
f 7164 7348 7346
f 7347 7165 7163
f 7349 7165 7347
f 7166 7348 7164
f 7166 7350 7348
f 7353 7352 7351
f 7349 7353 7351
f 7167 7349 7351
f 7165 7349 7167
f 7168 7350 7166
f 7168 7354 7350
f 7351 7352 7355
f 7355 7352 7356
f 7355 7169 7167
f 7355 7167 7351
f 7170 7354 7168
f 7170 7357 7354
f 7355 7356 7173
f 7356 7172 7173
f 7356 7358 7172
f 7355 7173 7169
f 7174 7357 7170
f 7174 7359 7357
f 7358 7176 7172
f 7360 7176 7358
f 7177 7359 7174
f 7177 7361 7359
f 7360 7179 7176
f 7362 7179 7360
f 7180 7361 7177
f 7180 7363 7361
f 7366 7365 7364
f 7362 7366 7364
f 7182 7362 7364
f 7179 7362 7182
f 7183 7363 7180
f 7183 7367 7363
f 7364 7365 7368
f 7368 7365 7369
f 7368 7185 7182
f 7368 7182 7364
f 7186 7367 7183
f 7186 7370 7367
f 7368 7369 7371
f 7371 7369 7372
f 7371 7187 7185
f 7371 7185 7368
f 7188 7370 7186
f 7188 7373 7370
f 7371 7372 7374
f 7374 7372 7375
f 7374 7189 7187
f 7374 7187 7371
f 7190 7373 7188
f 7190 7376 7373
f 7379 7378 7377
f 7379 7377 7375
f 7375 7377 7374
f 7377 7192 7374
f 7192 7193 7374
f 7374 7193 7189
f 7194 7381 7380
f 7376 7194 7380
f 7190 7194 7376
f 7381 7382 7380
f 7377 7378 7383
f 7383 7378 7384
f 7383 7196 7192
f 7383 7192 7377
f 7197 7385 7381
f 7197 7381 7194
f 7382 7381 7386
f 7386 7381 7385
f 7383 7384 7387
f 7387 7384 7388
f 7387 7199 7196
f 7387 7196 7383
f 7200 7389 7385
f 7200 7385 7197
f 7386 7385 7390
f 7390 7385 7389
f 7393 7392 7391
f 7393 7391 7388
f 7391 7387 7388
f 7391 7394 7387
f 7394 7201 7199
f 7394 7199 7387
f 7202 7395 7389
f 7202 7389 7200
f 7390 7389 7396
f 7396 7389 7395
f 7391 7392 7397
f 7397 7392 7398
f 7397 7204 7205
f 7394 7397 7205
f 7391 7397 7394
f 7394 7205 7201
f 7206 7399 7395
f 7206 7395 7202
f 7396 7395 7400
f 7400 7395 7399
f 7397 7398 7401
f 7401 7398 7402
f 7401 7208 7204
f 7401 7204 7397
f 7209 7399 7206
f 7209 7211 7399
f 7211 7400 7399
f 7211 7403 7400
f 7401 7402 7404
f 7404 7402 7405
f 7404 7213 7208
f 7404 7208 7401
f 7215 7403 7211
f 7215 7406 7403
f 7404 7405 7407
f 7407 7405 7408
f 7407 7216 7213
f 7407 7213 7404
f 7218 7406 7215
f 7218 7409 7406
f 7412 7411 7410
f 7412 7410 7408
f 7410 7407 7408
f 7410 7413 7407
f 7413 7219 7216
f 7413 7216 7407
f 7221 7409 7218
f 7221 7414 7409
f 7410 7411 7415
f 7415 7411 7416
f 7410 7417 7413
f 7410 7415 7417
f 7417 7222 7219
f 7417 7219 7413
f 7224 7414 7221
f 7224 7418 7414
f 7415 7416 7419
f 7419 7416 7420
f 7419 7226 7227
f 7417 7419 7227
f 7415 7419 7417
f 7417 7227 7222
f 7229 7418 7224
f 7229 7421 7418
f 7419 7420 7422
f 7422 7420 7423
f 7422 7230 7226
f 7422 7226 7419
f 7231 7421 7229
f 7231 7424 7421
f 7422 7423 7425
f 7425 7423 7426
f 7425 7232 7230
f 7425 7230 7422
f 7234 7428 7427
f 7424 7234 7427
f 7231 7234 7424
f 7428 7429 7427
f 7432 7431 7430
f 7434 7433 7430
f 7430 7433 7432
f 7436 7435 7434
f 7434 7435 7433
f 7435 7436 7426
f 7426 7436 7425
f 7436 7236 7425
f 7236 7237 7425
f 7425 7237 7232
f 7238 7437 7428
f 7238 7428 7234
f 7429 7428 7438
f 7428 7439 7438
f 7428 7437 7439
f 7441 7440 7439
f 7439 7440 7438
f 7443 7442 7441
f 7441 7442 7440
f 7442 7443 7431
f 7443 7430 7431
f 7443 7444 7430
f 7430 7445 7434
f 7430 7444 7445
f 7434 7446 7436
f 7434 7445 7446
f 7446 7239 7236
f 7446 7236 7436
f 7240 7447 7437
f 7240 7437 7238
f 7437 7448 7439
f 7437 7447 7448
f 7439 7449 7441
f 7439 7448 7449
f 7441 7450 7443
f 7441 7449 7450
f 7443 7451 7444
f 7443 7450 7451
f 7451 7242 7243
f 7445 7451 7243
f 7444 7451 7445
f 7445 7243 7244
f 7445 7244 7446
f 7446 7244 7239
f 7246 7447 7240
f 7447 7246 7248
f 7447 7248 7448
f 7448 7248 7250
f 7448 7250 7449
f 7449 7250 7252
f 7449 7252 7450
f 7450 7252 7254
f 7450 7254 7451
f 7451 7254 7242
f 7454 7453 7452
f 7455 7452 7453
f 7458 7457 7456
f 7460 7459 7456
f 7460 7456 7457
f 7462 7461 7459
f 7462 7459 7460
f 7464 7463 7461
f 7464 7461 7462
f 7466 7465 7463
f 7466 7463 7464
f 7277 7278 7465
f 7466 7277 7465
f 7467 7277 7466
f 7452 7280 7454
f 7280 7467 7454
f 7280 7277 7467
f 7469 7468 7281
f 7469 7281 7280
f 7455 7469 7280
f 7452 7455 7280
f 7470 7468 7469
f 7458 7456 7283
f 7284 7458 7283
f 7471 7458 7284
f 7283 7456 7286
f 7286 7456 7459
f 7286 7459 7288
f 7288 7459 7461
f 7288 7461 7290
f 7290 7461 7463
f 7290 7463 7292
f 7292 7463 7465
f 7292 7465 7278
f 7468 7294 7281
f 7295 7294 7468
f 7470 7295 7468
f 7472 7295 7470
f 7475 7474 7473
f 7474 7471 7473
f 7471 7296 7473
f 7471 7284 7296
f 7472 7297 7295
f 7476 7297 7472
f 7475 7473 7299
f 7300 7475 7299
f 7477 7475 7300
f 7299 7473 7296
f 7476 7301 7297
f 7478 7301 7476
f 7302 7477 7300
f 7302 7479 7477
f 7482 7481 7480
f 7478 7482 7480
f 7303 7478 7480
f 7301 7478 7303
f 7304 7479 7302
f 7304 7483 7479
f 7481 7484 7480
f 7303 7480 7484
f 7485 7303 7484
f 7305 7303 7485
f 7306 7483 7304
f 7306 7486 7483
f 7488 7307 7487
f 7307 7485 7487
f 7307 7305 7485
f 7489 7488 7487
f 7308 7486 7306
f 7308 7490 7486
f 7488 7309 7307
f 7489 7491 7488
f 7491 7309 7488
f 7491 7311 7309
f 7312 7311 7491
f 7312 7491 7492
f 7313 7490 7308
f 7313 7493 7490
f 7492 7494 7312
f 7312 7494 7315
f 7316 7315 7494
f 7316 7494 7495
f 7317 7493 7313
f 7317 7496 7493
f 7495 7318 7316
f 7497 7318 7495
f 7319 7496 7317
f 7319 7498 7496
f 7497 7320 7318
f 7499 7320 7497
f 7321 7498 7319
f 7321 7500 7498
f 7499 7501 7320
f 7320 7501 7322
f 7324 7322 7501
f 7324 7501 7502
f 7325 7500 7321
f 7325 7503 7500
f 7502 7326 7324
f 7504 7326 7502
f 7328 7503 7325
f 7328 7505 7503
f 7504 7329 7326
f 7506 7329 7504
f 7331 7505 7328
f 7331 7507 7505
f 7506 7332 7329
f 7508 7332 7506
f 7334 7507 7331
f 7334 7509 7507
f 7512 7511 7510
f 7508 7512 7510
f 7335 7508 7510
f 7332 7508 7335
f 7337 7513 7336
f 7513 7514 7336
f 7514 7334 7336
f 7514 7509 7334
f 7510 7511 7339
f 7511 7338 7339
f 7511 7515 7338
f 7510 7339 7335
f 7340 7516 7513
f 7340 7513 7337
f 7514 7513 7517
f 7517 7513 7516
f 7515 7341 7338
f 7518 7341 7515
f 7342 7519 7516
f 7342 7516 7340
f 7517 7516 7520
f 7520 7516 7519
f 7518 7343 7341
f 7521 7343 7518
f 7344 7522 7519
f 7344 7519 7342
f 7520 7519 7523
f 7523 7519 7522
f 7521 7345 7343
f 7524 7345 7521
f 7346 7525 7522
f 7346 7522 7344
f 7523 7522 7526
f 7526 7522 7525
f 7529 7528 7527
f 7524 7529 7527
f 7347 7524 7527
f 7345 7524 7347
f 7348 7530 7525
f 7348 7525 7346
f 7526 7525 7531
f 7531 7525 7530
f 7527 7528 7532
f 7532 7528 7533
f 7532 7349 7347
f 7532 7347 7527
f 7350 7534 7530
f 7350 7530 7348
f 7531 7530 7535
f 7535 7530 7534
f 7532 7533 7353
f 7533 7352 7353
f 7533 7536 7352
f 7532 7353 7349
f 7354 7537 7534
f 7354 7534 7350
f 7535 7534 7538
f 7538 7534 7537
f 7541 7540 7539
f 7536 7541 7539
f 7356 7536 7539
f 7352 7536 7356
f 7357 7542 7537
f 7357 7537 7354
f 7538 7537 7543
f 7543 7537 7542
f 7539 7540 7544
f 7544 7540 7545
f 7544 7358 7356
f 7544 7356 7539
f 7359 7546 7542
f 7359 7542 7357
f 7543 7542 7547
f 7547 7542 7546
f 7544 7545 7548
f 7548 7545 7549
f 7548 7360 7358
f 7548 7358 7544
f 7361 7550 7546
f 7361 7546 7359
f 7547 7546 7551
f 7551 7546 7550
f 7548 7549 7552
f 7552 7549 7553
f 7552 7362 7360
f 7552 7360 7548
f 7363 7554 7550
f 7363 7550 7361
f 7551 7550 7555
f 7555 7550 7554
f 7558 7557 7556
f 7558 7556 7553
f 7553 7556 7552
f 7556 7365 7552
f 7365 7366 7552
f 7552 7366 7362
f 7367 7559 7554
f 7367 7554 7363
f 7555 7554 7560
f 7560 7554 7559
f 7563 7562 7561
f 7563 7561 7557
f 7561 7556 7557
f 7561 7564 7556
f 7564 7369 7365
f 7564 7365 7556
f 7370 7565 7559
f 7370 7559 7367
f 7560 7559 7566
f 7566 7559 7565
f 7569 7568 7567
f 7569 7567 7562
f 7567 7561 7562
f 7567 7570 7561
f 7561 7571 7564
f 7561 7570 7571
f 7571 7372 7369
f 7571 7369 7564
f 7373 7572 7565
f 7373 7565 7370
f 7566 7565 7573
f 7573 7565 7572
f 7567 7568 7574
f 7574 7568 7575
f 7567 7576 7570
f 7567 7574 7576
f 7570 7577 7571
f 7570 7576 7577
f 7577 7375 7372
f 7577 7372 7571
f 7376 7578 7572
f 7376 7572 7373
f 7573 7572 7579
f 7579 7572 7578
f 7582 7581 7580
f 7582 7580 7575
f 7580 7574 7575
f 7580 7583 7574
f 7574 7584 7576
f 7574 7583 7584
f 7584 7378 7379
f 7577 7584 7379
f 7576 7584 7577
f 7577 7379 7375
f 7380 7578 7376
f 7380 7382 7578
f 7382 7579 7578
f 7382 7585 7579
f 7580 7581 7586
f 7586 7581 7587
f 7580 7588 7583
f 7580 7586 7588
f 7583 7589 7584
f 7583 7588 7589
f 7589 7384 7378
f 7589 7378 7584
f 7386 7585 7382
f 7386 7590 7585
f 7593 7592 7591
f 7593 7591 7587
f 7591 7586 7587
f 7591 7594 7586
f 7586 7595 7588
f 7586 7594 7595
f 7588 7596 7589
f 7588 7595 7596
f 7596 7388 7384
f 7596 7384 7589
f 7390 7590 7386
f 7390 7597 7590
f 7591 7592 7598
f 7598 7592 7599
f 7591 7600 7594
f 7591 7598 7600
f 7594 7601 7595
f 7594 7600 7601
f 7601 7392 7393
f 7596 7601 7393
f 7595 7601 7596
f 7596 7393 7388
f 7396 7597 7390
f 7396 7602 7597
f 7598 7599 7603
f 7603 7599 7604
f 7598 7605 7600
f 7598 7603 7605
f 7600 7606 7601
f 7600 7605 7606
f 7606 7398 7392
f 7606 7392 7601
f 7400 7602 7396
f 7400 7607 7602
f 7603 7604 7608
f 7608 7604 7609
f 7603 7610 7605
f 7603 7608 7610
f 7605 7611 7606
f 7605 7610 7611
f 7611 7402 7398
f 7611 7398 7606
f 7403 7607 7400
f 7403 7612 7607
f 7608 7609 7613
f 7613 7609 7614
f 7608 7615 7610
f 7608 7613 7615
f 7610 7616 7611
f 7610 7615 7616
f 7616 7405 7402
f 7616 7402 7611
f 7406 7618 7617
f 7612 7406 7617
f 7403 7406 7612
f 7618 7619 7617
f 7622 7621 7620
f 7622 7620 7614
f 7620 7613 7614
f 7620 7623 7613
f 7613 7624 7615
f 7613 7623 7624
f 7615 7625 7616
f 7615 7624 7625
f 7625 7408 7405
f 7625 7405 7616
f 7409 7626 7618
f 7409 7618 7406
f 7619 7618 7627
f 7627 7618 7626
f 7620 7621 7628
f 7628 7621 7629
f 7620 7630 7623
f 7620 7628 7630
f 7623 7631 7624
f 7623 7630 7631
f 7631 7411 7412
f 7625 7631 7412
f 7624 7631 7625
f 7625 7412 7408
f 7414 7632 7626
f 7414 7626 7409
f 7627 7626 7633
f 7633 7626 7632
f 7636 7635 7634
f 7636 7634 7629
f 7634 7628 7629
f 7634 7637 7628
f 7628 7638 7630
f 7628 7637 7638
f 7630 7639 7631
f 7630 7638 7639
f 7639 7416 7411
f 7639 7411 7631
f 7418 7640 7632
f 7418 7632 7414
f 7633 7632 7641
f 7641 7632 7640
f 7644 7643 7642
f 7644 7642 7635
f 7642 7634 7635
f 7642 7645 7634
f 7634 7646 7637
f 7634 7645 7646
f 7637 7647 7638
f 7637 7646 7647
f 7638 7648 7639
f 7638 7647 7648
f 7648 7420 7416
f 7648 7416 7639
f 7421 7649 7640
f 7421 7640 7418
f 7641 7640 7650
f 7640 7651 7650
f 7640 7649 7651
f 7650 7651 7643
f 7651 7642 7643
f 7651 7652 7642
f 7642 7653 7645
f 7642 7652 7653
f 7645 7654 7646
f 7645 7653 7654
f 7646 7655 7647
f 7646 7654 7655
f 7647 7656 7648
f 7647 7655 7656
f 7656 7423 7420
f 7656 7420 7648
f 7424 7657 7649
f 7424 7649 7421
f 7649 7658 7651
f 7649 7657 7658
f 7651 7659 7652
f 7651 7658 7659
f 7652 7660 7653
f 7652 7659 7660
f 7653 7661 7654
f 7653 7660 7661
f 7654 7662 7655
f 7654 7661 7662
f 7655 7663 7656
f 7655 7662 7663
f 7663 7426 7423
f 7663 7423 7656
f 7427 7657 7424
f 7657 7427 7429
f 7664 7657 7429
f 7658 7657 7664
f 7658 7665 7659
f 7658 7664 7665
f 7659 7666 7660
f 7659 7665 7666
f 7666 7431 7432
f 7661 7666 7432
f 7660 7666 7661
f 7661 7432 7433
f 7661 7433 7662
f 7662 7433 7435
f 7662 7435 7663
f 7663 7435 7426
f 7438 7664 7429
f 7664 7438 7440
f 7664 7440 7665
f 7665 7440 7442
f 7665 7442 7666
f 7666 7442 7431
f 7669 7668 7667
f 7670 7667 7668
f 7673 7672 7671
f 7675 7674 7671
f 7675 7671 7672
f 7677 7676 7674
f 7677 7674 7675
f 7679 7678 7676
f 7679 7676 7677
f 7681 7680 7678
f 7681 7678 7679
f 7683 7682 7680
f 7683 7680 7681
f 7682 7683 7669
f 7682 7669 7667
f 7454 7682 7667
f 7453 7454 7667
f 7685 7684 7455
f 7685 7455 7453
f 7670 7685 7453
f 7667 7670 7453
f 7686 7684 7685
f 7673 7671 7457
f 7458 7673 7457
f 7687 7673 7458
f 7457 7671 7460
f 7460 7671 7674
f 7460 7674 7462
f 7462 7674 7676
f 7462 7676 7464
f 7464 7676 7678
f 7464 7678 7466
f 7466 7678 7680
f 7466 7680 7467
f 7467 7680 7682
f 7467 7682 7454
f 7684 7469 7455
f 7470 7469 7684
f 7686 7470 7684
f 7688 7470 7686
f 7691 7690 7689
f 7690 7687 7689
f 7687 7471 7689
f 7687 7458 7471
f 7688 7472 7470
f 7692 7472 7688
f 7691 7689 7474
f 7475 7691 7474
f 7693 7691 7475
f 7474 7689 7471
f 7692 7476 7472
f 7694 7476 7692
f 7477 7693 7475
f 7477 7695 7693
f 7698 7697 7696
f 7694 7698 7696
f 7478 7694 7696
f 7476 7694 7478
f 7479 7695 7477
f 7479 7699 7695
f 7701 7700 7697
f 7700 7481 7697
f 7482 7696 7697
f 7482 7697 7481
f 7482 7478 7696
f 7700 7701 7702
f 7483 7699 7479
f 7483 7703 7699
f 7700 7484 7481
f 7485 7484 7700
f 7702 7485 7700
f 7704 7485 7702
f 7486 7703 7483
f 7486 7705 7703
f 7704 7706 7485
f 7485 7706 7487
f 7708 7707 7489
f 7487 7708 7489
f 7706 7708 7487
f 7709 7707 7708
f 7490 7705 7486
f 7490 7710 7705
f 7707 7491 7489
f 7492 7491 7707
f 7709 7492 7707
f 7711 7492 7709
f 7493 7710 7490
f 7493 7712 7710
f 7711 7713 7492
f 7492 7713 7494
f 7495 7494 7713
f 7495 7713 7714
f 7496 7712 7493
f 7496 7715 7712
f 7714 7497 7495
f 7716 7497 7714
f 7498 7715 7496
f 7498 7717 7715
f 7719 7499 7718
f 7499 7716 7718
f 7499 7497 7716
f 7720 7719 7718
f 7500 7717 7498
f 7500 7721 7717
f 7719 7501 7499
f 7502 7501 7719
f 7720 7502 7719
f 7722 7502 7720
f 7503 7721 7500
f 7503 7723 7721
f 7722 7504 7502
f 7724 7504 7722
f 7505 7723 7503
f 7505 7725 7723
f 7728 7727 7726
f 7724 7728 7726
f 7506 7724 7726
f 7504 7724 7506
f 7507 7725 7505
f 7507 7729 7725
f 7726 7727 7730
f 7730 7727 7731
f 7730 7508 7506
f 7730 7506 7726
f 7509 7729 7507
f 7509 7732 7729
f 7730 7731 7512
f 7731 7511 7512
f 7731 7733 7511
f 7730 7512 7508
f 7514 7732 7509
f 7514 7734 7732
f 7733 7515 7511
f 7735 7515 7733
f 7517 7734 7514
f 7517 7736 7734
f 7735 7518 7515
f 7737 7518 7735
f 7520 7736 7517
f 7520 7738 7736
f 7741 7740 7739
f 7737 7741 7739
f 7521 7737 7739
f 7518 7737 7521
f 7523 7738 7520
f 7523 7742 7738
f 7739 7740 7743
f 7743 7740 7744
f 7743 7524 7521
f 7743 7521 7739
f 7526 7742 7523
f 7526 7745 7742
f 7743 7744 7529
f 7744 7528 7529
f 7744 7746 7528
f 7743 7529 7524
f 7531 7745 7526
f 7531 7747 7745
f 7750 7749 7748
f 7746 7750 7748
f 7533 7746 7748
f 7528 7746 7533
f 7535 7747 7531
f 7535 7751 7747
f 7748 7749 7752
f 7752 7749 7753
f 7752 7536 7533
f 7752 7533 7748
f 7538 7751 7535
f 7538 7754 7751
f 7757 7756 7755
f 7757 7755 7753
f 7753 7755 7752
f 7755 7540 7752
f 7540 7541 7752
f 7752 7541 7536
f 7543 7754 7538
f 7543 7758 7754
f 7761 7760 7759
f 7761 7759 7756
f 7759 7755 7756
f 7759 7762 7755
f 7762 7545 7540
f 7762 7540 7755
f 7547 7758 7543
f 7547 7763 7758
f 7766 7765 7764
f 7766 7764 7760
f 7764 7759 7760
f 7764 7767 7759
f 7759 7768 7762
f 7759 7767 7768
f 7768 7549 7545
f 7768 7545 7762
f 7551 7763 7547
f 7551 7769 7763
f 7772 7771 7770
f 7772 7770 7765
f 7770 7764 7765
f 7770 7773 7764
f 7764 7774 7767
f 7764 7773 7774
f 7767 7775 7768
f 7767 7774 7775
f 7775 7553 7549
f 7775 7549 7768
f 7555 7769 7551
f 7555 7776 7769
f 7779 7778 7777
f 7779 7777 7771
f 7777 7770 7771
f 7777 7780 7770
f 7770 7781 7773
f 7770 7780 7781
f 7773 7782 7774
f 7773 7781 7782
f 7782 7557 7558
f 7775 7782 7558
f 7774 7782 7775
f 7775 7558 7553
f 7560 7776 7555
f 7560 7783 7776
f 7786 7785 7784
f 7786 7784 7778
f 7784 7777 7778
f 7784 7787 7777
f 7777 7788 7780
f 7777 7787 7788
f 7780 7789 7781
f 7780 7788 7789
f 7789 7562 7563
f 7782 7789 7563
f 7781 7789 7782
f 7782 7563 7557
f 7566 7783 7560
f 7566 7790 7783
f 7784 7785 7791
f 7791 7785 7792
f 7784 7793 7787
f 7784 7791 7793
f 7787 7794 7788
f 7787 7793 7794
f 7794 7568 7569
f 7789 7794 7569
f 7788 7794 7789
f 7789 7569 7562
f 7573 7796 7795
f 7790 7573 7795
f 7566 7573 7790
f 7796 7797 7795
f 7800 7799 7798
f 7800 7798 7792
f 7798 7791 7792
f 7798 7801 7791
f 7791 7802 7793
f 7791 7801 7802
f 7793 7803 7794
f 7793 7802 7803
f 7803 7575 7568
f 7803 7568 7794
f 7579 7804 7796
f 7579 7796 7573
f 7797 7796 7805
f 7805 7796 7804
f 7798 7799 7806
f 7806 7799 7807
f 7798 7808 7801
f 7798 7806 7808
f 7801 7809 7802
f 7801 7808 7809
f 7809 7581 7582
f 7803 7809 7582
f 7802 7809 7803
f 7803 7582 7575
f 7585 7810 7804
f 7585 7804 7579
f 7805 7804 7811
f 7811 7804 7810
f 7814 7813 7812
f 7814 7812 7807
f 7812 7806 7807
f 7812 7815 7806
f 7806 7816 7808
f 7806 7815 7816
f 7808 7817 7809
f 7808 7816 7817
f 7817 7587 7581
f 7817 7581 7809
f 7590 7818 7810
f 7590 7810 7585
f 7811 7810 7819
f 7810 7820 7819
f 7810 7818 7820
f 7819 7820 7813
f 7820 7812 7813
f 7820 7821 7812
f 7812 7822 7815
f 7812 7821 7822
f 7815 7823 7816
f 7815 7822 7823
f 7823 7592 7593
f 7817 7823 7593
f 7816 7823 7817
f 7817 7593 7587
f 7597 7824 7818
f 7597 7818 7590
f 7818 7825 7820
f 7818 7824 7825
f 7820 7826 7821
f 7820 7825 7826
f 7821 7827 7822
f 7821 7826 7827
f 7822 7828 7823
f 7822 7827 7828
f 7828 7599 7592
f 7828 7592 7823
f 7602 7829 7824
f 7602 7824 7597
f 7824 7830 7825
f 7824 7829 7830
f 7825 7831 7826
f 7825 7830 7831
f 7826 7832 7827
f 7826 7831 7832
f 7827 7833 7828
f 7827 7832 7833
f 7833 7604 7599
f 7833 7599 7828
f 7607 7834 7829
f 7607 7829 7602
f 7829 7835 7830
f 7829 7834 7835
f 7830 7836 7831
f 7830 7835 7836
f 7831 7837 7832
f 7831 7836 7837
f 7832 7838 7833
f 7832 7837 7838
f 7838 7609 7604
f 7838 7604 7833
f 7612 7839 7834
f 7612 7834 7607
f 7834 7840 7835
f 7834 7839 7840
f 7835 7841 7836
f 7835 7840 7841
f 7836 7842 7837
f 7836 7841 7842
f 7837 7843 7838
f 7837 7842 7843
f 7843 7614 7609
f 7843 7609 7838
f 7617 7839 7612
f 7839 7617 7619
f 7844 7839 7619
f 7840 7839 7844
f 7840 7845 7841
f 7840 7844 7845
f 7841 7846 7842
f 7841 7845 7846
f 7846 7621 7622
f 7843 7846 7622
f 7842 7846 7843
f 7843 7622 7614
f 7627 7847 7844
f 7627 7844 7619
f 7844 7848 7845
f 7844 7847 7848
f 7845 7849 7846
f 7845 7848 7849
f 7849 7629 7621
f 7849 7621 7846
f 7633 7850 7847
f 7633 7847 7627
f 7847 7851 7848
f 7847 7850 7851
f 7851 7635 7636
f 7849 7851 7636
f 7848 7851 7849
f 7849 7636 7629
f 7641 7852 7850
f 7641 7850 7633
f 7852 7643 7644
f 7851 7852 7644
f 7850 7852 7851
f 7851 7644 7635
f 7650 7852 7641
f 7852 7650 7643
f 7855 7854 7853
f 7856 7853 7854
f 7859 7858 7857
f 7861 7860 7857
f 7861 7857 7858
f 7863 7862 7860
f 7863 7860 7861
f 7865 7864 7862
f 7865 7862 7863
f 7867 7866 7864
f 7867 7864 7865
f 7869 7868 7866
f 7869 7866 7867
f 7868 7869 7855
f 7868 7855 7853
f 7669 7868 7853
f 7668 7669 7853
f 7670 7668 7853
f 7856 7670 7853
f 7870 7670 7856
f 7859 7857 7672
f 7673 7859 7672
f 7871 7859 7673
f 7672 7857 7675
f 7675 7857 7860
f 7675 7860 7677
f 7677 7860 7862
f 7677 7862 7679
f 7679 7862 7864
f 7679 7864 7681
f 7681 7864 7866
f 7681 7866 7683
f 7683 7866 7868
f 7683 7868 7669
f 7870 7872 7670
f 7670 7872 7685
f 7686 7685 7872
f 7686 7872 7873
f 7876 7875 7874
f 7875 7871 7874
f 7871 7687 7874
f 7871 7673 7687
f 7873 7688 7686
f 7877 7688 7873
f 7876 7874 7690
f 7691 7876 7690
f 7878 7876 7691
f 7690 7874 7687
f 7881 7880 7879
f 7877 7881 7879
f 7692 7877 7879
f 7688 7877 7692
f 7693 7878 7691
f 7693 7882 7878
f 7880 7883 7879
f 7692 7879 7883
f 7884 7692 7883
f 7694 7692 7884
f 7695 7882 7693
f 7695 7885 7882
f 7886 7697 7698
f 7887 7886 7698
f 7694 7887 7698
f 7884 7887 7694
f 7699 7885 7695
f 7699 7888 7885
f 7886 7701 7697
f 7702 7701 7886
f 7887 7702 7886
f 7889 7702 7887
f 7703 7888 7699
f 7703 7890 7888
f 7892 7704 7891
f 7704 7889 7891
f 7704 7702 7889
f 7894 7893 7892
f 7894 7892 7891
f 7895 7893 7894
f 7705 7890 7703
f 7705 7896 7890
f 7892 7706 7704
f 7706 7892 7708
f 7708 7892 7893
f 7709 7708 7893
f 7895 7709 7893
f 7897 7709 7895
f 7710 7896 7705
f 7710 7898 7896
f 7900 7711 7899
f 7711 7897 7899
f 7711 7709 7897
f 7901 7900 7899
f 7712 7898 7710
f 7712 7902 7898
f 7900 7713 7711
f 7714 7713 7900
f 7901 7714 7900
f 7903 7714 7901
f 7715 7902 7712
f 7715 7904 7902
f 7903 7716 7714
f 7905 7716 7903
f 7717 7904 7715
f 7717 7906 7904
f 7718 7716 7907
f 7716 7908 7907
f 7716 7905 7908
f 7907 7720 7718
f 7721 7906 7717
f 7721 7909 7906
f 7907 7908 7910
f 7910 7908 7911
f 7910 7722 7720
f 7910 7720 7907
f 7723 7909 7721
f 7723 7912 7909
f 7910 7911 7913
f 7913 7911 7914
f 7913 7724 7722
f 7913 7722 7910
f 7725 7912 7723
f 7725 7915 7912
f 7913 7914 7728
f 7914 7727 7728
f 7914 7916 7727
f 7913 7728 7724
f 7729 7915 7725
f 7729 7917 7915
f 7916 7731 7727
f 7918 7731 7916
f 7732 7917 7729
f 7732 7919 7917
f 7918 7733 7731
f 7920 7733 7918
f 7734 7919 7732
f 7734 7921 7919
f 7924 7923 7922
f 7920 7924 7922
f 7735 7920 7922
f 7733 7920 7735
f 7736 7921 7734
f 7736 7925 7921
f 7922 7923 7926
f 7926 7923 7927
f 7926 7737 7735
f 7926 7735 7922
f 7738 7925 7736
f 7738 7928 7925
f 7926 7927 7741
f 7927 7740 7741
f 7927 7929 7740
f 7926 7741 7737
f 7742 7928 7738
f 7742 7930 7928
f 7933 7932 7931
f 7929 7933 7931
f 7744 7929 7931
f 7740 7929 7744
f 7745 7930 7742
f 7745 7934 7930
f 7937 7936 7935
f 7937 7935 7932
f 7935 7931 7932
f 7935 7938 7931
f 7938 7746 7744
f 7938 7744 7931
f 7747 7940 7939
f 7934 7747 7939
f 7745 7747 7934
f 7940 7941 7939
f 7944 7943 7942
f 7944 7942 7936
f 7942 7935 7936
f 7942 7945 7935
f 7945 7749 7750
f 7938 7945 7750
f 7935 7945 7938
f 7938 7750 7746
f 7751 7946 7940
f 7751 7940 7747
f 7941 7940 7947
f 7947 7940 7946
f 7950 7949 7948
f 7952 7951 7948
f 7948 7951 7950
f 7951 7952 7943
f 7952 7942 7943
f 7952 7953 7942
f 7942 7954 7945
f 7942 7953 7954
f 7954 7753 7749
f 7954 7749 7945
f 7754 7955 7946
f 7754 7946 7751
f 7947 7946 7956
f 7956 7946 7955
f 7959 7958 7957
f 7959 7957 7949
f 7957 7948 7949
f 7957 7960 7948
f 7948 7961 7952
f 7948 7960 7961
f 7952 7962 7953
f 7952 7961 7962
f 7962 7756 7757
f 7954 7962 7757
f 7953 7962 7954
f 7954 7757 7753
f 7758 7963 7955
f 7758 7955 7754
f 7956 7955 7964
f 7964 7955 7963
f 7967 7966 7965
f 7969 7968 7965
f 7965 7968 7967
f 7968 7969 7958
f 7969 7957 7958
f 7969 7970 7957
f 7957 7971 7960
f 7957 7970 7971
f 7960 7972 7961
f 7960 7971 7972
f 7972 7760 7761
f 7962 7972 7761
f 7961 7972 7962
f 7962 7761 7756
f 7763 7973 7963
f 7763 7963 7758
f 7964 7963 7974
f 7974 7963 7973
f 7977 7976 7975
f 7977 7975 7966
f 7975 7965 7966
f 7975 7978 7965
f 7965 7979 7969
f 7965 7978 7979
f 7969 7980 7970
f 7969 7979 7980
f 7970 7981 7971
f 7970 7980 7981
f 7981 7765 7766
f 7972 7981 7766
f 7971 7981 7972
f 7972 7766 7760
f 7769 7982 7973
f 7769 7973 7763
f 7974 7973 7983
f 7973 7984 7983
f 7973 7982 7984
f 7983 7984 7976
f 7984 7975 7976
f 7984 7985 7975
f 7975 7986 7978
f 7975 7985 7986
f 7978 7987 7979
f 7978 7986 7987
f 7979 7988 7980
f 7979 7987 7988
f 7988 7771 7772
f 7981 7988 7772
f 7980 7988 7981
f 7981 7772 7765
f 7776 7989 7982
f 7776 7982 7769
f 7982 7990 7984
f 7982 7989 7990
f 7984 7991 7985
f 7984 7990 7991
f 7985 7992 7986
f 7985 7991 7992
f 7986 7993 7987
f 7986 7992 7993
f 7993 7778 7779
f 7988 7993 7779
f 7987 7993 7988
f 7988 7779 7771
f 7783 7994 7989
f 7783 7989 7776
f 7989 7995 7990
f 7989 7994 7995
f 7990 7996 7991
f 7990 7995 7996
f 7991 7997 7992
f 7991 7996 7997
f 7997 7785 7786
f 7993 7997 7786
f 7992 7997 7993
f 7993 7786 7778
f 7790 7998 7994
f 7790 7994 7783
f 7994 7999 7995
f 7994 7998 7999
f 7995 8000 7996
f 7995 7999 8000
f 7996 8001 7997
f 7996 8000 8001
f 8001 7792 7785
f 8001 7785 7997
f 7795 7998 7790
f 7998 7795 7797
f 8002 7998 7797
f 7999 7998 8002
f 7999 8003 8000
f 7999 8002 8003
f 8003 7799 7800
f 8001 8003 7800
f 8000 8003 8001
f 8001 7800 7792
f 7805 8004 8002
f 7805 8002 7797
f 8002 8005 8003
f 8002 8004 8005
f 8005 7807 7799
f 8005 7799 8003
f 7811 8006 8004
f 7811 8004 7805
f 8006 7813 7814
f 8005 8006 7814
f 8004 8006 8005
f 8005 7814 7807
f 7819 8006 7811
f 8006 7819 7813
f 8009 8008 8007
f 8010 8007 8008
f 8013 8012 8011
f 8015 8014 8011
f 8015 8011 8012
f 8017 8016 8014
f 8017 8014 8015
f 8019 8018 8016
f 8019 8016 8017
f 8021 8020 8018
f 8021 8018 8019
f 8020 8021 8009
f 8007 8020 8009
f 8022 8020 8007
f 8023 7854 7855
f 8007 8023 7855
f 8022 8007 7855
f 8023 8007 8010
f 7856 7854 8023
f 7856 8023 8024
f 8013 8011 7858
f 7859 8013 7858
f 8025 8013 7859
f 7858 8011 7861
f 7861 8011 8014
f 7861 8014 7863
f 7863 8014 8016
f 7863 8016 7865
f 7865 8016 8018
f 7865 8018 7867
f 7867 8018 8020
f 7867 8020 7869
f 7869 8020 8022
f 7869 8022 7855
f 8024 7870 7856
f 8026 7870 8024
f 8029 8028 8027
f 8028 8025 8027
f 8025 7871 8027
f 8025 7859 7871
f 7872 7870 8030
f 7870 8031 8030
f 7870 8026 8031
f 8030 7873 7872
f 8029 8027 7875
f 7876 8029 7875
f 8032 8029 7876
f 7875 8027 7871
f 8031 8033 8030
f 7873 8030 8033
f 8034 7873 8033
f 7877 7873 8034
f 7878 8032 7876
f 7878 8035 8032
f 8036 7880 7881
f 8037 8036 7881
f 7877 8037 7881
f 8034 8037 7877
f 7882 8035 7878
f 7882 8038 8035
f 8036 7883 7880
f 7884 7883 8036
f 8037 7884 8036
f 8039 7884 8037
f 7885 8038 7882
f 7885 8040 8038
f 8039 7887 7884
f 8041 7887 8039
f 7888 8040 7885
f 7888 8042 8040
f 8044 7889 8043
f 7889 8041 8043
f 7889 7887 8041
f 8046 8045 8044
f 8046 8044 8043
f 8047 8045 8046
f 7890 8042 7888
f 7890 8048 8042
f 8044 7891 7889
f 7891 8044 7894
f 7894 8044 8045
f 7895 7894 8045
f 8047 7895 8045
f 8049 7895 8047
f 7896 8048 7890
f 7896 8050 8048
f 8052 7897 8051
f 7897 8049 8051
f 7897 7895 8049
f 8053 8052 8051
f 7898 8050 7896
f 7898 8054 8050
f 8052 7899 7897
f 7901 7899 8052
f 8053 7901 8052
f 8055 7901 8053
f 7902 8054 7898
f 7902 8056 8054
f 8055 7903 7901
f 8057 7903 8055
f 7904 8056 7902
f 7904 8058 8056
f 8057 7905 7903
f 8059 7905 8057
f 7906 8058 7904
f 7906 8060 8058
f 8059 7908 7905
f 8061 7908 8059
f 7909 8060 7906
f 7909 8062 8060
f 8061 7911 7908
f 8063 7911 8061
f 7912 8062 7909
f 7912 8064 8062
f 8063 7914 7911
f 8065 7914 8063
f 7915 8064 7912
f 7915 8066 8064
f 8065 7916 7914
f 8067 7916 8065
f 7917 8066 7915
f 7917 8068 8066
f 8067 7918 7916
f 8069 7918 8067
f 7919 8068 7917
f 7919 8070 8068
f 8073 8072 8071
f 8069 8073 8071
f 7920 8069 8071
f 7918 8069 7920
f 7921 8070 7919
f 7921 8074 8070
f 8077 8076 8075
f 8077 8075 8072
f 8072 8075 8071
f 8075 7923 8071
f 7923 7924 8071
f 8071 7924 7920
f 7925 8074 7921
f 7925 8078 8074
f 8075 8076 8079
f 8079 8076 8080
f 8079 7927 7923
f 8079 7923 8075
f 7928 8082 8081
f 8078 7928 8081
f 7925 7928 8078
f 8082 8083 8081
f 8086 8085 8084
f 8086 8084 8080
f 8084 8079 8080
f 8084 8087 8079
f 8087 7929 7927
f 8087 7927 8079
f 7930 8088 8082
f 7930 8082 7928
f 8083 8082 8089
f 8089 8082 8088
f 8092 8091 8090
f 8094 8093 8090
f 8090 8093 8092
f 8096 8095 8094
f 8094 8095 8093
f 8095 8096 8085
f 8096 8084 8085
f 8096 8097 8084
f 8097 7932 7933
f 8087 8097 7933
f 8084 8097 8087
f 8087 7933 7929
f 7934 8098 8088
f 7934 8088 7930
f 8089 8088 8099
f 8099 8088 8098
f 8102 8101 8100
f 8104 8103 8100
f 8100 8103 8102
f 8103 8104 8091
f 8104 8090 8091
f 8104 8105 8090
f 8090 8106 8094
f 8090 8105 8106
f 8094 8107 8096
f 8094 8106 8107
f 8107 7936 7937
f 8097 8107 7937
f 8096 8107 8097
f 8097 7937 7932
f 7939 8098 7934
f 8109 8108 7941
f 7941 8108 7939
f 8108 8099 7939
f 8099 8098 7939
f 8111 8110 8109
f 8109 8110 8108
f 8113 8112 8111
f 8111 8112 8110
f 8112 8113 8101
f 8113 8100 8101
f 8113 8114 8100
f 8100 8115 8104
f 8100 8114 8115
f 8104 8116 8105
f 8104 8115 8116
f 8105 8117 8106
f 8105 8116 8117
f 8117 7943 7944
f 8107 8117 7944
f 8106 8117 8107
f 8107 7944 7936
f 7947 8118 8109
f 7947 8109 7941
f 8109 8119 8111
f 8109 8118 8119
f 8111 8120 8113
f 8111 8119 8120
f 8113 8121 8114
f 8113 8120 8121
f 8114 8122 8115
f 8114 8121 8122
f 8122 7949 7950
f 8116 8122 7950
f 8115 8122 8116
f 8116 7950 7951
f 8116 7951 8117
f 8117 7951 7943
f 7956 8123 8118
f 7956 8118 7947
f 8118 8124 8119
f 8118 8123 8124
f 8119 8125 8120
f 8119 8124 8125
f 8120 8126 8121
f 8120 8125 8126
f 8126 7958 7959
f 8122 8126 7959
f 8121 8126 8122
f 8122 7959 7949
f 7964 8127 8123
f 7964 8123 7956
f 8123 8128 8124
f 8123 8127 8128
f 8128 7966 7967
f 8125 8128 7967
f 8124 8128 8125
f 8125 7967 7968
f 8125 7968 8126
f 8126 7968 7958
f 7974 8129 8127
f 7974 8127 7964
f 8129 7976 7977
f 8128 8129 7977
f 8127 8129 8128
f 8128 7977 7966
f 7983 8129 7974
f 8129 7983 7976
f 8132 8131 8130
f 8133 8130 8131
f 8136 8135 8134
f 8138 8137 8134
f 8138 8134 8135
f 8140 8139 8137
f 8140 8137 8138
f 8142 8141 8139
f 8142 8139 8140
f 8144 8143 8141
f 8144 8141 8142
f 8143 8144 8132
f 8143 8132 8130
f 8009 8143 8130
f 8008 8009 8130
f 8146 8145 8010
f 8146 8010 8008
f 8133 8146 8008
f 8130 8133 8008
f 8147 8145 8146
f 8136 8134 8012
f 8013 8136 8012
f 8148 8136 8013
f 8012 8134 8015
f 8015 8134 8137
f 8015 8137 8017
f 8017 8137 8139
f 8017 8139 8019
f 8019 8139 8141
f 8019 8141 8021
f 8021 8141 8143
f 8021 8143 8009
f 8145 8023 8010
f 8024 8023 8145
f 8147 8024 8145
f 8149 8024 8147
f 8152 8151 8150
f 8151 8148 8150
f 8148 8025 8150
f 8148 8013 8025
f 8149 8026 8024
f 8153 8026 8149
f 8152 8150 8028
f 8029 8152 8028
f 8154 8152 8029
f 8028 8150 8025
f 8156 8031 8155
f 8031 8153 8155
f 8031 8026 8153
f 8157 8156 8155
f 8032 8154 8029
f 8032 8158 8154
f 8156 8033 8031
f 8034 8033 8156
f 8157 8034 8156
f 8159 8034 8157
f 8035 8158 8032
f 8035 8160 8158
f 8159 8037 8034
f 8161 8037 8159
f 8038 8160 8035
f 8038 8162 8160
f 8164 8039 8163
f 8039 8161 8163
f 8039 8037 8161
f 8165 8164 8163
f 8040 8162 8038
f 8040 8166 8162
f 8167 8041 8164
f 8164 8041 8039
f 8164 8165 8168
f 8164 8168 8167
f 8042 8166 8040
f 8042 8169 8166
f 8167 8043 8041
f 8168 8170 8167
f 8170 8043 8167
f 8170 8046 8043
f 8047 8046 8170
f 8047 8170 8171
f 8048 8169 8042
f 8048 8172 8169
f 8174 8049 8173
f 8049 8171 8173
f 8049 8047 8171
f 8175 8174 8173
f 8050 8172 8048
f 8050 8176 8172
f 8174 8051 8049
f 8053 8051 8174
f 8175 8053 8174
f 8177 8053 8175
f 8054 8176 8050
f 8054 8178 8176
f 8177 8055 8053
f 8179 8055 8177
f 8056 8178 8054
f 8056 8180 8178
f 8179 8057 8055
f 8181 8057 8179
f 8058 8180 8056
f 8058 8182 8180
f 8181 8059 8057
f 8183 8059 8181
f 8060 8182 8058
f 8060 8184 8182
f 8183 8061 8059
f 8185 8061 8183
f 8062 8184 8060
f 8062 8186 8184
f 8185 8063 8061
f 8187 8063 8185
f 8064 8186 8062
f 8064 8188 8186
f 8191 8190 8189
f 8187 8191 8189
f 8065 8187 8189
f 8063 8187 8065
f 8066 8188 8064
f 8066 8192 8188
f 8189 8190 8193
f 8193 8190 8194
f 8193 8067 8065
f 8193 8065 8189
f 8068 8192 8066
f 8068 8195 8192
f 8198 8197 8196
f 8198 8196 8194
f 8196 8193 8194
f 8196 8199 8193
f 8199 8069 8067
f 8199 8067 8193
f 8070 8201 8200
f 8195 8070 8200
f 8068 8070 8195
f 8201 8202 8200
f 8196 8197 8203
f 8203 8197 8204
f 8203 8072 8073
f 8199 8203 8073
f 8196 8203 8199
f 8199 8073 8069
f 8074 8205 8201
f 8074 8201 8070
f 8202 8201 8206
f 8206 8201 8205
f 8209 8208 8207
f 8211 8210 8207
f 8207 8210 8209
f 8210 8211 8204
f 8204 8211 8203
f 8211 8076 8203
f 8076 8077 8203
f 8203 8077 8072
f 8078 8212 8205
f 8078 8205 8074
f 8206 8205 8213
f 8213 8205 8212
f 8216 8215 8214
f 8218 8217 8214
f 8214 8217 8216
f 8217 8218 8208
f 8218 8207 8208
f 8218 8219 8207
f 8207 8220 8211
f 8207 8219 8220
f 8220 8080 8076
f 8220 8076 8211
f 8081 8212 8078
f 8222 8221 8083
f 8083 8221 8081
f 8221 8213 8081
f 8213 8212 8081
f 8224 8223 8222
f 8222 8223 8221
f 8226 8225 8224
f 8224 8225 8223
f 8228 8227 8226
f 8226 8227 8225
f 8230 8229 8228
f 8228 8229 8227
f 8229 8230 8215
f 8230 8214 8215
f 8230 8231 8214
f 8214 8232 8218
f 8214 8231 8232
f 8218 8233 8219
f 8218 8232 8233
f 8233 8085 8086
f 8220 8233 8086
f 8219 8233 8220
f 8220 8086 8080
f 8089 8234 8222
f 8089 8222 8083
f 8222 8235 8224
f 8222 8234 8235
f 8224 8236 8226
f 8224 8235 8236
f 8226 8237 8228
f 8226 8236 8237
f 8228 8238 8230
f 8228 8237 8238
f 8238 8091 8092
f 8231 8238 8092
f 8230 8238 8231
f 8231 8092 8093
f 8231 8093 8232
f 8232 8093 8095
f 8232 8095 8233
f 8233 8095 8085
f 8099 8239 8234
f 8099 8234 8089
f 8234 8240 8235
f 8234 8239 8240
f 8235 8241 8236
f 8235 8240 8241
f 8241 8101 8102
f 8237 8241 8102
f 8236 8241 8237
f 8237 8102 8103
f 8237 8103 8238
f 8238 8103 8091
f 8108 8239 8099
f 8239 8108 8110
f 8239 8110 8240
f 8240 8110 8112
f 8240 8112 8241
f 8241 8112 8101
f 8244 8243 8242
f 8245 8242 8243
f 8248 8247 8246
f 8250 8249 8246
f 8250 8246 8247
f 8252 8251 8249
f 8252 8249 8250
f 8254 8253 8251
f 8254 8251 8252
f 8256 8255 8253
f 8256 8253 8254
f 8255 8256 8244
f 8255 8244 8242
f 8132 8255 8242
f 8131 8132 8242
f 8258 8257 8133
f 8258 8133 8131
f 8245 8258 8131
f 8242 8245 8131
f 8259 8257 8258
f 8248 8246 8135
f 8136 8248 8135
f 8260 8248 8136
f 8135 8246 8138
f 8138 8246 8249
f 8138 8249 8140
f 8140 8249 8251
f 8140 8251 8142
f 8142 8251 8253
f 8142 8253 8144
f 8144 8253 8255
f 8144 8255 8132
f 8257 8146 8133
f 8147 8146 8257
f 8259 8147 8257
f 8261 8147 8259
f 8264 8263 8262
f 8263 8260 8262
f 8260 8148 8262
f 8260 8136 8148
f 8266 8149 8265
f 8149 8261 8265
f 8149 8147 8261
f 8267 8266 8265
f 8264 8262 8151
f 8152 8264 8151
f 8268 8264 8152
f 8151 8262 8148
f 8269 8153 8266
f 8266 8153 8149
f 8266 8267 8270
f 8266 8270 8269
f 8154 8268 8152
f 8154 8271 8268
f 8269 8155 8153
f 8157 8155 8269
f 8270 8157 8269
f 8272 8157 8270
f 8158 8271 8154
f 8158 8273 8271
f 8272 8159 8157
f 8274 8159 8272
f 8160 8273 8158
f 8160 8275 8273
f 8277 8161 8276
f 8161 8274 8276
f 8161 8159 8274
f 8278 8277 8276
f 8162 8275 8160
f 8162 8279 8275
f 8277 8163 8161
f 8165 8163 8277
f 8278 8165 8277
f 8280 8165 8278
f 8166 8279 8162
f 8166 8281 8279
f 8283 8168 8282
f 8168 8280 8282
f 8168 8165 8280
f 8284 8283 8282
f 8169 8281 8166
f 8169 8285 8281
f 8283 8170 8168
f 8287 8286 8171
f 8287 8171 8170
f 8284 8287 8170
f 8283 8284 8170
f 8288 8286 8287
f 8172 8285 8169
f 8172 8289 8285
f 8286 8173 8171
f 8175 8173 8286
f 8288 8175 8286
f 8290 8175 8288
f 8176 8289 8172
f 8176 8291 8289
f 8290 8177 8175
f 8292 8177 8290
f 8178 8291 8176
f 8178 8293 8291
f 8292 8179 8177
f 8294 8179 8292
f 8180 8293 8178
f 8180 8295 8293
f 8294 8181 8179
f 8296 8181 8294
f 8182 8295 8180
f 8182 8297 8295
f 8296 8183 8181
f 8298 8183 8296
f 8184 8297 8182
f 8184 8299 8297
f 8302 8301 8300
f 8298 8302 8300
f 8185 8298 8300
f 8183 8298 8185
f 8186 8304 8303
f 8299 8186 8303
f 8184 8186 8299
f 8304 8305 8303
f 8300 8301 8306
f 8306 8301 8307
f 8306 8187 8185
f 8306 8185 8300
f 8188 8308 8304
f 8188 8304 8186
f 8305 8304 8309
f 8309 8304 8308
f 8312 8311 8310
f 8312 8310 8307
f 8307 8310 8306
f 8310 8190 8306
f 8190 8191 8306
f 8306 8191 8187
f 8192 8313 8308
f 8192 8308 8188
f 8309 8308 8314
f 8314 8308 8313
f 8310 8311 8315
f 8315 8311 8316
f 8315 8194 8190
f 8315 8190 8310
f 8195 8317 8313
f 8195 8313 8192
f 8314 8313 8318
f 8318 8313 8317
f 8321 8320 8319
f 8323 8322 8319
f 8319 8322 8321
f 8322 8323 8316
f 8316 8323 8315
f 8323 8197 8315
f 8197 8198 8315
f 8315 8198 8194
f 8200 8317 8195
f 8325 8324 8202
f 8202 8324 8200
f 8324 8318 8200
f 8318 8317 8200
f 8327 8326 8325
f 8325 8326 8324
f 8329 8328 8327
f 8327 8328 8326
f 8331 8330 8329
f 8329 8330 8328
f 8333 8332 8331
f 8331 8332 8330
f 8335 8334 8333
f 8333 8334 8332
f 8337 8336 8335
f 8335 8336 8334
f 8336 8337 8320
f 8337 8319 8320
f 8337 8338 8319
f 8319 8339 8323
f 8319 8338 8339
f 8339 8204 8197
f 8339 8197 8323
f 8206 8340 8325
f 8206 8325 8202
f 8325 8341 8327
f 8325 8340 8341
f 8327 8342 8329
f 8327 8341 8342
f 8329 8343 8331
f 8329 8342 8343
f 8331 8344 8333
f 8331 8343 8344
f 8333 8345 8335
f 8333 8344 8345
f 8335 8346 8337
f 8335 8345 8346
f 8346 8208 8209
f 8338 8346 8209
f 8337 8346 8338
f 8338 8209 8210
f 8338 8210 8339
f 8339 8210 8204
f 8213 8347 8340
f 8213 8340 8206
f 8340 8348 8341
f 8340 8347 8348
f 8341 8349 8342
f 8341 8348 8349
f 8342 8350 8343
f 8342 8349 8350
f 8343 8351 8344
f 8343 8350 8351
f 8351 8215 8216
f 8345 8351 8216
f 8344 8351 8345
f 8345 8216 8217
f 8345 8217 8346
f 8346 8217 8208
f 8221 8347 8213
f 8347 8221 8223
f 8347 8223 8348
f 8348 8223 8225
f 8348 8225 8349
f 8349 8225 8227
f 8349 8227 8350
f 8350 8227 8229
f 8350 8229 8351
f 8351 8229 8215
f 8354 8353 8352
f 8355 8352 8353
f 8358 8357 8356
f 8356 8357 8354
f 8352 8356 8354
f 8359 8356 8352
f 8352 8355 8360
f 8352 8360 8359
f 8363 8362 8361
f 8365 8364 8361
f 8365 8361 8362
f 8367 8366 8364
f 8367 8364 8365
f 8369 8368 8366
f 8369 8366 8367
f 8368 8369 8358
f 8356 8368 8358
f 8370 8368 8356
f 8244 8370 8243
f 8370 8359 8243
f 8370 8356 8359
f 8372 8371 8245
f 8372 8245 8243
f 8360 8372 8243
f 8359 8360 8243
f 8373 8371 8372
f 8376 8375 8374
f 8374 8375 8363
f 8374 8363 8361
f 8248 8374 8361
f 8247 8248 8361
f 8247 8361 8250
f 8250 8361 8364
f 8250 8364 8252
f 8252 8364 8366
f 8252 8366 8254
f 8254 8366 8368
f 8254 8368 8256
f 8256 8368 8370
f 8256 8370 8244
f 8371 8258 8245
f 8378 8377 8259
f 8378 8259 8258
f 8373 8378 8258
f 8371 8373 8258
f 8379 8377 8378
f 8376 8374 8380
f 8376 8380 8381
f 8260 8380 8248
f 8248 8380 8374
f 8382 8261 8377
f 8377 8261 8259
f 8377 8379 8383
f 8377 8383 8382
f 8381 8380 8263
f 8264 8381 8263
f 8384 8381 8264
f 8263 8380 8260
f 8382 8265 8261
f 8267 8265 8382
f 8383 8267 8382
f 8385 8267 8383
f 8268 8384 8264
f 8268 8386 8384
f 8385 8270 8267
f 8387 8270 8385
f 8271 8386 8268
f 8271 8388 8386
f 8387 8272 8270
f 8389 8272 8387
f 8273 8388 8271
f 8273 8390 8388
f 8392 8274 8391
f 8274 8389 8391
f 8274 8272 8389
f 8393 8392 8391
f 8275 8390 8273
f 8275 8394 8390
f 8392 8276 8274
f 8278 8276 8392
f 8393 8278 8392
f 8395 8278 8393
f 8279 8394 8275
f 8279 8396 8394
f 8398 8280 8397
f 8280 8395 8397
f 8280 8278 8395
f 8399 8398 8397
f 8281 8396 8279
f 8281 8400 8396
f 8398 8282 8280
f 8402 8401 8284
f 8402 8284 8282
f 8399 8402 8282
f 8398 8399 8282
f 8403 8401 8402
f 8285 8400 8281
f 8285 8404 8400
f 8401 8287 8284
f 8288 8287 8401
f 8403 8288 8401
f 8405 8288 8403
f 8289 8404 8285
f 8289 8406 8404
f 8405 8290 8288
f 8407 8290 8405
f 8291 8406 8289
f 8291 8408 8406
f 8411 8410 8409
f 8407 8411 8409
f 8292 8407 8409
f 8290 8407 8292
f 8293 8413 8412
f 8408 8293 8412
f 8291 8293 8408
f 8413 8414 8412
f 8409 8410 8415
f 8415 8410 8416
f 8415 8294 8292
f 8415 8292 8409
f 8295 8417 8413
f 8295 8413 8293
f 8414 8413 8418
f 8418 8413 8417
f 8415 8416 8419
f 8419 8416 8420
f 8419 8296 8294
f 8419 8294 8415
f 8297 8421 8417
f 8297 8417 8295
f 8418 8417 8422
f 8422 8417 8421
f 8425 8424 8423
f 8425 8423 8420
f 8423 8419 8420
f 8423 8426 8419
f 8426 8298 8296
f 8426 8296 8419
f 8299 8427 8421
f 8299 8421 8297
f 8422 8421 8428
f 8428 8421 8427
f 8423 8424 8429
f 8429 8424 8430
f 8429 8301 8302
f 8426 8429 8302
f 8423 8429 8426
f 8426 8302 8298
f 8303 8427 8299
f 8303 8305 8427
f 8305 8428 8427
f 8305 8431 8428
f 8429 8430 8432
f 8432 8430 8433
f 8432 8307 8301
f 8432 8301 8429
f 8309 8431 8305
f 8309 8434 8431
f 8437 8436 8435
f 8439 8438 8435
f 8435 8438 8437
f 8438 8439 8433
f 8433 8439 8432
f 8439 8311 8432
f 8311 8312 8432
f 8432 8312 8307
f 8314 8441 8440
f 8434 8314 8440
f 8309 8314 8434
f 8443 8442 8441
f 8441 8442 8440
f 8445 8444 8443
f 8443 8444 8442
f 8447 8446 8445
f 8445 8446 8444
f 8449 8448 8447
f 8447 8448 8446
f 8451 8450 8449
f 8449 8450 8448
f 8453 8452 8451
f 8451 8452 8450
f 8452 8453 8436
f 8453 8435 8436
f 8453 8454 8435
f 8435 8455 8439
f 8435 8454 8455
f 8455 8316 8311
f 8455 8311 8439
f 8318 8456 8441
f 8318 8441 8314
f 8441 8457 8443
f 8441 8456 8457
f 8443 8458 8445
f 8443 8457 8458
f 8445 8459 8447
f 8445 8458 8459
f 8447 8460 8449
f 8447 8459 8460
f 8449 8461 8451
f 8449 8460 8461
f 8451 8462 8453
f 8451 8461 8462
f 8462 8320 8321
f 8454 8462 8321
f 8453 8462 8454
f 8454 8321 8322
f 8454 8322 8455
f 8455 8322 8316
f 8324 8456 8318
f 8456 8324 8326
f 8456 8326 8457
f 8457 8326 8328
f 8457 8328 8458
f 8458 8328 8330
f 8458 8330 8459
f 8459 8330 8332
f 8459 8332 8460
f 8460 8332 8334
f 8460 8334 8461
f 8461 8334 8336
f 8461 8336 8462
f 8462 8336 8320
f 8465 8464 8463
f 8466 8463 8464
f 8467 8465 8463
f 8467 8463 8466
f 8470 8469 8468
f 8472 8471 8468
f 8472 8468 8469
f 8473 8471 8472
f 8476 8475 8474
f 8474 8475 8470
f 8468 8474 8470
f 8477 8474 8468
f 8478 8468 8471
f 8477 8468 8478
f 8471 8473 8479
f 8471 8479 8478
f 8482 8481 8480
f 8484 8483 8480
f 8484 8480 8481
f 8486 8485 8483
f 8486 8483 8484
f 8488 8487 8485
f 8488 8485 8486
f 8487 8488 8476
f 8474 8487 8476
f 8489 8487 8474
f 8490 8474 8477
f 8489 8474 8490
f 8354 8490 8353
f 8490 8478 8353
f 8490 8477 8478
f 8492 8491 8355
f 8492 8355 8353
f 8479 8492 8353
f 8478 8479 8353
f 8493 8491 8492
f 8482 8480 8494
f 8482 8494 8495
f 8496 8480 8483
f 8494 8480 8496
f 8497 8483 8485
f 8496 8483 8497
f 8498 8485 8487
f 8497 8485 8498
f 8499 8487 8489
f 8498 8487 8499
f 8358 8499 8357
f 8499 8490 8357
f 8499 8489 8490
f 8357 8490 8354
f 8500 8360 8491
f 8491 8360 8355
f 8491 8493 8501
f 8502 8491 8501
f 8500 8491 8502
f 8503 8502 8501
f 8495 8494 8504
f 8495 8504 8505
f 8363 8504 8362
f 8504 8496 8362
f 8504 8494 8496
f 8362 8496 8365
f 8365 8496 8497
f 8365 8497 8367
f 8367 8497 8498
f 8367 8498 8369
f 8369 8498 8499
f 8369 8499 8358
f 8500 8372 8360
f 8372 8500 8373
f 8500 8506 8373
f 8500 8502 8506
f 8502 8503 8507
f 8502 8507 8506
f 8505 8504 8375
f 8376 8505 8375
f 8508 8505 8376
f 8375 8504 8363
f 8506 8378 8373
f 8379 8378 8506
f 8507 8379 8506
f 8509 8379 8507
f 8381 8508 8376
f 8381 8510 8508
f 8509 8383 8379
f 8511 8383 8509
f 8384 8510 8381
f 8384 8512 8510
f 8511 8385 8383
f 8513 8385 8511
f 8386 8512 8384
f 8386 8514 8512
f 8516 8387 8515
f 8387 8513 8515
f 8387 8385 8513
f 8517 8516 8515
f 8388 8514 8386
f 8388 8518 8514
f 8519 8389 8516
f 8516 8389 8387
f 8516 8517 8520
f 8516 8520 8519
f 8390 8518 8388
f 8390 8521 8518
f 8519 8391 8389
f 8393 8391 8519
f 8520 8393 8519
f 8522 8393 8520
f 8394 8521 8390
f 8394 8523 8521
f 8525 8395 8524
f 8395 8522 8524
f 8395 8393 8522
f 8526 8525 8524
f 8396 8523 8394
f 8396 8527 8523
f 8525 8397 8395
f 8399 8397 8525
f 8526 8399 8525
f 8528 8399 8526
f 8400 8530 8529
f 8527 8400 8529
f 8396 8400 8527
f 8530 8531 8529
f 8402 8399 8532
f 8399 8533 8532
f 8399 8528 8533
f 8532 8403 8402
f 8404 8534 8530
f 8404 8530 8400
f 8531 8530 8535
f 8535 8530 8534
f 8532 8533 8536
f 8536 8533 8537
f 8536 8405 8403
f 8536 8403 8532
f 8406 8538 8534
f 8406 8534 8404
f 8535 8534 8539
f 8539 8534 8538
f 8536 8537 8540
f 8540 8537 8541
f 8540 8407 8405
f 8540 8405 8536
f 8408 8542 8538
f 8408 8538 8406
f 8539 8538 8543
f 8543 8538 8542
f 8546 8545 8544
f 8546 8544 8541
f 8541 8544 8540
f 8544 8410 8540
f 8410 8411 8540
f 8540 8411 8407
f 8412 8542 8408
f 8412 8414 8542
f 8414 8543 8542
f 8414 8547 8543
f 8544 8545 8548
f 8548 8545 8549
f 8548 8416 8410
f 8548 8410 8544
f 8418 8547 8414
f 8418 8550 8547
f 8548 8549 8551
f 8551 8549 8552
f 8551 8420 8416
f 8551 8416 8548
f 8422 8554 8553
f 8550 8422 8553
f 8418 8422 8550
f 8554 8555 8553
f 8558 8557 8556
f 8558 8556 8552
f 8552 8556 8551
f 8556 8424 8551
f 8424 8425 8551
f 8551 8425 8420
f 8428 8559 8554
f 8428 8554 8422
f 8555 8554 8560
f 8560 8554 8559
f 8556 8557 8561
f 8561 8557 8562
f 8561 8430 8424
f 8561 8424 8556
f 8431 8563 8559
f 8431 8559 8428
f 8560 8559 8564
f 8559 8565 8564
f 8559 8563 8565
f 8567 8566 8565
f 8565 8566 8564
f 8569 8568 8567
f 8567 8568 8566
f 8571 8570 8569
f 8569 8570 8568
f 8573 8572 8571
f 8571 8572 8570
f 8575 8574 8573
f 8573 8574 8572
f 8577 8576 8575
f 8575 8576 8574
f 8576 8577 8562
f 8577 8561 8562
f 8577 8578 8561
f 8578 8433 8430
f 8578 8430 8561
f 8434 8579 8563
f 8434 8563 8431
f 8563 8580 8565
f 8563 8579 8580
f 8565 8581 8567
f 8565 8580 8581
f 8567 8582 8569
f 8567 8581 8582
f 8569 8583 8571
f 8569 8582 8583
f 8571 8584 8573
f 8571 8583 8584
f 8573 8585 8575
f 8573 8584 8585
f 8585 8436 8437
f 8577 8585 8437
f 8575 8585 8577
f 8577 8437 8438
f 8577 8438 8578
f 8578 8438 8433
f 8440 8579 8434
f 8579 8440 8442
f 8579 8442 8580
f 8580 8442 8444
f 8580 8444 8581
f 8581 8444 8446
f 8581 8446 8582
f 8582 8446 8448
f 8582 8448 8583
f 8583 8448 8450
f 8583 8450 8584
f 8584 8450 8452
f 8584 8452 8585
f 8585 8452 8436
f 8588 8587 8586
f 8590 8589 8586
f 8590 8586 8587
f 8592 8591 8589
f 8592 8589 8590
f 8593 8591 8592
f 8596 8595 8594
f 8598 8597 8594
f 8598 8594 8595
f 8597 8598 8588
f 8586 8597 8588
f 8599 8597 8586
f 8600 8586 8589
f 8599 8586 8600
f 8601 8589 8591
f 8600 8589 8601
f 8591 8593 8602
f 8603 8591 8602
f 8601 8591 8603
f 8604 8603 8602
f 8607 8606 8605
f 8605 8606 8596
f 8594 8605 8596
f 8608 8605 8594
f 8609 8594 8597
f 8608 8594 8609
f 8610 8597 8599
f 8609 8597 8610
f 8611 8599 8600
f 8610 8599 8611
f 8612 8600 8601
f 8611 8600 8612
f 8613 8601 8603
f 8612 8601 8613
f 8603 8604 8614
f 8603 8614 8613
f 8607 8605 8615
f 8607 8615 8616
f 8617 8605 8608
f 8615 8605 8617
f 8618 8608 8609
f 8617 8608 8618
f 8619 8609 8610
f 8618 8609 8619
f 8620 8610 8611
f 8619 8610 8620
f 8465 8620 8464
f 8620 8612 8464
f 8620 8611 8612
f 8464 8612 8466
f 8612 8621 8466
f 8612 8613 8621
f 8613 8614 8622
f 8613 8622 8621
f 8616 8615 8623
f 8616 8623 8624
f 8625 8615 8617
f 8623 8615 8625
f 8626 8617 8618
f 8625 8617 8626
f 8627 8618 8619
f 8626 8618 8627
f 8628 8619 8620
f 8627 8619 8628
f 8467 8629 8465
f 8629 8620 8465
f 8629 8628 8620
f 8466 8621 8467
f 8621 8629 8467
f 8621 8630 8629
f 8621 8622 8631
f 8621 8631 8630
f 8632 8624 8623
f 8634 8633 8632
f 8623 8634 8632
f 8625 8634 8623
f 8635 8625 8626
f 8634 8625 8635
f 8636 8626 8627
f 8635 8626 8636
f 8637 8627 8628
f 8636 8627 8637
f 8638 8628 8629
f 8637 8628 8638
f 8639 8629 8630
f 8638 8629 8639
f 8630 8631 8640
f 8630 8640 8639
f 8633 8634 8641
f 8633 8641 8642
f 8643 8634 8635
f 8641 8634 8643
f 8644 8635 8636
f 8643 8635 8644
f 8645 8636 8637
f 8644 8636 8645
f 8646 8637 8638
f 8645 8637 8646
f 8647 8638 8639
f 8646 8638 8647
f 8639 8640 8648
f 8649 8639 8648
f 8647 8639 8649
f 8650 8649 8648
f 8642 8641 8651
f 8642 8651 8652
f 8653 8641 8643
f 8651 8641 8653
f 8654 8643 8644
f 8653 8643 8654
f 8655 8644 8645
f 8654 8644 8655
f 8656 8645 8646
f 8655 8645 8656
f 8470 8656 8469
f 8656 8647 8469
f 8656 8646 8647
f 8469 8647 8472
f 8472 8647 8649
f 8473 8472 8649
f 8650 8473 8649
f 8657 8473 8650
f 8652 8651 8658
f 8652 8658 8659
f 8660 8651 8653
f 8658 8651 8660
f 8661 8653 8654
f 8660 8653 8661
f 8662 8654 8655
f 8661 8654 8662
f 8476 8662 8475
f 8662 8656 8475
f 8662 8655 8656
f 8475 8656 8470
f 8664 8479 8663
f 8479 8657 8663
f 8479 8473 8657
f 8665 8664 8663
f 8659 8658 8481
f 8482 8659 8481
f 8666 8659 8482
f 8481 8658 8484
f 8484 8658 8660
f 8484 8660 8486
f 8486 8660 8661
f 8486 8661 8488
f 8488 8661 8662
f 8488 8662 8476
f 8664 8492 8479
f 8668 8667 8493
f 8668 8493 8492
f 8665 8668 8492
f 8664 8665 8492
f 8669 8667 8668
f 8495 8666 8482
f 8495 8670 8666
f 8667 8501 8493
f 8503 8501 8667
f 8669 8503 8667
f 8671 8503 8669
f 8505 8670 8495
f 8505 8672 8670
f 8671 8507 8503
f 8673 8507 8671
f 8508 8672 8505
f 8508 8674 8672
f 8673 8509 8507
f 8675 8509 8673
f 8510 8674 8508
f 8510 8676 8674
f 8678 8511 8677
f 8511 8675 8677
f 8511 8509 8675
f 8679 8678 8677
f 8512 8676 8510
f 8512 8680 8676
f 8681 8513 8678
f 8678 8513 8511
f 8678 8679 8682
f 8678 8682 8681
f 8514 8680 8512
f 8514 8683 8680
f 8681 8515 8513
f 8517 8515 8681
f 8682 8517 8681
f 8684 8517 8682
f 8518 8683 8514
f 8518 8685 8683
f 8684 8520 8517
f 8686 8520 8684
f 8521 8685 8518
f 8521 8687 8685
f 8689 8522 8688
f 8522 8686 8688
f 8522 8520 8686
f 8690 8689 8688
f 8523 8692 8691
f 8687 8523 8691
f 8521 8523 8687
f 8692 8693 8691
f 8689 8524 8522
f 8526 8524 8689
f 8690 8526 8689
f 8694 8526 8690
f 8527 8695 8692
f 8527 8692 8523
f 8693 8692 8696
f 8696 8692 8695
f 8694 8528 8526
f 8697 8528 8694
f 8529 8695 8527
f 8529 8531 8695
f 8531 8696 8695
f 8531 8698 8696
f 8697 8533 8528
f 8699 8533 8697
f 8535 8698 8531
f 8535 8700 8698
f 8699 8537 8533
f 8701 8537 8699
f 8539 8700 8535
f 8539 8702 8700
f 8705 8704 8703
f 8701 8705 8703
f 8541 8701 8703
f 8537 8701 8541
f 8543 8707 8706
f 8702 8543 8706
f 8539 8543 8702
f 8707 8708 8706
f 8703 8704 8546
f 8704 8545 8546
f 8704 8709 8545
f 8703 8546 8541
f 8547 8710 8707
f 8547 8707 8543
f 8708 8707 8711
f 8707 8712 8711
f 8707 8710 8712
f 8712 8713 8711
f 8716 8715 8714
f 8709 8716 8714
f 8549 8709 8714
f 8545 8709 8549
f 8550 8717 8710
f 8550 8710 8547
f 8710 8718 8712
f 8710 8717 8718
f 8713 8712 8719
f 8712 8720 8719
f 8712 8718 8720
f 8720 8721 8719
f 8714 8715 8722
f 8722 8715 8723
f 8722 8552 8549
f 8722 8549 8714
f 8553 8717 8550
f 8717 8553 8555
f 8724 8717 8555
f 8718 8717 8724
f 8718 8725 8720
f 8718 8724 8725
f 8721 8720 8726
f 8720 8727 8726
f 8720 8725 8727
f 8729 8728 8727
f 8727 8728 8726
f 8731 8730 8729
f 8729 8730 8728
f 8733 8732 8731
f 8731 8732 8730
f 8735 8734 8733
f 8733 8734 8732
f 8734 8735 8723
f 8723 8735 8722
f 8735 8557 8722
f 8557 8558 8722
f 8722 8558 8552
f 8560 8736 8724
f 8560 8724 8555
f 8724 8737 8725
f 8724 8736 8737
f 8725 8738 8727
f 8725 8737 8738
f 8727 8739 8729
f 8727 8738 8739
f 8729 8740 8731
f 8729 8739 8740
f 8731 8741 8733
f 8731 8740 8741
f 8733 8742 8735
f 8733 8741 8742
f 8742 8562 8557
f 8742 8557 8735
f 8564 8736 8560
f 8736 8564 8566
f 8736 8566 8737
f 8737 8566 8568
f 8737 8568 8738
f 8738 8568 8570
f 8738 8570 8739
f 8739 8570 8572
f 8739 8572 8740
f 8740 8572 8574
f 8740 8574 8741
f 8741 8574 8576
f 8741 8576 8742
f 8742 8576 8562
f 8745 8744 8743
f 8747 8746 8743
f 8747 8743 8744
f 8748 8746 8747
f 8751 8750 8749
f 8749 8750 8745
f 8749 8745 8743
f 8588 8749 8743
f 8587 8588 8743
f 8587 8743 8590
f 8590 8743 8746
f 8748 8752 8746
f 8752 8590 8746
f 8752 8592 8590
f 8593 8592 8752
f 8593 8752 8753
f 8755 8754 8595
f 8755 8595 8596
f 8749 8598 8751
f 8598 8754 8751
f 8598 8595 8754
f 8598 8749 8588
f 8753 8756 8593
f 8593 8756 8602
f 8604 8602 8756
f 8604 8756 8757
f 8607 8758 8606
f 8758 8759 8606
f 8759 8596 8606
f 8759 8755 8596
f 8757 8614 8604
f 8760 8614 8757
f 8616 8761 8758
f 8616 8758 8607
f 8759 8758 8762
f 8762 8758 8761
f 8760 8622 8614
f 8763 8622 8760
f 8765 8764 8761
f 8616 8765 8761
f 8624 8765 8616
f 8761 8764 8762
f 8763 8631 8622
f 8766 8631 8763
f 8624 8632 8767
f 8768 8624 8767
f 8765 8624 8768
f 8633 8767 8632
f 8770 8640 8769
f 8640 8766 8769
f 8640 8631 8766
f 8771 8770 8769
f 8772 8768 8767
f 8767 8633 8772
f 8633 8773 8772
f 8633 8642 8773
f 8770 8648 8640
f 8650 8648 8770
f 8771 8650 8770
f 8774 8650 8771
f 8652 8773 8642
f 8652 8775 8773
f 8777 8657 8776
f 8657 8774 8776
f 8657 8650 8774
f 8778 8777 8776
f 8659 8775 8652
f 8659 8779 8775
f 8777 8663 8657
f 8665 8663 8777
f 8778 8665 8777
f 8780 8665 8778
f 8666 8779 8659
f 8666 8781 8779
f 8780 8782 8665
f 8665 8782 8668
f 8669 8668 8782
f 8669 8782 8783
f 8670 8781 8666
f 8670 8784 8781
f 8783 8671 8669
f 8785 8671 8783
f 8672 8784 8670
f 8672 8786 8784
f 8785 8673 8671
f 8787 8673 8785
f 8674 8786 8672
f 8674 8788 8786
f 8790 8675 8789
f 8675 8787 8789
f 8675 8673 8787
f 8791 8790 8789
f 8676 8788 8674
f 8676 8792 8788
f 8790 8677 8675
f 8679 8677 8790
f 8791 8679 8790
f 8793 8679 8791
f 8680 8792 8676
f 8680 8794 8792
f 8793 8682 8679
f 8795 8682 8793
f 8683 8794 8680
f 8683 8796 8794
f 8795 8684 8682
f 8797 8684 8795
f 8685 8796 8683
f 8685 8798 8796
f 8797 8686 8684
f 8799 8686 8797
f 8687 8801 8800
f 8798 8687 8800
f 8685 8687 8798
f 8801 8802 8800
f 8688 8686 8803
f 8686 8804 8803
f 8686 8799 8804
f 8803 8690 8688
f 8691 8801 8687
f 8691 8693 8801
f 8693 8802 8801
f 8693 8805 8802
f 8803 8804 8806
f 8806 8804 8807
f 8806 8694 8690
f 8806 8690 8803
f 8696 8805 8693
f 8696 8808 8805
f 8806 8807 8809
f 8809 8807 8810
f 8809 8697 8694
f 8809 8694 8806
f 8698 8808 8696
f 8698 8811 8808
f 8809 8810 8812
f 8812 8810 8813
f 8812 8699 8697
f 8812 8697 8809
f 8700 8815 8814
f 8811 8700 8814
f 8698 8700 8811
f 8815 8816 8814
f 8812 8813 8817
f 8817 8813 8818
f 8817 8701 8699
f 8817 8699 8812
f 8702 8819 8815
f 8702 8815 8700
f 8816 8815 8820
f 8815 8821 8820
f 8815 8819 8821
f 8821 8822 8820
f 8825 8824 8823
f 8825 8823 8818
f 8818 8823 8817
f 8823 8704 8817
f 8704 8705 8817
f 8817 8705 8701
f 8706 8819 8702
f 8819 8706 8708
f 8826 8819 8708
f 8821 8819 8826
f 8822 8821 8827
f 8821 8828 8827
f 8821 8826 8828
f 8828 8829 8827
f 8823 8824 8830
f 8830 8824 8831
f 8830 8709 8704
f 8830 8704 8823
f 8711 8826 8708
f 8826 8711 8713
f 8832 8826 8713
f 8828 8826 8832
f 8829 8828 8833
f 8828 8834 8833
f 8828 8832 8834
f 8836 8835 8834
f 8834 8835 8833
f 8838 8837 8836
f 8836 8837 8835
f 8840 8839 8838
f 8838 8839 8837
f 8842 8841 8840
f 8840 8841 8839
f 8841 8842 8831
f 8831 8842 8830
f 8842 8715 8830
f 8715 8716 8830
f 8830 8716 8709
f 8719 8832 8713
f 8832 8719 8721
f 8843 8832 8721
f 8834 8832 8843
f 8834 8844 8836
f 8834 8843 8844
f 8836 8845 8838
f 8836 8844 8845
f 8838 8846 8840
f 8838 8845 8846
f 8840 8847 8842
f 8840 8846 8847
f 8847 8723 8715
f 8847 8715 8842
f 8726 8843 8721
f 8843 8726 8728
f 8843 8728 8844
f 8844 8728 8730
f 8844 8730 8845
f 8845 8730 8732
f 8845 8732 8846
f 8846 8732 8734
f 8846 8734 8847
f 8847 8734 8723
f 8745 8848 8744
f 8849 8747 8744
f 8849 8744 8848
f 8849 8748 8747
f 8751 8850 8750
f 8848 8745 8750
f 8850 8848 8750
f 8851 8848 8850
f 8853 8849 8852
f 8849 8851 8852
f 8849 8848 8851
f 8849 8853 8748
f 8853 8752 8748
f 8853 8854 8752
f 8753 8752 8854
f 8753 8854 8855
f 8755 8856 8754
f 8850 8751 8754
f 8856 8850 8754
f 8857 8850 8856
f 8859 8851 8858
f 8851 8857 8858
f 8851 8850 8857
f 8851 8859 8852
f 8855 8860 8753
f 8753 8860 8756
f 8757 8756 8860
f 8757 8860 8861
f 8759 8862 8856
f 8759 8856 8755
f 8856 8863 8857
f 8856 8862 8863
f 8858 8857 8864
f 8864 8857 8863
f 8861 8760 8757
f 8865 8760 8861
f 8762 8866 8862
f 8762 8862 8759
f 8868 8863 8867
f 8863 8866 8867
f 8863 8862 8866
f 8863 8868 8864
f 8870 8763 8869
f 8763 8865 8869
f 8763 8760 8865
f 8871 8870 8869
f 8765 8872 8764
f 8866 8762 8764
f 8872 8866 8764
f 8873 8866 8872
f 8867 8866 8874
f 8874 8866 8873
f 8875 8766 8870
f 8870 8766 8763
f 8870 8871 8876
f 8870 8876 8875
f 8768 8877 8872
f 8768 8872 8765
f 8879 8873 8878
f 8873 8877 8878
f 8873 8872 8877
f 8873 8879 8874
f 8875 8769 8766
f 8771 8769 8875
f 8876 8771 8875
f 8880 8771 8876
f 8772 8877 8768
f 8772 8773 8877
f 8773 8878 8877
f 8773 8881 8878
f 8883 8774 8882
f 8774 8880 8882
f 8774 8771 8880
f 8884 8883 8882
f 8775 8881 8773
f 8775 8885 8881
f 8883 8776 8774
f 8778 8776 8883
f 8884 8778 8883
f 8886 8778 8884
f 8779 8885 8775
f 8779 8887 8885
f 8889 8780 8888
f 8780 8886 8888
f 8780 8778 8886
f 8890 8889 8888
f 8781 8887 8779
f 8781 8891 8887
f 8889 8782 8780
f 8783 8782 8889
f 8890 8783 8889
f 8892 8783 8890
f 8784 8891 8781
f 8784 8893 8891
f 8892 8785 8783
f 8894 8785 8892
f 8786 8893 8784
f 8786 8895 8893
f 8894 8787 8785
f 8896 8787 8894
f 8788 8895 8786
f 8788 8897 8895
f 8896 8898 8787
f 8787 8898 8789
f 8791 8789 8898
f 8791 8898 8899
f 8792 8897 8788
f 8792 8900 8897
f 8899 8793 8791
f 8901 8793 8899
f 8794 8900 8792
f 8794 8902 8900
f 8901 8795 8793
f 8903 8795 8901
f 8796 8902 8794
f 8796 8904 8902
f 8903 8797 8795
f 8905 8797 8903
f 8798 8907 8906
f 8904 8798 8906
f 8796 8798 8904
f 8907 8908 8906
f 8905 8799 8797
f 8909 8799 8905
f 8800 8907 8798
f 8800 8802 8907
f 8802 8908 8907
f 8802 8910 8908
f 8909 8804 8799
f 8911 8804 8909
f 8805 8913 8912
f 8910 8805 8912
f 8802 8805 8910
f 8913 8914 8912
f 8911 8807 8804
f 8915 8807 8911
f 8808 8916 8913
f 8808 8913 8805
f 8914 8913 8917
f 8913 8918 8917
f 8913 8916 8918
f 8918 8919 8917
f 8922 8921 8920
f 8915 8922 8920
f 8810 8915 8920
f 8807 8915 8810
f 8811 8923 8916
f 8811 8916 8808
f 8916 8924 8918
f 8916 8923 8924
f 8919 8918 8925
f 8918 8926 8925
f 8918 8924 8926
f 8926 8927 8925
f 8920 8921 8928
f 8928 8921 8929
f 8928 8813 8810
f 8928 8810 8920
f 8814 8923 8811
f 8923 8814 8816
f 8930 8923 8816
f 8924 8923 8930
f 8924 8931 8926
f 8924 8930 8931
f 8927 8926 8932
f 8926 8933 8932
f 8926 8931 8933
f 8933 8934 8932
f 8937 8936 8935
f 8937 8935 8929
f 8935 8928 8929
f 8935 8938 8928
f 8938 8818 8813
f 8938 8813 8928
f 8820 8930 8816
f 8930 8820 8822
f 8939 8930 8822
f 8931 8930 8939
f 8931 8940 8933
f 8931 8939 8940
f 8934 8933 8941
f 8933 8942 8941
f 8933 8940 8942
f 8944 8943 8942
f 8942 8943 8941
f 8946 8945 8944
f 8944 8945 8943
f 8945 8946 8936
f 8946 8935 8936
f 8946 8947 8935
f 8947 8824 8825
f 8938 8947 8825
f 8935 8947 8938
f 8938 8825 8818
f 8827 8939 8822
f 8939 8827 8829
f 8948 8939 8829
f 8940 8939 8948
f 8940 8949 8942
f 8940 8948 8949
f 8942 8950 8944
f 8942 8949 8950
f 8944 8951 8946
f 8944 8950 8951
f 8946 8952 8947
f 8946 8951 8952
f 8952 8831 8824
f 8952 8824 8947
f 8833 8948 8829
f 8948 8833 8835
f 8948 8835 8949
f 8949 8835 8837
f 8949 8837 8950
f 8950 8837 8839
f 8950 8839 8951
f 8951 8839 8841
f 8951 8841 8952
f 8952 8841 8831
f 8852 8953 8853
f 8954 8854 8853
f 8954 8853 8953
f 8954 8855 8854
f 8858 8955 8859
f 8953 8852 8859
f 8955 8953 8859
f 8956 8953 8955
f 8953 8957 8954
f 8953 8956 8957
f 8958 8860 8855
f 8954 8958 8855
f 8957 8958 8954
f 8958 8861 8860
f 8864 8959 8955
f 8864 8955 8858
f 8955 8960 8956
f 8955 8959 8960
f 8962 8957 8961
f 8957 8960 8961
f 8957 8956 8960
f 8964 8963 8962
f 8963 8957 8962
f 8963 8958 8957
f 8963 8865 8861
f 8963 8861 8958
f 8867 8965 8868
f 8959 8864 8868
f 8965 8959 8868
f 8966 8959 8965
f 8968 8960 8967
f 8960 8966 8967
f 8960 8959 8966
f 8960 8968 8961
f 8964 8969 8963
f 8969 8971 8970
f 8969 8970 8869
f 8963 8969 8869
f 8865 8963 8869
f 8970 8871 8869
f 8874 8972 8965
f 8874 8965 8867
f 8965 8973 8966
f 8965 8972 8973
f 8967 8966 8974
f 8974 8966 8973
f 8971 8975 8970
f 8871 8970 8975
f 8976 8871 8975
f 8876 8871 8976
f 8878 8977 8879
f 8972 8874 8879
f 8977 8972 8879
f 8978 8972 8977
f 8980 8973 8979
f 8973 8978 8979
f 8973 8972 8978
f 8973 8980 8974
f 8976 8880 8876
f 8981 8880 8976
f 8881 8982 8977
f 8881 8977 8878
f 8984 8978 8983
f 8978 8982 8983
f 8978 8977 8982
f 8978 8984 8979
f 8882 8880 8985
f 8880 8986 8985
f 8880 8981 8986
f 8985 8884 8882
f 8885 8987 8982
f 8885 8982 8881
f 8983 8982 8988
f 8988 8982 8987
f 8986 8989 8985
f 8884 8985 8989
f 8990 8884 8989
f 8886 8884 8990
f 8887 8991 8987
f 8887 8987 8885
f 8988 8987 8992
f 8992 8987 8991
f 8888 8886 8993
f 8886 8994 8993
f 8886 8990 8994
f 8993 8890 8888
f 8996 8995 8991
f 8887 8996 8991
f 8891 8996 8887
f 8991 8995 8992
f 8993 8994 8997
f 8997 8994 8998
f 8997 8892 8890
f 8997 8890 8993
f 8893 8996 8891
f 8893 8999 8996
f 8998 9000 8997
f 8892 8997 9000
f 9001 8892 9000
f 8894 8892 9001
f 8895 8999 8893
f 8895 9002 8999
f 9001 8896 8894
f 9003 8896 9001
f 8897 9002 8895
f 8897 9004 9002
f 8898 8896 9005
f 8896 9006 9005
f 8896 9003 9006
f 9005 8899 8898
f 8900 9004 8897
f 8900 9007 9004
f 9005 9006 9008
f 9008 9006 9009
f 9008 8901 8899
f 9008 8899 9005
f 8902 9011 9010
f 9007 8902 9010
f 8900 8902 9007
f 9011 9012 9010
f 9008 9009 9013
f 9013 9009 9014
f 9013 8903 8901
f 9013 8901 9008
f 8904 9015 9011
f 8904 9011 8902
f 9012 9011 9016
f 9016 9011 9015
f 9013 9014 9017
f 9017 9014 9018
f 9017 8905 8903
f 9017 8903 9013
f 8906 9015 8904
f 9020 9019 8908
f 8908 9019 8906
f 9019 9016 8906
f 9016 9015 8906
f 9020 9021 9019
f 9017 9018 9022
f 9022 9018 9023
f 9022 8909 8905
f 9022 8905 9017
f 8910 9024 9020
f 8910 9020 8908
f 9021 9020 9025
f 9020 9026 9025
f 9020 9024 9026
f 9028 9027 9026
f 9026 9027 9025
f 9028 9029 9027
f 9022 9023 9030
f 9030 9023 9031
f 9030 8911 8909
f 9030 8909 9022
f 8912 9024 8910
f 9024 8912 8914
f 9032 9024 8914
f 9026 9024 9032
f 9026 9033 9028
f 9026 9032 9033
f 9029 9028 9034
f 9028 9035 9034
f 9028 9033 9035
f 9035 9036 9034
f 9030 9031 9037
f 9037 9031 9038
f 9037 8915 8911
f 9037 8911 9030
f 8917 9032 8914
f 9032 8917 8919
f 9039 9032 8919
f 9033 9032 9039
f 9033 9040 9035
f 9033 9039 9040
f 9036 9035 9041
f 9035 9042 9041
f 9035 9040 9042
f 9042 9043 9041
f 9046 9045 9044
f 9046 9044 9038
f 9038 9044 9037
f 9044 8921 9037
f 8921 8922 9037
f 9037 8922 8915
f 8925 9039 8919
f 9039 8925 8927
f 9047 9039 8927
f 9040 9039 9047
f 9040 9048 9042
f 9040 9047 9048
f 9043 9042 9049
f 9042 9050 9049
f 9042 9048 9050
f 9052 9051 9050
f 9050 9051 9049
f 9051 9052 9045
f 9052 9044 9045
f 9052 9053 9044
f 9053 8929 8921
f 9053 8921 9044
f 8932 9047 8927
f 9047 8932 8934
f 9054 9047 8934
f 9048 9047 9054
f 9048 9055 9050
f 9048 9054 9055
f 9050 9056 9052
f 9050 9055 9056
f 9056 8936 8937
f 9053 9056 8937
f 9052 9056 9053
f 9053 8937 8929
f 8941 9054 8934
f 9054 8941 8943
f 9054 8943 9055
f 9055 8943 8945
f 9055 8945 9056
f 9056 8945 8936
f 8961 9057 8962
f 9057 8964 8962
f 8967 9058 8968
f 9057 8961 8968
f 9058 9057 8968
f 9059 9057 9058
f 9060 8969 8964
f 9057 9060 8964
f 9059 9060 9057
f 9060 8971 8969
f 8974 9061 9058
f 8974 9058 8967
f 9063 9059 9062
f 9059 9061 9062
f 9059 9058 9061
f 9065 9064 9063
f 9064 9059 9063
f 9064 9060 9059
f 9066 8975 8971
f 9060 9066 8971
f 9064 9066 9060
f 9066 8976 8975
f 8979 9067 8980
f 9061 8974 8980
f 9067 9061 8980
f 9068 9061 9067
f 9062 9061 9069
f 9069 9061 9068
f 9065 9070 9064
f 9072 9071 9070
f 9071 9064 9070
f 9071 9066 9064
f 9071 8981 8976
f 9071 8976 9066
f 8983 9073 8984
f 9067 8979 8984
f 9073 9067 8984
f 9074 9067 9073
f 9076 9068 9075
f 9068 9074 9075
f 9068 9067 9074
f 9068 9076 9069
f 9072 9077 9071
f 8981 9071 9077
f 9078 8981 9077
f 8986 8981 9078
f 8988 9079 9073
f 8988 9073 8983
f 9073 9080 9074
f 9073 9079 9080
f 9075 9074 9081
f 9081 9074 9080
f 8989 8986 9082
f 8986 9083 9082
f 8986 9078 9083
f 9082 8990 8989
f 8992 9084 9079
f 8992 9079 8988
f 9086 9080 9085
f 9080 9084 9085
f 9080 9079 9084
f 9080 9086 9081
f 9082 9083 9087
f 9087 9083 9088
f 9087 8994 8990
f 9087 8990 9082
f 8996 9089 8995
f 9084 8992 8995
f 9089 9084 8995
f 9090 9084 9089
f 9085 9084 9091
f 9091 9084 9090
f 9088 9092 9087
f 8994 9087 9092
f 9093 8994 9092
f 8998 8994 9093
f 8999 9094 9089
f 8999 9089 8996
f 9096 9090 9095
f 9090 9094 9095
f 9090 9089 9094
f 9090 9096 9091
f 9000 8998 9097
f 8998 9098 9097
f 8998 9093 9098
f 9097 9001 9000
f 9002 9099 9094
f 9002 9094 8999
f 9095 9094 9100
f 9100 9094 9099
f 9097 9098 9101
f 9101 9098 9102
f 9101 9003 9001
f 9101 9001 9097
f 9004 9103 9099
f 9004 9099 9002
f 9100 9099 9104
f 9104 9099 9103
f 9102 9105 9101
f 9003 9101 9105
f 9106 9003 9105
f 9006 9003 9106
f 9007 9107 9103
f 9007 9103 9004
f 9104 9103 9108
f 9108 9103 9107
f 9106 9009 9006
f 9109 9009 9106
f 9010 9107 9007
f 9010 9012 9107
f 9012 9108 9107
f 9012 9110 9108
f 9113 9112 9111
f 9109 9113 9111
f 9014 9109 9111
f 9009 9109 9014
f 9016 9115 9114
f 9110 9016 9114
f 9012 9016 9110
f 9117 9116 9115
f 9115 9116 9114
f 9117 9118 9116
f 9111 9112 9119
f 9119 9112 9120
f 9119 9018 9014
f 9119 9014 9111
f 9019 9115 9016
f 9115 9019 9021
f 9121 9115 9021
f 9117 9115 9121
f 9118 9117 9122
f 9117 9123 9122
f 9117 9121 9123
f 9125 9124 9123
f 9123 9124 9122
f 9127 9126 9125
f 9125 9126 9124
f 9127 9128 9126
f 9119 9120 9129
f 9129 9120 9130
f 9129 9023 9018
f 9129 9018 9119
f 9025 9121 9021
f 9121 9025 9027
f 9121 9027 9123
f 9123 9027 9029
f 9131 9123 9029
f 9125 9123 9131
f 9125 9132 9127
f 9125 9131 9132
f 9128 9127 9133
f 9127 9134 9133
f 9127 9132 9134
f 9136 9135 9134
f 9134 9135 9133
f 9135 9136 9130
f 9136 9129 9130
f 9136 9137 9129
f 9137 9031 9023
f 9137 9023 9129
f 9034 9131 9029
f 9131 9034 9036
f 9138 9131 9036
f 9132 9131 9138
f 9132 9139 9134
f 9132 9138 9139
f 9134 9140 9136
f 9134 9139 9140
f 9136 9141 9137
f 9136 9140 9141
f 9141 9038 9031
f 9141 9031 9137
f 9041 9138 9036
f 9138 9041 9043
f 9142 9138 9043
f 9139 9138 9142
f 9139 9143 9140
f 9139 9142 9143
f 9143 9045 9046
f 9141 9143 9046
f 9140 9143 9141
f 9141 9046 9038
f 9049 9142 9043
f 9142 9049 9051
f 9142 9051 9143
f 9143 9051 9045
f 9062 9144 9063
f 9144 9065 9063
f 9069 9145 9144
f 9069 9144 9062
f 9146 9070 9065
f 9144 9146 9065
f 9145 9146 9144
f 9146 9072 9070
f 9075 9147 9076
f 9147 9148 9076
f 9076 9148 9069
f 9148 9149 9069
f 9149 9145 9069
f 9145 9149 9146
f 9146 9149 9150
f 9150 9152 9151
f 9150 9151 9077
f 9146 9150 9077
f 9072 9146 9077
f 9151 9078 9077
f 9081 9153 9147
f 9081 9147 9075
f 9148 9147 9154
f 9154 9147 9153
f 9151 9152 9155
f 9155 9152 9156
f 9155 9083 9078
f 9155 9078 9151
f 9085 9157 9086
f 9157 9158 9086
f 9086 9158 9081
f 9158 9159 9081
f 9159 9153 9081
f 9153 9159 9154
f 9155 9156 9160
f 9160 9156 9161
f 9160 9088 9083
f 9160 9083 9155
f 9091 9162 9157
f 9091 9157 9085
f 9158 9157 9163
f 9163 9157 9162
f 9161 9164 9160
f 9164 9166 9165
f 9164 9165 9092
f 9160 9164 9092
f 9088 9160 9092
f 9165 9093 9092
f 9095 9167 9096
f 9162 9091 9096
f 9167 9162 9096
f 9168 9162 9167
f 9163 9162 9169
f 9169 9162 9168
f 9165 9166 9170
f 9170 9166 9171
f 9170 9098 9093
f 9170 9093 9165
f 9100 9172 9167
f 9100 9167 9095
f 9174 9168 9173
f 9168 9172 9173
f 9168 9167 9172
f 9168 9174 9169
f 9170 9171 9175
f 9175 9171 9176
f 9175 9102 9098
f 9175 9098 9170
f 9104 9177 9172
f 9104 9172 9100
f 9173 9172 9178
f 9178 9172 9177
f 9176 9179 9175
f 9179 9181 9180
f 9179 9180 9105
f 9175 9179 9105
f 9102 9175 9105
f 9180 9106 9105
f 9108 9182 9177
f 9108 9177 9104
f 9178 9177 9183
f 9183 9177 9182
f 9180 9181 9184
f 9184 9181 9185
f 9184 9109 9106
f 9184 9106 9180
f 9110 9186 9182
f 9110 9182 9108
f 9183 9182 9187
f 9182 9188 9187
f 9182 9186 9188
f 9190 9189 9188
f 9188 9189 9187
f 9190 9191 9189
f 9184 9185 9113
f 9185 9112 9113
f 9185 9192 9112
f 9184 9113 9109
f 9114 9186 9110
f 9186 9114 9116
f 9186 9116 9188
f 9188 9116 9118
f 9193 9188 9118
f 9190 9188 9193
f 9191 9190 9194
f 9190 9195 9194
f 9190 9193 9195
f 9197 9196 9195
f 9195 9196 9194
f 9199 9198 9197
f 9197 9198 9196
f 9201 9200 9199
f 9199 9200 9198
f 9192 9200 9201
f 9120 9192 9201
f 9112 9192 9120
f 9122 9193 9118
f 9193 9122 9124
f 9193 9124 9195
f 9195 9124 9126
f 9195 9126 9197
f 9197 9126 9128
f 9202 9197 9128
f 9199 9197 9202
f 9199 9203 9201
f 9199 9202 9203
f 9203 9130 9120
f 9203 9120 9201
f 9133 9202 9128
f 9202 9133 9135
f 9202 9135 9203
f 9203 9135 9130
f 9148 9204 9149
f 9205 9150 9149
f 9205 9149 9204
f 9205 9152 9150
f 9154 9206 9204
f 9154 9204 9148
f 9204 9207 9205
f 9204 9206 9207
f 9207 9156 9152
f 9207 9152 9205
f 9158 9208 9159
f 9206 9154 9159
f 9208 9206 9159
f 9209 9206 9208
f 9206 9210 9207
f 9206 9209 9210
f 9210 9161 9156
f 9210 9156 9207
f 9163 9211 9208
f 9163 9208 9158
f 9213 9209 9212
f 9209 9211 9212
f 9209 9208 9211
f 9215 9214 9213
f 9214 9209 9213
f 9214 9210 9209
f 9216 9164 9161
f 9210 9216 9161
f 9214 9216 9210
f 9216 9166 9164
f 9169 9217 9211
f 9169 9211 9163
f 9212 9211 9218
f 9218 9211 9217
f 9215 9219 9214
f 9221 9220 9219
f 9220 9214 9219
f 9220 9216 9214
f 9220 9171 9166
f 9220 9166 9216
f 9173 9222 9174
f 9217 9169 9174
f 9222 9217 9174
f 9223 9217 9222
f 9218 9217 9224
f 9224 9217 9223
f 9220 9221 9225
f 9225 9221 9226
f 9225 9176 9171
f 9225 9171 9220
f 9178 9227 9222
f 9178 9222 9173
f 9222 9228 9223
f 9222 9227 9228
f 9224 9223 9229
f 9229 9223 9228
f 9226 9230 9225
f 9230 9232 9231
f 9230 9231 9179
f 9225 9230 9179
f 9176 9225 9179
f 9231 9181 9179
f 9183 9233 9227
f 9183 9227 9178
f 9227 9234 9228
f 9227 9233 9234
f 9229 9228 9235
f 9235 9228 9234
f 9231 9232 9236
f 9236 9232 9237
f 9236 9185 9181
f 9236 9181 9231
f 9187 9233 9183
f 9233 9187 9189
f 9233 9189 9234
f 9239 9238 9191
f 9191 9238 9189
f 9238 9235 9189
f 9235 9234 9189
f 9241 9240 9239
f 9239 9240 9238
f 9243 9242 9241
f 9241 9242 9240
f 9242 9243 9237
f 9243 9236 9237
f 9243 9244 9236
f 9244 9192 9185
f 9244 9185 9236
f 9194 9239 9191
f 9239 9194 9196
f 9239 9196 9241
f 9241 9196 9198
f 9241 9198 9243
f 9243 9198 9200
f 9243 9200 9244
f 9244 9200 9192
f 9212 9245 9213
f 9245 9215 9213
f 9218 9246 9245
f 9218 9245 9212
f 9247 9219 9215
f 9245 9247 9215
f 9246 9247 9245
f 9247 9221 9219
f 9224 9248 9246
f 9224 9246 9218
f 9246 9249 9247
f 9246 9248 9249
f 9249 9226 9221
f 9249 9221 9247
f 9229 9250 9248
f 9229 9248 9224
f 9248 9251 9249
f 9248 9250 9251
f 9252 9230 9226
f 9249 9252 9226
f 9251 9252 9249
f 9252 9232 9230
f 9235 9253 9250
f 9235 9250 9229
f 9250 9254 9251
f 9250 9253 9254
f 9251 9255 9252
f 9251 9254 9255
f 9255 9237 9232
f 9255 9232 9252
f 9238 9253 9235
f 9253 9238 9240
f 9253 9240 9254
f 9254 9240 9242
f 9254 9242 9255
f 9255 9242 9237