# https://github.com/mikedh/trimesh
v -0.39070529 0.00781250 0.10156250
v -0.39062500 0.00776601 0.10156250
v -0.39062500 0.00781250 0.10131323
v -0.39073694 0.00781250 0.10937500
v -0.39062500 0.00776887 0.10937500
v -0.39182514 0.00781250 0.11718750
v -0.39062500 0.00738478 0.11718750
v -0.39062500 0.00781250 0.11790740
v -0.39062500 0.00789094 0.10156250
v -0.39062500 0.00800490 0.10937500
v -0.39062500 0.01341391 0.11718750
v -0.38306183 0.00781250 0.09375000
v -0.38281250 0.00777304 0.09375000
v -0.38281250 0.00781250 0.09370077
v -0.38281250 0.00340390 0.10156250
v -0.38281250 0.00769711 0.10937500
v -0.38281250 0.00778246 0.11718750
v -0.38281250 0.00781250 0.11723316
v -0.38281250 0.00793338 0.09375000
v -0.38289100 0.01562500 0.10156250
v -0.38281250 0.01562500 0.10144162
v -0.38300496 0.01562500 0.10937500
v -0.38687557 0.01562500 0.11718750
v -0.38281250 0.01562500 0.11746669
v -0.38281250 0.01565564 0.10156250
v -0.38281250 0.01567650 0.10937500
v -0.38281250 0.01605558 0.11718750
v -0.37940860 0.00000000 0.10156250
v -0.37500000 -0.00002187 0.10156250
v -0.37500000 0.00000000 0.10124052
v -0.37500000 0.00000000 0.10191119
v -0.37500000 0.00749052 0.09375000
v -0.37500000 0.00781250 0.09250569
v -0.37500000 0.00746381 0.10937500
v -0.37500000 0.00777829 0.11718750
v -0.37500000 0.00781250 0.11722648
v -0.37512082 0.01562500 0.09375000
v -0.37500000 0.01562500 0.09372067
v -0.37500000 0.01562500 0.11722612
v -0.37500000 0.01565003 0.09375000
v -0.37500000 0.01565468 0.10156250
v -0.37500000 0.01567864 0.10937500
v -0.37500000 0.01567340 0.11718750
v -0.36750948 0.00000000 0.09375000
v -0.36718750 -0.00001919 0.09375000
v -0.36718750 0.00000000 0.09371567
v -0.36718750 -0.00002253 0.10156250
v -0.36753613 0.00000000 0.10937500
v -0.36718750 -0.00002027 0.10937500
v -0.36718750 0.00000000 0.10941458
v -0.36843175 0.00781250 0.08593750
v -0.36718750 0.00777817 0.08593750
v -0.36718750 0.00781250 0.08590937
v -0.36718750 0.00777292 0.11718750
v -0.36718750 0.00781250 0.11721599
v -0.36718750 0.00787890 0.08593750
v -0.36718750 0.01562500 0.09368360
v -0.36718750 0.01562500 0.11722195
v -0.36718750 0.01565075 0.09375000
v -0.36718750 0.01565969 0.10156250
v -0.36718750 0.01567256 0.10937500
v -0.36718750 0.01566803 0.11718750
v -0.35937500 -0.00002104 0.09375000
v -0.35937500 0.00000000 0.09369349
v -0.35937500 -0.00002360 0.10156250
v -0.35937500 -0.00002074 0.10937500
v -0.35937500 0.00000000 0.10941148
v -0.35937500 0.00775599 0.08593750
v -0.35937500 0.00781250 0.08586729
v -0.35937500 0.00777602 0.11718750
v -0.35937500 0.00781250 0.11721146
v -0.35944134 0.01562500 0.08593750
v -0.35937500 0.01562500 0.08591306
v -0.35937500 0.01562500 0.11721683
v -0.35937500 0.01564682 0.08593750
v -0.35937500 0.01565313 0.09375000
v -0.35937500 0.01565850 0.10156250
v -0.35937500 0.01566970 0.10937500
v -0.35937500 0.01568317 0.11718750
v -0.35161895 0.00000000 0.08593750
v -0.35156250 -0.00001889 0.08593750
v -0.35156250 0.00000000 0.08590674
v -0.35156250 -0.00002348 0.09375000
v -0.35156250 -0.00002509 0.10156250
v -0.35156250 -0.00002086 0.10937500
v -0.35156250 0.00000000 0.10940313
v -0.35163265 0.00781250 0.07812500
v -0.35156250 0.00778174 0.07812500
v -0.35156250 0.00781250 0.07809556
v -0.35156250 0.00778437 0.11718750
v -0.35156250 0.00781250 0.11720896
v -0.35156250 0.00784659 0.07812500
v -0.35156250 0.01562500 0.08590341
v -0.35156250 0.01562500 0.11722159
v -0.35156250 0.01564884 0.08593750
v -0.35156250 0.01565540 0.09375000
v -0.35156250 0.01565540 0.10156250
v -0.35156250 0.01566267 0.10937500
v -0.35156250 0.01567161 0.11718750
v -0.34375000 -0.00002247 0.08593750
v -0.34375000 0.00000000 0.08587623
v -0.34375000 -0.00002891 0.09375000
v -0.34375000 -0.00002718 0.10156250
v -0.34375000 -0.00002152 0.10937500
v -0.34375000 0.00000000 0.10940015
v -0.34375000 0.00775123 0.07812500
v -0.34375000 0.00781250 0.07806599
v -0.34375000 0.00778735 0.11718750
v -0.34375000 0.00781250 0.11721110
v -0.34375000 0.00798142 0.07812500
v -0.34375000 0.01562500 0.08576858
v -0.34375000 0.01562500 0.11721587
v -0.34375000 0.01565194 0.08593750
v -0.34375000 0.01565588 0.09375000
v -0.34375000 0.01565492 0.10156250
v -0.34375000 0.01565456 0.10937500
v -0.34375000 0.01565921 0.11718750
v -0.33599883 0.00000000 0.07812500
v -0.33593750 -0.00002247 0.07812500
v -0.33593750 0.00000000 0.07807374
v -0.33593750 -0.00002891 0.08593750
v -0.33593750 -0.00004381 0.09375000
v -0.33593750 -0.00003189 0.10156250
v -0.33593750 -0.00002301 0.10937500
v -0.33593750 0.00000000 0.10940623
v -0.33599645 0.00781250 0.07031250
v -0.33593750 0.00776124 0.07031250
v -0.33593750 0.00781250 0.07028055
v -0.33593750 0.00778127 0.11718750
v -0.33593750 0.00781250 0.11721122
v -0.33593750 0.00784957 0.07031250
v -0.33610642 0.01562500 0.07812500
v -0.33593750 0.01562500 0.07808793
v -0.33593750 0.01562500 0.11721182
v -0.33593750 0.01564634 0.07812500
v -0.33593750 0.01565838 0.08593750
v -0.33593750 0.01565707 0.09375000
v -0.33593750 0.01565444 0.10156250
v -0.33593750 0.01565206 0.10937500
v -0.33593750 0.01565170 0.11718750
v -0.32817620 0.00000000 0.07031250
v -0.32812500 -0.00002187 0.07031250
v -0.32812500 0.00000000 0.07027543
v -0.32812500 -0.00003129 0.07812500
v -0.32812500 -0.00005299 0.08593750
v -0.32812500 -0.00131279 0.09375000
v -0.32812500 -0.00004303 0.10156250
v -0.32812500 -0.00002420 0.10937500
v -0.32812500 0.00000000 0.10942388
v -0.32812500 0.00781250 0.07021749
v -0.32812500 0.00776362 0.11718750
v -0.32812500 0.00781250 0.11720741
v -0.32812500 0.00790477 0.07031250
v -0.32812500 0.01562500 0.07803273
v -0.32812500 0.01562500 0.11720669
v -0.32812500 0.01564944 0.07812500
v -0.32812500 0.01565731 0.08593750
v -0.32812500 0.01565385 0.09375000
v -0.32812500 0.01564991 0.10156250
v -0.32812500 0.01564980 0.10937500
v -0.32812500 0.01564765 0.11718750
v -0.32036549 -0.00781250 0.08593750
v -0.32031250 -0.00783110 0.08593750
v -0.32031250 -0.00781250 0.08588147
v -0.32162529 -0.00781250 0.09375000
v -0.32031250 -0.00783139 0.09375000
v -0.32031250 -0.00781250 0.09386516
v -0.32031250 -0.00002766 0.07031250
v -0.32031250 0.00000000 0.06976140
v -0.32031250 -0.00005597 0.07812500
v -0.32031250 -0.00011510 0.10156250
v -0.32031250 -0.00002706 0.10937500
v -0.32031250 0.00000000 0.10940611
v -0.32040751 0.00781250 0.06250000
v -0.32031250 0.00726140 0.06250000
v -0.32031250 0.00781250 0.06246793
v -0.32031250 0.00778139 0.11718750
v -0.32031250 0.00781250 0.11720622
v -0.32031250 0.00784683 0.06250000
v -0.32040471 0.01562500 0.07031250
v -0.32031250 0.01562500 0.07027817
v -0.32031250 0.01562500 0.11720443
v -0.32031250 0.01564491 0.07031250
v -0.32031250 0.01565015 0.07812500
v -0.32031250 0.01565361 0.08593750
v -0.32031250 0.01565027 0.09375000
v -0.32031250 0.01564753 0.10156250
v -0.32031250 0.01564741 0.10937500
v -0.32031250 0.01564491 0.11718750
v -0.31255597 -0.00781250 0.07812500
v -0.31250000 -0.00783199 0.07812500
v -0.31250000 -0.00781250 0.07808375
v -0.31250000 -0.00783414 0.08593750
v -0.31250000 -0.00783414 0.09375000
v -0.31250000 -0.00781250 0.09389865
v -0.31305116 0.00000000 0.06250000
v -0.31250000 -0.00002384 0.06250000
v -0.31250000 0.00000000 0.06241632
v -0.31250000 -0.00004119 0.07031250
v -0.31250000 -0.00014865 0.10156250
v -0.31250000 -0.00002414 0.10937500
v -0.31250000 0.00000000 0.10939991
v -0.31250000 0.00781250 0.06232727
v -0.31250000 0.00778759 0.11718750
v -0.31250000 0.00781250 0.11720419
v -0.31250000 0.00785267 0.06250000
v -0.31250000 0.01562500 0.07027233
v -0.32027185 0.01562500 0.11718750
v -0.31250000 0.01562500 0.10941565
v -0.31250000 0.00785315 0.11718750
v -0.31250000 0.01564634 0.07031250
v -0.31250000 0.01565039 0.07812500
v -0.31250000 0.01565087 0.08593750
v -0.31250000 0.01564705 0.09375000
v -0.31250000 0.01564491 0.10156250
v -0.31250000 0.01564407 0.10937500
v -0.30468750 -0.00783354 0.07812500
v -0.30468750 -0.00781250 0.07789755
v -0.30468750 -0.00783575 0.08593750
v -0.30468750 -0.00783587 0.09375000
v -0.30468750 -0.00781250 0.09380436
v -0.30477113 0.00000000 0.05468750
v -0.30468750 -0.00002104 0.05468750
v -0.30468750 0.00000000 0.05465794
v -0.30468750 -0.00003409 0.06250000
v -0.30468750 -0.00022751 0.07031250
v -0.30468750 -0.00005436 0.10156250
v -0.30468750 -0.00002122 0.10937500
v -0.30468750 0.00000000 0.10939610
v -0.30486023 0.00781250 0.05468750
v -0.30468750 0.00781250 0.05465662
v -0.31245995 0.00781250 0.11718750
v -0.30468750 0.00781250 0.10941505
v -0.30468750 0.00784004 0.05468750
v -0.30468750 0.00787866 0.06250000
v -0.30468750 0.01562500 0.07024634
v -0.30468750 0.01562500 0.10939646
v -0.30468750 0.01564813 0.07031250
v -0.30468750 0.01565063 0.07812500
v -0.30468750 0.01564848 0.08593750
v -0.30468750 0.01564586 0.09375000
v -0.30468750 0.01564372 0.10156250
v -0.30468750 0.01564157 0.10937500
v -0.29710251 -0.00781250 0.07031250
v -0.29687500 -0.00783271 0.07031250
v -0.29687500 -0.00781250 0.07022500
v -0.29687500 -0.00783485 0.07812500
v -0.29687500 -0.00783658 0.08593750
v -0.29687500 -0.00783604 0.09375000
v -0.29687500 -0.00781250 0.09379292
v -0.29690450 0.00000000 0.04687500
v -0.29687500 -0.00001866 0.04687500
v -0.29687500 0.00000000 0.04685557
v -0.29687500 -0.00002867 0.05468750
v -0.29687500 -0.00008756 0.06250000
v -0.29687500 -0.00004286 0.10156250
v -0.30461878 0.00000000 0.10937500
v -0.29687500 0.00000000 0.10163128
v -0.29687500 0.00014544 0.04687500
v -0.29687500 0.00781250 0.05454206
v -0.29687500 0.00774372 0.10937500
v -0.29687500 0.00781250 0.10939848
v -0.29687500 0.00784528 0.05468750
v -0.29687500 0.00950658 0.06250000
v -0.29687500 0.01562500 0.06861842
v -0.30465174 0.01562500 0.10937500
v -0.29687500 0.01562500 0.10159826
v -0.29687500 0.00784826 0.10937500
v -0.29687500 0.01564980 0.07031250
v -0.29687500 0.01565099 0.07812500
v -0.29687500 0.01564717 0.08593750
v -0.29687500 0.01564491 0.09375000
v -0.29687500 0.01564288 0.10156250
v -0.28915006 -0.00781250 0.06250000
v -0.28906250 -0.00783098 0.06250000
v -0.28906250 -0.00781250 0.06242466
v -0.28906250 -0.00783420 0.07031250
v -0.28906250 -0.00783658 0.07812500
v -0.28906250 -0.00783718 0.08593750
v -0.28906250 -0.00783515 0.09375000
v -0.28906250 -0.00781250 0.09378612
v -0.28906250 -0.00002652 0.04687500
v -0.28906250 0.00000000 0.04683149
v -0.28906250 -0.00007528 0.05468750
v -0.28906250 -0.00003618 0.10156250
v -0.28906250 0.00000000 0.10159612
v -0.28920788 0.00781250 0.04687500
v -0.28906250 0.00781250 0.04684246
v -0.29677463 0.00781250 0.10937500
v -0.28906250 0.00781250 0.10166287
v -0.28906250 0.00783575 0.04687500
v -0.28906250 0.00785148 0.05468750
v -0.29075658 0.01562500 0.06250000
v -0.28906250 0.01562500 0.06246102
v -0.28906250 0.01562500 0.10158741
v -0.28906250 0.01564705 0.06250000
v -0.28906250 0.01565051 0.07031250
v -0.28906250 0.01565087 0.07812500
v -0.28906250 0.01564646 0.08593750
v -0.28906250 0.01564407 0.09375000
v -0.28906250 0.01564181 0.10156250
v -0.28132528 -0.00781250 0.05468750
v -0.28125000 -0.00782973 0.05468750
v -0.28125000 -0.00781250 0.05433309
v -0.28125000 -0.00783294 0.06250000
v -0.28125000 -0.00783646 0.07031250
v -0.28125000 -0.00783986 0.07812500
v -0.28125000 -0.00783914 0.08593750
v -0.28125000 -0.00783437 0.09375000
v -0.28125000 -0.00781250 0.09378064
v -0.28129357 0.00000000 0.03906250
v -0.28125000 -0.00002187 0.03906250
v -0.28125000 0.00000000 0.03903997
v -0.28125000 -0.00035447 0.04687500
v -0.28125000 -0.00003064 0.10156250
v -0.28125000 0.00000000 0.10159183
v -0.28125000 0.00042868 0.03906250
v -0.28125000 0.00781250 0.04644632
v -0.28125000 0.00781250 0.10159814
v -0.28125000 0.00783861 0.04687500
v -0.28125000 0.00785792 0.05468750
v -0.28125000 0.01562500 0.06245458
v -0.28898591 0.01562500 0.10156250
v -0.28125000 0.01562500 0.09382653
v -0.28125000 0.00788903 0.10156250
v -0.28125000 0.01564825 0.06250000
v -0.28125000 0.01565015 0.07031250
v -0.28125000 0.01565015 0.07812500
v -0.28125000 0.01564598 0.08593750
v -0.28125000 0.01564276 0.09375000
v -0.27379197 -0.00781250 0.04687500
v -0.27343750 -0.00782889 0.04687500
v -0.27343750 -0.00781250 0.04676270
v -0.27343750 -0.00783205 0.05468750
v -0.27343750 -0.00783449 0.06250000
v -0.27343750 -0.00784034 0.07031250
v -0.27343750 -0.00784343 0.07812500
v -0.27343750 -0.00784171 0.08593750
v -0.27343750 -0.00783342 0.09375000
v -0.27343750 -0.00781250 0.09377766
v -0.27346003 0.00000000 0.03125000
v -0.27343750 -0.00002021 0.03125000
v -0.27343750 0.00000000 0.03123212
v -0.27343750 -0.00011235 0.03906250
v -0.27343750 -0.00002766 0.10156250
v -0.27343750 0.00000000 0.10158908
v -0.27343750 0.00003529 0.03125000
v -0.27386618 0.00781250 0.03906250
v -0.27343750 0.00781250 0.03902721
v -0.27343750 0.00781250 0.10158825
v -0.27343750 0.00783336 0.03906250
v -0.27343750 0.00784171 0.04687500
v -0.27343750 0.00789213 0.05468750
v -0.27343750 0.01562500 0.06242037
v -0.27343750 0.01562500 0.09378135
v -0.27343750 0.00784385 0.10156250
v -0.27343750 0.01564872 0.06250000
v -0.27343750 0.01564920 0.07031250
v -0.27343750 0.01564813 0.07812500
v -0.27343750 0.01564503 0.08593750
v -0.27343750 0.01564217 0.09375000
v -0.26573735 -0.00781250 0.03906250
v -0.26562500 -0.00782812 0.03906250
v -0.26562500 -0.00781250 0.03894544
v -0.26562500 -0.00783128 0.04687500
v -0.26562500 -0.00783384 0.05468750
v -0.26562500 -0.00783759 0.06250000
v -0.26562500 -0.00784218 0.07031250
v -0.26562500 -0.00784427 0.07812500
v -0.26562500 -0.00784069 0.08593750
v -0.26562500 -0.00783271 0.09375000
v -0.26562500 -0.00781250 0.09377527
v -0.26562500 -0.00011712 0.03125000
v -0.26562500 0.00000000 0.03119671
v -0.26562500 -0.00002521 0.10156250
v -0.26562500 0.00000000 0.10158551
v -0.26566035 0.00781250 0.03125000
v -0.26562500 0.00781250 0.03122854
v -0.26562500 0.00781250 0.10158396
v -0.26562500 0.00783086 0.03125000
v -0.26562500 0.00783598 0.03906250
v -0.26562500 0.00784695 0.04687500
v -0.26562500 0.00887740 0.05468750
v -0.26562500 0.01562500 0.06143510
v -0.27318949 0.01562500 0.09375000
v -0.26562500 0.01562500 0.08618546
v -0.26562500 0.00806046 0.09375000
v -0.26562500 0.00783777 0.10156250
v -0.26562500 0.01564825 0.06250000
v -0.26562500 0.01564777 0.07031250
v -0.26562500 0.01564682 0.07812500
v -0.26562500 0.01564348 0.08593750
v -0.25792962 -0.00781250 0.03125000
v -0.25781250 -0.00782776 0.03125000
v -0.25781250 -0.00781250 0.03120840
v -0.25781250 -0.00783110 0.03906250
v -0.25781250 -0.00783473 0.04687500
v -0.25781250 -0.00783682 0.05468750
v -0.25781250 -0.00783944 0.06250000
v -0.25781250 -0.00784272 0.07031250
v -0.25781250 -0.00784433 0.07812500
v -0.25781250 -0.00783867 0.08593750
v -0.25781250 -0.00783145 0.09375000
v -0.25781250 -0.00781250 0.09377265
v -0.25786585 0.00000000 0.02343750
v -0.25781250 -0.00004160 0.02343750
v -0.25781250 0.00000000 0.02341938
v -0.26545799 0.00000000 0.10156250
v -0.25781250 0.00000000 0.09391701
v -0.25781250 0.00003159 0.02343750
v -0.25781250 0.00781250 0.03121841
v -0.26555389 0.00781250 0.10156250
v -0.25781250 0.00781250 0.09382105
v -0.25781250 0.00783253 0.03125000
v -0.25781250 0.00783885 0.03906250
v -0.25781250 0.00785339 0.04687500
v -0.25887734 0.01562500 0.05468750
v -0.25781250 0.01562500 0.05464661
v -0.25781250 0.01562500 0.08598220
v -0.25781250 0.00785720 0.09375000
v -0.25781250 0.01564586 0.05468750
v -0.25781250 0.01564729 0.06250000
v -0.25781250 0.01564646 0.07031250
v -0.25781250 0.01564503 0.07812500
v -0.25781250 0.01564217 0.08593750
v -0.25004160 -0.00781250 0.02343750
v -0.25000000 -0.00782669 0.02343750
v -0.25000000 -0.00781250 0.02341950
v -0.25000000 -0.00783026 0.03125000
v -0.25000000 -0.00783479 0.03906250
v -0.25000000 -0.00783712 0.04687500
v -0.25000000 -0.00783908 0.05468750
v -0.25000000 -0.00784028 0.06250000
v -0.25000000 -0.00784415 0.07031250
v -0.25000000 -0.00784403 0.07812500
v -0.25000000 -0.00783664 0.08593750
v -0.25774908 -0.00781250 0.09375000
v -0.25000000 -0.00781250 0.08600092
v -0.25000000 0.00000000 0.02337587
v -0.25000000 -0.00006342 0.09375000
v -0.25000000 0.00000000 0.09379375
v -0.25003153 0.00781250 0.02343750
v -0.25000000 0.00781250 0.02341795
v -0.25000000 0.00781250 0.09377956
v -0.25000000 0.00782919 0.02343750
v -0.25000000 0.00783396 0.03125000
v -0.25000000 0.00784230 0.03906250
v -0.25000000 0.00787759 0.04687500
v -0.25000000 0.01562500 0.05462241
v -0.25773674 0.01562500 0.08593750
v -0.25000000 0.01562500 0.07820070
v -0.25000000 0.00788820 0.08593750
v -0.25000000 0.00784063 0.09375000
v -0.25000000 0.01564527 0.05468750
v -0.25000000 0.01564610 0.06250000
v -0.25000000 0.01564503 0.07031250
v -0.25000000 0.01564360 0.07812500
v -0.24218750 -0.00782919 0.02343750
v -0.24218750 -0.00781250 0.02336395
v -0.24218750 -0.00783443 0.03125000
v -0.24218750 -0.00783813 0.03906250
v -0.24218750 -0.00784099 0.04687500
v -0.24218750 -0.00784129 0.05468750
v -0.24218750 -0.00784218 0.06250000
v -0.24218750 -0.00784725 0.07031250
v -0.24218750 -0.00784546 0.07812500
v -0.24218750 -0.00783551 0.08593750
v -0.24218750 -0.00781250 0.08596814
v -0.24224913 0.00000000 0.01562500
v -0.24218750 -0.00007361 0.01562500
v -0.24218750 0.00000000 0.01560211
v -0.24218750 -0.00003064 0.09375000
v -0.24218750 0.00000000 0.09377754
v -0.24218750 0.00002944 0.01562500
v -0.24218750 0.00781250 0.02340806
v -0.24218750 0.00781250 0.09377277
v -0.24218750 0.00783002 0.02343750
v -0.24218750 0.00783563 0.03125000
v -0.24218750 0.00784481 0.03906250
v -0.24218750 0.00787973 0.04687500
v -0.24218750 0.01562500 0.05462027
v -0.24980354 0.01562500 0.07812500
v -0.24218750 0.01562500 0.07050896
v -0.24218750 0.00800896 0.07812500
v -0.24218750 0.00784183 0.08593750
v -0.24218750 0.00783432 0.09375000
v -0.24218750 0.01564455 0.05468750
v -0.24218750 0.01564443 0.06250000
v -0.24218750 0.01564336 0.07031250
v -0.23444861 -0.00781250 0.01562500
v -0.23437500 -0.00782847 0.01562500
v -0.23437500 -0.00781250 0.01558876
v -0.23437500 -0.00783360 0.02343750
v -0.23437500 -0.00783998 0.03125000
v -0.23437500 -0.00784528 0.03906250
v -0.23437500 -0.00784588 0.04687500
v -0.23437500 -0.00784522 0.05468750
v -0.23437500 -0.00784743 0.06250000
v -0.23437500 -0.00786066 0.07031250
v -0.23437500 -0.00784397 0.07812500
v -0.23437500 -0.00783288 0.08593750
v -0.23437500 -0.00781250 0.08596110
v -0.23439783 0.00000000 0.00781250
v -0.23437500 -0.00003618 0.00781250
v -0.23437500 0.00000000 0.00779665
v -0.23437500 -0.00002366 0.09375000
v -0.23437500 0.00000000 0.09377205
v -0.23437500 0.00002277 0.00781250
v -0.23437500 0.00006342 0.01562500
v -0.23437500 0.00781250 0.02337408
v -0.24215096 0.00781250 0.09375000
v -0.23437500 0.00781250 0.08597398
v -0.23437500 0.00003648 0.09375000
v -0.23437500 0.00783086 0.02343750
v -0.23437500 0.00783694 0.03125000
v -0.23437500 0.00784612 0.03906250
v -0.23437500 0.00787616 0.04687500
v -0.23437500 0.00801432 0.05468750
v -0.24198562 0.01562500 0.05468750
v -0.23437500 0.00797749 0.06250000
v -0.24202245 0.01562500 0.06250000
v -0.23437500 0.00788677 0.07031250
v -0.24211317 0.01562500 0.07031250
v -0.23437500 0.00784576 0.07812500
v -0.23437500 0.00783527 0.08593750
v -0.22659868 -0.00781250 0.00781250
v -0.22656250 -0.00782812 0.00781250
v -0.22656250 -0.00781250 0.00779533
v -0.22656250 -0.00783420 0.01562500
v -0.22656250 -0.00784159 0.02343750
v -0.22656250 -0.00787401 0.03125000
v -0.22656250 -0.00795513 0.03906250
v -0.22656250 -0.00790352 0.04687500
v -0.22656250 -0.00790614 0.05468750
v -0.22656250 -0.00792623 0.06250000
v -0.22656250 -0.00788110 0.07031250
v -0.22656250 -0.00784141 0.07812500
v -0.23431420 -0.00781250 0.08593750
v -0.22656250 -0.00781250 0.07818580
v -0.22656250 0.00000000 0.00778496
v -0.22656250 -0.00006080 0.08593750
v -0.23432952 0.00000000 0.09375000
v -0.22656250 0.00000000 0.08598304
v -0.22656250 0.00002825 0.00781250
v -0.22662598 0.00781250 0.01562500
v -0.22656250 0.00781250 0.01559675
v -0.22656250 0.00781250 0.08596182
v -0.22656250 0.00782871 0.01562500
v -0.22656250 0.00783157 0.02343750
v -0.22656250 0.00783825 0.03125000
v -0.22656250 0.00784802 0.03906250
v -0.22656250 0.00785744 0.04687500
v -0.22656250 0.00786638 0.05468750
v -0.22656250 0.00785232 0.06250000
v -0.22656250 0.00784659 0.07031250
v -0.22656250 0.00783765 0.07812500
v -0.22656250 0.00783145 0.08593750
v -0.21881151 -0.01562500 0.03125000
v -0.21875000 -0.01564020 0.03125000
v -0.21875000 -0.01562500 0.03034401
v -0.21889263 -0.01562500 0.03906250
v -0.21875000 -0.01564032 0.03906250
v -0.21884102 -0.01562500 0.04687500
v -0.21875000 -0.01564038 0.04687500
v -0.21884364 -0.01562500 0.05468750
v -0.21875000 -0.01564050 0.05468750
v -0.21886373 -0.01562500 0.06250000
v -0.21875000 -0.01564056 0.06250000
v -0.21875000 -0.01562500 0.06382060
v -0.21875000 -0.00783354 0.00781250
v -0.21875000 -0.00781250 0.00773764
v -0.21875000 -0.00785691 0.01562500
v -0.21875000 -0.00871855 0.02343750
v -0.21875000 -0.00913310 0.07031250
v -0.21875000 -0.00783819 0.07812500
v -0.21875000 -0.00781250 0.07815397
v -0.21877748 0.00000000 0.00000000
v -0.21875000 -0.00007492 0.00000000
v -0.21875000 0.00000000 -0.00001556
v -0.21875000 -0.00002903 0.08593750
v -0.21875000 0.00000000 0.08596373
v -0.21875000 0.00002098 0.00000000
v -0.21875000 0.00003433 0.00781250
v -0.21875000 0.00781250 0.01559067
v -0.22652078 0.00781250 0.08593750
v -0.21875000 0.00781250 0.07816672
v -0.21875000 0.00004172 0.08593750
v -0.21875000 0.00782943 0.01562500
v -0.21875000 0.00783229 0.02343750
v -0.21875000 0.00783956 0.03125000
v -0.21875000 0.00784862 0.03906250
v -0.21875000 0.00785005 0.04687500
v -0.21875000 0.00784707 0.05468750
v -0.21875000 0.00784266 0.06250000
v -0.21875000 0.00783968 0.07031250
v -0.21875000 0.00783217 0.07812500
v -0.21098191 -0.01562500 0.01562500
v -0.21093750 -0.01563960 0.01562500
v -0.21093750 -0.01562500 0.01557946
v -0.21184355 -0.01562500 0.02343750
v -0.21093750 -0.01564002 0.02343750
v -0.21093750 -0.01564038 0.03125000
v -0.21093750 -0.01564062 0.03906250
v -0.21093750 -0.01564068 0.04687500
v -0.21093750 -0.01564074 0.05468750
v -0.21093750 -0.01564068 0.06250000
v -0.21174318 -0.01562500 0.07031250
v -0.21093750 -0.01563376 0.07031250
v -0.21093750 -0.01562500 0.07032549
v -0.21101242 -0.00781250 0.00000000
v -0.21093750 -0.00783056 0.00000000
v -0.21093750 -0.00781250 -0.00001693
v -0.21093750 -0.00785798 0.00781250
v -0.21093750 -0.00783557 0.07812500
v -0.21093750 -0.00781250 0.07814884
v -0.21093750 0.00000000 -0.00002038
v -0.21855617 0.00000000 0.08593750
v -0.21093750 0.00000000 0.07831883
v -0.21093750 0.00002253 0.00000000
v -0.21093750 0.00004256 0.00781250
v -0.21093750 0.00781250 0.01558244
v -0.21093750 0.00781250 0.07814968
v -0.21093750 0.00783002 0.01562500
v -0.21093750 0.00783312 0.02343750
v -0.21093750 0.00784016 0.03125000
v -0.21093750 0.00784552 0.03906250
v -0.21093750 0.00784433 0.04687500
v -0.21093750 0.00784051 0.05468750
v -0.21093750 0.00783730 0.06250000
v -0.21093750 0.00783384 0.07031250
v -0.21093750 0.00783038 0.07812500
v -0.20317048 -0.01562500 0.00781250
v -0.20312500 -0.01563919 0.00781250
v -0.20312500 -0.01562500 0.00778961
v -0.20312500 -0.01563996 0.01562500
v -0.20312500 -0.01564020 0.02343750
v -0.20312500 -0.01564044 0.03125000
v -0.20312500 -0.01564074 0.03906250
v -0.20312500 -0.01564085 0.04687500
v -0.20312500 -0.01564091 0.05468750
v -0.20312500 -0.01564080 0.06250000
v -0.21090293 -0.01562500 0.07031250
v -0.20312500 -0.01562500 0.06256104
v -0.20312500 -0.00783539 0.00000000
v -0.20312500 -0.00781250 -0.00003499
v -0.20312500 -0.00787348 0.07031250
v -0.21081036 -0.00781250 0.07812500
v -0.20312500 -0.00781250 0.07043970
v -0.20312500 0.00000000 -0.00004947
v -0.20312500 -0.00012714 0.07812500
v -0.20312500 0.00000000 0.07815444
v -0.20312500 0.00002456 0.00000000
v -0.20312500 0.00006056 0.00781250
v -0.20312500 0.00781250 0.01556444
v -0.21088320 0.00781250 0.07812500
v -0.20312500 0.00781250 0.07036686
v -0.20312500 0.00005436 0.07812500
v -0.20312500 0.00783062 0.01562500
v -0.20312500 0.00783432 0.02343750
v -0.20312500 0.00783968 0.03125000
v -0.20312500 0.00784147 0.03906250
v -0.20312500 0.00783908 0.04687500
v -0.20312500 0.00783610 0.05468750
v -0.20312500 0.00783396 0.06250000
v -0.20312500 0.00783122 0.07031250
v -0.19531250 -0.01563984 0.00781250
v -0.19531250 -0.01562500 0.00774002
v -0.19531250 -0.01564008 0.01562500
v -0.19531250 -0.01564020 0.02343750
v -0.19531250 -0.01564050 0.03125000
v -0.19531250 -0.01564074 0.03906250
v -0.19531250 -0.01564091 0.04687500
v -0.19531250 -0.01564097 0.05468750
v -0.19531250 -0.01564068 0.06250000
v -0.19531250 -0.01562500 0.06253242
v -0.19534749 -0.00781250 -0.00781250
v -0.19531250 -0.00783020 -0.00781250
v -0.19531250 -0.00781250 -0.00782752
v -0.19531250 -0.00788498 0.00000000
v -0.19531250 -0.00784492 0.07031250
v -0.19531250 -0.00781250 0.07034314
v -0.19536197 0.00000000 -0.00781250
v -0.19531250 0.00000000 -0.00782752
v -0.19531250 -0.00003064 0.07812500
v -0.19531250 0.00000000 0.07814789
v -0.19531250 0.00001884 -0.00781250
v -0.19531250 0.00002611 0.00000000
v -0.19531250 0.00007463 0.00781250
v -0.19531250 0.00781250 0.01555037
v -0.19531250 0.00781250 0.07034075
v -0.19531250 0.00002825 0.07812500
v -0.19531250 0.00783134 0.01562500
v -0.19531250 0.00783551 0.02343750
v -0.19531250 0.00783813 0.03125000
v -0.19531250 0.00783801 0.03906250
v -0.19531250 0.00783539 0.04687500
v -0.19531250 0.00783312 0.05468750
v -0.19531250 0.00783181 0.06250000
v -0.19531250 0.00783002 0.07031250
v -0.18757248 -0.01562500 0.00000000
v -0.18750000 -0.01564014 0.00000000
v -0.18750000 -0.01562500 -0.00002527
v -0.18750000 -0.01564109 0.00781250
v -0.18750000 -0.01564056 0.01562500
v -0.18750000 -0.01564020 0.02343750
v -0.18750000 -0.01564044 0.03125000
v -0.18750000 -0.01564074 0.03906250
v -0.18750000 -0.01564085 0.04687500
v -0.18750000 -0.01564085 0.05468750
v -0.18750000 -0.01564038 0.06250000
v -0.18750000 -0.01562500 0.06252599
v -0.18750000 -0.00783777 -0.00781250
v -0.18750000 -0.00781250 -0.00783378
v -0.18750000 -0.00783855 0.07031250
v -0.18750000 -0.00781250 0.07033718
v -0.18750000 0.00000000 -0.00782955
v -0.19524926 0.00000000 0.07812500
v -0.18750000 0.00000000 0.07037568
v -0.18750000 0.00002050 -0.00781250
v -0.18750000 0.00002754 0.00000000
v -0.18750000 0.00009263 0.00781250
v -0.18750000 0.00781250 0.01553237
v -0.19526720 0.00781250 0.07031250
v -0.18750000 0.00781250 0.06254530
v -0.18750000 0.00004530 0.07031250
v -0.18750000 0.00783229 0.01562500
v -0.18750000 0.00783467 0.02343750
v -0.18750000 0.00783479 0.03125000
v -0.18750000 0.00783467 0.03906250
v -0.18750000 0.00783265 0.04687500
v -0.18750000 0.00783169 0.05468750
v -0.18750000 0.00783074 0.06250000
v -0.17968750 -0.01564258 0.00000000
v -0.17968750 -0.01562500 -0.00015366
v -0.17968750 -0.01564300 0.00781250
v -0.17968750 -0.01564151 0.01562500
v -0.17968750 -0.01564109 0.02343750
v -0.17968750 -0.01564091 0.03125000
v -0.17968750 -0.01564139 0.03906250
v -0.17968750 -0.01564127 0.04687500
v -0.17968750 -0.01564056 0.05468750
v -0.17968750 -0.01563996 0.06250000
v -0.17968750 -0.01562500 0.06252337
v -0.17968750 -0.00796616 -0.00781250
v -0.17968750 -0.00781250 -0.00792432
v -0.17968750 -0.00783587 0.07031250
v -0.17968750 -0.00781250 0.07033277
v -0.17968750 0.00000000 -0.00783253
v -0.17968750 0.00000000 0.07033718
v -0.17968750 0.00002193 -0.00781250
v -0.17968750 0.00002909 0.00000000
v -0.17968750 0.00012827 0.00781250
v -0.17968750 0.00781250 0.01549673
v -0.18743992 0.00781250 0.06250000
v -0.17968750 0.00781250 0.05474758
v -0.17968750 0.00006008 0.06250000
v -0.17968750 0.00002348 0.07031250
v -0.17968750 0.00783265 0.01562500
v -0.17968750 0.00783336 0.02343750
v -0.17968750 0.00783324 0.03125000
v -0.17968750 0.00783217 0.03906250
v -0.17968750 0.00783074 0.04687500
v -0.17968750 0.00782931 0.05468750
v -0.17202866 -0.01562500 -0.00781250
v -0.17187500 -0.01564437 -0.00781250
v -0.17187500 -0.01562500 -0.00785655
v -0.17187500 -0.01564586 0.00000000
v -0.17187500 -0.01564610 0.00781250
v -0.17187500 -0.01564455 0.01562500
v -0.17187500 -0.01564407 0.02343750
v -0.17187500 -0.01564437 0.03125000
v -0.17187500 -0.01564395 0.03906250
v -0.17187500 -0.01564300 0.04687500
v -0.17187500 -0.01564121 0.05468750
v -0.17187500 -0.01563960 0.06250000
v -0.17187500 -0.01562500 0.06251800
v -0.17198682 -0.00781250 -0.01562500
v -0.17187500 -0.00785655 -0.01562500
v -0.17187500 -0.00781250 -0.01565558
v -0.17965657 -0.00781250 0.07031250
v -0.17187500 -0.00781250 0.06253088
v -0.17187500 -0.00777048 -0.01562500
v -0.17187500 0.00000000 -0.00785452
v -0.17964673 0.00000000 0.07031250
v -0.17187500 0.00000000 0.06254077
v -0.17187500 0.00002325 -0.00781250
v -0.17187500 0.00003040 0.00000000
v -0.17187500 0.00012457 0.00781250
v -0.17187500 0.00781250 0.01550043
v -0.17959309 0.00781250 0.03906250
v -0.17187500 0.00781250 0.03134441
v -0.17187500 0.00009441 0.03906250
v -0.17187500 0.00003767 0.04687500
v -0.17964977 0.00781250 0.04687500
v -0.17187500 0.00003040 0.05468750
v -0.17965710 0.00781250 0.05468750
v -0.17187500 0.00002408 0.06250000
v -0.17187500 0.00783074 0.01562500
v -0.17187500 0.00783062 0.02343750
v -0.17187500 0.00783014 0.03125000
v -0.16410655 -0.01562500 -0.01562500
v -0.16406250 -0.01566410 -0.01562500
v -0.16406250 -0.01562500 -0.01567656
v -0.16406250 -0.01578480 -0.00781250
v -0.16406250 -0.01573628 0.00000000
v -0.16406250 -0.01570779 0.00781250
v -0.16406250 -0.01568699 0.01562500
v -0.16406250 -0.01568651 0.02343750
v -0.16406250 -0.01566356 0.03125000
v -0.16406250 -0.01564795 0.03906250
v -0.16406250 -0.01564407 0.04687500
v -0.16406250 -0.01564127 0.05468750
v -0.17185158 -0.01562500 0.06250000
v -0.16406250 -0.01562500 0.05471087
v -0.16409308 -0.00781250 -0.02343750
v -0.16406250 -0.00786406 -0.02343750
v -0.16406250 -0.00781250 -0.02346653
v -0.16406250 -0.00783592 0.06250000
v -0.16406250 -0.00781250 0.06251967
v -0.16406250 -0.00778967 -0.02343750
v -0.16410452 0.00000000 -0.01562500
v -0.16406250 0.00000000 -0.01564783
v -0.17173755 0.00000000 0.06250000
v -0.16406250 0.00000000 0.05482495
v -0.16406250 -0.00767505 0.06250000
v -0.16406250 0.00002050 -0.01562500
v -0.16406250 0.00002253 -0.00781250
v -0.16406250 0.00002658 0.00000000
v -0.16406250 0.00003207 0.00781250
v -0.16406250 0.00003493 0.01562500
v -0.17184001 0.00781250 0.01562500
v -0.16406250 0.00003481 0.02343750
v -0.17184013 0.00781250 0.02343750
v -0.16406250 0.00003171 0.03125000
v -0.17184323 0.00781250 0.03125000
v -0.16406250 0.00002718 0.03906250
v -0.16406250 0.00002456 0.04687500
v -0.16406250 0.00002134 0.05468750
v -0.15627909 -0.07031250 -0.10937500
v -0.15625000 -0.07032835 -0.10937500
v -0.15625000 -0.07031250 -0.10944545
v -0.15628105 -0.07031250 -0.10156250
v -0.15625000 -0.07032979 -0.10156250
v -0.15627289 -0.07031250 -0.09375000
v -0.15625000 -0.07033110 -0.09375000
v -0.15625000 -0.07031250 -0.09364146
v -0.15628976 -0.06250000 -0.11718750
v -0.15625000 -0.06257045 -0.11718750
v -0.15625000 -0.06250000 -0.11723149
v -0.15630805 -0.06250000 -0.10937500
v -0.15628910 -0.06250000 -0.10156250
v -0.15627801 -0.06250000 -0.09375000
v -0.15625000 -0.06260854 -0.08593750
v -0.15627062 -0.06250000 -0.08593750
v -0.15625000 -0.06250000 -0.08580267
v -0.15629536 -0.05468750 -0.11718750
v -0.15625000 -0.05468750 -0.11725867
v -0.15630227 -0.05468750 -0.10937500
v -0.15628749 -0.05468750 -0.10156250
v -0.15627843 -0.05468750 -0.09375000
v -0.15627229 -0.05468750 -0.08593750
v -0.15625000 -0.05468750 -0.08526683
v -0.15627855 -0.04687500 -0.11718750
v -0.15625000 -0.04687500 -0.11724281
v -0.15627837 -0.04687500 -0.10937500
v -0.15627462 -0.04687500 -0.10156250
v -0.15627205 -0.04687500 -0.09375000
v -0.15627033 -0.04687500 -0.08593750
v -0.15625000 -0.04754567 -0.07812500
v -0.15626931 -0.04687500 -0.07812500
v -0.15625000 -0.04687500 -0.07790232
v -0.15625000 -0.04670507 -0.11718750
v -0.15625000 -0.04638088 -0.10937500
v -0.15625000 -0.04669315 -0.10156250
v -0.15625000 -0.04677451 -0.09375000
v -0.15625000 -0.04680210 -0.08593750
v -0.15625000 -0.04680860 -0.07812500
v -0.15626317 -0.03125000 -0.02343750
v -0.15625000 -0.03131640 -0.02343750
v -0.15625000 -0.03125000 -0.02354079
v -0.15626466 -0.03125000 -0.01562500
v -0.15625000 -0.03127599 -0.01562500
v -0.15626651 -0.03125000 -0.00781250
v -0.15625000 -0.03126788 -0.00781250
v -0.15625000 -0.03125000 -0.00766844
v -0.15626508 -0.02343750 -0.03125000
v -0.15625000 -0.02354079 -0.03125000
v -0.15625000 -0.02343750 -0.03130752
v -0.15626931 -0.02343750 -0.02343750
v -0.15628910 -0.02343750 -0.01562500
v -0.15640980 -0.02343750 -0.00781250
v -0.15625000 -0.02358156 0.00000000
v -0.15636128 -0.02343750 0.00000000
v -0.15633279 -0.02343750 0.00781250
v -0.15625000 -0.02347690 0.00781250
v -0.15631199 -0.02343750 0.01562500
v -0.15625000 -0.02346075 0.01562500
v -0.15631151 -0.02343750 0.02343750
v -0.15625000 -0.02345544 0.02343750
v -0.15625000 -0.02343750 0.02352560
v -0.15627050 -0.01562500 -0.03125000
v -0.15625000 -0.01562500 -0.03182918
v -0.15630156 -0.01562500 -0.02343750
v -0.15625000 -0.01571316 0.03125000
v -0.15625000 -0.01565576 0.03906250
v -0.15625000 -0.01564312 0.04687500
v -0.16400009 -0.01562500 0.05468750
v -0.15625000 -0.01562500 0.04693747
v -0.15627903 -0.00781250 -0.03125000
v -0.15625000 -0.00781250 -0.03132004
v -0.15625000 -0.00787491 0.05468750
v -0.16401285 -0.00781250 0.06250000
v -0.15625000 -0.00781250 0.05473709
v -0.15625000 -0.00779349 -0.03125000
v -0.15625000 -0.00776291 -0.02343750
v -0.15625000 0.00000000 -0.01567459
v -0.15625000 0.00000000 0.05471313
v -0.15625000 0.00002122 -0.01562500
v -0.15625000 0.00002229 -0.00781250
v -0.15625000 0.00002337 0.00000000
v -0.15625000 0.00002468 0.00781250
v -0.15625000 0.00002587 0.01562500
v -0.15625000 0.00002527 0.02343750
v -0.15625000 0.00002313 0.03125000
v -0.15625000 0.00002086 0.03906250
v -0.15625000 0.00001907 0.04687500
v -0.15625000 0.00001681 0.05468750
v -0.14850795 -0.07031250 -0.11718750
v -0.14843750 -0.07032973 -0.11718750
v -0.14843750 -0.07031250 -0.11721313
v -0.14843750 -0.07034981 -0.10937500
v -0.14843750 -0.07037461 -0.10156250
v -0.14843750 -0.07045674 -0.09375000
v -0.14854604 -0.07031250 -0.08593750
v -0.14843750 -0.07047993 -0.08593750
v -0.14849406 -0.07031250 -0.07812500
v -0.14843750 -0.07038903 -0.07812500
v -0.14846641 -0.07031250 -0.07031250
v -0.14843750 -0.07038546 -0.07031250
v -0.14845747 -0.07031250 -0.06250000
v -0.14843750 -0.07035494 -0.06250000
v -0.14843750 -0.07031250 -0.06203896
v -0.14843750 -0.06250000 -0.12238950
v -0.14857233 -0.06250000 -0.07812500
v -0.14848262 -0.06250000 -0.07031250
v -0.14846271 -0.06250000 -0.06250000
v -0.14843750 -0.06296104 -0.05468750
v -0.14846057 -0.06250000 -0.05468750
v -0.14845759 -0.06250000 -0.04687500
v -0.14843750 -0.06256241 -0.04687500
v -0.14843750 -0.06250000 -0.04670733
v -0.14850867 -0.05468750 -0.12500000
v -0.14843750 -0.05988950 -0.12500000
v -0.14843750 -0.05468750 -0.12503433
v -0.14910817 -0.05468750 -0.07812500
v -0.14850825 -0.05468750 -0.07031250
v -0.14847285 -0.05468750 -0.06250000
v -0.14846569 -0.05468750 -0.05468750
v -0.14846355 -0.05468750 -0.04687500
v -0.14843750 -0.05485517 -0.03906250
v -0.14845771 -0.05468750 -0.03906250
v -0.14845383 -0.05468750 -0.03125000
v -0.14843750 -0.05473977 -0.03125000
v -0.14843750 -0.05468750 -0.03111666
v -0.14849281 -0.04687500 -0.12500000
v -0.14843750 -0.04687500 -0.12504983
v -0.14866018 -0.04687500 -0.07031250
v -0.14850241 -0.04687500 -0.06250000
v -0.14848000 -0.04687500 -0.05468750
v -0.14848179 -0.04687500 -0.04687500
v -0.14848006 -0.04687500 -0.03906250
v -0.14846694 -0.04687500 -0.03125000
v -0.14843750 -0.04700834 -0.02343750
v -0.14846003 -0.04687500 -0.02343750
v -0.14845353 -0.04687500 -0.01562500
v -0.14843750 -0.04692286 -0.01562500
v -0.14843750 -0.04687500 -0.01557660
v -0.14846599 -0.03906250 -0.12500000
v -0.14843750 -0.03906250 -0.12502688
v -0.14860743 -0.03906250 -0.11718750
v -0.14893162 -0.03906250 -0.10937500
v -0.14861935 -0.03906250 -0.10156250
v -0.14853799 -0.03906250 -0.09375000
v -0.14851040 -0.03906250 -0.08593750
v -0.14850390 -0.03906250 -0.07812500
v -0.14849645 -0.03906250 -0.07031250
v -0.14848781 -0.03906250 -0.06250000
v -0.14849782 -0.03906250 -0.05468750
v -0.14849544 -0.03906250 -0.04687500
v -0.14851415 -0.03906250 -0.03906250
v -0.14856690 -0.03906250 -0.03125000
v -0.14850390 -0.03906250 -0.02343750
v -0.14846349 -0.03906250 -0.01562500
v -0.14843750 -0.03911090 -0.00781250
v -0.14845538 -0.03906250 -0.00781250
v -0.14845526 -0.03906250 0.00000000
v -0.14843750 -0.03908920 0.00000000
v -0.14843750 -0.03906250 0.00003994
v -0.14843750 -0.03898633 -0.12500000
v -0.14843750 -0.03125000 -0.11726367
v -0.14847064 -0.03125000 -0.11718750
v -0.14847130 -0.03125000 -0.10937500
v -0.14847183 -0.03125000 -0.10156250
v -0.14846879 -0.03125000 -0.09375000
v -0.14846909 -0.03125000 -0.08593750
v -0.14847082 -0.03125000 -0.07812500
v -0.14846897 -0.03125000 -0.07031250
v -0.14846921 -0.03125000 -0.06250000
v -0.14847064 -0.03125000 -0.05468750
v -0.14846921 -0.03125000 -0.04687500
v -0.14849311 -0.03125000 -0.03906250
v -0.14854079 -0.03125000 -0.03125000
v -0.14858156 -0.03125000 0.00000000
v -0.14843750 -0.03128988 0.00781250
v -0.14847690 -0.03125000 0.00781250
v -0.14843750 -0.03125000 0.00794053
v -0.14843750 -0.03119314 -0.11718750
v -0.14843750 -0.03117144 -0.10937500
v -0.14843750 -0.03115320 -0.10156250
v -0.14843750 -0.03111732 -0.09375000
v -0.14843750 -0.03105450 -0.08593750
v -0.14843750 -0.03008693 -0.07812500
v -0.14843750 -0.02343750 -0.07147557
v -0.14845836 -0.02343750 -0.07031250
v -0.14846176 -0.02343750 -0.06250000
v -0.14846808 -0.02343750 -0.05468750
v -0.14847404 -0.02343750 -0.04687500
v -0.14849502 -0.02343750 -0.03906250
v -0.14843750 -0.02356553 0.01562500
v -0.14843750 -0.02347046 0.02343750
v -0.14843750 -0.02343750 0.02434671
v -0.14843750 -0.02333641 -0.07031250
v -0.14843750 -0.01562500 -0.06260109
v -0.14846385 -0.01562500 -0.06250000
v -0.14847052 -0.01562500 -0.05468750
v -0.14848965 -0.01562500 -0.04687500
v -0.14901668 -0.01562500 -0.03906250
v -0.14843750 -0.01653421 0.03125000
v -0.14843750 -0.01565492 0.03906250
v -0.14843750 -0.01564229 0.04687500
v -0.14843750 -0.01562500 0.04690623
v -0.14843750 -0.01560515 -0.06250000
v -0.14843750 -0.01559055 -0.05468750
v -0.14843750 -0.01513273 -0.04687500
v -0.14843750 -0.00781250 -0.03955477
v -0.14850754 -0.00781250 -0.03906250
v -0.14843750 -0.00784373 0.05468750
v -0.14843750 -0.00781250 0.05471241
v -0.14843750 -0.00779444 -0.03906250
v -0.14843750 -0.00777352 -0.03125000
v -0.14848709 0.00000000 -0.02343750
v -0.14843750 0.00000000 -0.02347648
v -0.15619957 0.00000000 0.05468750
v -0.14843750 0.00000000 0.04692543
v -0.14843750 -0.00776207 0.05468750
v -0.14843750 0.00001848 -0.02343750
v -0.14843750 0.00002050 -0.01562500
v -0.14843750 0.00002122 -0.00781250
v -0.14843750 0.00002038 0.00000000
v -0.14843750 0.00002015 0.00781250
v -0.14843750 0.00002003 0.01562500
v -0.14843750 0.00001848 0.02343750
v -0.14843750 0.00001693 0.03125000
v -0.14843750 0.00001585 0.03906250
v -0.14843750 0.00001526 0.04687500
v -0.14845115 0.02343750 0.34375000
v -0.14843750 0.02341509 0.34375000
v -0.14843750 0.02343750 0.34371042
v -0.14845854 0.02343750 0.35156250
v -0.14843750 0.02342153 0.35156250
v -0.14843750 0.02343750 0.35505283
v -0.14845097 0.03125000 0.34375000
v -0.14843750 0.03125000 0.34370601
v -0.14845902 0.03125000 0.35156250
v -0.14843750 0.02775967 0.35937500
v -0.14846706 0.03125000 0.35937500
v -0.14847302 0.03125000 0.36718750
v -0.14843750 0.03120506 0.36718750
v -0.14847040 0.03125000 0.37500000
v -0.14843750 0.03122807 0.37500000
v -0.14846349 0.03125000 0.38281250
v -0.14843750 0.03123450 0.38281250
v -0.14843750 0.03125000 0.38292563
v -0.14843750 0.03128183 0.34375000
v -0.14843750 0.03174758 0.35156250
v -0.14843750 0.03906250 0.35887742
v -0.14845932 0.03906250 0.35937500
v -0.14845800 0.03906250 0.36718750
v -0.14845508 0.03906250 0.37500000
v -0.14843750 0.03906250 0.37502611
v -0.14843750 0.03127611 0.38281250
v -0.14843750 0.03907526 0.35937500
v -0.14843750 0.03907514 0.36718750
v -0.14843750 0.03907323 0.37500000
v -0.14064133 -0.08593750 -0.07812500
v -0.14062500 -0.08595526 -0.07812500
v -0.14062500 -0.08593750 -0.07819575
v -0.14062500 -0.08593750 -0.07786912
v -0.14066231 -0.07812500 -0.10937500
v -0.14062500 -0.07814318 -0.10937500
v -0.14062500 -0.07812500 -0.10940683
v -0.14068711 -0.07812500 -0.10156250
v -0.14062500 -0.07815194 -0.10156250
v -0.14076924 -0.07812500 -0.09375000
v -0.14062500 -0.07816440 -0.09375000
v -0.14079243 -0.07812500 -0.08593750
v -0.14062500 -0.07819575 -0.08593750
v -0.14070153 -0.07812500 -0.07812500
v -0.14062500 -0.07838088 -0.07031250
v -0.14069796 -0.07812500 -0.07031250
v -0.14066744 -0.07812500 -0.06250000
v -0.14062500 -0.07820642 -0.06250000
v -0.14065015 -0.07812500 -0.05468750
v -0.14062500 -0.07817596 -0.05468750
v -0.14064491 -0.07812500 -0.04687500
v -0.14062500 -0.07815820 -0.04687500
v -0.14062500 -0.07812500 -0.04665107
v -0.14062500 -0.07034433 -0.11718750
v -0.14062500 -0.07031250 -0.11724961
v -0.14108604 -0.07031250 -0.05468750
v -0.14068741 -0.07031250 -0.04687500
v -0.14062500 -0.07053643 -0.03906250
v -0.14066243 -0.07031250 -0.03906250
v -0.14065194 -0.07031250 -0.03125000
v -0.14062500 -0.07037401 -0.03125000
v -0.14062500 -0.07031250 -0.03094971
v -0.14582700 -0.06250000 -0.12500000
v -0.14062500 -0.06256211 -0.12500000
v -0.14062500 -0.06250000 -0.12502319
v -0.14079267 -0.06250000 -0.03906250
v -0.14067727 -0.06250000 -0.03125000
v -0.14062500 -0.06280029 -0.02343750
v -0.14065325 -0.06250000 -0.02343750
v -0.14064598 -0.06250000 -0.01562500
v -0.14062500 -0.06254733 -0.01562500
v -0.14062500 -0.06250000 -0.01553637
v -0.14062500 -0.05468750 -0.12513769
v -0.14075834 -0.05468750 -0.02343750
v -0.14067286 -0.05468750 -0.01562500
v -0.14062500 -0.05477613 -0.00781250
v -0.14064997 -0.05468750 -0.00781250
v -0.14062500 -0.05468750 -0.00773549
v -0.14067483 -0.04687500 -0.13281250
v -0.14062500 -0.04701269 -0.13281250
v -0.14062500 -0.04687500 -0.13283104
v -0.14067340 -0.04687500 -0.00781250
v -0.14062500 -0.04695201 0.00000000
v -0.14065170 -0.04687500 0.00000000
v -0.14062500 -0.04687500 0.00004494
v -0.14062500 -0.04679155 -0.13281250
v -0.14062500 -0.03906250 -0.12508345
v -0.14066488 -0.03906250 0.00781250
v -0.14062500 -0.03910738 0.00781250
v -0.14062500 -0.03906250 0.00827789
v -0.14070117 -0.03125000 -0.12500000
v -0.14062500 -0.03125000 -0.12502384
v -0.14075303 -0.03125000 0.01562500
v -0.14062500 -0.03171533 0.01562500
v -0.14065796 -0.03125000 0.02343750
v -0.14062500 -0.03126812 0.02343750
v -0.14062500 -0.03125000 0.02346706
v -0.14062500 -0.03121918 -0.12500000
v -0.14068186 -0.02343750 -0.11718750
v -0.14062500 -0.02343750 -0.11721832
v -0.14070356 -0.02343750 -0.10937500
v -0.14072180 -0.02343750 -0.10156250
v -0.14075768 -0.02343750 -0.09375000
v -0.14082050 -0.02343750 -0.08593750
v -0.14178807 -0.02343750 -0.07812500
v -0.14153421 -0.02343750 0.03125000
v -0.14062500 -0.02346706 0.03125000
v -0.14062500 -0.02343750 0.03139913
v -0.14062500 -0.02340961 -0.11718750
v -0.14062500 -0.02340108 -0.10937500
v -0.14062500 -0.02339095 -0.10156250
v -0.14062500 -0.02336401 -0.09375000
v -0.14062500 -0.02273089 -0.08593750
v -0.14062500 -0.01562500 -0.07883161
v -0.14066070 -0.01562500 -0.07812500
v -0.14072609 -0.01562500 -0.07031250
v -0.14062500 -0.01577407 0.03906250
v -0.14062500 -0.01565850 0.04687500
v -0.14062500 -0.01562500 0.04689837
v -0.14062500 -0.01560426 -0.07812500
v -0.14062500 -0.01559418 -0.07031250
v -0.14062500 -0.01531804 -0.06250000
v -0.14065945 -0.00781250 -0.05468750
v -0.14062500 -0.00781250 -0.05499446
v -0.14111727 -0.00781250 -0.04687500
v -0.14062500 -0.00783592 0.05468750
v -0.14062500 -0.00781250 0.05470598
v -0.14062500 -0.00779730 -0.05468750
v -0.14062500 -0.00779396 -0.04687500
v -0.14062500 -0.00777060 -0.03906250
v -0.14062500 -0.00735301 -0.03125000
v -0.14062500 0.00000000 -0.02389699
v -0.14836681 0.00000000 0.04687500
v -0.14062500 0.00000000 0.03913319
v -0.14062500 -0.00774181 0.04687500
v -0.14062500 -0.00779122 0.05468750
v -0.14062500 0.00001800 -0.02343750
v -0.14062500 0.00001907 -0.01562500
v -0.14062500 0.00001931 -0.00781250
v -0.14062500 0.00001836 0.00000000
v -0.14062500 0.00001800 0.00781250
v -0.14062500 0.00001740 0.01562500
v -0.14062500 0.00001562 0.02343750
v -0.14062500 0.00001454 0.03125000
v -0.14062500 0.00001395 0.03906250
v -0.14063901 0.01562500 0.32812500
v -0.14062500 0.01561260 0.32812500
v -0.14062500 0.01562500 0.32810819
v -0.14064932 0.01562500 0.33593750
v -0.14062500 0.01561129 0.33593750
v -0.14064735 0.01562500 0.34375000
v -0.14062500 0.01561213 0.34375000
v -0.14064091 0.01562500 0.35156250
v -0.14062500 0.01561415 0.35156250
v -0.14062500 0.01562500 0.35161173
v -0.14064157 0.02343750 0.32812500
v -0.14062500 0.02343750 0.32809651
v -0.14066452 0.02343750 0.33593750
v -0.14411533 0.02343750 0.35937500
v -0.14062500 0.02338827 0.35937500
v -0.14067000 0.02343750 0.36718750
v -0.14062500 0.02341735 0.36718750
v -0.14064693 0.02343750 0.37500000
v -0.14062500 0.02342403 0.37500000
v -0.14064050 0.02343750 0.38281250
v -0.14062500 0.02342594 0.38281250
v -0.14062500 0.02343750 0.38285589
v -0.14064234 0.03125000 0.32812500
v -0.14062500 0.03125000 0.32808745
v -0.14066899 0.03125000 0.33593750
v -0.14073819 0.03125000 0.39062500
v -0.14062500 0.03120661 0.39062500
v -0.14062500 0.03125000 0.39067721
v -0.14062500 0.03127801 0.32812500
v -0.14062500 0.03906250 0.33590949
v -0.14064056 0.03906250 0.33593750
v -0.14065677 0.03906250 0.34375000
v -0.14112252 0.03906250 0.35156250
v -0.14065111 0.03906250 0.38281250
v -0.14062500 0.03906250 0.38283038
v -0.14062500 0.03126788 0.39062500
v -0.14062500 0.03907609 0.33593750
v -0.14062500 0.03908134 0.34375000
v -0.14062500 0.03909171 0.35156250
v -0.14062500 0.03909099 0.35937500
v -0.14062500 0.03908205 0.36718750
v -0.14062500 0.03907502 0.37500000
v -0.14062500 0.03907192 0.38281250
v -0.13283944 -0.08593750 -0.10156250
v -0.13281250 -0.08595270 -0.10156250
v -0.13281250 -0.08593750 -0.10159922
v -0.13285190 -0.08593750 -0.09375000
v -0.13281250 -0.08595669 -0.09375000
v -0.13288325 -0.08593750 -0.08593750
v -0.13281250 -0.08596116 -0.08593750
v -0.13281250 -0.08597815 -0.07812500
v -0.13306838 -0.08593750 -0.07031250
v -0.13281250 -0.08636349 -0.07031250
v -0.13289392 -0.08593750 -0.06250000
v -0.13281250 -0.08661270 -0.06250000
v -0.13286346 -0.08593750 -0.05468750
v -0.13281250 -0.08605242 -0.05468750
v -0.13284570 -0.08593750 -0.04687500
v -0.13281250 -0.08600295 -0.04687500
v -0.13283741 -0.08593750 -0.03906250
v -0.13281250 -0.08598870 -0.03906250
v -0.13283306 -0.08593750 -0.03125000
v -0.13281250 -0.08597410 -0.03125000
v -0.13281250 -0.08593750 -0.03116125
v -0.13281250 -0.07816172 -0.10937500
v -0.13281250 -0.07812500 -0.11202461
v -0.13303643 -0.07812500 -0.03906250
v -0.13287401 -0.07812500 -0.03125000
v -0.13281250 -0.07821375 -0.02343750
v -0.13283998 -0.07812500 -0.02343750
v -0.13281250 -0.07812500 -0.02296442
v -0.13287461 -0.07031250 -0.12500000
v -0.13281250 -0.07033283 -0.12500000
v -0.13281250 -0.07031250 -0.12502623
v -0.13281250 -0.07296211 -0.11718750
v -0.13311279 -0.07031250 -0.02343750
v -0.13281250 -0.07078558 -0.01562500
v -0.13285983 -0.07031250 -0.01562500
v -0.13283908 -0.07031250 -0.00781250
v -0.13281250 -0.07034510 -0.00781250
v -0.13281250 -0.07031250 -0.00776911
v -0.13281250 -0.06250000 -0.12508303
v -0.13290113 -0.06250000 -0.00781250
v -0.13281250 -0.06250000 -0.00753355
v -0.13295019 -0.05468750 -0.13281250
v -0.13281250 -0.05477053 -0.13281250
v -0.13281250 -0.05468750 -0.13282567
v -0.13288951 -0.05468750 0.00000000
v -0.13281250 -0.05496645 0.00000000
v -0.13281250 -0.05468750 0.00003588
v -0.13281250 -0.04687500 -0.13282502
v -0.13281250 -0.04687500 0.00004995
v -0.13281250 -0.04683095 -0.13281250
v -0.13281250 -0.03906250 -0.12504405
v -0.13281250 -0.03911245 0.00781250
v -0.13327783 -0.03906250 0.01562500
v -0.13281250 -0.03907639 0.01562500
v -0.13281250 -0.03906250 0.01565862
v -0.13281250 -0.03125000 -0.12501740
v -0.13281250 -0.03128356 0.02343750
v -0.13284206 -0.03125000 0.03125000
v -0.13281250 -0.03126311 0.03125000
v -0.13281250 -0.03125000 0.03128350
v -0.13281250 -0.03122097 -0.12500000
v -0.13281250 -0.02343750 -0.11721653
v -0.13296157 -0.02343750 0.03906250
v -0.13281250 -0.02347106 0.03906250
v -0.13284600 -0.02343750 0.04687500
v -0.13281250 -0.02345371 0.04687500
v -0.13281250 -0.02343750 0.04689705
v -0.13281250 -0.02339530 -0.11718750
v -0.13281250 -0.02326763 -0.10937500
v -0.13285905 -0.01562500 -0.10156250
v -0.13281250 -0.01562500 -0.10173237
v -0.13288599 -0.01562500 -0.09375000
v -0.13351911 -0.01562500 -0.08593750
v -0.13281250 -0.01562500 0.04689646
v -0.13281250 -0.01560998 -0.10156250
v -0.13281250 -0.01560539 -0.09375000
v -0.13281250 -0.01558995 -0.08593750
v -0.13281250 -0.01554108 -0.07812500
v -0.13284332 -0.00781250 -0.07031250
v -0.13281250 -0.00781250 -0.07039642
v -0.13311946 -0.00781250 -0.06250000
v -0.14053756 -0.00781250 0.05468750
v -0.13281250 -0.00781250 0.04696238
v -0.13281250 -0.00779855 -0.07031250
v -0.13281250 -0.00779688 -0.06250000
v -0.13281250 -0.00779390 -0.05468750
v -0.13281250 -0.00777578 -0.04687500
v -0.13281250 -0.00772965 -0.03906250
v -0.13327199 0.00000000 -0.03125000
v -0.13281250 0.00000000 -0.03133285
v -0.14056838 0.00000000 0.03906250
v -0.13281250 0.00000000 0.03130662
v -0.13281250 -0.00775588 0.03906250
v -0.13281250 -0.00779104 0.04687500
v -0.13281250 0.00001705 -0.03125000
v -0.13281250 0.00001812 -0.02343750
v -0.13281250 0.00001848 -0.01562500
v -0.13281250 0.00001776 -0.00781250
v -0.13281250 0.00001693 0.00000000
v -0.13281250 0.00001609 0.00781250
v -0.13281250 0.00001526 0.01562500
v -0.13281250 0.00001419 0.02343750
v -0.13281250 0.00001359 0.03125000
v -0.13282925 0.01562500 0.32031250
v -0.13281250 0.01560783 0.32031250
v -0.13281250 0.01562500 0.32029474
v -0.13281250 0.01559651 0.32812500
v -0.13281250 0.01556575 0.33593750
v -0.13281250 0.01558125 0.34375000
v -0.13281250 0.01560557 0.35156250
v -0.13286173 0.01562500 0.35937500
v -0.13281250 0.01561308 0.35937500
v -0.13283259 0.01562500 0.36718750
v -0.13281250 0.01561522 0.36718750
v -0.13281250 0.01562500 0.36744595
v -0.13284099 0.02343750 0.32031250
v -0.13281250 0.02343750 0.32028520
v -0.13281250 0.02317905 0.37500000
v -0.13281250 0.02341378 0.38281250
v -0.13285583 0.02343750 0.39062500
v -0.13281250 0.02342510 0.39062500
v -0.13281250 0.02343750 0.39067340
v -0.13285005 0.03125000 0.32031250
v -0.13281250 0.03125000 0.32028234
v -0.13286465 0.03125000 0.39843750
v -0.13281250 0.03120160 0.39843750
v -0.13281250 0.03125000 0.39845002
v -0.13281250 0.03127933 0.32031250
v -0.13284051 0.03906250 0.32812500
v -0.13281250 0.03906250 0.32809567
v -0.13281250 0.03906250 0.38284922
v -0.13281250 0.03128672 0.39062500
v -0.13281250 0.03126037 0.39843750
v -0.13281250 0.03907800 0.32812500
v -0.13281250 0.03910160 0.33593750
v -0.13283139 0.04687500 0.34375000
v -0.13281250 0.04687500 0.34371090
v -0.13284165 0.04687500 0.35156250
v -0.13284093 0.04687500 0.35937500
v -0.13281250 0.04687500 0.35939527
v -0.13281250 0.03908277 0.36718750
v -0.13281250 0.03907406 0.37500000
v -0.13281250 0.03907168 0.38281250
v -0.13281250 0.04688489 0.34375000
v -0.13281250 0.04688406 0.35156250
v -0.13281250 0.04688370 0.35937500
v -0.12502116 -0.10156250 -0.05468750
v -0.12500000 -0.10158849 -0.05468750
v -0.12500000 -0.10156250 -0.05500954
v -0.12502033 -0.10156250 -0.04687500
v -0.12500000 -0.10159671 -0.04687500
v -0.12502009 -0.10156250 -0.03906250
v -0.12500000 -0.10161030 -0.03906250
v -0.12502003 -0.10156250 -0.03125000
v -0.12500000 -0.10160333 -0.03125000
v -0.12500000 -0.10156250 -0.03116614
v -0.12504065 -0.09375000 -0.07812500
v -0.12500000 -0.09377015 -0.07812500
v -0.12500000 -0.09375000 -0.07822865
v -0.12542599 -0.09375000 -0.07031250
v -0.12500000 -0.09378415 -0.07031250
v -0.12567520 -0.09375000 -0.06250000
v -0.12500000 -0.09407204 -0.06250000
v -0.12511492 -0.09375000 -0.05468750
v -0.12506545 -0.09375000 -0.04687500
v -0.12505120 -0.09375000 -0.03906250
v -0.12503660 -0.09375000 -0.03125000
v -0.12500000 -0.09383386 -0.02343750
v -0.12502623 -0.09375000 -0.02343750
v -0.12500000 -0.09375000 -0.02337390
v -0.12500000 -0.08596742 -0.10156250
v -0.12500000 -0.08593750 -0.10188872
v -0.12500000 -0.08598900 -0.09375000
v -0.12500000 -0.08604115 -0.08593750
v -0.12508875 -0.08593750 -0.02343750
v -0.12500000 -0.08600110 -0.01562500
v -0.12502742 -0.08593750 -0.01562500
v -0.12500000 -0.08593750 -0.01557577
v -0.12764961 -0.07812500 -0.11718750
v -0.12500000 -0.07814413 -0.11718750
v -0.12500000 -0.07812500 -0.11721468
v -0.12500000 -0.07845122 -0.10937500
v -0.12547308 -0.07812500 -0.01562500
v -0.12500000 -0.07812500 -0.01526558
v -0.12500000 -0.07033968 -0.12500000
v -0.12500000 -0.07031250 -0.12503487
v -0.12500000 -0.07067192 -0.00781250
v -0.12500000 -0.07031250 -0.00769460
v -0.12500000 -0.06250000 -0.12508500
v -0.12500000 -0.06261790 0.00000000
v -0.12527895 -0.06250000 0.00000000
v -0.12500000 -0.06250000 0.00003827
v -0.13274741 -0.05468750 -0.13281250
v -0.12500000 -0.05468750 -0.12506509
v -0.12500000 -0.05468750 0.00005221
v -0.13277280 -0.04687500 -0.13281250
v -0.12500000 -0.04687500 -0.12503970
v -0.12500000 -0.04687500 0.00012171
v -0.12500000 -0.03906250 -0.12501782
v -0.12500000 -0.03918421 0.00781250
v -0.12500000 -0.03908044 0.01562500
v -0.12503356 -0.03906250 0.02343750
v -0.12500000 -0.03907454 0.02343750
v -0.12500000 -0.03906250 0.02345860
v -0.12500000 -0.03896606 -0.12500000
v -0.13271606 -0.03125000 -0.12500000
v -0.12500000 -0.03125000 -0.11728394
v -0.12500000 -0.03127104 0.03125000
v -0.12503356 -0.03125000 0.03906250
v -0.12500000 -0.03126234 0.03906250
v -0.12500000 -0.03125000 0.03912699
v -0.12500000 -0.02343750 -0.11720639
v -0.12500000 -0.02350205 0.04687500
v -0.12500000 -0.02343750 0.04690468
v -0.12500000 -0.02340961 -0.11718750
v -0.12516987 -0.01562500 -0.10937500
v -0.12500000 -0.01562500 -0.10940289
v -0.12500000 -0.01562500 0.04689538
v -0.12500000 -0.01561260 -0.10937500
v -0.12500000 -0.01560724 -0.10156250
v -0.12500000 -0.01559472 -0.09375000
v -0.12500000 -0.01432920 -0.08593750
v -0.12508392 -0.00781250 -0.07812500
v -0.12500000 -0.00781250 -0.07942080
v -0.12500000 -0.00781250 0.04690552
v -0.12500000 -0.00779808 -0.07812500
v -0.12500000 -0.00779706 -0.07031250
v -0.12500000 -0.00779474 -0.06250000
v -0.12500000 -0.00779068 -0.05468750
v -0.12500000 -0.00778091 -0.04687500
v -0.12500000 -0.00773728 -0.03906250
v -0.12500000 0.00000000 -0.03132522
v -0.13265228 0.00000000 0.00781250
v -0.12500000 0.00000000 0.00016022
v -0.12500000 -0.00765228 0.00781250
v -0.12500000 -0.00774342 0.01562500
v -0.13274342 0.00000000 0.01562500
v -0.12500000 -0.00777334 0.02343750
v -0.13277334 0.00000000 0.02343750
v -0.12500000 -0.00778520 0.03125000
v -0.13278520 0.00000000 0.03125000
v -0.12500000 -0.00779217 0.03906250
v -0.12500000 -0.00779516 0.04687500
v -0.12500000 0.00001729 -0.03125000
v -0.12500000 0.00001812 -0.02343750
v -0.12500000 0.00001764 -0.01562500
v -0.12500000 0.00001657 -0.00781250
v -0.12500000 0.00001585 0.00000000
v -0.12502855 0.00781250 0.32812500
v -0.12500000 0.00780165 0.32812500
v -0.12500000 0.00781250 0.32797348
v -0.12505919 0.00781250 0.33593750
v -0.12500000 0.00780141 0.33593750
v -0.12504369 0.00781250 0.34375000
v -0.12500000 0.00780165 0.34375000
v -0.12500000 0.00781250 0.34409976
v -0.12501776 0.01562500 0.31250000
v -0.12500000 0.01559508 0.31250000
v -0.12500000 0.01562500 0.31248426
v -0.12500000 0.01547348 0.32031250
v -0.12500000 0.01527524 0.35156250
v -0.12500000 0.01560235 0.35937500
v -0.12500000 0.01561296 0.36718750
v -0.12525845 0.01562500 0.37500000
v -0.12500000 0.01561379 0.37500000
v -0.12502372 0.01562500 0.38281250
v -0.12500000 0.01561403 0.38281250
v -0.12500000 0.01562500 0.38284326
v -0.12502730 0.02343750 0.31250000
v -0.12500000 0.02343750 0.31247890
v -0.12500000 0.02340674 0.39062500
v -0.12504840 0.02343750 0.39843750
v -0.12500000 0.02342629 0.39843750
v -0.12500000 0.02343750 0.39844990
v -0.12503010 0.03125000 0.31250000
v -0.12500000 0.03125000 0.31248426
v -0.12500000 0.03125000 0.39845359
v -0.12500000 0.03127122 0.31250000
v -0.12502933 0.03906250 0.32031250
v -0.12500000 0.03906250 0.32029128
v -0.12500000 0.03906250 0.38283968
v -0.12500000 0.03127718 0.39062500
v -0.12500000 0.03125966 0.39843750
v -0.12500000 0.03907657 0.32031250
v -0.12500000 0.03914630 0.32812500
v -0.12503904 0.04687500 0.33593750
v -0.12500000 0.04687500 0.33585370
v -0.13274598 0.04687500 0.35937500
v -0.12500000 0.04687500 0.35162902
v -0.12500000 0.03912902 0.35937500
v -0.12500000 0.03907669 0.36718750
v -0.12500000 0.03907239 0.37500000
v -0.12500000 0.03907192 0.38281250
v -0.12500000 0.04688537 0.33593750
v -0.12500000 0.04688537 0.34375000
v -0.12500000 0.04688525 0.35156250
v -0.11721349 -0.10937500 -0.05468750
v -0.11718750 -0.10939723 -0.05468750
v -0.11718750 -0.10937500 -0.05473608
v -0.11722171 -0.10937500 -0.04687500
v -0.11718750 -0.10940790 -0.04687500
v -0.11723530 -0.10937500 -0.03906250
v -0.11718750 -0.10941982 -0.03906250
v -0.11722833 -0.10937500 -0.03125000
v -0.11718750 -0.10941368 -0.03125000
v -0.11721092 -0.10937500 -0.02343750
v -0.11718750 -0.10940450 -0.02343750
v -0.11718750 -0.10937500 -0.02340400
v -0.11750954 -0.10156250 -0.06250000
v -0.11718750 -0.10161108 -0.06250000
v -0.11718750 -0.10156250 -0.06287920
v -0.11727136 -0.10156250 -0.02343750
v -0.11718750 -0.10159600 -0.01562500
v -0.11721009 -0.10156250 -0.01562500
v -0.11718750 -0.10156250 -0.01559794
v -0.11723900 -0.09375000 -0.09375000
v -0.11718750 -0.09376431 -0.09375000
v -0.11718750 -0.09375000 -0.09377652
v -0.11729115 -0.09375000 -0.08593750
v -0.11718750 -0.09377462 -0.08593750
v -0.11718750 -0.09379297 -0.07812500
v -0.11718750 -0.09412920 -0.07031250
v -0.11725110 -0.09375000 -0.01562500
v -0.11718750 -0.09375000 -0.01555932
v -0.11718750 -0.08596402 -0.10156250
v -0.11718750 -0.08593750 -0.10173166
v -0.11718750 -0.08593750 -0.01547837
v -0.12375522 -0.07812500 -0.11718750
v -0.11718750 -0.07812500 -0.11061978
v -0.11718750 -0.07829416 -0.10937500
v -0.11718750 -0.07827163 -0.00781250
v -0.11754692 -0.07812500 -0.00781250
v -0.11718750 -0.07812500 -0.00776356
v -0.11718750 -0.07033372 -0.12500000
v -0.11718750 -0.07031250 -0.12502027
v -0.11718750 -0.07155728 -0.11718750
v -0.11718750 -0.07031250 -0.00506359
v -0.11718750 -0.06250000 -0.12503427
v -0.11718750 -0.06524891 0.00000000
v -0.11722577 -0.06250000 0.00781250
v -0.11718750 -0.06256223 0.00781250
v -0.11718750 -0.06250000 0.00784695
v -0.11718750 -0.05468750 -0.12502646
v -0.11723977 -0.05468750 0.00781250
v -0.11718750 -0.05468750 0.00784707
v -0.11718750 -0.04687500 -0.12501717
v -0.11730921 -0.04687500 0.00781250
v -0.11718750 -0.04687500 0.00785267
v -0.11718750 -0.03906250 -0.12501150
v -0.11718750 -0.03910261 0.01562500
v -0.11718750 -0.03907871 0.02343750
v -0.11718750 -0.03906250 0.02347922
v -0.11718750 -0.03904545 -0.12500000
v -0.11718750 -0.03125000 -0.11720455
v -0.11718750 -0.03129166 0.03125000
v -0.11718750 -0.03126633 0.03906250
v -0.11725205 -0.03125000 0.04687500
v -0.11718750 -0.03126109 0.04687500
v -0.11718750 -0.03125000 0.04689229
v -0.11718750 -0.03121346 -0.11718750
v -0.12496346 -0.02343750 -0.11718750
v -0.11718750 -0.02343750 -0.10941154
v -0.11718750 -0.02343750 0.04690099
v -0.11718750 -0.02337492 -0.10937500
v -0.12493742 -0.01562500 -0.10937500
v -0.11718750 -0.01562500 -0.10162508
v -0.12484103 -0.01562500 0.04687500
v -0.11718750 -0.01562500 0.03922153
v -0.11718750 -0.02327853 0.04687500
v -0.11718750 -0.01560730 -0.10156250
v -0.11718750 -0.01559335 -0.09375000
v -0.11718750 -0.01549822 -0.08593750
v -0.11718750 -0.00781250 -0.07825178
v -0.12494528 -0.00781250 0.04687500
v -0.11718750 -0.00781250 0.03911722
v -0.11718750 -0.00779784 -0.07812500
v -0.11718750 -0.00779593 -0.07031250
v -0.11718750 -0.00779384 -0.06250000
v -0.11718750 -0.00779086 -0.05468750
v -0.11718750 -0.00777543 -0.04687500
v -0.11718750 -0.00758362 -0.03906250
v -0.11718750 0.00000000 -0.03147888
v -0.12483096 0.00000000 -0.01562500
v -0.11718750 0.00000000 -0.02326846
v -0.11718750 -0.00764346 -0.01562500
v -0.11718750 -0.00757813 -0.00781250
v -0.12476563 0.00000000 -0.00781250
v -0.11718750 -0.00765473 0.00000000
v -0.12484223 0.00000000 0.00000000
v -0.11718750 -0.00774372 0.00781250
v -0.11718750 -0.00777787 0.01562500
v -0.11718750 -0.00778848 0.02343750
v -0.11718750 -0.00779289 0.03125000
v -0.11718750 -0.00779516 0.03906250
v -0.11718750 0.00001752 -0.03125000
v -0.11718750 0.00001764 -0.02343750
v -0.11721748 0.00781250 0.31250000
v -0.11718750 0.00780106 0.31250000
v -0.11718750 0.00781250 0.31247139
v -0.11733902 0.00781250 0.32031250
v -0.11718750 0.00779986 0.32031250
v -0.11718750 0.00779891 0.32812500
v -0.11718750 0.00779951 0.33593750
v -0.11718750 0.00780022 0.34375000
v -0.11753720 0.00781250 0.35156250
v -0.11718750 0.00780046 0.35156250
v -0.11721015 0.00781250 0.35937500
v -0.11718750 0.00780058 0.35937500
v -0.11718750 0.00781250 0.35939789
v -0.11718750 0.01562500 0.31223333
v -0.11718750 0.01560211 0.36718750
v -0.11718750 0.01561093 0.37500000
v -0.11718750 0.01561236 0.38281250
v -0.11721832 0.01562500 0.39062500
v -0.11718750 0.01561284 0.39062500
v -0.11718750 0.01562500 0.39063966
v -0.11720854 0.02343750 0.30468750
v -0.11718750 0.02317083 0.30468750
v -0.11718750 0.02343750 0.30467057
v -0.11718750 0.02342284 0.39843750
v -0.11718750 0.02343750 0.39845729
v -0.11718750 0.02349448 0.30468750
v -0.11718750 0.03125000 0.31244302
v -0.11718750 0.03125000 0.39844918
v -0.11720872 0.03906250 0.31250000
v -0.11718750 0.03906250 0.31248534
v -0.11718750 0.03906250 0.38283110
v -0.11718750 0.03126860 0.39062500
v -0.11718750 0.03125978 0.39843750
v -0.11718750 0.03907454 0.31250000
v -0.11718750 0.03909183 0.32031250
v -0.11727124 0.04687500 0.32812500
v -0.11718750 0.04687500 0.32809567
v -0.11718750 0.04687500 0.35158813
v -0.11718750 0.03908813 0.35937500
v -0.11718750 0.03907406 0.36718750
v -0.11718750 0.03907359 0.37500000
v -0.11718750 0.03907335 0.38281250
v -0.11718750 0.04688597 0.32812500
v -0.11718750 0.04688656 0.33593750
v -0.11718750 0.04688644 0.34375000
v -0.11718750 0.04688597 0.35156250
v -0.10940790 -0.11718750 -0.04687500
v -0.10937500 -0.11720759 -0.04687500
v -0.10937500 -0.11718750 -0.04693681
v -0.10941982 -0.11718750 -0.03906250
v -0.10937500 -0.11721075 -0.03906250
v -0.10941368 -0.11718750 -0.03125000
v -0.10937500 -0.11720699 -0.03125000
v -0.10937500 -0.11718750 -0.03108090
v -0.10942358 -0.10937500 -0.06250000
v -0.10937500 -0.10940439 -0.06250000
v -0.10937500 -0.10937500 -0.06257808
v -0.10937500 -0.10943681 -0.05468750
v -0.10937500 -0.10954410 -0.02343750
v -0.10940850 -0.10937500 -0.01562500
v -0.10937500 -0.10942030 -0.01562500
v -0.10937500 -0.10937500 -0.01560986
v -0.10975420 -0.10156250 -0.07031250
v -0.10937500 -0.10164058 -0.07031250
v -0.10937500 -0.10156250 -0.07050091
v -0.10937500 -0.10156250 -0.01560116
v -0.11716074 -0.09375000 -0.09375000
v -0.11698318 -0.09375000 -0.08593750
v -0.10937500 -0.09375000 -0.07832932
v -0.10937500 -0.09393841 -0.07812500
v -0.10937500 -0.09375000 -0.01555258
v -0.11715025 -0.08593750 -0.10156250
v -0.10937500 -0.08593750 -0.09378725
v -0.10937500 -0.08596426 -0.09375000
v -0.10937500 -0.08614182 -0.08593750
v -0.10937500 -0.08600992 -0.00781250
v -0.10952163 -0.08593750 -0.00781250
v -0.10937500 -0.08593750 -0.00773627
v -0.10937500 -0.07814169 -0.10937500
v -0.10937500 -0.07812500 -0.10943031
v -0.10937500 -0.07816225 -0.10156250
v -0.10942394 -0.07812500 0.00000000
v -0.10937500 -0.07820123 0.00000000
v -0.10937500 -0.07812500 0.00043118
v -0.11709666 -0.07031250 -0.12500000
v -0.10937500 -0.07031250 -0.11727834
v -0.10937500 -0.07036781 -0.11718750
v -0.11212391 -0.07031250 0.00000000
v -0.10937500 -0.07074368 0.00781250
v -0.10943723 -0.07031250 0.00781250
v -0.10937500 -0.07031250 0.00787139
v -0.10937500 -0.06259084 -0.12500000
v -0.10937500 -0.06250000 -0.12501293
v -0.10937500 -0.06250000 0.00811923
v -0.10937500 -0.05468750 -0.12501234
v -0.10937500 -0.05468750 0.00822902
v -0.10937500 -0.05459279 -0.12500000
v -0.11709279 -0.04687500 -0.12500000
v -0.10937500 -0.04687500 -0.11728221
v -0.10937500 -0.04687500 0.00785291
v -0.11716998 -0.03906250 -0.12500000
v -0.10937500 -0.03906250 -0.11720502
v -0.10937500 -0.03910291 0.01562500
v -0.10937500 -0.03908205 0.02343750
v -0.10937500 -0.03906250 0.02353966
v -0.10937500 -0.03902489 -0.11718750
v -0.11714989 -0.03125000 -0.11718750
v -0.10937500 -0.03125000 -0.10941261
v -0.10937500 -0.03135222 0.03125000
v -0.10937500 -0.03127283 0.03906250
v -0.10937500 -0.03126127 0.04687500
v -0.10937500 -0.03125000 0.04690254
v -0.10937500 -0.02343750 -0.10938972
v -0.10937500 -0.02343750 0.04689610
v -0.10937500 -0.02341270 -0.10937500
v -0.10937500 -0.02329999 -0.10156250
v -0.11704999 -0.01562500 -0.10156250
v -0.10937500 -0.01562500 -0.09388751
v -0.10937500 -0.01562500 0.03912294
v -0.10937500 -0.02337706 0.04687500
v -0.10937500 -0.01560080 -0.09375000
v -0.10937500 -0.01556051 -0.08593750
v -0.10937500 -0.00781250 -0.07818949
v -0.11691093 -0.00781250 0.03906250
v -0.10937500 -0.00781250 0.03152657
v -0.10937500 -0.01534843 0.03906250
v -0.10937500 -0.00779754 -0.07812500
v -0.10937500 -0.00779557 -0.07031250
v -0.10937500 -0.00779295 -0.06250000
v -0.10937500 -0.00778806 -0.05468750
v -0.10937500 -0.00774646 -0.04687500
v -0.10960388 0.00000000 -0.03906250
v -0.10937500 0.00000000 -0.03912854
v -0.11692303 0.00000000 -0.02343750
v -0.10937500 0.00000000 -0.03098553
v -0.10937500 -0.00754803 -0.02343750
v -0.10937500 -0.00768065 -0.01562500
v -0.10937500 -0.00766408 -0.00781250
v -0.10937500 -0.00771636 0.00000000
v -0.10937500 -0.00776184 0.00781250
v -0.10937500 -0.00778508 0.01562500
v -0.10937500 -0.00779313 0.02343750
v -0.10937500 -0.00779498 0.03125000
v -0.10937500 0.00001729 -0.03906250
v -0.10937500 0.00001740 -0.03125000
v -0.10940367 0.00781250 0.30468750
v -0.10937500 0.00779963 0.30468750
v -0.10937500 0.00781250 0.30466509
v -0.10937500 0.00779808 0.31250000
v -0.10937500 0.00779355 0.32031250
v -0.10937500 0.00778663 0.32812500
v -0.10937500 0.00779319 0.33593750
v -0.10937500 0.00779927 0.34375000
v -0.10937500 0.00780010 0.35156250
v -0.10937500 0.00780034 0.35937500
v -0.10937500 0.00781250 0.36032581
v -0.10964167 0.01562500 0.30468750
v -0.10937500 0.01562500 0.30460811
v -0.10937500 0.01467419 0.36718750
v -0.10937500 0.01560712 0.37500000
v -0.10937500 0.01561189 0.38281250
v -0.10937500 0.01561272 0.39062500
v -0.10937500 0.01562500 0.39064837
v -0.10937500 0.02343750 0.30462456
v -0.10937500 0.02341413 0.39843750
v -0.10937500 0.02343750 0.39850438
v -0.10943198 0.03125000 0.30468750
v -0.10937500 0.03125000 0.30466986
v -0.11699170 0.03125000 0.39843750
v -0.10937500 0.03125000 0.39082074
v -0.10937500 0.02363324 0.39843750
v -0.10937500 0.03131485 0.30468750
v -0.10937500 0.03906250 0.31243515
v -0.10937500 0.03906250 0.38282681
v -0.10937500 0.03126431 0.39062500
v -0.10937500 0.03907943 0.31250000
v -0.10940439 0.04687500 0.32031250
v -0.10937500 0.04687500 0.32029557
v -0.11702597 0.04687500 0.35156250
v -0.10937500 0.04687500 0.34391153
v -0.10937500 0.03922403 0.35156250
v -0.10937500 0.03907692 0.35937500
v -0.10937500 0.03907406 0.36718750
v -0.10937500 0.03907382 0.37500000
v -0.10937500 0.03907311 0.38281250
v -0.10937500 0.04688513 0.32031250
v -0.10937500 0.04688621 0.32812500
v -0.10937500 0.04688644 0.33593750
v -0.10937500 0.04688621 0.34375000
v -0.10933530 -0.11718750 -0.04687500
v -0.10932028 -0.11718750 -0.03906250
v -0.10931051 -0.11718750 -0.03125000
v -0.10910887 -0.10937500 -0.06250000
v -0.10156250 -0.10937500 -0.05495363
v -0.10156250 -0.10940754 -0.05468750
v -0.10156250 -0.10941470 -0.04687500
v -0.10156250 -0.10942972 -0.03906250
v -0.10156250 -0.10943949 -0.03125000
v -0.10156250 -0.10941571 -0.02343750
v -0.10928911 -0.10937500 -0.01562500
v -0.10156250 -0.10937500 -0.02335161
v -0.10156250 -0.10161239 -0.07031250
v -0.10156250 -0.10156250 -0.07035249
v -0.10156250 -0.10182863 -0.06250000
v -0.10156250 -0.10164839 -0.01562500
v -0.10156250 -0.10156250 -0.01559651
v -0.10922730 -0.09375000 -0.07812500
v -0.10156250 -0.09375000 -0.07046020
v -0.10156250 -0.09377849 -0.00781250
v -0.10163492 -0.09375000 -0.00781250
v -0.10156250 -0.09375000 -0.00776994
v -0.10935026 -0.08593750 -0.09375000
v -0.10931349 -0.08593750 -0.08593750
v -0.10923731 -0.08593750 -0.07812500
v -0.10156250 -0.08593750 -0.07045019
v -0.10163873 -0.08593750 0.00000000
v -0.10156250 -0.08598006 0.00000000
v -0.10156250 -0.08593750 0.00009799
v -0.10935622 -0.07812500 -0.10937500
v -0.10932857 -0.07812500 -0.10156250
v -0.10156250 -0.07812500 -0.09379643
v -0.10156250 -0.07814974 -0.09375000
v -0.10156250 -0.07818651 -0.08593750
v -0.10156250 -0.07826269 -0.07812500
v -0.10199368 -0.07812500 0.00781250
v -0.10156250 -0.07822305 0.00781250
v -0.10156250 -0.07812500 0.00790215
v -0.10925370 -0.07031250 -0.11718750
v -0.10156250 -0.07031250 -0.10949630
v -0.10156250 -0.07033128 -0.10937500
v -0.10156250 -0.07035893 -0.10156250
v -0.10162139 -0.07031250 0.01562500
v -0.10156250 -0.07040220 0.01562500
v -0.10156250 -0.07031250 0.01567554
v -0.10935676 -0.06250000 -0.12500000
v -0.10156250 -0.06250000 -0.11720574
v -0.10156250 -0.06262130 -0.11718750
v -0.10186929 -0.06250000 0.01562500
v -0.10156250 -0.06250000 0.01575243
v -0.10935473 -0.05468750 -0.12500000
v -0.10156250 -0.05468750 -0.11720777
v -0.10156250 -0.05468750 0.00822580
v -0.10156250 -0.06208670 0.01562500
v -0.10156250 -0.04687500 -0.11720413
v -0.10156250 -0.04687500 0.00785863
v -0.10156250 -0.03906250 -0.11719984
v -0.10156250 -0.03910857 0.01562500
v -0.10156250 -0.03908509 0.02343750
v -0.10166472 -0.03906250 0.03125000
v -0.10156250 -0.03907609 0.03125000
v -0.10156250 -0.03906250 0.03129399
v -0.10156250 -0.03904736 -0.11718750
v -0.10156250 -0.03125000 -0.10939014
v -0.10156250 -0.03129399 0.03906250
v -0.10156250 -0.03126192 0.04687500
v -0.10156250 -0.03125000 0.04696703
v -0.10156250 -0.03120929 -0.10937500
v -0.10933429 -0.02343750 -0.10937500
v -0.10156250 -0.02343750 -0.10160321
v -0.10156250 -0.02343750 0.04689860
v -0.10156250 -0.02336925 -0.10156250
v -0.10156250 -0.01562500 -0.09381825
v -0.10156250 -0.01562500 0.03910744
v -0.10156250 -0.02339256 0.04687500
v -0.10156250 -0.01560402 -0.09375000
v -0.10156250 -0.01557744 -0.08593750
v -0.10156250 -0.00781250 -0.07817256
v -0.10156250 -0.00781250 0.03131473
v -0.10156250 -0.01556027 0.03906250
v -0.10156250 -0.00779670 -0.07812500
v -0.10156250 -0.00779468 -0.07031250
v -0.10156250 -0.00779158 -0.06250000
v -0.10156250 -0.00778157 -0.05468750
v -0.10156250 -0.00773132 -0.04687500
v -0.10156250 -0.00755596 -0.03906250
v -0.10911846 0.00000000 -0.03906250
v -0.10156250 0.00000000 -0.03150654
v -0.10156250 0.00000000 -0.03101987
v -0.10156250 -0.00758237 -0.02343750
v -0.10156250 -0.00762582 -0.01562500
v -0.10156250 -0.00763059 -0.00781250
v -0.10156250 -0.00774425 0.00000000
v -0.10156250 -0.00776732 0.00781250
v -0.10156250 -0.00778770 0.01562500
v -0.10156250 -0.00779414 0.02343750
v -0.10156250 -0.00779617 0.03125000
v -0.10156250 0.00001717 -0.03125000
v -0.10158491 0.00781250 0.29687500
v -0.10156250 0.00779891 0.29687500
v -0.10156250 0.00781250 0.29685986
v -0.10156250 0.00779259 0.30468750
v -0.10156250 0.00778461 0.31250000
v -0.10156250 0.00776553 0.32031250
v -0.10156250 0.00772858 0.32812500
v -0.10156250 0.00779307 0.33593750
v -0.10156250 0.00779915 0.34375000
v -0.10156250 0.00779998 0.35156250
v -0.10156250 0.00780022 0.35937500
v -0.10156250 0.00781250 0.36016262
v -0.10164183 0.01562500 0.29687500
v -0.10156250 0.01562500 0.29684424
v -0.10156250 0.01483738 0.36718750
v -0.10156250 0.01560581 0.37500000
v -0.10156250 0.01561165 0.38281250
v -0.10156250 0.01561284 0.39062500
v -0.10156250 0.01562500 0.39065921
v -0.10162538 0.02343750 0.29687500
v -0.10156250 0.02343750 0.29685485
v -0.10156250 0.02340329 0.39843750
v -0.10162938 0.02343750 0.40625000
v -0.10156250 0.02342594 0.40625000
v -0.10156250 0.02343750 0.40626323
v -0.10156250 0.02358806 0.29687500
v -0.10156250 0.03125000 0.30453694
v -0.10156250 0.03125000 0.39066875
v -0.10156250 0.02348125 0.39843750
v -0.10156250 0.02344859 0.40625000
v -0.10162735 0.03906250 0.30468750
v -0.10156250 0.03906250 0.30466807
v -0.10930699 0.03906250 0.38281250
v -0.10156250 0.03906250 0.37506807
v -0.10156250 0.03131807 0.38281250
v -0.10156250 0.03126276 0.39062500
v -0.10156250 0.03907454 0.30468750
v -0.10156250 0.03909719 0.31250000
v -0.10156250 0.04687500 0.32027781
v -0.10156250 0.04687500 0.34377182
v -0.10156250 0.03908432 0.35156250
v -0.10156250 0.03907502 0.35937500
v -0.10156250 0.03907394 0.36718750
v -0.10156250 0.03907347 0.37500000
v -0.10156250 0.04688549 0.32031250
v -0.10156250 0.04688644 0.32812500
v -0.10156250 0.04688632 0.33593750
v -0.10156250 0.04688597 0.34375000
v -0.10151941 -0.10937500 -0.05468750
v -0.10149986 -0.10937500 -0.04687500
v -0.10143685 -0.10937500 -0.03906250
v -0.09375000 -0.10937500 -0.03137565
v -0.09375000 -0.10939825 -0.03125000
v -0.10092992 -0.10937500 -0.02343750
v -0.09375000 -0.10937500 -0.03061742
v -0.10153687 -0.10156250 -0.07031250
v -0.10145557 -0.10156250 -0.06250000
v -0.09375000 -0.10156250 -0.05479443
v -0.09375000 -0.10160559 -0.05468750
v -0.09375000 -0.10162514 -0.04687500
v -0.09375000 -0.10168815 -0.03906250
v -0.09375000 -0.10219508 -0.02343750
v -0.09375000 -0.10160798 -0.01562500
v -0.09375000 -0.10156250 -0.01556742
v -0.10144705 -0.09375000 -0.07031250
v -0.09375000 -0.09375000 -0.06261545
v -0.09375000 -0.09385693 -0.06250000
v -0.09375000 -0.09380758 -0.00781250
v -0.09375000 -0.09375000 -0.00758559
v -0.10150188 -0.08593750 -0.07031250
v -0.09375000 -0.08593750 -0.06256062
v -0.09375000 -0.08616441 0.00000000
v -0.09384805 -0.08593750 0.00781250
v -0.09375000 -0.08596498 0.00781250
v -0.09375000 -0.08593750 0.00785387
v -0.10154128 -0.07812500 -0.09375000
v -0.10151088 -0.07812500 -0.08593750
v -0.10149407 -0.07812500 -0.07812500
v -0.09936547 -0.07812500 -0.07031250
v -0.09375000 -0.07812500 -0.06469703
v -0.09383970 -0.07812500 0.01562500
v -0.09375000 -0.07816637 0.01562500
v -0.09375000 -0.07812500 0.01566720
v -0.10153878 -0.07031250 -0.10937500
v -0.10151160 -0.07031250 -0.10156250
v -0.09375000 -0.07031250 -0.09380090
v -0.09375000 -0.07033372 -0.09375000
v -0.09375000 -0.07036412 -0.08593750
v -0.09375000 -0.07038093 -0.07812500
v -0.09375000 -0.07250953 -0.07031250
v -0.09380049 -0.07031250 0.02343750
v -0.09375000 -0.07035470 0.02343750
v -0.09375000 -0.07031250 0.02347076
v -0.10149974 -0.06250000 -0.11718750
v -0.09375000 -0.06250000 -0.10943776
v -0.09375000 -0.06252372 -0.10937500
v -0.09375000 -0.06255090 -0.10156250
v -0.09375000 -0.06250000 0.01582432
v -0.09375000 -0.07011318 0.02343750
v -0.09375000 -0.05475026 -0.11718750
v -0.09375000 -0.05468750 -0.11720210
v -0.09416330 -0.05468750 0.01562500
v -0.09375000 -0.05468750 0.01567996
v -0.09375000 -0.04687500 -0.11720061
v -0.09375000 -0.04687500 0.00788224
v -0.09375000 -0.05461770 0.01562500
v -0.09375000 -0.04685169 -0.11718750
v -0.10153919 -0.03906250 -0.11718750
v -0.09375000 -0.03906250 -0.10939831
v -0.09375000 -0.03913230 0.01562500
v -0.09375000 -0.03909916 0.02343750
v -0.09375000 -0.03908056 0.03125000
v -0.09375000 -0.03906250 0.03157592
v -0.09375000 -0.03899807 -0.10937500
v -0.10149807 -0.03125000 -0.10937500
v -0.09375000 -0.03125000 -0.10162693
v -0.09375000 -0.03157592 0.03906250
v -0.09375000 -0.03126532 0.04687500
v -0.09384197 -0.03125000 0.05468750
v -0.09375000 -0.03126037 0.05468750
v -0.09375000 -0.03125000 0.05469930
v -0.09375000 -0.02343750 -0.10158926
v -0.09375000 -0.02343750 0.04690373
v -0.09375000 -0.03122127 0.05468750
v -0.09375000 -0.02339303 -0.10156250
v -0.09375000 -0.01562500 -0.09379447
v -0.09375000 -0.01562500 0.03910184
v -0.09375000 -0.02339816 0.04687500
v -0.09375000 -0.01560241 -0.09375000
v -0.09375000 -0.01557052 -0.08593750
v -0.09375000 -0.00781250 -0.07817948
v -0.09375000 -0.00781250 0.03128839
v -0.09375000 -0.01558661 0.03906250
v -0.09375000 -0.00779581 -0.07812500
v -0.09375000 -0.00779372 -0.07031250
v -0.09375000 -0.00778663 -0.06250000
v -0.09375000 -0.00777060 -0.05468750
v -0.09375000 -0.00773442 -0.04687500
v -0.09375000 -0.00766295 -0.03906250
v -0.09375000 -0.00751710 -0.03125000
v -0.10126710 0.00000000 -0.03125000
v -0.09375000 -0.00577247 -0.02343750
v -0.09375000 -0.00704426 -0.01562500
v -0.09375000 -0.00746441 -0.00781250
v -0.09375000 -0.00773990 0.00000000
v -0.09375000 -0.00777113 0.00781250
v -0.09375000 -0.00778985 0.01562500
v -0.09375000 -0.00779551 0.02343750
v -0.09375000 -0.00779742 0.03125000
v -0.09375000 0.00779235 0.29687500
v -0.09375000 0.00781250 0.29682541
v -0.09375000 0.00777185 0.30468750
v -0.09375000 0.00770855 0.31250000
v -0.09375000 0.00471413 0.32031250
v -0.09375000 0.00760078 0.32812500
v -0.09375000 0.00779152 0.33593750
v -0.09375000 0.00779879 0.34375000
v -0.09375000 0.00779974 0.35156250
v -0.09375000 0.00779998 0.35937500
v -0.09453762 0.00781250 0.36718750
v -0.09375000 0.00780022 0.36718750
v -0.09375000 0.00781250 0.36720848
v -0.09378082 0.01562500 0.28906250
v -0.09375000 0.01557541 0.28906250
v -0.09375000 0.01562500 0.28904855
v -0.09375000 0.01560402 0.37500000
v -0.09375000 0.01561117 0.38281250
v -0.09375000 0.01561296 0.39062500
v -0.09375000 0.01562500 0.39066792
v -0.09375000 0.01570189 0.28906250
v -0.09375000 0.02343750 0.29679811
v -0.09375000 0.02339458 0.39843750
v -0.09375000 0.02342546 0.40625000
v -0.09375000 0.02343750 0.40626180
v -0.09390062 0.03125000 0.29687500
v -0.09375000 0.03125000 0.29685748
v -0.09375000 0.03125000 0.39065301
v -0.09375000 0.02346551 0.39843750
v -0.09375000 0.02344871 0.40625000
v -0.09375000 0.03132915 0.29687500
v -0.09375000 0.03906250 0.30460835
v -0.09375000 0.03906250 0.37502396
v -0.09375000 0.03127396 0.38281250
v -0.09375000 0.03126252 0.39062500
v -0.09375000 0.03907633 0.30468750
v -0.09375000 0.03910971 0.31250000
v -0.09375000 0.04687500 0.32026529
v -0.10151452 0.04687500 0.34375000
v -0.09375000 0.04687500 0.33598542
v -0.09375000 0.03911042 0.34375000
v -0.09375000 0.03907609 0.35156250
v -0.09375000 0.03907442 0.35937500
v -0.09375000 0.03907359 0.36718750
v -0.09375000 0.03907299 0.37500000
v -0.09375000 0.04688573 0.32031250
v -0.09375000 0.04688632 0.32812500
v -0.09375000 0.04688597 0.33593750
v -0.09328151 -0.10937500 -0.03125000
v -0.08593750 -0.10940939 -0.02343750
v -0.08593750 -0.10937500 -0.02390599
v -0.08657008 -0.10937500 -0.02343750
v -0.08593750 -0.10937500 -0.02333462
v -0.09370762 -0.10156250 -0.05468750
v -0.09365100 -0.10156250 -0.04687500
v -0.08593750 -0.10156250 -0.03916150
v -0.08593750 -0.10162365 -0.03906250
v -0.08593750 -0.10203099 -0.03125000
v -0.08593750 -0.10166538 -0.01562500
v -0.08599508 -0.10156250 -0.00781250
v -0.08593750 -0.10159802 -0.00781250
v -0.08593750 -0.10156250 -0.00776577
v -0.09370959 -0.09375000 -0.06250000
v -0.08593750 -0.09375000 -0.05472791
v -0.08593750 -0.09379238 -0.05468750
v -0.08593750 -0.09384900 -0.04687500
v -0.08616441 -0.09375000 0.00000000
v -0.08593750 -0.09379673 0.00000000
v -0.08593750 -0.09375000 0.00017369
v -0.09370679 -0.08593750 -0.06250000
v -0.08593750 -0.08593750 -0.05473071
v -0.08593750 -0.08611113 0.00781250
v -0.08597887 -0.08593750 0.01562500
v -0.08593750 -0.08597022 0.01562500
v -0.08593750 -0.08593750 0.01567173
v -0.09366620 -0.07812500 -0.06250000
v -0.08593750 -0.07812500 -0.05477130
v -0.08597970 -0.07812500 0.02343750
v -0.08593750 -0.07817173 0.02343750
v -0.08593750 -0.07812500 0.02346134
v -0.09373057 -0.07031250 -0.09375000
v -0.09371608 -0.07031250 -0.08593750
v -0.09370178 -0.07031250 -0.07812500
v -0.09365326 -0.07031250 -0.07031250
v -0.08593750 -0.07031250 -0.06259674
v -0.08593750 -0.07039630 -0.06250000
v -0.08593750 -0.07031250 0.02348089
v -0.09368289 -0.06250000 -0.10937500
v -0.08593750 -0.06250000 -0.10162961
v -0.08593750 -0.06251460 -0.10156250
v -0.08593750 -0.06251943 -0.09375000
v -0.08593750 -0.06253392 -0.08593750
v -0.08593750 -0.06254822 -0.07812500
v -0.08593750 -0.06259674 -0.07031250
v -0.08613682 -0.06250000 0.02343750
v -0.08593750 -0.06250000 0.02347386
v -0.09370673 -0.05468750 -0.11718750
v -0.08593750 -0.05468750 -0.10941827
v -0.08593750 -0.05475461 -0.10937500
v -0.08593750 -0.05468750 0.01576817
v -0.08593750 -0.06235683 0.02343750
v -0.09371579 -0.04687500 -0.11718750
v -0.08593750 -0.04687500 -0.10940921
v -0.08600730 -0.04687500 0.01562500
v -0.08593750 -0.04687500 0.01570606
v -0.08593750 -0.03906250 -0.10939026
v -0.08593750 -0.03914350 0.02343750
v -0.08593750 -0.03908783 0.03125000
v -0.08626342 -0.03906250 0.03906250
v -0.08593750 -0.03907609 0.03906250
v -0.08593750 -0.03906250 0.03908622
v -0.08593750 -0.03903913 -0.10937500
v -0.08593750 -0.03125000 -0.10158587
v -0.08593750 -0.03127378 0.04687500
v -0.08593750 -0.03126132 0.05468750
v -0.08593750 -0.03125000 0.05470002
v -0.08593750 -0.03115588 -0.10156250
v -0.09365588 -0.02343750 -0.10156250
v -0.08593750 -0.02343750 -0.09384412
v -0.08593750 -0.02343750 0.04690742
v -0.08593750 -0.03121758 0.05468750
v -0.08593750 -0.01562500 -0.09380913
v -0.08593750 -0.01562500 0.03914201
v -0.08593750 -0.02335799 0.04687500
v -0.08593750 -0.01559788 -0.09375000
v -0.08593750 -0.01552600 -0.08593750
v -0.08593750 -0.00781250 -0.07822400
v -0.08593750 -0.00781250 0.03128159
v -0.08593750 -0.01559341 0.03906250
v -0.08593750 -0.00779486 -0.07812500
v -0.08593750 -0.00779110 -0.07031250
v -0.08593750 -0.00777847 -0.06250000
v -0.08593750 -0.00776219 -0.05468750
v -0.08593750 -0.00774306 -0.04687500
v -0.08593750 -0.00769919 -0.03906250
v -0.08593750 -0.00755084 -0.03125000
v -0.08593750 -0.00097579 -0.02343750
v -0.08670574 0.00000000 -0.01562500
v -0.08593750 0.00000000 -0.02246171
v -0.08628559 0.00000000 -0.00781250
v -0.08593750 0.00000000 -0.00772005
v -0.08593750 -0.00772005 0.00000000
v -0.08593750 -0.00777704 0.00781250
v -0.08593750 -0.00779176 0.01562500
v -0.08593750 -0.00779676 0.02343750
v -0.08593750 -0.00779831 0.03125000
v -0.08597815 0.00000000 0.30468750
v -0.08593750 -0.00000930 0.30468750
v -0.08593750 0.00000000 0.30464053
v -0.08604139 0.00000000 0.31250000
v -0.08593750 -0.00000989 0.31250000
v -0.08903587 0.00000000 0.32031250
v -0.08593750 -0.00001037 0.32031250
v -0.08614922 0.00000000 0.32812500
v -0.08593750 -0.00001079 0.32812500
v -0.08593750 0.00000000 0.32814860
v -0.08593750 0.00001526 -0.01562500
v -0.08593750 0.00001466 -0.00781250
v -0.08598709 0.00781250 0.28906250
v -0.08593750 0.00779390 0.28906250
v -0.08593750 0.00781250 0.28904557
v -0.08593750 0.00776553 0.29687500
v -0.08593750 0.00778890 0.33593750
v -0.08593750 0.00779855 0.34375000
v -0.08593750 0.00779951 0.35156250
v -0.08593750 0.00779974 0.35937500
v -0.08593750 0.00780022 0.36718750
v -0.08593750 0.00781250 0.36721122
v -0.08593750 0.01562500 0.28903115
v -0.08593750 0.01560128 0.37500000
v -0.08593750 0.01561093 0.38281250
v -0.08593750 0.01561320 0.39062500
v -0.08593750 0.01562500 0.39070606
v -0.08601439 0.02343750 0.28906250
v -0.08593750 0.02343750 0.28904700
v -0.08593750 0.02335644 0.39843750
v -0.09366846 0.02343750 0.40625000
v -0.08593750 0.02343750 0.39851904
v -0.08593750 0.02348626 0.28906250
v -0.08593750 0.03125000 0.29682624
v -0.08593750 0.03125000 0.39064085
v -0.08593750 0.02345335 0.39843750
v -0.08601660 0.03906250 0.29687500
v -0.08593750 0.03906250 0.29686093
v -0.09366941 0.03906250 0.37500000
v -0.08593750 0.03906250 0.36726809
v -0.08593750 0.03133059 0.37500000
v -0.08593750 0.03126669 0.38281250
v -0.08593750 0.03126132 0.39062500
v -0.08593750 0.03907323 0.29687500
v -0.08593750 0.03907597 0.30468750
v -0.08593750 0.03908920 0.31250000
v -0.08593750 0.03932917 0.32031250
v -0.09348333 0.04687500 0.32031250
v -0.08593750 0.04687500 0.32785833
v -0.09364760 0.04687500 0.33593750
v -0.08593750 0.04687500 0.32822740
v -0.08593750 0.03916490 0.33593750
v -0.08593750 0.03908062 0.34375000
v -0.08593750 0.03907514 0.35156250
v -0.08593750 0.03907418 0.35937500
v -0.08593750 0.03907311 0.36718750
v -0.08593750 0.04688597 0.32812500
v -0.07815939 -0.11718750 -0.02343750
v -0.07812500 -0.11724705 -0.02343750
v -0.07812500 -0.11718750 -0.02350134
v -0.07812500 -0.11718750 -0.02258515
v -0.07859349 -0.10937500 -0.03125000
v -0.07812500 -0.10943884 -0.03125000
v -0.07812500 -0.10937500 -0.03129166
v -0.07822788 -0.10937500 -0.01562500
v -0.07812500 -0.11022735 -0.01562500
v -0.07816052 -0.10937500 -0.00781250
v -0.07812500 -0.10947520 -0.00781250
v -0.07812500 -0.10937500 -0.00773185
v -0.08576995 -0.10156250 -0.03906250
v -0.07812500 -0.10156250 -0.03141755
v -0.07817173 -0.10156250 0.00000000
v -0.07812500 -0.10164315 0.00000000
v -0.07812500 -0.10156250 0.00011146
v -0.08590722 -0.09375000 -0.05468750
v -0.07812500 -0.09375000 -0.04690528
v -0.07812500 -0.09378523 -0.04687500
v -0.07812500 -0.09391755 -0.03906250
v -0.07829863 -0.09375000 0.00781250
v -0.07812500 -0.09386146 0.00781250
v -0.07812500 -0.09375000 0.00835860
v -0.08590323 -0.08593750 -0.05468750
v -0.07812500 -0.08593750 -0.04690927
v -0.07812500 -0.08648360 0.01562500
v -0.07817173 -0.08593750 0.02343750
v -0.07812500 -0.08597529 0.02343750
v -0.07812500 -0.08593750 0.02345979
v -0.08588350 -0.07812500 -0.05468750
v -0.07812500 -0.07812500 -0.04692900
v -0.07812500 -0.07812500 0.02348578
v -0.08590281 -0.07031250 -0.06250000
v -0.08559322 -0.07031250 -0.05468750
v -0.07812500 -0.07031250 -0.04721928
v -0.07812500 -0.07031250 0.02349520
v -0.08590734 -0.06250000 -0.10156250
v -0.08589739 -0.06250000 -0.09375000
v -0.08587921 -0.06250000 -0.08593750
v -0.08585006 -0.06250000 -0.07812500
v -0.08568507 -0.06250000 -0.07031250
v -0.08552557 -0.06250000 -0.06250000
v -0.07812500 -0.06250000 -0.05509943
v -0.07812500 -0.06284428 -0.05468750
v -0.07812500 -0.06250000 0.02347875
v -0.08565176 -0.05468750 -0.10937500
v -0.07812500 -0.05468750 -0.10184824
v -0.07812500 -0.05471766 -0.10156250
v -0.07812500 -0.05472761 -0.09375000
v -0.07812500 -0.05474579 -0.08593750
v -0.07812500 -0.05477494 -0.07812500
v -0.07812500 -0.05493993 -0.07031250
v -0.07812500 -0.05509943 -0.06250000
v -0.07826817 -0.05468750 0.02343750
v -0.07812500 -0.05468750 0.02348197
v -0.07812500 -0.04716074 -0.10937500
v -0.07812500 -0.04687500 -0.10939234
v -0.07820600 -0.04687500 0.02343750
v -0.07812500 -0.04687500 0.02348971
v -0.07812500 -0.04682750 -0.10937500
v -0.08589000 -0.03906250 -0.10937500
v -0.07812500 -0.03906250 -0.10161000
v -0.07812500 -0.03911465 0.03125000
v -0.07812500 -0.03908122 0.03906250
v -0.07812500 -0.03906250 0.03912055
v -0.07812500 -0.03891808 -0.10156250
v -0.08579308 -0.03125000 -0.10156250
v -0.07812500 -0.03125000 -0.09389442
v -0.07812500 -0.03130805 0.04687500
v -0.07812500 -0.03126472 0.05468750
v -0.07812500 -0.03125000 0.05470109
v -0.07812500 -0.02343750 -0.09388232
v -0.07812500 -0.02343750 0.04691243
v -0.07812500 -0.03121257 0.05468750
v -0.07812500 -0.01562500 -0.09385741
v -0.07820451 -0.01562500 0.04687500
v -0.07812500 -0.01562500 0.04689538
v -0.07812500 -0.01559311 -0.09375000
v -0.07812500 -0.01534599 -0.08593750
v -0.07812500 -0.00781250 -0.07840401
v -0.08529782 -0.00781250 0.03125000
v -0.07812500 -0.00781250 0.02407718
v -0.07812500 -0.01498532 0.03125000
v -0.07812500 -0.01559806 0.03906250
v -0.07812500 -0.01560766 0.04687500
v -0.07812500 -0.00779402 -0.07812500
v -0.07812500 -0.00778443 -0.07031250
v -0.07812500 -0.00776720 -0.06250000
v -0.07812500 -0.00775689 -0.05468750
v -0.07812500 -0.00773895 -0.04687500
v -0.07812500 -0.00767404 -0.03906250
v -0.07812500 -0.00757068 -0.03125000
v -0.08088970 0.00000000 -0.02343750
v -0.07812500 0.00000000 -0.02345693
v -0.07812500 0.00000000 -0.00770384
v -0.07812500 -0.00770384 0.00000000
v -0.07812500 -0.00777298 0.00781250
v -0.07812500 -0.00779068 0.01562500
v -0.07812500 -0.00779700 0.02343750
v -0.07817197 0.00000000 0.29687500
v -0.07812500 -0.00000912 0.29687500
v -0.07812500 0.00000000 0.29683602
v -0.07812500 -0.00000960 0.30468750
v -0.07812500 -0.00001013 0.31250000
v -0.07812500 -0.00001061 0.32031250
v -0.07812500 -0.00001097 0.32812500
v -0.07812500 0.00000000 0.32815635
v -0.07812500 0.00000119 -0.02343750
v -0.07812500 0.00001478 -0.01562500
v -0.07812500 0.00001431 -0.00781250
v -0.07812500 0.00777352 0.28906250
v -0.07812500 0.00781250 0.28900003
v -0.07812500 0.00778115 0.33593750
v -0.07812500 0.00779831 0.34375000
v -0.07812500 0.00779939 0.35156250
v -0.07812500 0.00779951 0.35937500
v -0.07812500 0.00780034 0.36718750
v -0.07812500 0.00781250 0.36721992
v -0.07815635 0.01562500 0.28125000
v -0.07812500 0.01556253 0.28125000
v -0.07812500 0.01562500 0.28123605
v -0.07812500 0.01559258 0.37500000
v -0.07812500 0.01561069 0.38281250
v -0.07812500 0.01561344 0.39062500
v -0.07812500 0.01562500 0.39109147
v -0.07812500 0.01565754 0.28125000
v -0.07812500 0.02343750 0.28902996
v -0.07812500 0.02297103 0.39843750
v -0.07812500 0.02343750 0.39845550
v -0.07817382 0.03125000 0.28906250
v -0.07812500 0.03125000 0.28904867
v -0.08586836 0.03125000 0.39062500
v -0.07812500 0.03125000 0.38288164
v -0.07812500 0.02350664 0.39062500
v -0.07812500 0.02345073 0.39843750
v -0.07812500 0.03127158 0.28906250
v -0.07812500 0.03906250 0.29685342
v -0.07812500 0.03906250 0.36721730
v -0.07812500 0.03127980 0.37500000
v -0.07812500 0.03126371 0.38281250
v -0.07812500 0.03907323 0.29687500
v -0.07812500 0.03907502 0.30468750
v -0.07812500 0.03908074 0.31250000
v -0.07812500 0.03910697 0.32031250
v -0.07812500 0.03914523 0.32812500
v -0.08585477 0.04687500 0.32812500
v -0.07812500 0.03908885 0.33593750
v -0.07812500 0.03907609 0.34375000
v -0.07812500 0.03907466 0.35156250
v -0.07812500 0.03907347 0.35937500
v -0.07812500 0.03907275 0.36718750
v -0.07034904 -0.12500000 -0.03125000
v -0.07031250 -0.12506843 -0.03125000
v -0.07031250 -0.12500000 -0.03130698
v -0.07037205 -0.12500000 -0.02343750
v -0.07031250 -0.12510520 -0.02343750
v -0.07038200 -0.12500000 -0.01562500
v -0.07031250 -0.12510973 -0.01562500
v -0.07035565 -0.12500000 -0.00781250
v -0.07031250 -0.12504739 -0.00781250
v -0.07031250 -0.12500000 -0.00761533
v -0.07037634 -0.11718750 -0.03125000
v -0.07031250 -0.11718750 -0.03136814
v -0.07116485 -0.11718750 -0.01562500
v -0.07041270 -0.11718750 -0.00781250
v -0.07031250 -0.11738467 0.00000000
v -0.07036555 -0.11718750 0.00000000
v -0.07031250 -0.11718750 0.00023735
v -0.07031250 -0.10937500 -0.03136945
v -0.07039315 -0.10937500 0.00000000
v -0.07031250 -0.10961235 0.00781250
v -0.07034618 -0.10937500 0.00781250
v -0.07031250 -0.10937500 0.00784266
v -0.07031250 -0.10156250 -0.03129905
v -0.07042396 -0.10156250 0.00781250
v -0.07031250 -0.10156250 0.00789654
v -0.07810396 -0.09375000 -0.04687500
v -0.07772064 -0.09375000 -0.03906250
v -0.07031250 -0.09375000 -0.03165436
v -0.07085860 -0.09375000 0.01562500
v -0.07031250 -0.09383410 0.01562500
v -0.07031250 -0.09375000 0.01568210
v -0.07809633 -0.08593750 -0.04687500
v -0.07031250 -0.08593750 -0.03909117
v -0.07031250 -0.08634186 -0.03906250
v -0.07031250 -0.08599466 0.02343750
v -0.07031250 -0.08593750 0.02347422
v -0.07808977 -0.07812500 -0.04687500
v -0.07031250 -0.08535004 -0.03906250
v -0.07753754 -0.07812500 -0.03906250
v -0.07031250 -0.07812500 -0.03183746
v -0.07031250 -0.07812500 0.02437198
v -0.07805860 -0.07031250 -0.04687500
v -0.07031250 -0.07031250 -0.03912890
v -0.07031250 -0.07089996 -0.03906250
v -0.07031250 -0.07031250 0.02352691
v -0.07806587 -0.06250000 -0.05468750
v -0.07756042 -0.06250000 -0.04687500
v -0.07031250 -0.06250000 -0.03962708
v -0.07031250 -0.06250000 0.02349198
v -0.07785463 -0.05468750 -0.10156250
v -0.07031250 -0.05468750 -0.09402037
v -0.07031250 -0.05471206 -0.09375000
v -0.07031250 -0.05472010 -0.08593750
v -0.07031250 -0.05473107 -0.07812500
v -0.07031250 -0.05474353 -0.07031250
v -0.07031250 -0.05474621 -0.06250000
v -0.07031250 -0.05474663 -0.05468750
v -0.07031250 -0.05525208 -0.04687500
v -0.07031250 -0.05468750 0.02382123
v -0.07754892 -0.04687500 -0.10937500
v -0.07031250 -0.04687500 -0.10213858
v -0.07031250 -0.04714537 -0.10156250
v -0.07031250 -0.04687500 0.02404261
v -0.07031250 -0.03906250 -0.10158616
v -0.07031250 -0.03966761 0.03125000
v -0.07031250 -0.03909212 0.03906250
v -0.07037055 -0.03906250 0.04687500
v -0.07031250 -0.03907782 0.04687500
v -0.07031250 -0.03906250 0.04690111
v -0.07031250 -0.03895050 -0.10156250
v -0.07031250 -0.03125000 -0.09386200
v -0.07031250 -0.03127611 0.05468750
v -0.07031250 -0.03125000 0.05470526
v -0.07044482 -0.02343750 -0.10156250
v -0.07031250 -0.02354950 -0.10156250
v -0.07031250 -0.02343750 -0.10159141
v -0.07031250 -0.02343750 0.04695070
v -0.07031250 -0.03117430 0.05468750
v -0.07041991 -0.01562500 -0.10156250
v -0.07031250 -0.01562500 -0.10158956
v -0.07031250 -0.01562500 0.04690754
v -0.07031250 -0.01560640 -0.10156250
v -0.07031250 -0.01559150 -0.09375000
v -0.07059151 -0.00781250 -0.08593750
v -0.07031250 -0.00781250 -0.08597100
v -0.07095218 -0.00781250 0.03125000
v -0.07031250 -0.00781250 0.03130138
v -0.07031250 -0.01557362 0.03906250
v -0.07031250 -0.01560336 0.04687500
v -0.07031250 -0.00779587 -0.08593750
v -0.07031250 -0.00779086 -0.07812500
v -0.07031250 -0.00777709 -0.07031250
v -0.07031250 -0.00774288 -0.06250000
v -0.07031250 -0.00773185 -0.05468750
v -0.07031250 -0.00768375 -0.04687500
v -0.07031250 -0.00733989 -0.03906250
v -0.07031250 -0.00722069 -0.03125000
v -0.07031250 0.00000000 -0.02402931
v -0.07031250 0.00000000 -0.00766402
v -0.07031250 -0.00766402 0.00000000
v -0.07031250 -0.00777024 0.00781250
v -0.07031250 -0.00778842 0.01562500
v -0.07031250 -0.00779587 0.02343750
v -0.07031250 -0.00779903 0.03125000
v -0.07031250 -0.00000954 0.29687500
v -0.07031250 0.00000000 0.29619920
v -0.07031250 -0.00000995 0.30468750
v -0.07031250 -0.00001043 0.31250000
v -0.07031250 -0.00001091 0.32031250
v -0.07031250 -0.00001115 0.32812500
v -0.07031250 0.00000000 0.32816672
v -0.07031250 0.00001502 -0.02343750
v -0.07031250 0.00001454 -0.01562500
v -0.07031250 0.00001419 -0.00781250
v -0.07037503 0.00781250 0.28125000
v -0.07031250 0.00778806 0.28125000
v -0.07031250 0.00781250 0.28122580
v -0.07031250 0.00713670 0.28906250
v -0.07031250 0.00777078 0.33593750
v -0.07031250 0.00779676 0.34375000
v -0.07031250 0.00779903 0.35156250
v -0.07031250 0.00779951 0.35937500
v -0.07031250 0.00780058 0.36718750
v -0.07031250 0.00781250 0.36723292
v -0.07031250 0.01562500 0.28122342
v -0.07031250 0.01557958 0.37500000
v -0.07031250 0.01560938 0.38281250
v -0.07031250 0.01561356 0.39062500
v -0.07077891 0.01562500 0.39843750
v -0.07031250 0.01561451 0.39843750
v -0.07031250 0.01562500 0.39844942
v -0.07034498 0.02343750 0.28125000
v -0.07031250 0.02343750 0.28123569
v -0.07031250 0.02343750 0.39076746
v -0.07798254 0.02343750 0.39843750
v -0.07031250 0.01576746 0.39843750
v -0.07031250 0.02346289 0.28125000
v -0.07031250 0.03125000 0.28903711
v -0.07031250 0.03125000 0.38284373
v -0.07031250 0.02346873 0.39062500
v -0.07031250 0.03130126 0.28906250
v -0.07031250 0.03906250 0.29682374
v -0.07777441 0.03906250 0.36718750
v -0.07031250 0.03906250 0.35972559
v -0.07031250 0.03160059 0.36718750
v -0.07031250 0.03127110 0.37500000
v -0.07031250 0.03126228 0.38281250
v -0.07031250 0.03907347 0.29687500
v -0.07031250 0.03907502 0.30468750
v -0.07031250 0.03907800 0.31250000
v -0.07031250 0.03909290 0.32031250
v -0.07031250 0.03908920 0.32812500
v -0.07031250 0.03907812 0.33593750
v -0.07031250 0.03907514 0.34375000
v -0.07031250 0.03907406 0.35156250
v -0.07031250 0.03907311 0.35937500
v -0.06250000 -0.12505674 -0.03125000
v -0.06250000 -0.12500000 -0.03140092
v -0.06250000 -0.12506574 -0.02343750
v -0.06250000 -0.12506777 -0.01562500
v -0.06250000 -0.12506288 -0.00781250
v -0.06269717 -0.12500000 0.00000000
v -0.06250000 -0.12503123 0.00000000
v -0.06250000 -0.12500000 0.00011659
v -0.06261814 -0.11718750 -0.03906250
v -0.06250000 -0.11733842 -0.03906250
v -0.06250000 -0.11718750 -0.03908533
v -0.06273735 -0.11718750 0.00781250
v -0.06250000 -0.11730403 0.00781250
v -0.06250000 -0.11718750 0.00791705
v -0.06250000 -0.11700583 -0.03906250
v -0.06250000 -0.10937500 -0.03143167
v -0.06250000 -0.10937500 0.00787365
v -0.06250000 -0.10156250 -0.03130138
v -0.06250000 -0.10162365 0.01562500
v -0.06258410 -0.10156250 0.01562500
v -0.06250000 -0.10156250 0.01564848
v -0.06250000 -0.09375000 -0.03130484
v -0.06250000 -0.09375000 0.01576269
v -0.07027537 -0.08593750 -0.03906250
v -0.06250000 -0.09155905 -0.03125000
v -0.06812155 -0.08593750 -0.03125000
v -0.06250000 -0.08593750 -0.02562845
v -0.06250000 -0.08607513 0.02343750
v -0.06250000 -0.08593750 0.02350366
v -0.07015592 -0.07812500 -0.03125000
v -0.06250000 -0.07812500 -0.02359408
v -0.06250000 -0.07819122 0.03125000
v -0.06343442 -0.07812500 0.03125000
v -0.06250000 -0.07812500 0.03128290
v -0.07028520 -0.07031250 -0.03906250
v -0.07005799 -0.07031250 -0.03125000
v -0.06250000 -0.07031250 -0.02369201
v -0.06258941 -0.07031250 0.03125000
v -0.06250000 -0.07031250 0.03127730
v -0.06999594 -0.06250000 -0.03906250
v -0.06250000 -0.06250000 -0.03156656
v -0.06250000 -0.06275451 -0.03125000
v -0.06250000 -0.06250000 0.02358472
v -0.06250000 -0.07016528 0.03125000
v -0.07024717 -0.05468750 -0.09375000
v -0.06250000 -0.05468750 -0.08600283
v -0.06250000 -0.05471271 -0.08593750
v -0.06250000 -0.05471611 -0.07812500
v -0.06250000 -0.05472237 -0.07031250
v -0.06250000 -0.05472738 -0.06250000
v -0.06250000 -0.05473053 -0.05468750
v -0.06250000 -0.05474001 -0.04687500
v -0.06250000 -0.05500406 -0.03906250
v -0.06250000 -0.05483472 0.03125000
v -0.06288379 -0.05468750 0.03125000
v -0.06250000 -0.05468750 0.03128338
v -0.06250000 -0.04690176 -0.10156250
v -0.06250000 -0.04687500 -0.10158986
v -0.06250000 -0.04694033 -0.09375000
v -0.06310511 -0.04687500 0.03125000
v -0.06250000 -0.04687500 0.03134263
v -0.06250000 -0.03906250 -0.10158759
v -0.06250000 -0.03915519 0.03906250
v -0.06250000 -0.03908557 0.04687500
v -0.06250000 -0.03906250 0.04697084
v -0.06261200 -0.03125000 -0.10156250
v -0.06250000 -0.03125000 -0.10160547
v -0.06250000 -0.03134584 0.05468750
v -0.06250000 -0.03125000 0.05471253
v -0.06250000 -0.02343750 -0.10166574
v -0.06257570 -0.02343750 0.05468750
v -0.06250000 -0.02343750 0.05470109
v -0.06250000 -0.01562500 -0.10177970
v -0.06250000 -0.01562500 0.04709303
v -0.06250000 -0.02321941 0.05468750
v -0.06250000 -0.01560003 -0.10156250
v -0.06250000 -0.01556242 -0.09375000
v -0.06250000 -0.00781250 -0.08600008
v -0.06255138 -0.00781250 0.03906250
v -0.06250000 -0.00781250 0.03912854
v -0.06250000 -0.01555896 0.04687500
v -0.06250000 -0.00779420 -0.08593750
v -0.06250000 -0.00778663 -0.07812500
v -0.06250000 -0.00776505 -0.07031250
v -0.06250000 -0.00765562 -0.06250000
v -0.06258065 0.00000000 -0.05468750
v -0.06250000 0.00000000 -0.05484438
v -0.06262875 0.00000000 -0.04687500
v -0.06297261 0.00000000 -0.03906250
v -0.06309181 0.00000000 -0.03125000
v -0.06264848 0.00000000 0.00000000
v -0.06250000 0.00000000 0.00030494
v -0.06250000 -0.00750756 0.00781250
v -0.06250000 -0.00775826 0.01562500
v -0.06250000 -0.00778174 0.02343750
v -0.06250000 -0.00779003 0.03125000
v -0.06250000 -0.00779492 0.03906250
v -0.06317580 0.00000000 0.28906250
v -0.06250000 -0.00000972 0.28906250
v -0.06250000 0.00000000 0.28895700
v -0.06250000 -0.00001031 0.29687500
v -0.06250000 -0.00001067 0.30468750
v -0.06250000 -0.00001073 0.31250000
v -0.06250000 -0.00001115 0.32031250
v -0.06250000 -0.00001132 0.32812500
v -0.06250000 0.00000000 0.32818067
v -0.06250000 0.00001991 -0.05468750
v -0.06250000 0.00001943 -0.04687500
v -0.06250000 0.00001860 -0.03906250
v -0.06250000 0.00001645 -0.03125000
v -0.06250000 0.00001574 -0.02343750
v -0.06250000 0.00001621 -0.01562500
v -0.06250000 0.00001693 -0.00781250
v -0.06250000 0.00001729 0.00000000
v -0.06252420 0.00781250 0.27343750
v -0.06250000 0.00779593 0.27343750
v -0.06250000 0.00781250 0.27342153
v -0.06250000 0.00770700 0.28125000
v -0.06250000 0.00775683 0.33593750
v -0.06250000 0.00779402 0.34375000
v -0.06250000 0.00779855 0.35156250
v -0.06250000 0.00779963 0.35937500
v -0.06250000 0.00780070 0.36718750
v -0.06250000 0.00781250 0.36726499
v -0.06250000 0.00856185 0.27343750
v -0.06250000 0.01562500 0.28050065
v -0.06250000 0.01554751 0.37500000
v -0.06250000 0.01560760 0.38281250
v -0.06250000 0.01561368 0.39062500
v -0.06250000 0.01561475 0.39843750
v -0.06250000 0.01562500 0.39844894
v -0.06250000 0.02343750 0.28121901
v -0.06250000 0.02343750 0.39065778
v -0.06250000 0.01565778 0.39843750
v -0.06250000 0.02365780 0.28125000
v -0.06250000 0.03125000 0.28884220
v -0.06250000 0.03125000 0.38283873
v -0.06250000 0.02346373 0.39062500
v -0.06255132 0.03906250 0.28906250
v -0.06250000 0.03906250 0.28904879
v -0.06250000 0.03906250 0.35943890
v -0.06250000 0.03131390 0.36718750
v -0.06250000 0.03126776 0.37500000
v -0.06250000 0.03126240 0.38281250
v -0.06250000 0.03907251 0.28906250
v -0.06250000 0.03907359 0.29687500
v -0.06250000 0.03907526 0.30468750
v -0.06250000 0.03907692 0.31250000
v -0.06250000 0.03908122 0.32031250
v -0.06250000 0.03907812 0.32812500
v -0.06250000 0.03907573 0.33593750
v -0.06250000 0.03907454 0.34375000
v -0.06250000 0.03907371 0.35156250
v -0.06250000 0.03907275 0.35937500
v -0.06236315 -0.12500000 -0.03125000
v -0.06006384 -0.12500000 -0.02343750
v -0.05468750 -0.12500000 -0.01806116
v -0.05468750 -0.12503105 -0.01562500
v -0.05468750 -0.12502557 -0.00781250
v -0.05468750 -0.12501878 0.00000000
v -0.05468750 -0.12500000 0.00014091
v -0.05468750 -0.11719334 -0.03906250
v -0.05468750 -0.11718750 -0.03906530
v -0.05468750 -0.11732435 -0.03125000
v -0.05468750 -0.11962366 -0.02343750
v -0.05468750 -0.11732841 0.00781250
v -0.05468750 -0.11718750 0.00790024
v -0.05468750 -0.11715740 -0.03906250
v -0.05468750 -0.10937500 -0.03144407
v -0.05468750 -0.10937500 0.00799847
v -0.05468750 -0.10156250 -0.03128600
v -0.05468750 -0.10174847 0.01562500
v -0.05468750 -0.10156250 0.01565754
v -0.05468750 -0.09375000 -0.03127438
v -0.05468750 -0.09378248 0.02343750
v -0.05482513 -0.09375000 0.02343750
v -0.05468750 -0.09375000 0.02345347
v -0.05468750 -0.09355450 -0.03125000
v -0.05468750 -0.08593750 -0.02363300
v -0.05468750 -0.08593750 0.02352560
v -0.05468750 -0.07812500 -0.02344000
v -0.05468750 -0.07821316 0.03125000
v -0.05468750 -0.07812500 0.03127956
v -0.05468750 -0.07811046 -0.02343750
v -0.06219977 -0.07031250 -0.02343750
v -0.05468750 -0.07031250 -0.01592523
v -0.05468750 -0.07031250 0.03127825
v -0.06132776 -0.06250000 -0.03125000
v -0.05468750 -0.06250000 -0.02460974
v -0.05468750 -0.06280023 -0.02343750
v -0.05483472 -0.06250000 0.03125000
v -0.05468750 -0.06250000 0.03128064
v -0.06243843 -0.05468750 -0.08593750
v -0.05468750 -0.05468750 -0.07818657
v -0.05468750 -0.05470729 -0.07812500
v -0.05468750 -0.05471098 -0.07031250
v -0.05468750 -0.05471814 -0.06250000
v -0.05468750 -0.05472964 -0.05468750
v -0.05468750 -0.05474144 -0.04687500
v -0.05468750 -0.05476689 -0.03906250
v -0.05468750 -0.05585974 -0.03125000
v -0.05468750 -0.05468750 0.03132260
v -0.06219143 -0.04687500 -0.10156250
v -0.05468750 -0.04687500 -0.09405857
v -0.05468750 -0.04689842 -0.09375000
v -0.05468750 -0.04693657 -0.08593750
v -0.05468750 -0.04694760 0.03906250
v -0.05478019 -0.04687500 0.03906250
v -0.05468750 -0.04687500 0.03909993
v -0.05468750 -0.03937107 -0.10156250
v -0.05468750 -0.03906250 -0.10163093
v -0.05468750 -0.03909987 0.04687500
v -0.05478334 -0.03906250 0.05468750
v -0.05468750 -0.03907651 0.05468750
v -0.05468750 -0.03906250 0.05470896
v -0.05473047 -0.03125000 -0.10937500
v -0.05468750 -0.03131843 -0.10937500
v -0.05468750 -0.03125000 -0.10939717
v -0.05468750 -0.03125000 0.05474257
v -0.05479074 -0.02343750 -0.10937500
v -0.05468750 -0.02343750 -0.10941136
v -0.05468750 -0.02343750 0.05470824
v -0.05490470 -0.01562500 -0.10937500
v -0.05468750 -0.01562500 -0.10952085
v -0.05490559 -0.01562500 0.05468750
v -0.05468750 -0.01562500 0.05471182
v -0.05468750 -0.01557779 -0.10937500
v -0.05468750 -0.01505905 -0.10156250
v -0.05475008 -0.00781250 -0.09375000
v -0.05468750 -0.00781250 -0.09431595
v -0.05475354 -0.00781250 0.04687500
v -0.05468750 -0.00781250 0.04693437
v -0.05468750 -0.01556563 0.05468750
v -0.05468750 -0.00778294 -0.09375000
v -0.05468750 -0.00778276 -0.08593750
v -0.05468750 -0.00777930 -0.07812500
v -0.05468750 -0.00772119 -0.07031250
v -0.05484438 0.00000000 -0.06250000
v -0.05468750 0.00000000 -0.06259131
v -0.05499244 0.00000000 0.00781250
v -0.05474174 0.00000000 0.01562500
v -0.05471826 0.00000000 0.02343750
v -0.05468750 0.00000000 0.02353406
v -0.05468750 -0.00771594 0.03125000
v -0.05468750 -0.00776619 0.03906250
v -0.05468750 -0.00778329 0.04687500
v -0.05479300 0.00000000 0.28125000
v -0.05468750 -0.00000972 0.28125000
v -0.05468750 0.00000000 0.28121841
v -0.05468750 -0.00001055 0.28906250
v -0.05468750 -0.00001127 0.29687500
v -0.05468750 -0.00001150 0.30468750
v -0.05468750 -0.00001150 0.31250000
v -0.05468750 -0.00001132 0.32031250
v -0.05468750 -0.00001144 0.32812500
v -0.05468750 0.00000000 0.32821882
v -0.05468750 0.00002682 -0.06250000
v -0.05468750 0.00002909 -0.05468750
v -0.05468750 0.00002861 -0.04687500
v -0.05468750 0.00002754 -0.03906250
v -0.05468750 0.00002456 -0.03125000
v -0.05468750 0.00002587 -0.02343750
v -0.05468750 0.00003099 -0.01562500
v -0.05468750 0.00003970 -0.00781250
v -0.05468750 0.00004280 0.00000000
v -0.05468750 0.00004554 0.00781250
v -0.05468750 0.00004506 0.01562500
v -0.05468750 0.00003850 0.02343750
v -0.05468750 0.00778091 0.27343750
v -0.05468750 0.00781250 0.27339995
v -0.05468750 0.00771868 0.33593750
v -0.05468750 0.00778973 0.34375000
v -0.05468750 0.00779724 0.35156250
v -0.05468750 0.00779939 0.35937500
v -0.05468750 0.00780082 0.36718750
v -0.05468750 0.00781250 0.36740601
v -0.05543679 0.01562500 0.27343750
v -0.05468750 0.01562500 0.27339935
v -0.05468750 0.01540649 0.37500000
v -0.05468750 0.01560533 0.38281250
v -0.05468750 0.01561391 0.39062500
v -0.06245464 0.01562500 0.39843750
v -0.05468750 0.01562500 0.39067042
v -0.05471849 0.02343750 0.27343750
v -0.05468750 0.02343750 0.27342010
v -0.05468750 0.02343750 0.39064646
v -0.05468750 0.02346337 0.27343750
v -0.05490780 0.03125000 0.28125000
v -0.05468750 0.03125000 0.28122413
v -0.05468750 0.03125000 0.38284206
v -0.05468750 0.02346706 0.39062500
v -0.05468750 0.03127229 0.28125000
v -0.05468750 0.03906250 0.28904021
v -0.05468750 0.03906250 0.35941255
v -0.05468750 0.03128755 0.36718750
v -0.05468750 0.03126919 0.37500000
v -0.05468750 0.03126323 0.38281250
v -0.05468750 0.03907275 0.28906250
v -0.05468750 0.03907371 0.29687500
v -0.05468750 0.03907514 0.30468750
v -0.05468750 0.03907681 0.31250000
v -0.05468750 0.03907776 0.32031250
v -0.05468750 0.03907621 0.32812500
v -0.05468750 0.03907478 0.33593750
v -0.05468750 0.03907418 0.34375000
v -0.05468750 0.03907335 0.35156250
v -0.05468750 0.03907251 0.35937500
v -0.05457979 -0.12500000 -0.01562500
v -0.05457264 -0.12500000 -0.00781250
v -0.05455500 -0.12500000 0.00000000
v -0.05468136 -0.11718750 -0.03906250
v -0.05429041 -0.11718750 -0.03125000
v -0.04687500 -0.11718750 -0.02383459
v -0.04687500 -0.11726511 -0.02343750
v -0.04687500 -0.11729521 -0.01562500
v -0.04687500 -0.11730236 -0.00781250
v -0.04687500 -0.11732000 0.00000000
v -0.04687500 -0.11729348 0.00781250
v -0.04687500 -0.11718750 0.00789821
v -0.05198145 -0.10937500 -0.03125000
v -0.04687500 -0.10937500 -0.02614355
v -0.04687500 -0.10946071 0.01562500
v -0.04706097 -0.10937500 0.01562500
v -0.04687500 -0.10937500 0.01564527
v -0.05374891 -0.10156250 -0.03125000
v -0.04687500 -0.10156250 -0.02437609
v -0.04687500 -0.10156250 0.01570201
v -0.05446100 -0.09375000 -0.03125000
v -0.04687500 -0.09375000 -0.02366400
v -0.04687500 -0.09382701 0.02343750
v -0.04687500 -0.09375000 0.02345788
v -0.04687500 -0.08593750 -0.02350456
v -0.04687500 -0.08595788 0.03125000
v -0.04696316 -0.08593750 0.03125000
v -0.04687500 -0.08593750 0.03126347
v -0.04687500 -0.08572143 -0.02343750
v -0.05467713 -0.07812500 -0.02343750
v -0.04687500 -0.07812500 -0.01584107
v -0.04687500 -0.07812500 0.03128457
v -0.04687500 -0.07031250 -0.01574337
v -0.04687500 -0.07031250 0.03128314
v -0.04687500 -0.06261837 -0.02343750
v -0.04687500 -0.06250000 -0.02376038
v -0.04687500 -0.06250000 0.03129721
v -0.05440611 -0.05468750 -0.07812500
v -0.04687500 -0.05468750 -0.07059389
v -0.04687500 -0.05470574 -0.07031250
v -0.04687500 -0.05471033 -0.06250000
v -0.04687500 -0.05472267 -0.05468750
v -0.04687500 -0.05473548 -0.04687500
v -0.04687500 -0.05475652 -0.03906250
v -0.04687500 -0.05501038 -0.03125000
v -0.04687500 -0.05473465 0.03906250
v -0.04694760 -0.05468750 0.03906250
v -0.04687500 -0.05468750 0.03909302
v -0.04687500 -0.04689378 -0.09375000
v -0.04687500 -0.04687500 -0.09501290
v -0.04687500 -0.04690820 -0.08593750
v -0.04687500 -0.04715639 -0.07812500
v -0.04687500 -0.04687500 0.03950894
v -0.04694343 -0.03906250 -0.10937500
v -0.04687500 -0.03908479 -0.10937500
v -0.04687500 -0.03906250 -0.10939759
v -0.04687500 -0.04032540 -0.10156250
v -0.04687500 -0.03950888 0.04687500
v -0.04687500 -0.03908396 0.05468750
v -0.04687500 -0.03906250 0.05473626
v -0.04687500 -0.03125000 -0.10944539
v -0.04687500 -0.03129882 0.06250000
v -0.04693007 -0.03125000 0.06250000
v -0.04687500 -0.03125000 0.06252146
v -0.04689568 -0.02343750 -0.12500000
v -0.04687500 -0.02346265 -0.12500000
v -0.04687500 -0.02343750 -0.12505567
v -0.04691136 -0.02343750 -0.11718750
v -0.04687500 -0.02350789 -0.11718750
v -0.04687500 -0.02343750 0.05474389
v -0.04687500 -0.03119355 0.06250000
v -0.04689443 -0.01562500 -0.21875000
v -0.04687500 -0.01566380 -0.21875000
v -0.04687500 -0.01562500 -0.21900785
v -0.04689670 -0.01562500 -0.21093750
v -0.04687500 -0.01567036 -0.21093750
v -0.04689932 -0.01562500 -0.20312500
v -0.04687500 -0.01566952 -0.20312500
v -0.04690045 -0.01562500 -0.19531250
v -0.04687500 -0.01567388 -0.19531250
v -0.04690039 -0.01562500 -0.18750000
v -0.04687500 -0.01567775 -0.18750000
v -0.04689896 -0.01562500 -0.17968750
v -0.04687500 -0.01568663 -0.17968750
v -0.04690015 -0.01562500 -0.17187500
v -0.04687500 -0.01569557 -0.17187500
v -0.04690045 -0.01562500 -0.16406250
v -0.04687500 -0.01570261 -0.16406250
v -0.04690075 -0.01562500 -0.15625000
v -0.04687500 -0.01570255 -0.15625000
v -0.04690063 -0.01562500 -0.14843750
v -0.04687500 -0.01568317 -0.14843750
v -0.04689878 -0.01562500 -0.14062500
v -0.04687500 -0.01567173 -0.14062500
v -0.04689902 -0.01562500 -0.13281250
v -0.04687500 -0.01568067 -0.13281250
v -0.04691052 -0.01562500 -0.12500000
v -0.04702085 -0.01562500 -0.11718750
v -0.04687500 -0.01562500 0.05490518
v -0.04689401 -0.00781250 -0.23437500
v -0.04687500 -0.00792909 -0.23437500
v -0.04687500 -0.00781250 -0.23449570
v -0.04689682 -0.00781250 -0.22656250
v -0.04687500 -0.00807035 -0.22656250
v -0.04689914 -0.00781250 -0.21875000
v -0.04690146 -0.00781250 -0.21093750
v -0.04690486 -0.00781250 -0.20312500
v -0.04690874 -0.00781250 -0.19531250
v -0.04691398 -0.00781250 -0.18750000
v -0.04691517 -0.00781250 -0.17968750
v -0.04691327 -0.00781250 -0.17187500
v -0.04691362 -0.00781250 -0.16406250
v -0.04691190 -0.00781250 -0.15625000
v -0.04690868 -0.00781250 -0.14843750
v -0.04690790 -0.00781250 -0.14062500
v -0.04690593 -0.00781250 -0.13281250
v -0.04690337 -0.00781250 -0.12500000
v -0.04690403 -0.00781250 -0.11718750
v -0.04692221 -0.00781250 -0.10937500
v -0.04744095 -0.00781250 -0.10156250
v -0.04693437 -0.00781250 0.05468750
v -0.04687500 -0.00781250 0.05508673
v -0.04687500 -0.00762635 -0.23437500
v -0.04687500 0.00000000 -0.22674865
v -0.04689550 0.00000000 -0.22656250
v -0.04689926 0.00000000 -0.21875000
v -0.04690194 0.00000000 -0.21093750
v -0.04690468 0.00000000 -0.20312500
v -0.04690725 0.00000000 -0.19531250
v -0.04692048 0.00000000 -0.18750000
v -0.04693723 0.00000000 -0.17968750
v -0.04693639 0.00000000 -0.17187500
v -0.04692608 0.00000000 -0.16406250
v -0.04692400 0.00000000 -0.15625000
v -0.04692000 0.00000000 -0.14843750
v -0.04691577 0.00000000 -0.14062500
v -0.04691225 0.00000000 -0.13281250
v -0.04690957 0.00000000 -0.12500000
v -0.04690683 0.00000000 -0.11718750
v -0.04690725 0.00000000 -0.10937500
v -0.04690558 0.00000000 -0.10156250
v -0.04690456 0.00000000 -0.09375000
v -0.04690474 0.00000000 -0.08593750
v -0.04690820 0.00000000 -0.07812500
v -0.04696631 0.00000000 -0.07031250
v -0.04697156 0.00000000 0.03125000
v -0.04692131 0.00000000 0.03906250
v -0.04690421 0.00000000 0.04687500
v -0.04689831 0.00000000 0.05468750
v -0.04687500 0.00000000 0.05732501
v -0.04689491 0.00000000 0.14062500
v -0.04687500 -0.00006151 0.14062500
v -0.04687500 0.00000000 0.13926554
v -0.04689682 0.00000000 0.14843750
v -0.04687500 -0.00007868 0.14843750
v -0.04689771 0.00000000 0.15625000
v -0.04687500 -0.00007832 0.15625000
v -0.04690057 0.00000000 0.16406250
v -0.04687500 -0.00015116 0.16406250
v -0.04690623 0.00000000 0.17187500
v -0.04687500 -0.00105929 0.17187500
v -0.04690534 0.00000000 0.17968750
v -0.04687500 -0.00027162 0.17968750
v -0.04689997 0.00000000 0.18750000
v -0.04687500 -0.00012255 0.18750000
v -0.04687500 0.00000000 0.18799114
v -0.04687500 -0.00001103 0.28125000
v -0.04687500 0.00000000 0.28038609
v -0.04687500 -0.00001186 0.28906250
v -0.04687500 -0.00001270 0.29687500
v -0.04687500 -0.00001299 0.30468750
v -0.04687500 -0.00001299 0.31250000
v -0.04687500 -0.00001222 0.32031250
v -0.04687500 -0.00001168 0.32812500
v -0.04696876 0.00000000 0.33593750
v -0.04687500 -0.00001162 0.33593750
v -0.04687500 0.00000000 0.33598936
v -0.04687500 0.00017679 -0.22656250
v -0.04687500 0.00781250 -0.21892685
v -0.04689497 0.00781250 -0.21875000
v -0.04689807 0.00781250 -0.21093750
v -0.04690009 0.00781250 -0.20312500
v -0.04690248 0.00781250 -0.19531250
v -0.04691148 0.00781250 -0.18750000
v -0.04693073 0.00781250 -0.17968750
v -0.04694378 0.00781250 -0.17187500
v -0.04693180 0.00781250 -0.16406250
v -0.04692882 0.00781250 -0.15625000
v -0.04692447 0.00781250 -0.14843750
v -0.04691613 0.00781250 -0.14062500
v -0.04691339 0.00781250 -0.13281250
v -0.04691041 0.00781250 -0.12500000
v -0.04690647 0.00781250 -0.11718750
v -0.04690498 0.00781250 -0.10937500
v -0.04690605 0.00781250 -0.10156250
v -0.04690611 0.00781250 -0.09375000
v -0.04690427 0.00781250 -0.08593750
v -0.04690409 0.00781250 -0.07812500
v -0.04690236 0.00781250 -0.07031250
v -0.04690176 0.00781250 -0.06250000
v -0.04690409 0.00781250 -0.05468750
v -0.04690361 0.00781250 -0.04687500
v -0.04690248 0.00781250 -0.03906250
v -0.04689956 0.00781250 -0.03125000
v -0.04690087 0.00781250 -0.02343750
v -0.04690605 0.00781250 -0.01562500
v -0.04691470 0.00781250 -0.00781250
v -0.04691786 0.00781250 0.00000000
v -0.04692054 0.00781250 0.00781250
v -0.04692012 0.00781250 0.01562500
v -0.04691356 0.00781250 0.02343750
v -0.04690444 0.00781250 0.03125000
v -0.04690075 0.00781250 0.03906250
v -0.04687500 0.00781250 0.04451203
v -0.04687500 0.00544953 0.04687500
v -0.04687500 0.00030649 0.05468750
v -0.04689533 0.00781250 0.12500000
v -0.04687500 0.00751817 0.12500000
v -0.04687500 0.00781250 0.12427521
v -0.04689670 0.00781250 0.13281250
v -0.04687500 0.00645304 0.13281250
v -0.04689825 0.00781250 0.14062500
v -0.04689997 0.00781250 0.14843750
v -0.04690099 0.00781250 0.15625000
v -0.04690444 0.00781250 0.16406250
v -0.04691070 0.00781250 0.17187500
v -0.04690838 0.00781250 0.17968750
v -0.04690301 0.00781250 0.18750000
v -0.04687500 0.00732136 0.19531250
v -0.04689801 0.00781250 0.19531250
v -0.04687500 0.00781250 0.19563448
v -0.04691255 0.00781250 0.26562500
v -0.04687500 0.00776029 0.26562500
v -0.04687500 0.00781250 0.26457667
v -0.04687500 0.00694859 0.27343750
v -0.04687500 0.00776064 0.34375000
v -0.04687500 0.00779033 0.35156250
v -0.04687500 0.00779653 0.35937500
v -0.04687500 0.00780022 0.36718750
v -0.04709351 0.00781250 0.37500000
v -0.04687500 0.00780165 0.37500000
v -0.04687500 0.00781250 0.37503457
v -0.04687500 0.00793278 -0.21875000
v -0.04687500 0.00824308 -0.21093750
v -0.04687500 0.01562500 -0.20355558
v -0.04689538 0.01562500 -0.20312500
v -0.04689670 0.01562500 -0.19531250
v -0.04690188 0.01562500 -0.18750000
v -0.04690981 0.01562500 -0.17968750
v -0.04691547 0.01562500 -0.17187500
v -0.04691404 0.01562500 -0.16406250
v -0.04691356 0.01562500 -0.15625000
v -0.04690921 0.01562500 -0.14843750
v -0.04690355 0.01562500 -0.14062500
v -0.04690135 0.01562500 -0.13281250
v -0.04690099 0.01562500 -0.12500000
v -0.04689932 0.01562500 -0.11718750
v -0.04689956 0.01562500 -0.10937500
v -0.04689980 0.01562500 -0.10156250
v -0.04689926 0.01562500 -0.09375000
v -0.04689896 0.01562500 -0.08593750
v -0.04689920 0.01562500 -0.07812500
v -0.04689771 0.01562500 -0.07031250
v -0.04689622 0.01562500 -0.06250000
v -0.04687500 0.01562500 -0.06190825
v -0.04687500 0.00840425 -0.05468750
v -0.04687500 0.00809491 -0.04687500
v -0.04687500 0.00796294 -0.03906250
v -0.04687500 0.00792062 -0.03125000
v -0.04687500 0.00792193 -0.02343750
v -0.04687500 0.00794446 -0.01562500
v -0.04687500 0.00796032 -0.00781250
v -0.04687500 0.00801897 0.00000000
v -0.04687500 0.00800848 0.00781250
v -0.04687500 0.00797296 0.01562500
v -0.04687500 0.00793028 0.02343750
v -0.04687500 0.00791144 0.03125000
v -0.04687500 0.00789797 0.03906250
v -0.04687500 0.00857532 0.12500000
v -0.04687500 0.01562500 0.13204968
v -0.04689407 0.01562500 0.13281250
v -0.04689533 0.01562500 0.14062500
v -0.04689646 0.01562500 0.14843750
v -0.04689682 0.01562500 0.15625000
v -0.04689711 0.01562500 0.16406250
v -0.04689854 0.01562500 0.17187500
v -0.04690123 0.01562500 0.17968750
v -0.04690057 0.01562500 0.18750000
v -0.04689693 0.01562500 0.19531250
v -0.04687500 0.01562500 0.19555521
v -0.04691315 0.01562500 0.26562500
v -0.04687500 0.01562500 0.26545143
v -0.04687500 0.01559043 0.38281250
v -0.04687500 0.01561248 0.39062500
v -0.04687500 0.01562500 0.39069140
v -0.04687500 0.01570225 -0.20312500
v -0.04687500 0.01570177 -0.19531250
v -0.04687500 0.01569998 -0.18750000
v -0.04687500 0.01584446 -0.17968750
v -0.04687500 0.02343750 -0.17209446
v -0.04689622 0.02343750 -0.17187500
v -0.04689968 0.02343750 -0.16406250
v -0.04690033 0.02343750 -0.15625000
v -0.04689938 0.02343750 -0.14843750
v -0.04689711 0.02343750 -0.14062500
v -0.04687500 0.02343750 -0.13673103
v -0.04687500 0.01951897 -0.13281250
v -0.04687500 0.01657653 -0.12500000
v -0.04687500 0.02343750 -0.11813897
v -0.04689461 0.02343750 -0.11718750
v -0.04689652 0.02343750 -0.10937500
v -0.04689586 0.02343750 -0.10156250
v -0.04689467 0.02343750 -0.09375000
v -0.04689449 0.02343750 -0.08593750
v -0.04687500 0.02343750 -0.08533996
v -0.04687500 0.01622260 -0.07812500
v -0.04687500 0.01581943 -0.07031250
v -0.04687500 0.01574135 -0.06250000
v -0.04687500 0.01570272 0.13281250
v -0.04687500 0.01571584 0.14062500
v -0.04687500 0.01570213 0.14843750
v -0.04687500 0.01569951 0.15625000
v -0.04687500 0.01568937 0.16406250
v -0.04687500 0.01568949 0.17187500
v -0.04687500 0.01569676 0.17968750
v -0.04687500 0.01568949 0.18750000
v -0.04687500 0.01567578 0.19531250
v -0.04687500 0.01568615 0.26562500
v -0.04687500 0.02343750 0.27337635
v -0.04687500 0.02343750 0.39065182
v -0.04687500 0.02347767 -0.17187500
v -0.04687500 0.02349162 -0.16406250
v -0.04687500 0.02350855 -0.15625000
v -0.04687500 0.02357471 -0.14843750
v -0.04687500 0.02469862 -0.14062500
v -0.04687500 0.02353394 -0.11718750
v -0.04687500 0.02353609 -0.10937500
v -0.04687500 0.02357793 -0.10156250
v -0.04687500 0.02357268 -0.09375000
v -0.04687500 0.02355909 -0.08593750
v -0.04687500 0.02359796 0.27343750
v -0.04687500 0.03125000 0.28108954
v -0.04687500 0.03125000 0.38288653
v -0.04687500 0.02351153 0.39062500
v -0.04687500 0.03131878 0.28125000
v -0.04687500 0.03906250 0.28899372
v -0.04687500 0.03906250 0.35945415
v -0.04687500 0.03132915 0.36718750
v -0.04687500 0.03128171 0.37500000
v -0.04687500 0.03126824 0.38281250
v -0.04687500 0.03907359 0.28906250
v -0.04687500 0.03907466 0.29687500
v -0.04687500 0.03907609 0.30468750
v -0.04687500 0.03908086 0.31250000
v -0.04687500 0.03908157 0.32031250
v -0.04687500 0.03907800 0.32812500
v -0.04687500 0.03907466 0.33593750
v -0.04687500 0.03907406 0.34375000
v -0.04687500 0.03907335 0.35156250
v -0.04687500 0.03907239 0.35937500
v -0.04667580 -0.11718750 -0.02343750
v -0.04660708 -0.11718750 -0.01562500
v -0.04647148 -0.11718750 -0.00781250
v -0.03906250 -0.11718750 -0.00040352
v -0.03906250 -0.11724675 0.00000000
v -0.03906250 -0.11722922 0.00781250
v -0.03906250 -0.11718750 0.00796342
v -0.04655230 -0.10937500 -0.02343750
v -0.03906250 -0.10937500 -0.01576978
v -0.03906250 -0.10949475 -0.01562500
v -0.03906250 -0.10977852 -0.00781250
v -0.03906250 -0.10952586 0.01562500
v -0.03906250 -0.10937500 0.01565385
v -0.04636902 -0.10156250 -0.02343750
v -0.03906250 -0.10156250 -0.01610202
v -0.03906250 -0.10159129 0.02343750
v -0.03913951 -0.10156250 0.02343750
v -0.03906250 -0.10156250 0.02344871
v -0.04555857 -0.09375000 -0.02343750
v -0.03906250 -0.09375000 -0.01694143
v -0.03906250 -0.09375000 0.02346909
v -0.04663718 -0.08593750 -0.02343750
v -0.03906250 -0.08593750 -0.01586282
v -0.03906250 -0.08596909 0.03125000
v -0.03906250 -0.08593750 0.03126550
v -0.03906250 -0.08548850 -0.01562500
v -0.04642600 -0.07812500 -0.01562500
v -0.03906250 -0.07812500 -0.00826150
v -0.03906250 -0.07812500 0.03131282
v -0.03906250 -0.07076150 -0.01562500
v -0.03906250 -0.07031250 -0.01567280
v -0.03906250 -0.07031250 0.03132927
v -0.03906250 -0.06254780 -0.02343750
v -0.03906250 -0.06250000 -0.02370584
v -0.03906250 -0.06257927 0.03906250
v -0.03910965 -0.06250000 0.03906250
v -0.03906250 -0.06250000 0.03908217
v -0.03906250 -0.05469567 -0.07031250
v -0.03906250 -0.05468750 -0.07040435
v -0.03906250 -0.05470562 -0.06250000
v -0.03906250 -0.05471277 -0.05468750
v -0.03906250 -0.05471981 -0.04687500
v -0.03906250 -0.05473757 -0.03906250
v -0.03906250 -0.05495584 -0.03125000
v -0.03906250 -0.05468750 0.03924918
v -0.04032540 -0.04687500 -0.10156250
v -0.03906250 -0.04689038 -0.10156250
v -0.03906250 -0.04687500 -0.10159433
v -0.03906250 -0.04689395 -0.09375000
v -0.03906250 -0.04690701 -0.08593750
v -0.03906250 -0.04705930 -0.07812500
v -0.03906250 -0.04706162 0.04687500
v -0.03950888 -0.04687500 0.04687500
v -0.03906250 -0.04687500 0.04693758
v -0.03906250 -0.03909433 -0.10937500
v -0.03906250 -0.03906250 -0.10944653
v -0.03906250 -0.03912503 0.05468750
v -0.03911132 -0.03906250 0.06250000
v -0.03906250 -0.03908497 0.06250000
v -0.03906250 -0.03906250 0.06252444
v -0.03908765 -0.03125000 -0.12500000
v -0.03906250 -0.03127187 -0.12500000
v -0.03906250 -0.03125000 -0.12509066
v -0.03913289 -0.03125000 -0.11718750
v -0.03906250 -0.03132153 -0.11718750
v -0.03906250 -0.03125000 0.06263351
v -0.03908229 -0.02343750 -0.25000000
v -0.03906250 -0.02347904 -0.25000000
v -0.03906250 -0.02343750 -0.25008261
v -0.03908861 -0.02343750 -0.24218750
v -0.03906250 -0.02351695 -0.24218750
v -0.03909379 -0.02343750 -0.23437500
v -0.03906250 -0.02362871 -0.23437500
v -0.03909701 -0.02343750 -0.22656250
v -0.03906250 -0.02379328 -0.22656250
v -0.03910130 -0.02343750 -0.21875000
v -0.03906250 -0.02391577 -0.21875000
v -0.03910786 -0.02343750 -0.21093750
v -0.03906250 -0.02360922 -0.21093750
v -0.03910702 -0.02343750 -0.20312500
v -0.03906250 -0.02358258 -0.20312500
v -0.03911138 -0.02343750 -0.19531250
v -0.03906250 -0.02362323 -0.19531250
v -0.03911525 -0.02343750 -0.18750000
v -0.03906250 -0.02362478 -0.18750000
v -0.03912413 -0.02343750 -0.17968750
v -0.03906250 -0.02354455 -0.17968750
v -0.03913307 -0.02343750 -0.17187500
v -0.03906250 -0.02350914 -0.17187500
v -0.03914011 -0.02343750 -0.16406250
v -0.03906250 -0.02349305 -0.16406250
v -0.03914005 -0.02343750 -0.15625000
v -0.03906250 -0.02349031 -0.15625000
v -0.03912067 -0.02343750 -0.14843750
v -0.03906250 -0.02350032 -0.14843750
v -0.03910923 -0.02343750 -0.14062500
v -0.03906250 -0.02351117 -0.14062500
v -0.03911817 -0.02343750 -0.13281250
v -0.03906250 -0.02352816 -0.13281250
v -0.03911895 -0.02343750 0.06250000
v -0.03906250 -0.02343750 0.06290686
v -0.03908634 -0.01562500 -0.25781250
v -0.03906250 -0.01570761 -0.25781250
v -0.03906250 -0.01562500 -0.25795782
v -0.03909808 -0.01562500 -0.25000000
v -0.03913271 -0.01562500 -0.24218750
v -0.03917909 -0.01562500 -0.23437500
v -0.03932035 -0.01562500 -0.22656250
v -0.03928024 -0.01562500 0.06250000
v -0.03906250 -0.01603186 0.07031250
v -0.03909808 -0.01562500 0.07031250
v -0.03909349 -0.01562500 0.07812500
v -0.03906250 -0.01576006 0.07812500
v -0.03909159 -0.01562500 0.08593750
v -0.03906250 -0.01575422 0.08593750
v -0.03908795 -0.01562500 0.09375000
v -0.03906250 -0.01569784 0.09375000
v -0.03908527 -0.01562500 0.10156250
v -0.03906250 -0.01567727 0.10156250
v -0.03908366 -0.01562500 0.10937500
v -0.03906250 -0.01567042 0.10937500
v -0.03908378 -0.01562500 0.11718750
v -0.03906250 -0.01566404 0.11718750
v -0.03908455 -0.01562500 0.12500000
v -0.03906250 -0.01566142 0.12500000
v -0.03908551 -0.01562500 0.13281250
v -0.03906250 -0.01566243 0.13281250
v -0.03908592 -0.01562500 0.14062500
v -0.03906250 -0.01566356 0.14062500
v -0.03908527 -0.01562500 0.14843750
v -0.03906250 -0.01565832 0.14843750
v -0.03908491 -0.01562500 0.15625000
v -0.03906250 -0.01565742 0.15625000
v -0.03908765 -0.01562500 0.16406250
v -0.03906250 -0.01565671 0.16406250
v -0.03909236 -0.01562500 0.17187500
v -0.03906250 -0.01565355 0.17187500
v -0.03908759 -0.01562500 0.17968750
v -0.03906250 -0.01564968 0.17968750
v -0.03908432 -0.01562500 0.18750000
v -0.03906250 -0.01564652 0.18750000
v -0.03906250 -0.01562500 0.18760931
v -0.03908843 -0.00781250 -0.25781250
v -0.03906250 -0.00781250 -0.25804538
v -0.03910613 -0.00781250 -0.25000000
v -0.03918320 -0.00781250 -0.24218750
v -0.03946173 -0.00781250 0.06250000
v -0.03914100 -0.00781250 0.07031250
v -0.03913331 -0.00781250 0.07812500
v -0.03911549 -0.00781250 0.08593750
v -0.03910589 -0.00781250 0.09375000
v -0.03910041 -0.00781250 0.10156250
v -0.03910065 -0.00781250 0.10937500
v -0.03910339 -0.00781250 0.11718750
v -0.03910905 -0.00781250 0.12500000
v -0.03911775 -0.00781250 0.13281250
v -0.03912401 -0.00781250 0.14062500
v -0.03914118 -0.00781250 0.14843750
v -0.03914082 -0.00781250 0.15625000
v -0.03921366 -0.00781250 0.16406250
v -0.04012179 -0.00781250 0.17187500
v -0.03933412 -0.00781250 0.17968750
v -0.03918505 -0.00781250 0.18750000
v -0.03906250 -0.00792181 0.19531250
v -0.03911275 -0.00781250 0.19531250
v -0.03909069 -0.00781250 0.20312500
v -0.03906250 -0.00787365 0.20312500
v -0.03908497 -0.00781250 0.21093750
v -0.03906250 -0.00785589 0.21093750
v -0.03906250 -0.00781250 0.21140730
v -0.03908491 0.00000000 -0.25781250
v -0.03906250 0.00000000 -0.25789165
v -0.03909725 0.00000000 -0.25000000
v -0.03913611 0.00000000 -0.24218750
v -0.03924865 0.00000000 -0.23437500
v -0.04169995 0.00000000 0.06250000
v -0.03926140 0.00000000 0.07031250
v -0.03925467 0.00000000 0.07812500
v -0.03917414 0.00000000 0.08593750
v -0.03913957 0.00000000 0.09375000
v -0.03912818 0.00000000 0.10156250
v -0.03913975 0.00000000 0.10937500
v -0.03918171 0.00000000 0.11718750
v -0.03935677 0.00000000 0.12500000
v -0.04042196 0.00000000 0.13281250
v -0.03955364 0.00000000 0.19531250
v -0.03913820 0.00000000 0.20312500
v -0.03911501 0.00000000 0.21093750
v -0.03906250 -0.00046974 0.21875000
v -0.03910917 0.00000000 0.21875000
v -0.03910518 0.00000000 0.22656250
v -0.03906250 -0.00022441 0.22656250
v -0.03910065 0.00000000 0.23437500
v -0.03906250 -0.00011921 0.23437500
v -0.03909618 0.00000000 0.24218750
v -0.03906250 -0.00005668 0.24218750
v -0.03909469 0.00000000 0.25000000
v -0.03906250 -0.00003684 0.25000000
v -0.03910041 0.00000000 0.25781250
v -0.03906250 -0.00002801 0.25781250
v -0.03911471 0.00000000 0.26562500
v -0.03906250 -0.00002933 0.26562500
v -0.03992641 0.00000000 0.27343750
v -0.03906250 -0.00002396 0.27343750
v -0.03906250 -0.00001913 0.28125000
v -0.03906250 -0.00001812 0.28906250
v -0.03906250 -0.00001723 0.29687500
v -0.03906250 -0.00001687 0.30468750
v -0.03906250 -0.00001621 0.31250000
v -0.03906250 -0.00001431 0.32031250
v -0.03906250 -0.00001270 0.32812500
v -0.03906250 -0.00001198 0.33593750
v -0.03911436 0.00000000 0.34375000
v -0.03906250 -0.00001180 0.34375000
v -0.03906250 0.00000000 0.34381235
v -0.03906250 0.00009894 -0.25781250
v -0.03906250 0.00781250 -0.25009894
v -0.03908521 0.00781250 -0.25000000
v -0.03910369 0.00781250 -0.24218750
v -0.03914386 0.00781250 -0.23437500
v -0.03923935 0.00781250 -0.22656250
v -0.04451203 0.00781250 0.04687500
v -0.03936899 0.00781250 0.05468750
v -0.03926945 0.00781250 0.06250000
v -0.03927195 0.00781250 0.07031250
v -0.03917378 0.00781250 0.07812500
v -0.03914064 0.00781250 0.08593750
v -0.03912717 0.00781250 0.09375000
v -0.03913444 0.00781250 0.10156250
v -0.03921205 0.00781250 0.10937500
v -0.03978735 0.00781250 0.11718750
v -0.03938448 0.00781250 0.20312500
v -0.03923017 0.00781250 0.21093750
v -0.03919494 0.00781250 0.21875000
v -0.03917611 0.00781250 0.22656250
v -0.03914720 0.00781250 0.23437500
v -0.03913432 0.00781250 0.24218750
v -0.03914005 0.00781250 0.25000000
v -0.04011089 0.00781250 0.25781250
v -0.03906250 0.00775015 0.35156250
v -0.03906250 0.00778663 0.35937500
v -0.03906250 0.00779545 0.36718750
v -0.03906250 0.00780058 0.37500000
v -0.03906959 0.00781250 0.38281250
v -0.03906250 0.00781047 0.38281250
v -0.03906250 0.00781250 0.38281631
v -0.03906250 0.00792885 -0.25000000
v -0.03906250 0.01562500 -0.24230391
v -0.03908563 0.01562500 -0.24218750
v -0.03909671 0.01562500 -0.23437500
v -0.03912812 0.01562500 -0.22656250
v -0.03918278 0.01562500 -0.21875000
v -0.03949308 0.01562500 -0.21093750
v -0.03965425 0.01562500 -0.05468750
v -0.03934485 0.01562500 -0.04687500
v -0.03921294 0.01562500 -0.03906250
v -0.03917062 0.01562500 -0.03125000
v -0.03917199 0.01562500 -0.02343750
v -0.03919441 0.01562500 -0.01562500
v -0.03921038 0.01562500 -0.00781250
v -0.03926891 0.01562500 0.00000000
v -0.03925854 0.01562500 0.00781250
v -0.03922290 0.01562500 0.01562500
v -0.03918028 0.01562500 0.02343750
v -0.03916144 0.01562500 0.03125000
v -0.03914791 0.01562500 0.03906250
v -0.03913462 0.01562500 0.04687500
v -0.03912908 0.01562500 0.05468750
v -0.03913254 0.01562500 0.06250000
v -0.03914070 0.01562500 0.07031250
v -0.03912896 0.01562500 0.07812500
v -0.03911752 0.01562500 0.08593750
v -0.03911245 0.01562500 0.09375000
v -0.03911972 0.01562500 0.10156250
v -0.03916544 0.01562500 0.10937500
v -0.03927523 0.01562500 0.11718750
v -0.03982532 0.01562500 0.12500000
v -0.03930521 0.01562500 0.20312500
v -0.03918791 0.01562500 0.21093750
v -0.03914738 0.01562500 0.21875000
v -0.03912079 0.01562500 0.22656250
v -0.03911328 0.01562500 0.23437500
v -0.03911418 0.01562500 0.24218750
v -0.03911573 0.01562500 0.25000000
v -0.03923607 0.01562500 0.25781250
v -0.03906250 0.01560616 0.39062500
v -0.03912884 0.01562500 0.39843750
v -0.03906250 0.01561451 0.39843750
v -0.03906250 0.01562500 0.39845371
v -0.03906250 0.01570976 -0.24218750
v -0.03906250 0.02343750 -0.23445982
v -0.03908271 0.02343750 -0.23437500
v -0.03908795 0.02343750 -0.22656250
v -0.03909618 0.02343750 -0.21875000
v -0.03911316 0.02343750 -0.21093750
v -0.03913975 0.02343750 -0.20312500
v -0.03913927 0.02343750 -0.19531250
v -0.03913742 0.02343750 -0.18750000
v -0.03928196 0.02343750 -0.17968750
v -0.04295647 0.02343750 -0.13281250
v -0.04001397 0.02343750 -0.12500000
v -0.03966004 0.02343750 -0.07812500
v -0.03925687 0.02343750 -0.07031250
v -0.03917885 0.02343750 -0.06250000
v -0.03914666 0.02343750 -0.05468750
v -0.03913581 0.02343750 -0.04687500
v -0.03911757 0.02343750 -0.03906250
v -0.03910917 0.02343750 -0.03125000
v -0.03910726 0.02343750 -0.02343750
v -0.03910476 0.02343750 -0.01562500
v -0.03910452 0.02343750 -0.00781250
v -0.03910601 0.02343750 0.00000000
v -0.03910774 0.02343750 0.00781250
v -0.03910685 0.02343750 0.01562500
v -0.03910398 0.02343750 0.02343750
v -0.03910255 0.02343750 0.03125000
v -0.03910148 0.02343750 0.03906250
v -0.03910029 0.02343750 0.04687500
v -0.03909981 0.02343750 0.05468750
v -0.03910077 0.02343750 0.06250000
v -0.03910220 0.02343750 0.07031250
v -0.03910023 0.02343750 0.07812500
v -0.03909832 0.02343750 0.08593750
v -0.03909659 0.02343750 0.09375000
v -0.03910083 0.02343750 0.10156250
v -0.03911370 0.02343750 0.10937500
v -0.03912252 0.02343750 0.11718750
v -0.03912270 0.02343750 0.12500000
v -0.03914022 0.02343750 0.13281250
v -0.03915340 0.02343750 0.14062500
v -0.03913957 0.02343750 0.14843750
v -0.03913701 0.02343750 0.15625000
v -0.03912681 0.02343750 0.16406250
v -0.03912699 0.02343750 0.17187500
v -0.03913432 0.02343750 0.17968750
v -0.03912699 0.02343750 0.18750000
v -0.03911328 0.02343750 0.19531250
v -0.03910464 0.02343750 0.20312500
v -0.03909671 0.02343750 0.21093750
v -0.03909296 0.02343750 0.21875000
v -0.03909022 0.02343750 0.22656250
v -0.03908873 0.02343750 0.23437500
v -0.03908783 0.02343750 0.24218750
v -0.03908831 0.02343750 0.25000000
v -0.03909481 0.02343750 0.25781250
v -0.03912365 0.02343750 0.26562500
v -0.03906250 0.02343750 0.39070702
v -0.03906250 0.01570702 0.39843750
v -0.03906250 0.02346933 -0.23437500
v -0.03906250 0.02349615 -0.22656250
v -0.03906250 0.02372324 -0.21875000
v -0.03906250 0.03125000 -0.21122330
v -0.03908497 0.03125000 -0.21093750
v -0.03908843 0.03125000 -0.20312500
v -0.03909159 0.03125000 -0.19531250
v -0.03909338 0.03125000 -0.18750000
v -0.03909540 0.03125000 -0.17968750
v -0.03910261 0.03125000 -0.17187500
v -0.03911662 0.03125000 -0.16406250
v -0.03913361 0.03125000 -0.15625000
v -0.03919971 0.03125000 -0.14843750
v -0.04032356 0.03125000 -0.14062500
v -0.03994602 0.03125000 -0.13281250
v -0.03920525 0.03125000 -0.12500000
v -0.03915888 0.03125000 -0.11718750
v -0.03916109 0.03125000 -0.10937500
v -0.03920287 0.03125000 -0.10156250
v -0.03919774 0.03125000 -0.09375000
v -0.03918409 0.03125000 -0.08593750
v -0.03915888 0.03125000 -0.07812500
v -0.03914070 0.03125000 -0.07031250
v -0.03912836 0.03125000 -0.06250000
v -0.03911668 0.03125000 -0.05468750
v -0.03911549 0.03125000 -0.04687500
v -0.03910106 0.03125000 -0.03906250
v -0.03909469 0.03125000 -0.03125000
v -0.03909117 0.03125000 -0.02343750
v -0.03908861 0.03125000 -0.01562500
v -0.03908700 0.03125000 -0.00781250
v -0.03908658 0.03125000 0.00000000
v -0.03908688 0.03125000 0.00781250
v -0.03908724 0.03125000 0.01562500
v -0.03908753 0.03125000 0.02343750
v -0.03908670 0.03125000 0.03125000
v -0.03908616 0.03125000 0.03906250
v -0.03908539 0.03125000 0.04687500
v -0.03908479 0.03125000 0.05468750
v -0.03908503 0.03125000 0.06250000
v -0.03908509 0.03125000 0.07031250
v -0.03908527 0.03125000 0.07812500
v -0.03908479 0.03125000 0.08593750
v -0.03908432 0.03125000 0.09375000
v -0.03908461 0.03125000 0.10156250
v -0.03908658 0.03125000 0.10937500
v -0.03909111 0.03125000 0.11718750
v -0.03909492 0.03125000 0.12500000
v -0.03909588 0.03125000 0.13281250
v -0.03909284 0.03125000 0.14062500
v -0.03909183 0.03125000 0.14843750
v -0.03909093 0.03125000 0.15625000
v -0.03908926 0.03125000 0.16406250
v -0.03908849 0.03125000 0.17187500
v -0.03908712 0.03125000 0.17968750
v -0.03906250 0.03125000 0.18013000
v -0.03906250 0.02388000 0.18750000
v -0.03906250 0.02352118 0.19531250
v -0.03906250 0.02352130 0.20312500
v -0.03906250 0.02351964 0.21093750
v -0.03906250 0.02350402 0.21875000
v -0.03906250 0.02349377 0.22656250
v -0.03906250 0.02348673 0.23437500
v -0.03906250 0.02348471 0.24218750
v -0.03906250 0.02348197 0.25000000
v -0.03906250 0.02348363 0.25781250
v -0.03906250 0.02356744 0.26562500
v -0.03922296 0.03125000 0.27343750
v -0.03906250 0.03125000 0.27330756
v -0.03913647 0.03125000 0.39062500
v -0.03906250 0.03125000 0.39065492
v -0.03906250 0.03128242 -0.21093750
v -0.03906250 0.03129387 -0.20312500
v -0.03906250 0.03130913 -0.19531250
v -0.03906250 0.03131664 -0.18750000
v -0.03906250 0.03131378 -0.17968750
v -0.03906250 0.03131688 -0.17187500
v -0.03906250 0.03133500 -0.16406250
v -0.03906250 0.03140283 -0.15625000
v -0.03906250 0.03906250 -0.14859027
v -0.03908348 0.03906250 -0.14843750
v -0.03908592 0.03906250 -0.14062500
v -0.03908682 0.03906250 -0.13281250
v -0.03908861 0.03906250 -0.12500000
v -0.03908736 0.03906250 -0.11718750
v -0.03908736 0.03906250 -0.10937500
v -0.03908873 0.03906250 -0.10156250
v -0.03908890 0.03906250 -0.09375000
v -0.03908956 0.03906250 -0.08593750
v -0.03908902 0.03906250 -0.07812500
v -0.03908843 0.03906250 -0.07031250
v -0.03908670 0.03906250 -0.06250000
v -0.03908515 0.03906250 -0.05468750
v -0.03906250 0.03906250 -0.05281079
v -0.03906250 0.03312671 -0.04687500
v -0.03906250 0.03138220 -0.03906250
v -0.03906250 0.03132439 -0.03125000
v -0.03906250 0.03130090 -0.02343750
v -0.03906250 0.03129363 -0.01562500
v -0.03906250 0.03128910 -0.00781250
v -0.03906250 0.03129053 0.00000000
v -0.03906250 0.03129542 0.00781250
v -0.03906250 0.03130460 0.01562500
v -0.03906250 0.03131843 0.02343750
v -0.03906250 0.03133023 0.03125000
v -0.03906250 0.03133631 0.03906250
v -0.03906250 0.03132796 0.04687500
v -0.03906250 0.03132093 0.05468750
v -0.03906250 0.03130996 0.06250000
v -0.03906250 0.03129983 0.07031250
v -0.03906250 0.03129160 0.07812500
v -0.03906250 0.03128660 0.08593750
v -0.03906250 0.03128421 0.09375000
v -0.03906250 0.03128910 0.10156250
v -0.03906250 0.03130233 0.10937500
v -0.03906250 0.03131771 0.11718750
v -0.03906250 0.03134656 0.12500000
v -0.03906250 0.03136206 0.13281250
v -0.03906250 0.03138351 0.14062500
v -0.03906250 0.03137183 0.14843750
v -0.03906250 0.03135371 0.15625000
v -0.03906250 0.03132331 0.16406250
v -0.03906250 0.03130555 0.17187500
v -0.03906250 0.03128862 0.17968750
v -0.03906250 0.03127694 0.27343750
v -0.03913128 0.03906250 0.28125000
v -0.03906250 0.03906250 0.28122306
v -0.03914171 0.03906250 0.36718750
v -0.03906250 0.03906250 0.36735368
v -0.03906250 0.03141618 0.37500000
v -0.03906250 0.03128302 0.38281250
v -0.03906250 0.03126907 0.39062500
v -0.03906250 0.03908110 -0.14843750
v -0.03906250 0.03908193 -0.14062500
v -0.03906250 0.03908277 -0.13281250
v -0.03906250 0.03908277 -0.12500000
v -0.03906250 0.03908408 -0.11718750
v -0.03906250 0.03908539 -0.10937500
v -0.03906250 0.03908515 -0.10156250
v -0.03906250 0.03908503 -0.09375000
v -0.03906250 0.03908515 -0.08593750
v -0.03906250 0.03908479 -0.07812500
v -0.03906250 0.03908384 -0.07031250
v -0.03906250 0.03908300 -0.06250000
v -0.03906250 0.03908217 -0.05468750
v -0.03906250 0.03907394 0.28125000
v -0.03906250 0.03907502 0.28906250
v -0.03906250 0.03907752 0.29687500
v -0.03906250 0.03908253 0.30468750
v -0.03906250 0.03909624 0.31250000
v -0.03906250 0.03909624 0.32031250
v -0.03906250 0.03908658 0.32812500
v -0.03906250 0.03907919 0.33593750
v -0.03906250 0.03907669 0.34375000
v -0.03906250 0.03907454 0.35156250
v -0.03906250 0.03907347 0.35937500
v -0.03906250 0.03907287 0.36718750
v -0.03898126 -0.11718750 0.00000000
v -0.03893840 -0.11718750 0.00781250
v -0.03903604 -0.10937500 -0.01562500
v -0.03879172 -0.10937500 -0.00781250
v -0.03125000 -0.10937500 -0.00027078
v -0.03125000 -0.10945624 0.00000000
v -0.03125000 -0.10949910 0.00781250
v -0.03125000 -0.10944551 0.01562500
v -0.03125000 -0.10937500 0.01577973
v -0.03894460 -0.10156250 -0.01562500
v -0.03814650 -0.10156250 -0.00781250
v -0.03125000 -0.10156250 -0.00091600
v -0.03125000 -0.10171717 0.02343750
v -0.03125000 -0.10156250 0.02345252
v -0.03824258 -0.09375000 -0.01562500
v -0.03125000 -0.09375000 -0.00863242
v -0.03125000 -0.09466600 -0.00781250
v -0.03125000 -0.09375000 0.02350235
v -0.03294915 -0.08593750 -0.01562500
v -0.03125000 -0.08593750 -0.01392585
v -0.03125000 -0.08600241 0.03125000
v -0.03125000 -0.08593750 0.03126705
v -0.03125000 -0.07812500 -0.00798398
v -0.03125000 -0.07814199 0.03906250
v -0.03131282 -0.07812500 0.03906250
v -0.03125000 -0.07812500 0.03907418
v -0.03125000 -0.07048398 -0.01562500
v -0.03125000 -0.07031250 -0.01566350
v -0.03132927 -0.07031250 0.03906250
v -0.03125000 -0.07031250 0.03907871
v -0.03125000 -0.06253850 -0.02343750
v -0.03125000 -0.06250000 -0.02363515
v -0.03125000 -0.06250000 0.03910744
v -0.03871846 -0.05468750 -0.07031250
v -0.03125000 -0.05468750 -0.06316859
v -0.03125000 -0.05470419 -0.06250000
v -0.03125000 -0.05470651 -0.05468750
v -0.03125000 -0.05471331 -0.04687500
v -0.03125000 -0.05473107 -0.03906250
v -0.03125000 -0.05488515 -0.03125000
v -0.03125000 -0.05473238 0.04687500
v -0.03143662 -0.05468750 0.04687500
v -0.03125000 -0.05468750 0.04695499
v -0.03125000 -0.04689121 -0.10156250
v -0.03125000 -0.04687500 -0.10165322
v -0.03125000 -0.04689413 -0.09375000
v -0.03125000 -0.04690796 -0.08593750
v -0.03125000 -0.04703182 -0.07812500
v -0.03125000 -0.04754359 -0.07031250
v -0.03131253 -0.04687500 0.05468750
v -0.03125000 -0.04695499 0.05468750
v -0.03125000 -0.04687500 0.05489802
v -0.03127605 -0.03906250 -0.24218750
v -0.03125000 -0.03910553 -0.24218750
v -0.03125000 -0.03906250 -0.24251288
v -0.03128135 -0.03906250 -0.23437500
v -0.03125000 -0.03912026 -0.23437500
v -0.03128183 -0.03906250 -0.22656250
v -0.03125000 -0.03912032 -0.22656250
v -0.03128117 -0.03906250 -0.21875000
v -0.03125000 -0.03910691 -0.21875000
v -0.03127974 -0.03906250 -0.21093750
v -0.03125000 -0.03910094 -0.21093750
v -0.03127593 -0.03906250 -0.20312500
v -0.03125000 -0.03909492 -0.20312500
v -0.03127342 -0.03906250 -0.19531250
v -0.03125000 -0.03909093 -0.19531250
v -0.03125000 -0.03906250 -0.19452333
v -0.03132153 -0.03906250 -0.11718750
v -0.03125000 -0.03908539 -0.11718750
v -0.03125000 -0.03906250 -0.11741155
v -0.03125000 -0.03915322 -0.10937500
v -0.03125000 -0.03927302 0.06250000
v -0.03127438 -0.03906250 0.07031250
v -0.03125000 -0.03910053 0.07031250
v -0.03125000 -0.03906250 0.07035661
v -0.03127211 -0.03125000 -0.26562500
v -0.03125000 -0.03128791 -0.26562500
v -0.03125000 -0.03125000 -0.26574236
v -0.03127813 -0.03125000 -0.25781250
v -0.03125000 -0.03131855 -0.25781250
v -0.03129154 -0.03125000 -0.25000000
v -0.03125000 -0.03157538 -0.25000000
v -0.03132945 -0.03125000 -0.24218750
v -0.03144121 -0.03125000 -0.23437500
v -0.03160578 -0.03125000 -0.22656250
v -0.03172827 -0.03125000 -0.21875000
v -0.03142172 -0.03125000 -0.21093750
v -0.03139508 -0.03125000 -0.20312500
v -0.03143573 -0.03125000 -0.19531250
v -0.03125000 -0.03203917 -0.18750000
v -0.03143728 -0.03125000 -0.18750000
v -0.03135705 -0.03125000 -0.17968750
v -0.03125000 -0.03145802 -0.17968750
v -0.03132164 -0.03125000 -0.17187500
v -0.03125000 -0.03133291 -0.17187500
v -0.03130555 -0.03125000 -0.16406250
v -0.03125000 -0.03130114 -0.16406250
v -0.03130281 -0.03125000 -0.15625000
v -0.03125000 -0.03129792 -0.15625000
v -0.03131282 -0.03125000 -0.14843750
v -0.03125000 -0.03129685 -0.14843750
v -0.03132367 -0.03125000 -0.14062500
v -0.03125000 -0.03129029 -0.14062500
v -0.03134066 -0.03125000 -0.13281250
v -0.03125000 -0.03129512 -0.13281250
v -0.03125000 -0.03147405 -0.12500000
v -0.03138345 -0.03125000 0.07031250
v -0.03125000 -0.03129417 0.07812500
v -0.03127867 -0.03125000 0.07812500
v -0.03127897 -0.03125000 0.08593750
v -0.03125000 -0.03128713 0.08593750
v -0.03127539 -0.03125000 0.09375000
v -0.03125000 -0.03127992 0.09375000
v -0.03127187 -0.03125000 0.10156250
v -0.03125000 -0.03127700 0.10156250
v -0.03125000 -0.03125000 0.10178852
v -0.03127694 -0.02343750 -0.27343750
v -0.03125000 -0.02355486 -0.27343750
v -0.03125000 -0.02343750 -0.27477586
v -0.03128916 -0.02343750 -0.26562500
v -0.03133261 -0.02343750 -0.25781250
v -0.03165686 -0.02343750 0.07031250
v -0.03138506 -0.02343750 0.07812500
v -0.03137922 -0.02343750 0.08593750
v -0.03132284 -0.02343750 0.09375000
v -0.03130227 -0.02343750 0.10156250
v -0.03125000 -0.02366346 0.10937500
v -0.03129542 -0.02343750 0.10937500
v -0.03128904 -0.02343750 0.11718750
v -0.03125000 -0.02352655 0.11718750
v -0.03128642 -0.02343750 0.12500000
v -0.03125000 -0.02352065 0.12500000
v -0.03128743 -0.02343750 0.13281250
v -0.03125000 -0.02350950 0.13281250
v -0.03128856 -0.02343750 0.14062500
v -0.03125000 -0.02348948 0.14062500
v -0.03128332 -0.02343750 0.14843750
v -0.03125000 -0.02348626 0.14843750
v -0.03128242 -0.02343750 0.15625000
v -0.03125000 -0.02348840 0.15625000
v -0.03128171 -0.02343750 0.16406250
v -0.03125000 -0.02349132 0.16406250
v -0.03127855 -0.02343750 0.17187500
v -0.03125000 -0.02348232 0.17187500
v -0.03127468 -0.02343750 0.17968750
v -0.03125000 -0.02347410 0.17968750
v -0.03127152 -0.02343750 0.18750000
v -0.03125000 -0.02346784 0.18750000
v -0.03125000 -0.02343750 0.18769121
v -0.03127515 -0.01562500 -0.28125000
v -0.03125000 -0.01696336 -0.28125000
v -0.03125000 -0.01562500 -0.28145444
v -0.03129137 -0.01562500 -0.27343750
v -0.03139532 -0.01562500 -0.26562500
v -0.03135931 -0.01562500 0.19531250
v -0.03125000 -0.01581615 0.19531250
v -0.03131115 -0.01562500 0.20312500
v -0.03125000 -0.01571399 0.20312500
v -0.03129339 -0.01562500 0.21093750
v -0.03125000 -0.01568300 0.21093750
v -0.03128380 -0.01562500 0.21875000
v -0.03125000 -0.01566833 0.21875000
v -0.03127748 -0.01562500 0.22656250
v -0.03125000 -0.01566082 0.22656250
v -0.03127289 -0.01562500 0.23437500
v -0.03125000 -0.01565546 0.23437500
v -0.03125000 -0.01562500 0.23459101
v -0.03127497 -0.00781250 -0.28125000
v -0.03125000 -0.00781250 -0.28144121
v -0.03129113 -0.00781250 -0.27343750
v -0.03148288 -0.00781250 -0.26562500
v -0.03171974 -0.00781250 0.21875000
v -0.03147441 -0.00781250 0.22656250
v -0.03136921 -0.00781250 0.23437500
v -0.03125000 -0.00802857 0.24218750
v -0.03130668 -0.00781250 0.24218750
v -0.03128684 -0.00781250 0.25000000
v -0.03125000 -0.00789046 0.25000000
v -0.03127801 -0.00781250 0.25781250
v -0.03125000 -0.00786257 0.25781250
v -0.03127933 -0.00781250 0.26562500
v -0.03125000 -0.00783980 0.26562500
v -0.03127396 -0.00781250 0.27343750
v -0.03125000 -0.00783116 0.27343750
v -0.03125000 -0.00781250 0.27362013
v -0.03125000 -0.00752819 -0.28125000
v -0.03125000 0.00000000 -0.27372181
v -0.03127873 0.00000000 -0.27343750
v -0.03132915 0.00000000 -0.26562500
v -0.03125000 -0.00018269 0.28125000
v -0.03125000 -0.00009900 0.28906250
v -0.03125000 -0.00007063 0.29687500
v -0.03125000 -0.00005674 0.30468750
v -0.03125000 -0.00003761 0.31250000
v -0.03125000 -0.00002575 0.32031250
v -0.03125000 -0.00001836 0.32812500
v -0.03125000 -0.00001454 0.33593750
v -0.03125000 -0.00001270 0.34375000
v -0.03131229 0.00000000 0.35156250
v -0.03125000 -0.00001174 0.35156250
v -0.03125000 0.00000000 0.35166526
v -0.03126997 0.00781250 -0.27343750
v -0.03125000 0.00781250 -0.27349037
v -0.03128588 0.00781250 -0.26562500
v -0.03134894 0.00781250 -0.25781250
v -0.03125000 0.00770974 0.35937500
v -0.03125000 0.00777793 0.36718750
v -0.03125000 0.00779474 0.37500000
v -0.03125000 0.00780213 0.38281250
v -0.03125000 0.00781250 0.38285196
v -0.03125000 0.00787377 -0.27343750
v -0.03125000 0.01562500 -0.26568633
v -0.03127295 0.01562500 -0.26562500
v -0.03128988 0.01562500 -0.25781250
v -0.03136641 0.01562500 -0.25000000
v -0.03125000 0.01558554 0.39062500
v -0.03125000 0.01561093 0.39843750
v -0.03125000 0.01562500 0.39846563
v -0.03125000 0.01567912 -0.26562500
v -0.03125000 0.02343750 -0.25786656
v -0.03127050 0.02343750 -0.25781250
v -0.03128374 0.02343750 -0.25000000
v -0.03133482 0.02343750 -0.24218750
v -0.03133208 0.02343750 0.39843750
v -0.03125000 0.02343750 0.39845717
v -0.03125000 0.02345574 -0.25781250
v -0.03125000 0.02348340 -0.25000000
v -0.03125000 0.03125000 -0.24223340
v -0.03126991 0.03125000 -0.24218750
v -0.03128177 0.03125000 -0.23437500
v -0.03130871 0.03125000 -0.22656250
v -0.03153580 0.03125000 -0.21875000
v -0.03169250 0.03125000 0.18750000
v -0.03133363 0.03125000 0.19531250
v -0.03133386 0.03125000 0.20312500
v -0.03133208 0.03125000 0.21093750
v -0.03131652 0.03125000 0.21875000
v -0.03130621 0.03125000 0.22656250
v -0.03129923 0.03125000 0.23437500
v -0.03129721 0.03125000 0.24218750
v -0.03129441 0.03125000 0.25000000
v -0.03129613 0.03125000 0.25781250
v -0.03137994 0.03125000 0.26562500
v -0.03125000 0.03125000 0.39074147
v -0.03125000 0.02355397 0.39843750
v -0.03125000 0.03126717 -0.24218750
v -0.03125000 0.03128362 -0.23437500
v -0.03125000 0.03135788 -0.22656250
v -0.03125000 0.03906250 -0.21885782
v -0.03127301 0.03906250 -0.21875000
v -0.03128242 0.03906250 -0.21093750
v -0.03129387 0.03906250 -0.20312500
v -0.03130913 0.03906250 -0.19531250
v -0.03131670 0.03906250 -0.18750000
v -0.03131372 0.03906250 -0.17968750
v -0.03131694 0.03906250 -0.17187500
v -0.03133506 0.03906250 -0.16406250
v -0.03140277 0.03906250 -0.15625000
v -0.03312671 0.03906250 -0.04687500
v -0.03138220 0.03906250 -0.03906250
v -0.03132445 0.03906250 -0.03125000
v -0.03130096 0.03906250 -0.02343750
v -0.03129363 0.03906250 -0.01562500
v -0.03128904 0.03906250 -0.00781250
v -0.03129059 0.03906250 0.00000000
v -0.03129542 0.03906250 0.00781250
v -0.03130460 0.03906250 0.01562500
v -0.03131849 0.03906250 0.02343750
v -0.03133023 0.03906250 0.03125000
v -0.03133631 0.03906250 0.03906250
v -0.03132802 0.03906250 0.04687500
v -0.03132093 0.03906250 0.05468750
v -0.03130996 0.03906250 0.06250000
v -0.03129989 0.03906250 0.07031250
v -0.03129166 0.03906250 0.07812500
v -0.03128666 0.03906250 0.08593750
v -0.03128415 0.03906250 0.09375000
v -0.03128910 0.03906250 0.10156250
v -0.03130227 0.03906250 0.10937500
v -0.03131771 0.03906250 0.11718750
v -0.03134656 0.03906250 0.12500000
v -0.03136200 0.03906250 0.13281250
v -0.03138351 0.03906250 0.14062500
v -0.03137177 0.03906250 0.14843750
v -0.03135371 0.03906250 0.15625000
v -0.03132337 0.03906250 0.16406250
v -0.03130549 0.03906250 0.17187500
v -0.03128862 0.03906250 0.17968750
v -0.03127646 0.03906250 0.18750000
v -0.03127289 0.03906250 0.19531250
v -0.03127348 0.03906250 0.20312500
v -0.03127277 0.03906250 0.21093750
v -0.03125000 0.03906250 0.21136570
v -0.03125000 0.03167820 0.21875000
v -0.03125000 0.03137362 0.22656250
v -0.03125000 0.03131258 0.23437500
v -0.03125000 0.03129876 0.24218750
v -0.03125000 0.03130174 0.25000000
v -0.03125000 0.03130496 0.25781250
v -0.03125000 0.03134704 0.26562500
v -0.03127694 0.03906250 0.27343750
v -0.03125000 0.03906250 0.27334046
v -0.03141612 0.03906250 0.37500000
v -0.03125000 0.03906250 0.37521005
v -0.03125000 0.03146005 0.38281250
v -0.03125000 0.03128850 0.39062500
v -0.03125000 0.03908050 -0.21875000
v -0.03125000 0.03908646 -0.21093750
v -0.03125000 0.03909588 -0.20312500
v -0.03125000 0.03910720 -0.19531250
v -0.03125000 0.03911662 -0.18750000
v -0.03125000 0.03911781 -0.17968750
v -0.03125000 0.03910875 -0.17187500
v -0.03125000 0.03911257 -0.16406250
v -0.03125000 0.03913176 -0.15625000
v -0.03125000 0.03917146 -0.14843750
v -0.03125000 0.03925276 -0.14062500
v -0.03125000 0.03974569 -0.13281250
v -0.03125000 0.04076123 -0.12500000
v -0.03127164 0.04687500 -0.11718750
v -0.03125000 0.04687500 -0.11888617
v -0.03127289 0.04687500 -0.10937500
v -0.03127259 0.04687500 -0.10156250
v -0.03127253 0.04687500 -0.09375000
v -0.03127265 0.04687500 -0.08593750
v -0.03127235 0.04687500 -0.07812500
v -0.03125000 0.04687500 -0.07745230
v -0.03125000 0.03973520 -0.07031250
v -0.03125000 0.03946567 -0.06250000
v -0.03125000 0.03931892 -0.05468750
v -0.03125000 0.03922617 -0.04687500
v -0.03125000 0.03916609 -0.03906250
v -0.03125000 0.03914940 -0.03125000
v -0.03125000 0.03912461 -0.02343750
v -0.03125000 0.03911555 -0.01562500
v -0.03125000 0.03911626 -0.00781250
v -0.03125000 0.03912735 0.00000000
v -0.03125000 0.03914273 0.00781250
v -0.03125000 0.03916168 0.01562500
v -0.03125000 0.03918886 0.02343750
v -0.03125000 0.03920257 0.03125000
v -0.03125000 0.03917420 0.03906250
v -0.03125000 0.03916001 0.04687500
v -0.03125000 0.03915596 0.05468750
v -0.03125000 0.03913057 0.06250000
v -0.03125000 0.03911316 0.07031250
v -0.03125000 0.03910291 0.07812500
v -0.03125000 0.03910232 0.08593750
v -0.03125000 0.03910291 0.09375000
v -0.03125000 0.03910148 0.10156250
v -0.03125000 0.03910947 0.10937500
v -0.03125000 0.03912532 0.11718750
v -0.03125000 0.03915572 0.12500000
v -0.03125000 0.03917873 0.13281250
v -0.03125000 0.03925407 0.14062500
v -0.03125000 0.03929257 0.14843750
v -0.03125000 0.03924322 0.15625000
v -0.03125000 0.03914523 0.16406250
v -0.03125000 0.03911257 0.17187500
v -0.03125000 0.03909743 0.17968750
v -0.03125000 0.03909290 0.18750000
v -0.03125000 0.03909051 0.19531250
v -0.03125000 0.03909123 0.20312500
v -0.03125000 0.03908741 0.21093750
v -0.03125000 0.03907800 0.27343750
v -0.03125000 0.03908098 0.28125000
v -0.03125000 0.03908420 0.28906250
v -0.03125000 0.03909111 0.29687500
v -0.03125000 0.03911114 0.30468750
v -0.03125000 0.03946865 0.31250000
v -0.03125000 0.03930712 0.32031250
v -0.03125000 0.03912163 0.32812500
v -0.03125000 0.03909039 0.33593750
v -0.03125000 0.03908467 0.34375000
v -0.03125000 0.03908038 0.35156250
v -0.03125000 0.03907764 0.35937500
v -0.03125000 0.03907573 0.36718750
v -0.03125000 0.03907466 0.37500000
v -0.03125000 0.04689360 -0.11718750
v -0.03125000 0.04689419 -0.10937500
v -0.03125000 0.04689491 -0.10156250
v -0.03125000 0.04689586 -0.09375000
v -0.03125000 0.04689622 -0.08593750
v -0.03125000 0.04689598 -0.07812500
v -0.03088415 -0.10937500 0.00000000
v -0.02343750 -0.10937500 0.00744665
v -0.02343750 -0.10940504 0.00781250
v -0.02343750 -0.10941136 0.01562500
v -0.02359217 -0.10937500 0.02343750
v -0.02343750 -0.10939586 0.02343750
v -0.02343750 -0.10937500 0.02344906
v -0.02343750 -0.10192835 0.00000000
v -0.02343750 -0.10156250 -0.00010473
v -0.02343750 -0.10156250 0.02345908
v -0.02943426 -0.09375000 -0.00781250
v -0.02343750 -0.09375000 -0.00181574
v -0.02343750 -0.09377152 0.03125000
v -0.02350241 -0.09375000 0.03125000
v -0.02343750 -0.09375000 0.03126109
v -0.02343750 -0.08775324 -0.00781250
v -0.02343750 -0.08593750 -0.00817430
v -0.02343750 -0.08593750 0.03127372
v -0.02343750 -0.07812500 -0.00790405
v -0.02343750 -0.07814878 0.03906250
v -0.02343750 -0.07812500 0.03907526
v -0.02986878 -0.07031250 -0.01562500
v -0.02343750 -0.07031250 -0.00919372
v -0.02343750 -0.07031250 0.03909242
v -0.02343750 -0.06253147 -0.02343750
v -0.02343750 -0.06250000 -0.02359980
v -0.02343750 -0.06388122 -0.01562500
v -0.02343750 -0.06252986 0.04687500
v -0.02348238 -0.06250000 0.04687500
v -0.02343750 -0.06250000 0.04690933
v -0.03025758 -0.05468750 -0.06250000
v -0.03004688 -0.05468750 -0.05468750
v -0.02343750 -0.05468750 -0.04807812
v -0.02343750 -0.05471128 -0.04687500
v -0.02343750 -0.05472720 -0.03906250
v -0.02343750 -0.05484980 -0.03125000
v -0.02351749 -0.05468750 0.05468750
v -0.02343750 -0.05472183 0.05468750
v -0.02343750 -0.05468750 0.05499196
v -0.02346504 -0.04687500 -0.25000000
v -0.02343750 -0.04699278 -0.25000000
v -0.02343750 -0.04687500 -0.25045353
v -0.02348053 -0.04687500 -0.24218750
v -0.02343750 -0.04779011 -0.24218750
v -0.02349526 -0.04687500 -0.23437500
v -0.02343750 -0.05189413 -0.23437500
v -0.02349532 -0.04687500 -0.22656250
v -0.02343750 -0.04702467 -0.22656250
v -0.02348191 -0.04687500 -0.21875000
v -0.02343750 -0.04696774 -0.21875000
v -0.02347594 -0.04687500 -0.21093750
v -0.02343750 -0.04693872 -0.21093750
v -0.02346992 -0.04687500 -0.20312500
v -0.02343750 -0.04691577 -0.20312500
v -0.02346593 -0.04687500 -0.19531250
v -0.02343750 -0.04690665 -0.19531250
v -0.02346349 -0.04687500 -0.18750000
v -0.02343750 -0.04689962 -0.18750000
v -0.02343750 -0.04687500 -0.18502039
v -0.02352822 -0.04687500 -0.10937500
v -0.02343750 -0.04689163 -0.10937500
v -0.02343750 -0.04687500 -0.10943156
v -0.02343750 -0.04689276 -0.10156250
v -0.02343750 -0.04689455 -0.09375000
v -0.02343750 -0.04691082 -0.08593750
v -0.02343750 -0.04699087 -0.07812500
v -0.02343750 -0.04718930 -0.07031250
v -0.02343750 -0.04786742 -0.06250000
v -0.02343750 -0.04807812 -0.05468750
v -0.02364802 -0.04687500 0.06250000
v -0.02343750 -0.04717940 0.06250000
v -0.02347553 -0.04687500 0.07031250
v -0.02343750 -0.04689431 0.07031250
v -0.02343750 -0.04687500 0.07036352
v -0.02346295 -0.03906250 -0.27343750
v -0.02343750 -0.03911650 -0.27343750
v -0.02343750 -0.03906250 -0.27380925
v -0.02347541 -0.03906250 -0.26562500
v -0.02343750 -0.03916526 -0.26562500
v -0.02350605 -0.03906250 -0.25781250
v -0.02343750 -0.03951603 -0.25781250
v -0.02376288 -0.03906250 -0.25000000
v -0.02422667 -0.03906250 -0.18750000
v -0.02343750 -0.04154211 -0.17968750
v -0.02364552 -0.03906250 -0.17968750
v -0.02352041 -0.03906250 -0.17187500
v -0.02343750 -0.03918213 -0.17187500
v -0.02348864 -0.03906250 -0.16406250
v -0.02343750 -0.03912091 -0.16406250
v -0.02348542 -0.03906250 -0.15625000
v -0.02343750 -0.03912807 -0.15625000
v -0.02348435 -0.03906250 -0.14843750
v -0.02343750 -0.03910071 -0.14843750
v -0.02347779 -0.03906250 -0.14062500
v -0.02343750 -0.03909159 -0.14062500
v -0.02348262 -0.03906250 -0.13281250
v -0.02343750 -0.03909051 -0.13281250
v -0.02366155 -0.03906250 -0.12500000
v -0.02343750 -0.03909004 -0.12500000
v -0.02343750 -0.03911906 -0.11718750
v -0.02348167 -0.03906250 0.07812500
v -0.02343750 -0.03911352 0.07812500
v -0.02347463 -0.03906250 0.08593750
v -0.02343750 -0.03910494 0.08593750
v -0.02346742 -0.03906250 0.09375000
v -0.02343750 -0.03909296 0.09375000
v -0.02346450 -0.03906250 0.10156250
v -0.02343750 -0.03908503 0.10156250
v -0.02346188 -0.03906250 0.10937500
v -0.02343750 -0.03908288 0.10937500
v -0.02346027 -0.03906250 0.11718750
v -0.02343750 -0.03908247 0.11718750
v -0.02343750 -0.03906250 0.11760545
v -0.02344990 -0.03125000 -0.29687500
v -0.02343750 -0.03127611 -0.29687500
v -0.02343750 -0.03125000 -0.29692632
v -0.02346814 -0.03125000 -0.28906250
v -0.02343750 -0.03132856 -0.28906250
v -0.02348727 -0.03125000 -0.28125000
v -0.02343750 -0.03162175 -0.28125000
v -0.02355486 -0.03125000 -0.27343750
v -0.02366346 -0.03125000 0.10937500
v -0.02352655 -0.03125000 0.11718750
v -0.02343750 -0.03166795 0.12500000
v -0.02352065 -0.03125000 0.12500000
v -0.02350950 -0.03125000 0.13281250
v -0.02343750 -0.03141910 0.13281250
v -0.02348948 -0.03125000 0.14062500
v -0.02343750 -0.03134203 0.14062500
v -0.02348626 -0.03125000 0.14843750
v -0.02343750 -0.03132099 0.14843750
v -0.02348840 -0.03125000 0.15625000
v -0.02343750 -0.03133821 0.15625000
v -0.02349132 -0.03125000 0.16406250
v -0.02343750 -0.03132808 0.16406250
v -0.02348232 -0.03125000 0.17187500
v -0.02343750 -0.03130567 0.17187500
v -0.02347410 -0.03125000 0.17968750
v -0.02343750 -0.03129292 0.17968750
v -0.02346784 -0.03125000 0.18750000
v -0.02343750 -0.03128290 0.18750000
v -0.02346402 -0.03125000 0.19531250
v -0.02343750 -0.03127617 0.19531250
v -0.02346170 -0.03125000 0.20312500
v -0.02343750 -0.03127235 0.20312500
v -0.02345943 -0.03125000 0.21093750
v -0.02343750 -0.03127068 0.21093750
v -0.02343750 -0.03125000 0.21124804
v -0.02345788 -0.02343750 -0.31250000
v -0.02343750 -0.02348268 -0.31250000
v -0.02343750 -0.02343750 -0.31258911
v -0.02346486 -0.02343750 -0.30468750
v -0.02343750 -0.02352238 -0.30468750
v -0.02347499 -0.02343750 -0.29687500
v -0.02350754 -0.02343750 -0.28906250
v -0.02477586 -0.02343750 -0.28125000
v -0.02362865 -0.02343750 0.19531250
v -0.02352649 -0.02343750 0.20312500
v -0.02349550 -0.02343750 0.21093750
v -0.02343750 -0.02374810 0.21875000
v -0.02348083 -0.02343750 0.21875000
v -0.02347332 -0.02343750 0.22656250
v -0.02343750 -0.02354920 0.22656250
v -0.02346796 -0.02343750 0.23437500
v -0.02343750 -0.02348548 0.23437500
v -0.02346325 -0.02343750 0.24218750
v -0.02343750 -0.02346510 0.24218750
v -0.02343750 -0.02343750 0.24242616
v -0.02346283 -0.01562500 -0.31250000
v -0.02343750 -0.01562500 -0.31361830
v -0.02347142 -0.01562500 -0.30468750
v -0.02349079 -0.01562500 -0.29687500
v -0.02364194 -0.01562500 -0.28906250
v -0.02365357 -0.01562500 0.24218750
v -0.02343750 -0.01586372 0.25000000
v -0.02351546 -0.01562500 0.25000000
v -0.02348757 -0.01562500 0.25781250
v -0.02343750 -0.01566482 0.25781250
v -0.02346480 -0.01562500 0.26562500
v -0.02343750 -0.01564872 0.26562500
v -0.02343750 -0.01562500 0.26579201
v -0.02345771 -0.00781250 -0.31250000
v -0.02343750 -0.00781250 -0.31255281
v -0.02346653 -0.00781250 -0.30468750
v -0.02348620 -0.00781250 -0.29687500
v -0.02362871 -0.00781250 -0.28906250
v -0.02343750 -0.00797951 0.27343750
v -0.02362019 -0.00781250 0.28125000
v -0.02343750 -0.00786024 0.28125000
v -0.02353650 -0.00781250 0.28906250
v -0.02343750 -0.00784051 0.28906250
v -0.02350813 -0.00781250 0.29687500
v -0.02343750 -0.00783527 0.29687500
v -0.02349424 -0.00781250 0.30468750
v -0.02343750 -0.00783271 0.30468750
v -0.02347511 -0.00781250 0.31250000
v -0.02343750 -0.00783110 0.31250000
v -0.02346325 -0.00781250 0.32031250
v -0.02343750 -0.00782830 0.32031250
v -0.02343750 -0.00781250 0.32038283
v -0.02343750 -0.00777596 -0.31250000
v -0.02343750 -0.00769091 -0.30468750
v -0.02343750 0.00000000 -0.29699659
v -0.02346373 0.00000000 -0.29687500
v -0.02348614 0.00000000 -0.28906250
v -0.02372181 0.00000000 -0.28125000
v -0.02343750 -0.00007033 0.32812500
v -0.02343750 -0.00003445 0.33593750
v -0.02343750 -0.00002486 0.34375000
v -0.02343750 -0.00001788 0.35156250
v -0.02354032 0.00000000 0.35937500
v -0.02343750 -0.00001442 0.35937500
v -0.02347207 0.00000000 0.36718750
v -0.02343750 -0.00001186 0.36718750
v -0.02343750 0.00000000 0.36722577
v -0.02343750 0.00007248 -0.29687500
v -0.02343750 0.00781250 -0.28913498
v -0.02346468 0.00781250 -0.28906250
v -0.02349037 0.00781250 -0.28125000
v -0.02343750 0.00777423 0.37500000
v -0.02343750 0.00779653 0.38281250
v -0.02347696 0.00781250 0.39062500
v -0.02343750 0.00780225 0.39062500
v -0.02343750 0.00781250 0.39065087
v -0.02343750 0.00786078 -0.28906250
v -0.02343750 0.01562500 -0.28129828
v -0.02346110 0.01562500 -0.28125000
v -0.02349883 0.01562500 -0.27343750
v -0.02343750 0.01559913 0.39843750
v -0.02343750 0.01562500 0.39855397
v -0.02343750 0.01564956 -0.28125000
v -0.02343750 0.01577032 -0.27343750
v -0.02349156 0.02343750 -0.26562500
v -0.02343750 0.02343750 -0.26577038
v -0.02343750 0.02343750 0.39847767
v -0.02343750 0.02345955 -0.26562500
v -0.02343750 0.02352738 -0.25781250
v -0.02348340 0.03125000 -0.25000000
v -0.02343750 0.03125000 -0.25008988
v -0.02355391 0.03125000 0.39843750
v -0.02343750 0.03125000 0.39846194
v -0.02343750 0.03126657 -0.25000000
v -0.02343750 0.03128755 -0.24218750
v -0.02347112 0.03906250 -0.23437500
v -0.02343750 0.03906250 -0.23441261
v -0.02354532 0.03906250 -0.22656250
v -0.02386570 0.03906250 0.21875000
v -0.02356106 0.03906250 0.22656250
v -0.02350003 0.03906250 0.23437500
v -0.02348632 0.03906250 0.24218750
v -0.02348924 0.03906250 0.25000000
v -0.02349240 0.03906250 0.25781250
v -0.02353460 0.03906250 0.26562500
v -0.02364755 0.03906250 0.38281250
v -0.02347606 0.03906250 0.39062500
v -0.02343750 0.03906250 0.39066350
v -0.02343750 0.03128850 0.39843750
v -0.02343750 0.03907752 -0.23437500
v -0.02343750 0.03908193 -0.22656250
v -0.02343750 0.03909826 -0.21875000
v -0.02343750 0.03919315 -0.21093750
v -0.02347082 0.04687500 -0.20312500
v -0.02343750 0.04687500 -0.20325565
v -0.02348220 0.04687500 -0.19531250
v -0.02349162 0.04687500 -0.18750000
v -0.02349281 0.04687500 -0.17968750
v -0.02348381 0.04687500 -0.17187500
v -0.02348751 0.04687500 -0.16406250
v -0.02350670 0.04687500 -0.15625000
v -0.02354646 0.04687500 -0.14843750
v -0.02362770 0.04687500 -0.14062500
v -0.02412069 0.04687500 -0.13281250
v -0.02513617 0.04687500 -0.12500000
v -0.02411020 0.04687500 -0.07031250
v -0.02384067 0.04687500 -0.06250000
v -0.02369398 0.04687500 -0.05468750
v -0.02360111 0.04687500 -0.04687500
v -0.02354109 0.04687500 -0.03906250
v -0.02352446 0.04687500 -0.03125000
v -0.02349961 0.04687500 -0.02343750
v -0.02349049 0.04687500 -0.01562500
v -0.02349126 0.04687500 -0.00781250
v -0.02350235 0.04687500 0.00000000
v -0.02351773 0.04687500 0.00781250
v -0.02353668 0.04687500 0.01562500
v -0.02356380 0.04687500 0.02343750
v -0.02357757 0.04687500 0.03125000
v -0.02354926 0.04687500 0.03906250
v -0.02353507 0.04687500 0.04687500
v -0.02353090 0.04687500 0.05468750
v -0.02350557 0.04687500 0.06250000
v -0.02348810 0.04687500 0.07031250
v -0.02347791 0.04687500 0.07812500
v -0.02347732 0.04687500 0.08593750
v -0.02347797 0.04687500 0.09375000
v -0.02347648 0.04687500 0.10156250
v -0.02348453 0.04687500 0.10937500
v -0.02350032 0.04687500 0.11718750
v -0.02353072 0.04687500 0.12500000
v -0.02355373 0.04687500 0.13281250
v -0.02362913 0.04687500 0.14062500
v -0.02366751 0.04687500 0.14843750
v -0.02361816 0.04687500 0.15625000
v -0.02352023 0.04687500 0.16406250
v -0.02348751 0.04687500 0.17187500
v -0.02343750 0.04687500 0.17236781
v -0.02343750 0.03955531 0.17968750
v -0.02343750 0.04603958 0.18750000
v -0.02346551 0.04687500 0.19531250
v -0.02343750 0.04687500 0.18833542
v -0.02346623 0.04687500 0.20312500
v -0.02346241 0.04687500 0.21093750
v -0.02343750 0.04687500 0.21233988
v -0.02343750 0.04046488 0.21875000
v -0.02343750 0.03919506 0.22656250
v -0.02343750 0.03911340 0.23437500
v -0.02343750 0.03909659 0.24218750
v -0.02343750 0.03909409 0.25000000
v -0.02343750 0.03909361 0.25781250
v -0.02343750 0.03909254 0.26562500
v -0.02343750 0.03911042 0.27343750
v -0.02343750 0.03915679 0.28125000
v -0.02343750 0.03949964 0.28906250
v -0.02346611 0.04687500 0.29687500
v -0.02343750 0.04687500 0.29643786
v -0.02348608 0.04687500 0.30468750
v -0.02384365 0.04687500 0.31250000
v -0.02368218 0.04687500 0.32031250
v -0.02349657 0.04687500 0.32812500
v -0.02343750 0.04687500 0.32868838
v -0.02343750 0.03962588 0.33593750
v -0.02343750 0.03915596 0.34375000
v -0.02343750 0.03911102 0.35156250
v -0.02343750 0.03909659 0.35937500
v -0.02343750 0.03908992 0.36718750
v -0.02343750 0.03908670 0.37500000
v -0.02343750 0.03908408 0.38281250
v -0.02343750 0.03908181 0.39062500
v -0.02343750 0.04689181 -0.20312500
v -0.02343750 0.04689467 -0.19531250
v -0.02343750 0.04689884 -0.18750000
v -0.02343750 0.04690063 -0.17968750
v -0.02343750 0.04690111 -0.17187500
v -0.02343750 0.04690075 -0.16406250
v -0.02343750 0.04690111 -0.15625000
v -0.02343750 0.04690313 -0.14843750
v -0.02343750 0.04690480 -0.14062500
v -0.02343750 0.04690659 -0.13281250
v -0.02343750 0.04690623 -0.12500000
v -0.02343750 0.04690897 -0.11718750
v -0.02343750 0.04691291 -0.10937500
v -0.02343750 0.04691648 -0.10156250
v -0.02343750 0.04692256 -0.09375000
v -0.02343750 0.04692376 -0.08593750
v -0.02343750 0.04692113 -0.07812500
v -0.02343750 0.04691935 -0.07031250
v -0.02343750 0.04691744 -0.06250000
v -0.02343750 0.04691637 -0.05468750
v -0.02343750 0.04691708 -0.04687500
v -0.02343750 0.04691851 -0.03906250
v -0.02343750 0.04691923 -0.03125000
v -0.02343750 0.04692221 -0.02343750
v -0.02343750 0.04693222 -0.01562500
v -0.02343750 0.04695916 -0.00781250
v -0.02343750 0.04704380 0.00000000
v -0.02343750 0.04715526 0.00781250
v -0.02343750 0.04744470 0.01562500
v -0.02343750 0.04980278 0.02343750
v -0.02343750 0.04826450 0.03125000
v -0.02343750 0.04721045 0.03906250
v -0.02343750 0.04703486 0.04687500
v -0.02343750 0.04696882 0.05468750
v -0.02343750 0.04693675 0.06250000
v -0.02343750 0.04691827 0.07031250
v -0.02343750 0.04690719 0.07812500
v -0.02343750 0.04689848 0.08593750
v -0.02343750 0.04689753 0.09375000
v -0.02343750 0.04689646 0.10156250
v -0.02343750 0.04689574 0.10937500
v -0.02343750 0.04689622 0.11718750
v -0.02343750 0.04689682 0.12500000
v -0.02343750 0.04689825 0.13281250
v -0.02343750 0.04689896 0.14062500
v -0.02343750 0.04689932 0.14843750
v -0.02343750 0.04689753 0.15625000
v -0.02343750 0.04689372 0.16406250
v -0.02343750 0.04689240 0.17187500
v -0.02343750 0.04689252 0.19531250
v -0.02343750 0.04689336 0.20312500
v -0.02343750 0.04689276 0.21093750
v -0.02343750 0.04689670 0.29687500
v -0.02343750 0.04689980 0.30468750
v -0.02343750 0.04690087 0.31250000
v -0.02343750 0.04690111 0.32031250
v -0.02343750 0.04690039 0.32812500
v -0.02188331 -0.10937500 0.00781250
v -0.01562500 -0.10937500 0.01407075
v -0.01562500 -0.10940069 0.01562500
v -0.01562500 -0.10939342 0.02343750
v -0.01562500 -0.10937500 0.02345324
v -0.02252489 -0.10156250 0.00000000
v -0.01562500 -0.10156250 0.00689983
v -0.01562500 -0.10311669 0.00781250
v -0.01562500 -0.10156250 0.02347970
v -0.01562500 -0.09466261 0.00000000
v -0.01562500 -0.09375000 -0.00023055
v -0.01562500 -0.09379226 0.03125000
v -0.01562500 -0.09375000 0.03126371
v -0.01562500 -0.08616805 -0.00781250
v -0.01562500 -0.08593750 -0.00802195
v -0.01562500 -0.08593750 0.03128552
v -0.01564890 -0.07812500 -0.25000000
v -0.01562500 -0.07836658 -0.25000000
v -0.01562500 -0.07812500 -0.25065643
v -0.01565272 -0.07812500 -0.24218750
v -0.01562500 -0.07837141 -0.24218750
v -0.01564890 -0.07812500 -0.23437500
v -0.01562500 -0.07820213 -0.23437500
v -0.01562500 -0.07812500 -0.23412710
v -0.01562500 -0.07812500 -0.00786972
v -0.01562500 -0.07816058 0.03906250
v -0.01562500 -0.07812500 0.03907728
v -0.01564604 -0.07031250 -0.26562500
v -0.01562500 -0.07036912 -0.26562500
v -0.01562500 -0.07031250 -0.26567686
v -0.01564962 -0.07031250 -0.25781250
v -0.01562500 -0.07096893 -0.25781250
v -0.01565576 -0.07031250 -0.25000000
v -0.01566344 -0.07031250 -0.24218750
v -0.01565945 -0.07031250 -0.23437500
v -0.01562500 -0.07056040 -0.22656250
v -0.01565421 -0.07031250 -0.22656250
v -0.01564908 -0.07031250 -0.21875000
v -0.01562500 -0.07038116 -0.21875000
v -0.01562500 -0.07031250 -0.21866590
v -0.01562500 -0.07031250 -0.00827098
v -0.01562500 -0.07031250 0.03911221
v -0.01564676 -0.06250000 -0.27343750
v -0.01562500 -0.06255186 -0.27343750
v -0.01562500 -0.06250000 -0.27350110
v -0.01565224 -0.06250000 -0.26562500
v -0.01565802 -0.06250000 -0.25781250
v -0.01566845 -0.06250000 -0.25000000
v -0.01568896 -0.06250000 -0.24218750
v -0.01568234 -0.06250000 -0.23437500
v -0.01567298 -0.06250000 -0.22656250
v -0.01566374 -0.06250000 -0.21875000
v -0.01562500 -0.06258410 -0.21093750
v -0.01565272 -0.06250000 -0.21093750
v -0.01562500 -0.06250000 -0.21076578
v -0.01562500 -0.06252837 -0.02343750
v -0.01562500 -0.06250000 -0.02354562
v -0.01562500 -0.06295848 -0.01562500
v -0.01562500 -0.06254977 0.04687500
v -0.01562500 -0.06250000 0.04694700
v -0.01564807 -0.05468750 -0.28125000
v -0.01562500 -0.05475110 -0.28125000
v -0.01562500 -0.05468750 -0.28136468
v -0.01565558 -0.05468750 -0.27343750
v -0.01566750 -0.05468750 -0.26562500
v -0.01568896 -0.05468750 -0.25781250
v -0.01574278 -0.05468750 -0.25000000
v -0.01654011 -0.05468750 -0.24218750
v -0.02064413 -0.05468750 -0.23437500
v -0.01577467 -0.05468750 -0.22656250
v -0.01571774 -0.05468750 -0.21875000
v -0.01568872 -0.05468750 -0.21093750
v -0.01562500 -0.05485922 -0.20312500
v -0.01566577 -0.05468750 -0.20312500
v -0.01565665 -0.05468750 -0.19531250
v -0.01562500 -0.05473608 -0.19531250
v -0.01564962 -0.05468750 -0.18750000
v -0.01562500 -0.05471909 -0.18750000
v -0.01562500 -0.05468750 -0.18728441
v -0.02080166 -0.05468750 -0.04687500
v -0.01562500 -0.05468750 -0.04169834
v -0.01562500 -0.05472296 -0.03906250
v -0.01562500 -0.05479562 -0.03125000
v -0.01562500 -0.05475950 0.05468750
v -0.01592940 -0.05468750 0.06250000
v -0.01562500 -0.05470711 0.06250000
v -0.01562500 -0.05468750 0.06253719
v -0.01564592 -0.04687500 -0.29687500
v -0.01562500 -0.04690176 -0.29687500
v -0.01562500 -0.04687500 -0.29694575
v -0.01565188 -0.04687500 -0.28906250
v -0.01562500 -0.04698968 -0.28906250
v -0.01566082 -0.04687500 -0.28125000
v -0.01567900 -0.04687500 -0.27343750
v -0.01572776 -0.04687500 -0.26562500
v -0.01607853 -0.04687500 -0.25781250
v -0.01810461 -0.04687500 -0.17968750
v -0.01562500 -0.04709059 -0.17968750
v -0.01574463 -0.04687500 -0.17187500
v -0.01562500 -0.04693931 -0.17187500
v -0.01568341 -0.04687500 -0.16406250
v -0.01562500 -0.04690331 -0.16406250
v -0.01569057 -0.04687500 -0.15625000
v -0.01562500 -0.04689729 -0.15625000
v -0.01566321 -0.04687500 -0.14843750
v -0.01562500 -0.04689181 -0.14843750
v -0.01562500 -0.04687500 -0.14818442
v -0.01562500 -0.04689437 -0.10937500
v -0.01562500 -0.04687500 -0.11153507
v -0.01562500 -0.04689682 -0.10156250
v -0.01562500 -0.04690284 -0.09375000
v -0.01562500 -0.04691976 -0.08593750
v -0.01562500 -0.04695463 -0.07812500
v -0.01562500 -0.04698384 -0.07031250
v -0.01562500 -0.04724032 -0.06250000
v -0.01562500 -0.04729342 -0.05468750
v -0.01562500 -0.04951084 -0.04687500
v -0.01562500 -0.04691219 0.07031250
v -0.01567602 -0.04687500 0.07812500
v -0.01562500 -0.04689652 0.07812500
v -0.01566744 -0.04687500 0.08593750
v -0.01562500 -0.04689443 0.08593750
v -0.01565546 -0.04687500 0.09375000
v -0.01562500 -0.04689217 0.09375000
v -0.01562500 -0.04687500 0.09382486
v -0.01564825 -0.03906250 -0.31250000
v -0.01562500 -0.03908640 -0.31250000
v -0.01562500 -0.03906250 -0.31254983
v -0.01565748 -0.03906250 -0.30468750
v -0.01562500 -0.03913325 -0.30468750
v -0.01566821 -0.03906250 -0.29687500
v -0.01570356 -0.03906250 -0.28906250
v -0.01599675 -0.03906250 -0.28125000
v -0.01562500 -0.03931558 -0.14062500
v -0.01562500 -0.03918093 -0.13281250
v -0.01562500 -0.03914607 -0.12500000
v -0.01562500 -0.04122257 -0.11718750
v -0.01562500 -0.03913730 0.10156250
v -0.01562500 -0.03910089 0.10937500
v -0.01562500 -0.03909749 0.11718750
v -0.01604295 -0.03906250 0.12500000
v -0.01562500 -0.03910220 0.12500000
v -0.01579410 -0.03906250 0.13281250
v -0.01562500 -0.03910488 0.13281250
v -0.01571703 -0.03906250 0.14062500
v -0.01562500 -0.03909796 0.14062500
v -0.01569599 -0.03906250 0.14843750
v -0.01562500 -0.03909290 0.14843750
v -0.01571321 -0.03906250 0.15625000
v -0.01562500 -0.03908968 0.15625000
v -0.01570308 -0.03906250 0.16406250
v -0.01562500 -0.03908783 0.16406250
v -0.01568067 -0.03906250 0.17187500
v -0.01562500 -0.03908491 0.17187500
v -0.01566792 -0.03906250 0.17968750
v -0.01562500 -0.03908312 0.17968750
v -0.01565790 -0.03906250 0.18750000
v -0.01562500 -0.03908175 0.18750000
v -0.01562500 -0.03906250 0.18928838
v -0.01565170 -0.03125000 -0.32031250
v -0.01562500 -0.03129983 -0.32031250
v -0.01562500 -0.03125000 -0.32040101
v -0.01567018 -0.03125000 -0.31250000
v -0.01570988 -0.03125000 -0.30468750
v -0.01562500 -0.03303838 0.19531250
v -0.01562500 -0.03145283 0.20312500
v -0.01562500 -0.03134739 0.21093750
v -0.01593560 -0.03125000 0.21875000
v -0.01562500 -0.03132457 0.21875000
v -0.01573670 -0.03125000 0.22656250
v -0.01562500 -0.03130680 0.22656250
v -0.01567298 -0.03125000 0.23437500
v -0.01562500 -0.03129470 0.23437500
v -0.01565260 -0.03125000 0.24218750
v -0.01562500 -0.03127617 0.24218750
v -0.01562500 -0.03125000 0.24234486
v -0.01565701 -0.02343750 -0.32812500
v -0.01562500 -0.02352601 -0.32812500
v -0.01562500 -0.02343750 -0.32826185
v -0.01571411 -0.02343750 -0.32031250
v -0.01586372 -0.02343750 0.25000000
v -0.01562500 -0.02359492 0.25000000
v -0.01566482 -0.02343750 0.25781250
v -0.01562500 -0.02348208 0.25781250
v -0.01564872 -0.02343750 0.26562500
v -0.01562500 -0.02346206 0.26562500
v -0.01562500 -0.02343750 0.26576686
v -0.01564986 -0.01562500 -0.33593750
v -0.01562500 -0.01576185 -0.33593750
v -0.01562500 -0.01562500 -0.33602393
v -0.01567835 -0.01562500 -0.32812500
v -0.01674330 -0.01562500 -0.32031250
v -0.01579201 -0.01562500 0.27343750
v -0.01562500 -0.01576686 0.27343750
v -0.01567274 -0.01562500 0.28125000
v -0.01562500 -0.01567698 0.28125000
v -0.01565301 -0.01562500 0.28906250
v -0.01562500 -0.01565677 0.28906250
v -0.01564777 -0.01562500 0.29687500
v -0.01562500 -0.01564837 0.29687500
v -0.01562500 -0.01562500 0.29715276
v -0.01562500 -0.01548713 -0.33593750
v -0.01562500 -0.00781250 -0.32826287
v -0.01565129 -0.00781250 -0.32812500
v -0.01567781 -0.00781250 -0.32031250
v -0.01562500 -0.00809032 0.30468750
v -0.01562500 -0.00793296 0.31250000
v -0.01562500 -0.00786513 0.32031250
v -0.01569533 -0.00781250 0.32812500
v -0.01562500 -0.00783890 0.32812500
v -0.01565945 -0.00781250 0.33593750
v -0.01562500 -0.00782913 0.33593750
v -0.01564986 -0.00781250 0.34375000
v -0.01562500 -0.00782639 0.34375000
v -0.01562500 -0.00781250 0.34382582
v -0.01562500 -0.00776005 -0.32812500
v -0.01562500 -0.00736523 -0.32031250
v -0.01566154 0.00000000 -0.31250000
v -0.01562500 0.00000000 -0.31294727
v -0.01574659 0.00000000 -0.30468750
v -0.01562500 -0.00007588 0.35156250
v -0.01562500 -0.00003904 0.35937500
v -0.01562500 -0.00002533 0.36718750
v -0.01566321 0.00000000 0.37500000
v -0.01562500 -0.00001919 0.37500000
v -0.01562500 0.00000000 0.37505245
v -0.01562500 0.00006235 -0.31250000
v -0.01562500 0.00197828 -0.30468750
v -0.01569748 0.00781250 -0.29687500
v -0.01562500 0.00781250 -0.29885328
v -0.01562500 0.00776005 0.38281250
v -0.01562500 0.00779510 0.39062500
v -0.01562500 0.00781250 0.39078665
v -0.01562500 0.00787938 -0.29687500
v -0.01567328 0.01562500 -0.28906250
v -0.01562500 0.01562500 -0.28912932
v -0.01562500 0.01546335 0.39843750
v -0.01574141 0.01562500 0.40625000
v -0.01562500 0.01560366 0.40625000
v -0.01562500 0.01562500 0.40627789
v -0.01562500 0.01565266 -0.28906250
v -0.01562500 0.01570129 -0.28125000
v -0.01577038 0.02343750 -0.27343750
v -0.01562500 0.02343750 -0.27351373
v -0.01562500 0.02343750 0.40013754
v -0.01562500 0.01732504 0.40625000
v -0.01562500 0.02345729 -0.27343750
v -0.01562500 0.02348709 -0.26562500
v -0.01571488 0.03125000 -0.25781250
v -0.01562500 0.03125000 -0.25786215
v -0.01562500 0.03125000 0.39851069
v -0.01562500 0.03126526 -0.25781250
v -0.01562500 0.03127730 -0.25000000
v -0.01562500 0.03150034 -0.24218750
v -0.01562500 0.03906250 -0.23462534
v -0.01566356 0.03906250 0.39843750
v -0.01562500 0.03906250 0.39848256
v -0.01562500 0.03908074 -0.23437500
v -0.01562500 0.03909504 -0.22656250
v -0.01562500 0.03915000 -0.21875000
v -0.01575565 0.04687500 -0.21093750
v -0.01562500 0.04687500 -0.21102494
v -0.01611781 0.04687500 0.17968750
v -0.02260208 0.04687500 0.18750000
v -0.01702738 0.04687500 0.21875000
v -0.01575750 0.04687500 0.22656250
v -0.01567590 0.04687500 0.23437500
v -0.01565903 0.04687500 0.24218750
v -0.01565659 0.04687500 0.25000000
v -0.01565617 0.04687500 0.25781250
v -0.01565504 0.04687500 0.26562500
v -0.01567286 0.04687500 0.27343750
v -0.01571929 0.04687500 0.28125000
v -0.01606214 0.04687500 0.28906250
v -0.01618844 0.04687500 0.33593750
v -0.01571840 0.04687500 0.34375000
v -0.01567352 0.04687500 0.35156250
v -0.01565909 0.04687500 0.35937500
v -0.01565236 0.04687500 0.36718750
v -0.01562500 0.04687500 0.36822164
v -0.01562500 0.04009664 0.37500000
v -0.01562500 0.03923631 0.38281250
v -0.01562500 0.03915215 0.39062500
v -0.01562500 0.03910601 0.39843750
v -0.01562500 0.04689181 -0.21093750
v -0.01562500 0.04689932 -0.20312500
v -0.01562500 0.04690814 -0.19531250
v -0.01562500 0.04692292 -0.18750000
v -0.01562500 0.04693079 -0.17968750
v -0.01562500 0.04693341 -0.17187500
v -0.01562500 0.04693258 -0.16406250
v -0.01562500 0.04693294 -0.15625000
v -0.01562500 0.04693675 -0.14843750
v -0.01562500 0.04694021 -0.14062500
v -0.01562500 0.04694414 -0.13281250
v -0.01562500 0.04694235 -0.12500000
v -0.01562500 0.04695058 -0.11718750
v -0.01562500 0.04696107 -0.10937500
v -0.01562500 0.04697144 -0.10156250
v -0.01562500 0.04699326 -0.09375000
v -0.01562500 0.04705954 -0.08593750
v -0.01562500 0.04704320 -0.07812500
v -0.01562500 0.04703236 -0.07031250
v -0.01562500 0.04706430 -0.06250000
v -0.01562500 0.04716098 -0.05468750
v -0.01562500 0.04737687 -0.04687500
v -0.01562500 0.04792571 -0.03906250
v -0.01562500 0.04841006 -0.03125000
v -0.01562500 0.04869926 -0.02343750
v -0.01562500 0.05431378 -0.01562500
v -0.01570910 0.05468750 -0.00781250
v -0.01562500 0.05468750 -0.01525134
v -0.01579386 0.05468750 0.00000000
v -0.01590526 0.05468750 0.00781250
v -0.01619476 0.05468750 0.01562500
v -0.01855278 0.05468750 0.02343750
v -0.01701450 0.05468750 0.03125000
v -0.01596045 0.05468750 0.03906250
v -0.01578480 0.05468750 0.04687500
v -0.01571882 0.05468750 0.05468750
v -0.01568669 0.05468750 0.06250000
v -0.01562500 0.05468750 0.06277668
v -0.01562500 0.04715168 0.07031250
v -0.01562500 0.04695201 0.07812500
v -0.01562500 0.04691398 0.08593750
v -0.01562500 0.04691279 0.09375000
v -0.01562500 0.04691267 0.10156250
v -0.01562500 0.04691255 0.10937500
v -0.01562500 0.04691422 0.11718750
v -0.01562500 0.04691553 0.12500000
v -0.01562500 0.04692018 0.13281250
v -0.01562500 0.04692245 0.14062500
v -0.01562500 0.04692209 0.14843750
v -0.01562500 0.04691565 0.15625000
v -0.01562500 0.04690480 0.16406250
v -0.01562500 0.04689991 0.17187500
v -0.01562500 0.04689980 0.17968750
v -0.01562500 0.04690099 0.18750000
v -0.01562500 0.04690325 0.19531250
v -0.01562500 0.04691136 0.20312500
v -0.01562500 0.04691076 0.21093750
v -0.01562500 0.04691029 0.21875000
v -0.01562500 0.04690623 0.22656250
v -0.01562500 0.04690039 0.23437500
v -0.01562500 0.04690671 0.24218750
v -0.01562500 0.04690874 0.25000000
v -0.01562500 0.04691029 0.25781250
v -0.01562500 0.04691482 0.26562500
v -0.01562500 0.04691601 0.27343750
v -0.01562500 0.04692924 0.28125000
v -0.01562500 0.04699600 0.28906250
v -0.01564664 0.05468750 0.29687500
v -0.01562500 0.05468750 0.29675400
v -0.01564980 0.05468750 0.30468750
v -0.01565087 0.05468750 0.31250000
v -0.01565117 0.05468750 0.32031250
v -0.01565039 0.05468750 0.32812500
v -0.01562500 0.05468750 0.32830667
v -0.01562500 0.04705667 0.33593750
v -0.01562500 0.04693389 0.34375000
v -0.01562500 0.04691255 0.35156250
v -0.01562500 0.04690444 0.35937500
v -0.01562500 0.04690051 0.36718750
v -0.01562500 0.05470538 -0.00781250
v -0.01562500 0.05470693 0.00000000
v -0.01562500 0.05470824 0.00781250
v -0.01562500 0.05470955 0.01562500
v -0.01562500 0.05471134 0.02343750
v -0.01562500 0.05471110 0.03125000
v -0.01562500 0.05471075 0.03906250
v -0.01562500 0.05470872 0.04687500
v -0.01562500 0.05470598 0.05468750
v -0.01562500 0.05470395 0.06250000
v -0.01562500 0.05472624 0.29687500
v -0.01562500 0.05472863 0.30468750
v -0.01562500 0.05473042 0.31250000
v -0.01562500 0.05473030 0.32031250
v -0.01562500 0.05472887 0.32812500
v -0.00781250 -0.10939127 0.01562500
v -0.00781250 -0.10937500 0.01489758
v -0.00781250 -0.10939115 0.02343750
v -0.00781250 -0.10937500 0.02345979
v -0.00781250 -0.10252500 0.00781250
v -0.00781250 -0.10156250 0.00718427
v -0.00781250 -0.10156250 0.02353609
v -0.00784594 -0.09375000 -0.25000000
v -0.00781250 -0.09378374 -0.25000000
v -0.00781250 -0.09375000 -0.25007969
v -0.00786042 -0.09375000 -0.24218750
v -0.00781250 -0.09388095 -0.24218750
v -0.00784665 -0.09375000 -0.23437500
v -0.00781250 -0.09473503 -0.23437500
v -0.00783879 -0.09375000 -0.22656250
v -0.00781250 -0.09387434 -0.22656250
v -0.00781250 -0.09375000 -0.22589642
v -0.00781250 -0.09437823 0.00000000
v -0.00781250 -0.09375000 -0.00014192
v -0.00781250 -0.09384859 0.03125000
v -0.00781250 -0.09375000 0.03127003
v -0.00783485 -0.08593750 -0.26562500
v -0.00781250 -0.08595687 -0.26562500
v -0.00781250 -0.08593750 -0.26565015
v -0.00786251 -0.08593750 -0.25781250
v -0.00781250 -0.08601719 -0.25781250
v -0.00805408 -0.08593750 -0.25000000
v -0.00805891 -0.08593750 -0.24218750
v -0.00788963 -0.08593750 -0.23437500
v -0.00786412 -0.08593750 -0.22656250
v -0.00781250 -0.08660358 -0.21875000
v -0.00784868 -0.08593750 -0.21875000
v -0.00783736 -0.08593750 -0.21093750
v -0.00781250 -0.08600128 -0.21093750
v -0.00781250 -0.08593750 -0.21086544
v -0.00781250 -0.08607942 -0.00781250
v -0.00781250 -0.08593750 -0.00796038
v -0.00781250 -0.08593750 0.03130829
v -0.00783473 -0.07812500 -0.27343750
v -0.00781250 -0.07815015 -0.27343750
v -0.00781250 -0.07812500 -0.27346319
v -0.00786912 -0.07812500 -0.26562500
v -0.00846893 -0.07812500 -0.25781250
v -0.00806040 -0.07812500 -0.22656250
v -0.00788116 -0.07812500 -0.21875000
v -0.00784695 -0.07812500 -0.21093750
v -0.00781250 -0.07812500 -0.21045488
v -0.00781250 -0.07812500 -0.00785613
v -0.00781250 -0.07818323 0.03906250
v -0.00781250 -0.07812500 0.03908193
v -0.00783420 -0.07031250 -0.28125000
v -0.00781250 -0.07033819 -0.28125000
v -0.00781250 -0.07031250 -0.28127402
v -0.00786436 -0.07031250 -0.27343750
v -0.00789660 -0.07031250 -0.21093750
v -0.00781250 -0.07079512 -0.20312500
v -0.00784701 -0.07031250 -0.20312500
v -0.00781250 -0.07031250 -0.20294172
v -0.00781250 -0.07031250 -0.00805676
v -0.00781250 -0.07031250 0.03921175
v -0.00783575 -0.06250000 -0.28906250
v -0.00781250 -0.06252402 -0.28906250
v -0.00781250 -0.06250000 -0.28908807
v -0.00787610 -0.06250000 -0.28125000
v -0.00798422 -0.06250000 -0.20312500
v -0.00781250 -0.06268328 -0.19531250
v -0.00786108 -0.06250000 -0.19531250
v -0.00781465 -0.06250000 -0.18750000
v -0.00781250 -0.06250346 -0.18750000
v -0.00781250 -0.06250000 -0.18749309
v -0.00781250 -0.06252438 -0.02343750
v -0.00781250 -0.06250000 -0.02350223
v -0.00781250 -0.06274426 -0.01562500
v -0.00781250 -0.06264919 0.04687500
v -0.00781250 -0.06250000 0.04739404
v -0.00783926 -0.05468750 -0.29687500
v -0.00781250 -0.05471307 -0.29687500
v -0.00781250 -0.05468750 -0.29691750
v -0.00792718 -0.05468750 -0.28906250
v -0.00802809 -0.05468750 -0.17968750
v -0.00781250 -0.05478895 -0.17968750
v -0.00781250 -0.05468750 -0.17929918
v -0.00781250 -0.05471772 -0.03906250
v -0.00781250 -0.05468750 -0.03966475
v -0.00781250 -0.05475223 -0.03125000
v -0.00781250 -0.05520654 0.05468750
v -0.00781250 -0.05471581 0.06250000
v -0.00781250 -0.05468750 0.06261158
v -0.00783640 -0.04687500 -0.31250000
v -0.00781250 -0.04689568 -0.31250000
v -0.00781250 -0.04687500 -0.31254584
v -0.00788325 -0.04687500 -0.30468750
v -0.00781250 -0.04691750 -0.30468750
v -0.00781250 -0.04726332 -0.17187500
v -0.00781250 -0.04694414 -0.16406250
v -0.00781250 -0.04691273 -0.15625000
v -0.00781250 -0.04690117 -0.14843750
v -0.00782752 -0.04687500 -0.14062500
v -0.00781250 -0.04687613 -0.14062500
v -0.00781250 -0.04687500 -0.14059401
v -0.00831115 -0.04687500 -0.11718750
v -0.00781250 -0.04687941 -0.11718750
v -0.00781250 -0.04687500 -0.11722350
v -0.00781250 -0.04689997 -0.10937500
v -0.00781250 -0.04690111 -0.10156250
v -0.00781250 -0.04690647 -0.09375000
v -0.00781250 -0.04692090 -0.08593750
v -0.00781250 -0.04699248 -0.07812500
v -0.00781250 -0.04695946 -0.07031250
v -0.00781250 -0.04702836 -0.06250000
v -0.00781250 -0.04708838 -0.05468750
v -0.00781250 -0.04747725 -0.04687500
v -0.00781250 -0.04698652 0.07031250
v -0.00781250 -0.04691792 0.07812500
v -0.00781250 -0.04690927 0.08593750
v -0.00781250 -0.04689705 0.09375000
v -0.00788730 -0.04687500 0.10156250
v -0.00781250 -0.04689449 0.10156250
v -0.00781250 -0.04687500 0.10186672
v -0.00786233 -0.03906250 -0.32031250
v -0.00781250 -0.03910834 -0.32031250
v -0.00781250 -0.03906250 -0.32060140
v -0.00781250 -0.03956872 -0.13281250
v -0.00781250 -0.03926021 -0.12500000
v -0.00781250 -0.03936666 0.10937500
v -0.00781250 -0.03924704 0.11718750
v -0.00781250 -0.03929055 0.12500000
v -0.00781250 -0.03927088 0.13281250
v -0.00781250 -0.03917611 0.14062500
v -0.00781250 -0.03914708 0.14843750
v -0.00781250 -0.03913116 0.15625000
v -0.00781250 -0.03912163 0.16406250
v -0.00781250 -0.03910762 0.17187500
v -0.00781250 -0.03909951 0.17968750
v -0.00781250 -0.03909338 0.18750000
v -0.00960088 -0.03906250 0.19531250
v -0.00781250 -0.03909129 0.19531250
v -0.00801533 -0.03906250 0.20312500
v -0.00781250 -0.03909016 0.20312500
v -0.00781250 -0.03906250 0.20473802
v -0.00784314 -0.03125000 -0.33593750
v -0.00781250 -0.03127956 -0.33593750
v -0.00781250 -0.03125000 -0.33598107
v -0.00790101 -0.03125000 -0.32812500
v -0.00781250 -0.03153890 -0.32812500
v -0.00781250 -0.03286302 0.21093750
v -0.00781250 -0.03205460 0.21875000
v -0.00781250 -0.03182995 0.22656250
v -0.00781250 -0.03173041 0.23437500
v -0.00781250 -0.03143591 0.24218750
v -0.00796992 -0.03125000 0.25000000
v -0.00781250 -0.03131950 0.25000000
v -0.00785708 -0.03125000 0.25781250
v -0.00781250 -0.03128886 0.25781250
v -0.00783706 -0.03125000 0.26562500
v -0.00781250 -0.03127527 0.26562500
v -0.00781250 -0.03125000 0.26573336
v -0.00785416 -0.02343750 -0.34375000
v -0.00781250 -0.02348107 -0.34375000
v -0.00781250 -0.02343750 -0.34388012
v -0.00794935 -0.02343750 -0.33593750
v -0.00795436 -0.02343750 0.27343750
v -0.00781250 -0.02354580 0.27343750
v -0.00786448 -0.02343750 0.28125000
v -0.00781250 -0.02348590 0.28125000
v -0.00784427 -0.02343750 0.28906250
v -0.00781250 -0.02346331 0.28906250
v -0.00783587 -0.02343750 0.29687500
v -0.00781250 -0.02345735 0.29687500
v -0.00781250 -0.02343750 0.29699111
v -0.00789893 -0.01562500 -0.34375000
v -0.00781250 -0.01562500 -0.34501296
v -0.00809032 -0.01562500 0.30468750
v -0.00781250 -0.01574111 0.30468750
v -0.00793296 -0.01562500 0.31250000
v -0.00781250 -0.01566184 0.31250000
v -0.00786513 -0.01562500 0.32031250
v -0.00781250 -0.01564717 0.32031250
v -0.00783890 -0.01562500 0.32812500
v -0.00781250 -0.01564211 0.32812500
v -0.00781250 -0.01562500 0.32818460
v -0.00781250 -0.01552188 -0.34375000
v -0.00795037 -0.00781250 -0.33593750
v -0.00781250 -0.00781250 -0.33604062
v -0.00781250 -0.00787210 0.33593750
v -0.00781250 -0.00784683 0.34375000
v -0.00788838 -0.00781250 0.35156250
v -0.00781250 -0.00784081 0.35156250
v -0.00785154 -0.00781250 0.35937500
v -0.00781250 -0.00783682 0.35937500
v -0.00783783 -0.00781250 0.36718750
v -0.00781250 -0.00783151 0.36718750
v -0.00781250 -0.00781250 0.36729991
v -0.00781250 -0.00775558 -0.33593750
v -0.00781250 -0.00690359 -0.32812500
v -0.00825977 0.00000000 -0.32031250
v -0.00781250 0.00000000 -0.32122141
v -0.00781250 -0.00011235 0.37500000
v -0.00786501 0.00000000 0.38281250
v -0.00781250 -0.00002873 0.38281250
v -0.00781250 0.00000000 0.38288128
v -0.00781250 0.00011408 -0.32031250
v -0.00781250 0.00128162 -0.31250000
v -0.00979078 0.00781250 -0.30468750
v -0.00781250 0.00781250 -0.30596912
v -0.00781250 0.00774372 0.39062500
v -0.00797415 0.00781250 0.39843750
v -0.00781250 0.00779355 0.39843750
v -0.00781250 0.00781250 0.39852452
v -0.00781250 0.00793862 -0.30468750
v -0.00781250 0.00913417 -0.29687500
v -0.00781250 0.01562500 -0.29038417
v -0.00781250 0.01553798 0.40625000
v -0.00781250 0.01562500 0.40631604
v -0.00781250 0.01570630 -0.28906250
v -0.00781250 0.01673996 -0.28125000
v -0.00781250 0.02343750 -0.27455246
v -0.00951260 0.02343750 0.40625000
v -0.00781250 0.02343750 0.40629148
v -0.00781250 0.02347398 -0.27343750
v -0.00781250 0.02356374 -0.26562500
v -0.00781250 0.03125000 -0.25793880
v -0.00788569 0.03125000 0.40625000
v -0.00781250 0.03125000 0.40629792
v -0.00781250 0.03127146 -0.25781250
v -0.00781250 0.03128719 -0.25000000
v -0.00781250 0.03162730 -0.24218750
v -0.00781250 0.03906250 -0.23475230
v -0.00785756 0.03906250 0.40625000
v -0.00781250 0.03906250 0.40628684
v -0.00781250 0.03908491 -0.23437500
v -0.00781250 0.03909719 -0.22656250
v -0.00781250 0.03914821 -0.21875000
v -0.00781250 0.04687500 -0.21101058
v -0.00884670 0.04687500 0.37500000
v -0.00798631 0.04687500 0.38281250
v -0.00790220 0.04687500 0.39062500
v -0.00785601 0.04687500 0.39843750
v -0.00781250 0.04687500 0.39856684
v -0.00781250 0.03919184 0.40625000
v -0.00781250 0.04689205 -0.21093750
v -0.00781250 0.04690373 -0.20312500
v -0.00781250 0.04691291 -0.19531250
v -0.00781250 0.04692745 -0.18750000
v -0.00781250 0.04693460 -0.17968750
v -0.00781250 0.04693615 -0.17187500
v -0.00781250 0.04693401 -0.16406250
v -0.00781250 0.04693305 -0.15625000
v -0.00781250 0.04693747 -0.14843750
v -0.00781250 0.04694068 -0.14062500
v -0.00781250 0.04694390 -0.13281250
v -0.00781250 0.04694295 -0.12500000
v -0.00781250 0.04695201 -0.11718750
v -0.00781250 0.04696202 -0.10937500
v -0.00781250 0.04697156 -0.10156250
v -0.00781250 0.04698765 -0.09375000
v -0.00781250 0.04709017 -0.08593750
v -0.00781250 0.04707551 -0.07812500
v -0.00781250 0.04706371 -0.07031250
v -0.00781250 0.04710054 -0.06250000
v -0.00781250 0.04725444 -0.05468750
v -0.00781250 0.04792416 -0.04687500
v -0.00781250 0.04855359 -0.03906250
v -0.00781250 0.04962170 -0.03125000
v -0.00781250 0.05090976 -0.02343750
v -0.01523465 0.05468750 -0.01562500
v -0.00781250 0.05468750 -0.01957023
v -0.00781250 0.05468750 0.06285477
v -0.00781250 0.04722977 0.07031250
v -0.00781250 0.04695129 0.07812500
v -0.00781250 0.04691327 0.08593750
v -0.00781250 0.04691219 0.09375000
v -0.00781250 0.04691195 0.10156250
v -0.00781250 0.04691279 0.10937500
v -0.00781250 0.04691601 0.11718750
v -0.00781250 0.04691947 0.12500000
v -0.00781250 0.04692483 0.13281250
v -0.00781250 0.04692531 0.14062500
v -0.00781250 0.04692018 0.14843750
v -0.00781250 0.04691398 0.15625000
v -0.00781250 0.04690516 0.16406250
v -0.00781250 0.04690218 0.17187500
v -0.00781250 0.04690504 0.17968750
v -0.00781250 0.04691327 0.18750000
v -0.00781250 0.04692757 0.19531250
v -0.00781250 0.04697955 0.20312500
v -0.00781250 0.04698539 0.21093750
v -0.00781250 0.04697502 0.21875000
v -0.00781250 0.04696047 0.22656250
v -0.00781250 0.04697728 0.23437500
v -0.00784421 0.05468750 0.24218750
v -0.00781250 0.05468750 0.24208522
v -0.00784630 0.05468750 0.25000000
v -0.00784785 0.05468750 0.25781250
v -0.00785238 0.05468750 0.26562500
v -0.00785351 0.05468750 0.27343750
v -0.00786674 0.05468750 0.28125000
v -0.00793350 0.05468750 0.28906250
v -0.00799417 0.05468750 0.33593750
v -0.00787139 0.05468750 0.34375000
v -0.00784999 0.05468750 0.35156250
v -0.00784189 0.05468750 0.35937500
v -0.00783801 0.05468750 0.36718750
v -0.00781250 0.05468750 0.36748862
v -0.00781250 0.04717612 0.37500000
v -0.00781250 0.04700625 0.38281250
v -0.00781250 0.04695606 0.39062500
v -0.00781250 0.04692650 0.39843750
v -0.00781250 0.05470800 -0.01562500
v -0.00781250 0.05470896 -0.00781250
v -0.00781250 0.05471075 0.00000000
v -0.00781250 0.05471230 0.00781250
v -0.00781250 0.05471373 0.01562500
v -0.00781250 0.05471659 0.02343750
v -0.00781250 0.05471635 0.03125000
v -0.00781250 0.05471563 0.03906250
v -0.00781250 0.05471349 0.04687500
v -0.00781250 0.05471027 0.05468750
v -0.00781250 0.05470669 0.06250000
v -0.00781250 0.05472839 0.24218750
v -0.00781250 0.05478382 0.25000000
v -0.00781250 0.05493689 0.25781250
v -0.00781250 0.06250000 0.26537561
v -0.00783414 0.06250000 0.26562500
v -0.00783563 0.06250000 0.27343750
v -0.00783855 0.06250000 0.28125000
v -0.00784481 0.06250000 0.28906250
v -0.00785124 0.06250000 0.29687500
v -0.00785363 0.06250000 0.30468750
v -0.00785547 0.06250000 0.31250000
v -0.00785530 0.06250000 0.32031250
v -0.00785393 0.06250000 0.32812500
v -0.00785160 0.06250000 0.33593750
v -0.00784248 0.06250000 0.34375000
v -0.00783741 0.06250000 0.35156250
v -0.00781250 0.06250000 0.35187137
v -0.00781250 0.05499637 0.35937500
v -0.00781250 0.05479801 0.36718750
v -0.00781250 0.06259298 0.26562500
v -0.00781250 0.06274223 0.27343750
v -0.00781250 0.07031250 0.28100777
v -0.00783366 0.07031250 0.28125000
v -0.00783718 0.07031250 0.28906250
v -0.00783956 0.07031250 0.29687500
v -0.00784302 0.07031250 0.30468750
v -0.00784433 0.07031250 0.31250000
v -0.00784397 0.07031250 0.32031250
v -0.00784296 0.07031250 0.32812500
v -0.00784242 0.07031250 0.33593750
v -0.00783813 0.07031250 0.34375000
v -0.00781250 0.07031250 0.34432089
v -0.00781250 0.06307089 0.35156250
v -0.00781250 0.07055366 0.28125000
v -0.00781250 0.07812500 0.28882134
v -0.00783378 0.07812500 0.28906250
v -0.00783670 0.07812500 0.29687500
v -0.00783992 0.07812500 0.30468750
v -0.00784314 0.07812500 0.31250000
v -0.00784260 0.07812500 0.32031250
v -0.00783986 0.07812500 0.32812500
v -0.00783795 0.07812500 0.33593750
v -0.00783575 0.07812500 0.34375000
v -0.00781250 0.07812500 0.34418797
v -0.00781250 0.07834876 0.28906250
v -0.00781250 0.08593750 0.29665124
v -0.00783372 0.08593750 0.29687500
v -0.00783730 0.08593750 0.30468750
v -0.00784218 0.08593750 0.31250000
v -0.00784206 0.08593750 0.32031250
v -0.00783986 0.08593750 0.32812500
v -0.00783730 0.08593750 0.33593750
v -0.00783491 0.08593750 0.34375000
v -0.00781250 0.08593750 0.34506202
v -0.00781250 0.08626723 0.29687500
v -0.00781250 0.09375000 0.30435777
v -0.00783485 0.09375000 0.30468750
v -0.00783902 0.09375000 0.31250000
v -0.00784004 0.09375000 0.32031250
v -0.00784028 0.09375000 0.32812500
v -0.00783724 0.09375000 0.33593750
v -0.00783515 0.09375000 0.34375000
v -0.00781250 0.09243798 0.35156250
v -0.00783348 0.09375000 0.35156250
v -0.00781250 0.09375000 0.35187519
v -0.00781250 0.09424174 0.30468750
v -0.00781250 0.10156250 0.31200826
v -0.00783616 0.10156250 0.31250000
v -0.00783789 0.10156250 0.32031250
v -0.00783801 0.10156250 0.32812500
v -0.00783747 0.10156250 0.33593750
v -0.00783455 0.10156250 0.34375000
v -0.00781250 0.10156250 0.34403133
v -0.00781250 0.09403133 0.35156250
v -0.00781250 0.10172093 0.31250000
v -0.00781250 0.10248876 0.32031250
v -0.00781250 0.10345864 0.32812500
v -0.00781250 0.10937500 0.33404136
v -0.00783396 0.10937500 0.33593750
v -0.00781250 0.10937500 0.33635569
v -0.00781250 0.10198069 0.34375000
v -0.00781250 0.10950875 0.33593750
v -0.00681835 -0.10937500 0.01562500
v -0.00061619 -0.10937500 0.02343750
v 0.00000000 -0.10217649 0.00781250
v 0.00000000 -0.10156250 0.00745046
v 0.00000000 -0.10286218 0.01562500
v 0.00000000 -0.10875881 0.02343750
v 0.00000000 -0.10156250 0.02353907
v 0.00000000 -0.09378928 -0.25000000
v 0.00000000 -0.09375000 -0.25052381
v 0.00000000 -0.09388435 -0.24218750
v 0.00000000 -0.09470022 -0.23437500
v 0.00000000 -0.09428042 -0.22656250
v 0.00000000 -0.09375000 -0.22205335
v 0.00000000 -0.09411204 0.00000000
v 0.00000000 -0.09375000 -0.00008482
v 0.00000000 -0.09385157 0.03125000
v 0.00000000 -0.09375000 0.03127122
v 0.00000000 -0.08596200 -0.26562500
v 0.00000000 -0.08593750 -0.26566869
v 0.00000000 -0.08646131 -0.25781250
v 0.00000000 -0.09044665 -0.21875000
v 0.00000000 -0.08615422 -0.21093750
v 0.00000000 -0.08593750 -0.21046209
v -0.00061053 -0.08593750 -0.00781250
v 0.00000000 -0.08593750 -0.00720197
v 0.00000000 -0.08593750 0.03130937
v 0.00000000 -0.07816869 -0.27343750
v 0.00000000 -0.07812500 -0.27348936
v 0.00000000 -0.07860041 -0.20312500
v -0.00048262 -0.07812500 -0.20312500
v 0.00000000 -0.07812500 -0.20291132
v 0.00000000 -0.08532697 -0.00781250
v 0.00000000 -0.07812500 -0.00784773
v -0.00474644 -0.07812500 0.03906250
v 0.00000000 -0.07812500 0.03431606
v 0.00000000 -0.07036436 -0.28125000
v 0.00000000 -0.07031250 -0.28130054
v 0.00000000 -0.07031250 -0.19947243
v 0.00000000 -0.07031250 -0.00792700
v 0.00000000 -0.07337856 0.03906250
v 0.00000000 -0.07031250 0.03918552
v 0.00000000 -0.06255054 -0.28906250
v 0.00000000 -0.06250000 -0.28911394
v 0.00000000 -0.06615257 -0.19531250
v 0.00000000 -0.06270468 -0.18750000
v 0.00000000 -0.06250000 -0.18710870
v -0.00712210 -0.06250000 -0.02343750
v 0.00000000 -0.06250000 -0.01631540
v 0.00000000 -0.06261450 -0.01562500
v 0.00000000 -0.06262302 0.04687500
v 0.00000000 -0.06250000 0.04733384
v 0.00000000 -0.05473894 -0.29687500
v 0.00000000 -0.05468750 -0.29696304
v 0.00000000 -0.05507880 -0.17968750
v 0.00000000 -0.05468750 -0.17925084
v 0.00000000 -0.05471647 -0.03906250
v 0.00000000 -0.05468750 -0.03974134
v 0.00000000 -0.05474269 -0.03125000
v 0.00000000 -0.05537790 -0.02343750
v 0.00000000 -0.05514634 0.05468750
v 0.00000000 -0.05471879 0.06250000
v 0.00000000 -0.05468750 0.06556368
v 0.00000000 -0.04690617 -0.31250000
v 0.00000000 -0.04687500 -0.31256789
v 0.00000000 -0.04696304 -0.30468750
v 0.00000000 -0.04731166 -0.17187500
v 0.00000000 -0.04696786 -0.16406250
v 0.00000000 -0.04692328 -0.15625000
v 0.00000000 -0.04690826 -0.14843750
v 0.00000000 -0.04688734 -0.14062500
v 0.00000000 -0.04687500 -0.14010143
v 0.00000000 -0.04689825 -0.11718750
v 0.00000000 -0.04687500 -0.11744988
v 0.00000000 -0.04690051 -0.10937500
v 0.00000000 -0.04690391 -0.10156250
v 0.00000000 -0.04690981 -0.09375000
v 0.00000000 -0.04692459 -0.08593750
v 0.00000000 -0.04701495 -0.07812500
v 0.00000000 -0.04704642 -0.07031250
v 0.00000000 -0.04718512 -0.06250000
v 0.00000000 -0.04717505 -0.05468750
v 0.00000000 -0.04755384 -0.04687500
v 0.00000000 -0.04993868 0.07031250
v 0.00000000 -0.04698092 0.07812500
v 0.00000000 -0.04693145 0.08593750
v 0.00000000 -0.04690373 0.09375000
v 0.00000000 -0.04689777 0.10156250
v 0.00000000 -0.04687500 0.10284555
v 0.00000000 -0.03913039 -0.32031250
v 0.00000000 -0.03906250 -0.32061976
v 0.00000000 -0.04002571 -0.13281250
v 0.00000000 -0.03932488 -0.12500000
v 0.00000000 -0.04034555 0.10937500
v 0.00000000 -0.03944790 0.11718750
v 0.00000000 -0.03955752 0.12500000
v 0.00000000 -0.03941965 0.13281250
v 0.00000000 -0.03921080 0.14062500
v 0.00000000 -0.03916568 0.14843750
v 0.00000000 -0.03914219 0.15625000
v 0.00000000 -0.03913021 0.16406250
v 0.00000000 -0.03911620 0.17187500
v 0.00000000 -0.03910446 0.17968750
v 0.00000000 -0.03909689 0.18750000
v 0.00000000 -0.03909403 0.19531250
v 0.00000000 -0.03909260 0.20312500
v 0.00000000 -0.03906250 0.20933497
v 0.00000000 -0.03128916 -0.33593750
v 0.00000000 -0.03125000 -0.33598387
v 0.00000000 -0.03155726 -0.32812500
v 0.00000000 -0.03745991 0.21093750
v 0.00000000 -0.03247106 0.21875000
v 0.00000000 -0.03202391 0.22656250
v 0.00000000 -0.03188181 0.23437500
v 0.00000000 -0.03158820 0.24218750
v 0.00000000 -0.03134364 0.25000000
v 0.00000000 -0.03129768 0.25781250
v 0.00000000 -0.03128070 0.26562500
v -0.00010830 -0.03125000 0.27343750
v 0.00000000 -0.03127265 0.27343750
v 0.00000000 -0.03125000 0.27366996
v 0.00000000 -0.02348387 -0.34375000
v 0.00000000 -0.02343750 -0.34383303
v 0.00000000 -0.02367002 0.28125000
v 0.00000000 -0.02349997 0.28906250
v 0.00000000 -0.02347827 0.29687500
v -0.00011611 -0.02343750 0.30468750
v 0.00000000 -0.02347010 0.30468750
v -0.00001585 -0.02343750 0.31250000
v 0.00000000 -0.02344579 0.31250000
v 0.00000000 -0.02343750 0.31252372
v 0.00000000 -0.01562500 -0.34387356
v 0.00000000 -0.01568007 0.32031250
v 0.00000000 -0.01564831 0.32812500
v -0.00005960 -0.01562500 0.33593750
v 0.00000000 -0.01564139 0.33593750
v 0.00000000 -0.01562500 0.33610976
v 0.00000000 -0.01556814 -0.34375000
v 0.00000000 -0.01184988 -0.33593750
v -0.00403738 -0.00781250 -0.33593750
v 0.00000000 -0.00781250 -0.33190012
v 0.00000000 -0.00798476 0.34375000
v 0.00000000 -0.00787640 0.35156250
v 0.00000000 -0.00785255 0.35937500
v 0.00000000 -0.00783974 0.36718750
v -0.00011235 -0.00781250 0.37500000
v 0.00000000 -0.00783008 0.37500000
v 0.00000000 -0.00781250 0.37504911
v 0.00000000 -0.00732148 -0.32812500
v 0.00000000 0.00000000 -0.32080352
v 0.00000000 -0.00004905 0.38281250
v 0.00000000 0.00000000 0.38307154
v 0.00000000 0.00007379 -0.32031250
v 0.00000000 0.00099540 -0.31250000
v 0.00000000 0.00781250 -0.30568290
v 0.00000000 0.00755346 0.39062500
v 0.00000000 0.00778556 0.39843750
v 0.00000000 0.00781250 0.39850271
v 0.00000000 0.00793123 -0.30468750
v 0.00000000 0.00966990 -0.29687500
v 0.00000000 0.01562500 -0.29091990
v 0.00000000 0.01555979 0.40625000
v 0.00000000 0.01562500 0.40629733
v 0.00000000 0.01572609 -0.28906250
v 0.00000000 0.01715279 -0.28125000
v 0.00000000 0.02343750 -0.27496529
v 0.00000000 0.02343750 0.40628588
v 0.00000000 0.02347612 -0.27343750
v 0.00000000 0.02360046 -0.26562500
v 0.00000000 0.03125000 -0.25797540
v 0.00000000 0.03125000 0.40628994
v 0.00000000 0.03127205 -0.25781250
v 0.00000000 0.03128910 -0.25000000
v 0.00000000 0.03188407 -0.24218750
v 0.00000000 0.03906250 -0.23500901
v 0.00000000 0.03906250 0.40628803
v 0.00000000 0.03908515 -0.23437500
v 0.00000000 0.03909755 -0.22656250
v 0.00000000 0.03914893 -0.21875000
v 0.00000000 0.04687500 -0.21093827
v 0.00000000 0.04687500 0.39890623
v 0.00000000 0.03953123 0.40625000
v 0.00000000 0.04687524 -0.21093750
v 0.00000000 0.04690385 -0.20312500
v 0.00000000 0.04691362 -0.19531250
v 0.00000000 0.04692841 -0.18750000
v 0.00000000 0.04693615 -0.17968750
v 0.00000000 0.04693782 -0.17187500
v 0.00000000 0.04693592 -0.16406250
v 0.00000000 0.04693484 -0.15625000
v 0.00000000 0.04693842 -0.14843750
v 0.00000000 0.04694068 -0.14062500
v 0.00000000 0.04694390 -0.13281250
v 0.00000000 0.04694271 -0.12500000
v 0.00000000 0.04695225 -0.11718750
v 0.00000000 0.04696286 -0.10937500
v 0.00000000 0.04697526 -0.10156250
v 0.00000000 0.04700124 -0.09375000
v 0.00000000 0.04715621 -0.08593750
v 0.00000000 0.04713535 -0.07812500
v 0.00000000 0.04710567 -0.07031250
v 0.00000000 0.04716849 -0.06250000
v 0.00000000 0.04749775 -0.05468750
v 0.00000000 0.04853761 -0.04687500
v 0.00000000 0.04924345 -0.03906250
v 0.00000000 0.05406356 -0.03125000
v -0.00403029 0.05468750 -0.02343750
v 0.00000000 0.05468750 -0.03062469
v 0.00000000 0.05468750 0.06289303
v 0.00000000 0.04726803 0.07031250
v 0.00000000 0.04694867 0.07812500
v 0.00000000 0.04691279 0.08593750
v 0.00000000 0.04691172 0.09375000
v 0.00000000 0.04691148 0.10156250
v 0.00000000 0.04691231 0.10937500
v 0.00000000 0.04691553 0.11718750
v 0.00000000 0.04691911 0.12500000
v 0.00000000 0.04692388 0.13281250
v 0.00000000 0.04692388 0.14062500
v 0.00000000 0.04691887 0.14843750
v 0.00000000 0.04691243 0.15625000
v 0.00000000 0.04690421 0.16406250
v 0.00000000 0.04690146 0.17187500
v 0.00000000 0.04690349 0.17968750
v 0.00000000 0.04691076 0.18750000
v 0.00000000 0.04692185 0.19531250
v 0.00000000 0.04695833 0.20312500
v 0.00000000 0.04700708 0.21093750
v 0.00000000 0.04705393 0.21875000
v 0.00000000 0.04717600 0.22656250
v -0.00010222 0.05468750 0.23437500
v 0.00000000 0.05468750 0.23407400
v -0.00030106 0.05468750 0.37500000
v 0.00000000 0.05468750 0.37702417
v 0.00000000 0.04889917 0.38281250
v 0.00000000 0.04702067 0.39062500
v 0.00000000 0.04694104 0.39843750
v 0.00000000 0.05470955 -0.02343750
v 0.00000000 0.05470908 -0.01562500
v 0.00000000 0.05470920 -0.00781250
v 0.00000000 0.05471063 0.00000000
v 0.00000000 0.05471230 0.00781250
v 0.00000000 0.05471349 0.01562500
v 0.00000000 0.05471635 0.02343750
v 0.00000000 0.05471659 0.03125000
v 0.00000000 0.05471587 0.03906250
v 0.00000000 0.05471373 0.04687500
v 0.00000000 0.05471039 0.05468750
v 0.00000000 0.05470669 0.06250000
v 0.00000000 0.05474150 0.23437500
v 0.00000000 0.05497897 0.24218750
v -0.00009632 0.06250000 0.25000000
v 0.00000000 0.06250000 0.24970853
v -0.00024939 0.06250000 0.25781250
v -0.00030887 0.06250000 0.35937500
v -0.00011045 0.06250000 0.36718750
v -0.00007218 0.06250000 0.37500000
v 0.00000000 0.06250000 0.37515354
v 0.00000000 0.06274056 0.25000000
v 0.00000000 0.07031250 0.25757194
v -0.00005811 0.07031250 0.25781250
v -0.00009292 0.07031250 0.26562500
v -0.00024223 0.07031250 0.27343750
v -0.00057089 0.07031250 0.35156250
v -0.00010741 0.07031250 0.35937500
v -0.00006002 0.07031250 0.36718750
v 0.00000000 0.07031250 0.36811435
v 0.00000000 0.06342685 0.37500000
v 0.00000000 0.07364559 0.25781250
v 0.00000000 0.07812500 0.26229191
v -0.00004905 0.07812500 0.26562500
v -0.00007153 0.07812500 0.27343750
v -0.00024122 0.07812500 0.28125000
v -0.00043792 0.07812500 0.35156250
v -0.00009233 0.07812500 0.35937500
v -0.00005198 0.07812500 0.36718750
v 0.00000000 0.07812500 0.36859190
v -0.00003040 0.08593750 0.26562500
v 0.00000000 0.08593750 0.26556838
v -0.00004494 0.08593750 0.27343750
v -0.00007898 0.08593750 0.28125000
v -0.00022376 0.08593750 0.28906250
v -0.00131208 0.08593750 0.35156250
v -0.00012696 0.08593750 0.35937500
v -0.00006300 0.08593750 0.36718750
v 0.00000000 0.08453310 0.37500000
v -0.00004274 0.08593750 0.37500000
v 0.00000000 0.08593750 0.37508821
v 0.00000000 0.08599305 0.26562500
v 0.00000000 0.09268641 0.27343750
v 0.00000000 0.09375000 0.27450109
v -0.00004315 0.09375000 0.28125000
v -0.00008339 0.09375000 0.28906250
v -0.00032979 0.09375000 0.29687500
v -0.00031269 0.09375000 0.35937500
v -0.00009543 0.09375000 0.36718750
v -0.00005060 0.09375000 0.37500000
v 0.00000000 0.09375000 0.37513113
v 0.00000000 0.09386849 0.28125000
v 0.00000000 0.10156250 0.28894401
v -0.00004184 0.10156250 0.28906250
v -0.00009745 0.10156250 0.29687500
v -0.00049174 0.10156250 0.30468750
v -0.00028133 0.10156250 0.35156250
v -0.00010884 0.10156250 0.35937500
v -0.00006688 0.10156250 0.36718750
v -0.00004303 0.10156250 0.37500000
v 0.00000000 0.10156250 0.37511289
v 0.00000000 0.10162139 0.28906250
v 0.00000000 0.10937500 0.29681611
v -0.00003481 0.10937500 0.29687500
v -0.00007021 0.10937500 0.30468750
v -0.00015843 0.10937500 0.31250000
v -0.00092632 0.10937500 0.32031250
v -0.00189614 0.10937500 0.32812500
v -0.00041819 0.10937500 0.34375000
v -0.00013721 0.10937500 0.35156250
v -0.00008142 0.10937500 0.35937500
v -0.00005448 0.10937500 0.36718750
v -0.00004166 0.10937500 0.37500000
v 0.00000000 0.10926211 0.38281250
v -0.00003713 0.10937500 0.38281250
v 0.00000000 0.10937500 0.38292801
v 0.00000000 0.10944557 0.29687500
v 0.00000000 0.11718750 0.30461693
v -0.00004095 0.11718750 0.30468750
v -0.00007850 0.11718750 0.31250000
v -0.00012231 0.11718750 0.32031250
v -0.00012487 0.11718750 0.32812500
v -0.00013375 0.11718750 0.33593750
v -0.00014448 0.11718750 0.34375000
v -0.00008696 0.11718750 0.35156250
v -0.00006181 0.11718750 0.35937500
v -0.00004786 0.11718750 0.36718750
v -0.00004005 0.11718750 0.37500000
v -0.00003737 0.11718750 0.38281250
v 0.00000000 0.11718750 0.38481879
v 0.00000000 0.11743975 0.30468750
v 0.00000000 0.12500000 0.31224775
v -0.00005609 0.12500000 0.31250000
v -0.00011384 0.12500000 0.32031250
v -0.00010496 0.12500000 0.32812500
v -0.00010270 0.12500000 0.33593750
v -0.00009429 0.12500000 0.34375000
v -0.00007528 0.12500000 0.35156250
v -0.00005615 0.12500000 0.35937500
v -0.00004476 0.12500000 0.36718750
v -0.00004274 0.12500000 0.37500000
v -0.00004023 0.12500000 0.38281250
v 0.00000000 0.12299371 0.39062500
v -0.00003707 0.12500000 0.39062500
v -0.00003630 0.12500000 0.39843750
v 0.00000000 0.12486494 0.39843750
v 0.00000000 0.12500000 0.39885354
v -0.00004905 0.13281250 0.31250000
v 0.00000000 0.13281250 0.31242156
v -0.00014466 0.13281250 0.32031250
v -0.00012767 0.13281250 0.32812500
v -0.00011432 0.13281250 0.33593750
v -0.00010246 0.13281250 0.34375000
v -0.00009358 0.13281250 0.35156250
v -0.00006551 0.13281250 0.35937500
v -0.00004959 0.13281250 0.36718750
v -0.00004345 0.13281250 0.37500000
v -0.00004083 0.13281250 0.38281250
v -0.00003904 0.13281250 0.39062500
v -0.00003910 0.13281250 0.39843750
v 0.00000000 0.13239646 0.40625000
v -0.00003916 0.13281250 0.40625000
v 0.00000000 0.13281250 0.40652812
v -0.00003952 0.14062500 0.31250000
v 0.00000000 0.14062500 0.31244826
v -0.00013167 0.14062500 0.32031250
v -0.00016993 0.14062500 0.32812500
v -0.00016081 0.14062500 0.33593750
v -0.00014317 0.14062500 0.34375000
v -0.00012147 0.14062500 0.35156250
v -0.00009525 0.14062500 0.35937500
v -0.00007188 0.14062500 0.36718750
v -0.00005573 0.14062500 0.37500000
v -0.00004965 0.14062500 0.38281250
v -0.00004780 0.14062500 0.39062500
v -0.00004619 0.14062500 0.39843750
v -0.00003982 0.14062500 0.40625000
v 0.00000000 0.14062500 0.40636706
v 0.00000000 0.14175069 0.31250000
v 0.00000000 0.14843750 0.31918681
v -0.00008070 0.14843750 0.32031250
v -0.00019068 0.14843750 0.32812500
v -0.00018954 0.14843750 0.33593750
v -0.00017303 0.14843750 0.34375000
v -0.00014329 0.14843750 0.35156250
v -0.00011981 0.14843750 0.35937500
v -0.00008774 0.14843750 0.36718750
v -0.00006312 0.14843750 0.37500000
v -0.00005019 0.14843750 0.38281250
v -0.00004596 0.14843750 0.39062500
v -0.00004411 0.14843750 0.39843750
v 0.00000000 0.14843750 0.39956415
v 0.00000000 0.14175165 0.40625000
v -0.00005668 0.15625000 0.32031250
v 0.00000000 0.15625000 0.32024944
v -0.00013602 0.15625000 0.32812500
v -0.00022995 0.15625000 0.33593750
v -0.00022280 0.15625000 0.34375000
v -0.00017959 0.15625000 0.35156250
v -0.00014305 0.15625000 0.35937500
v -0.00010765 0.15625000 0.36718750
v -0.00007480 0.15625000 0.37500000
v -0.00005180 0.15625000 0.38281250
v -0.00004697 0.15625000 0.39062500
v -0.00004339 0.15625000 0.39843750
v 0.00000000 0.15625000 0.39874077
v 0.00000000 0.15710211 0.32031250
v 0.00000000 0.16406250 0.32727289
v -0.00009626 0.16406250 0.32812500
v -0.00023645 0.16406250 0.33593750
v -0.00031435 0.16406250 0.34375000
v -0.00022161 0.16406250 0.35156250
v -0.00016332 0.16406250 0.35937500
v -0.00012946 0.16406250 0.36718750
v -0.00008833 0.16406250 0.37500000
v -0.00005680 0.16406250 0.38281250
v -0.00004584 0.16406250 0.39062500
v -0.00004280 0.16406250 0.39843750
v 0.00000000 0.16406250 0.39862382
v -0.00005567 0.17187500 0.32812500
v 0.00000000 0.17187500 0.32800448
v -0.00011933 0.17187500 0.33593750
v -0.00044131 0.17187500 0.34375000
v -0.00026381 0.17187500 0.35156250
v -0.00018245 0.17187500 0.35937500
v -0.00014257 0.17187500 0.36718750
v -0.00010389 0.17187500 0.37500000
v -0.00006187 0.17187500 0.38281250
v -0.00004506 0.17187500 0.39062500
v -0.00004178 0.17187500 0.39843750
v 0.00000000 0.17187500 0.39856946
v 0.00000000 0.17282951 0.32812500
v 0.00000000 0.17968750 0.33498299
v -0.00006306 0.17968750 0.33593750
v -0.00013202 0.17968750 0.34375000
v -0.00032371 0.17968750 0.35156250
v -0.00020945 0.17968750 0.35937500
v -0.00015086 0.17968750 0.36718750
v -0.00012034 0.17968750 0.37500000
v -0.00006580 0.17968750 0.38281250
v -0.00004691 0.17968750 0.39062500
v -0.00003904 0.17968750 0.39843750
v 0.00000000 0.17968750 0.39853728
v -0.00003582 0.18750000 0.33593750
v 0.00000000 0.18750000 0.33578598
v -0.00006145 0.18750000 0.34375000
v -0.00010514 0.18750000 0.35156250
v -0.00017208 0.18750000 0.35937500
v -0.00014704 0.18750000 0.36718750
v -0.00011104 0.18750000 0.37500000
v -0.00006855 0.18750000 0.38281250
v -0.00004804 0.18750000 0.39062500
v -0.00003648 0.18750000 0.39843750
v 0.00000000 0.18750000 0.39852750
v 0.00000000 0.18819463 0.33593750
v 0.00000000 0.19531250 0.34305537
v -0.00003630 0.19531250 0.34375000
v -0.00005698 0.19531250 0.35156250
v -0.00008518 0.19531250 0.35937500
v -0.00010318 0.19531250 0.36718750
v -0.00010014 0.19531250 0.37500000
v -0.00007254 0.19531250 0.38281250
v -0.00004739 0.19531250 0.39062500
v -0.00003463 0.19531250 0.39843750
v 0.00000000 0.19531250 0.39852524
v 0.00000000 0.19681704 0.34375000
v 0.00000000 0.20312500 0.35005796
v -0.00003290 0.20312500 0.35156250
v -0.00004858 0.20312500 0.35937500
v -0.00006634 0.20312500 0.36718750
v -0.00007111 0.20312500 0.37500000
v -0.00006264 0.20312500 0.38281250
v -0.00004423 0.20312500 0.39062500
v -0.00003356 0.20312500 0.39843750
v 0.00000000 0.20312500 0.39852095
v 0.00000000 0.20518792 0.35156250
v 0.00000000 0.21093750 0.35731208
v -0.00002956 0.21093750 0.35937500
v -0.00004137 0.21093750 0.36718750
v -0.00005561 0.21093750 0.37500000
v -0.00005072 0.21093750 0.38281250
v -0.00003868 0.21093750 0.39062500
v 0.00000000 0.21093750 0.39258254
v 0.00000000 0.20508254 0.39843750
v 0.00000000 0.21148217 0.35937500
v 0.00000000 0.21875000 0.36664283
v -0.00002658 0.21875000 0.36718750
v -0.00003457 0.21875000 0.37500000
v -0.00003862 0.21875000 0.38281250
v -0.00003159 0.21875000 0.39062500
v 0.00000000 0.21875000 0.39081573
v 0.00000000 0.21886003 0.36718750
v 0.00000000 0.22656250 0.37488997
v -0.00002241 0.22656250 0.37500000
v -0.00002766 0.22656250 0.38281250
v -0.00002575 0.22656250 0.39062500
v 0.00000000 0.22656250 0.39071453
v 0.00000000 0.22662151 0.37500000
v 0.00000000 0.22671247 0.38281250
v 0.00000000 0.22678936 0.39062500
v 0.00781250 -0.10196763 0.00781250
v 0.00781250 -0.10156250 0.00756395
v 0.00781250 -0.10222828 0.01562500
v 0.00781250 -0.10286236 0.02343750
v 0.00781250 -0.10156250 0.02347326
v 0.00002933 -0.09375000 -0.25000000
v 0.00004840 -0.09375000 -0.24218750
v 0.00005591 -0.09375000 -0.23437500
v 0.00004554 -0.09375000 -0.22656250
v 0.00414598 -0.09375000 0.00000000
v 0.00781250 -0.09375000 0.00366652
v 0.00781250 -0.09378576 0.03125000
v 0.00781250 -0.09375000 0.03126407
v 0.00003433 -0.08593750 -0.26562500
v 0.00011361 -0.08593750 -0.25781250
v 0.00781250 -0.08593750 -0.25011361
v 0.00781250 -0.08596683 -0.25000000
v 0.00781250 -0.08598590 -0.24218750
v 0.00781250 -0.08599341 -0.23437500
v 0.00781250 -0.08598298 -0.22656250
v 0.00017881 -0.08593750 -0.21875000
v 0.00781250 -0.08593750 -0.22638369
v 0.00007164 -0.08593750 -0.21093750
v 0.00781250 -0.09008354 0.00000000
v 0.00781250 -0.08593750 -0.00132078
v 0.00781250 -0.08593750 0.03127730
v 0.00004256 -0.07812500 -0.27343750
v 0.00781250 -0.07812500 -0.26566756
v 0.00781250 -0.07815933 -0.26562500
v 0.00781250 -0.07823861 -0.25781250
v 0.00781250 -0.07830381 -0.21875000
v 0.00621057 -0.07812500 -0.21093750
v 0.00781250 -0.07812500 -0.21253949
v 0.00008559 -0.07812500 -0.20312500
v 0.00781250 -0.07944578 -0.00781250
v 0.00781250 -0.07812500 -0.00784749
v 0.00781250 -0.07812500 0.03159761
v 0.00004780 -0.07031250 -0.28125000
v 0.00781250 -0.07031250 -0.27348530
v 0.00781250 -0.07035506 -0.27343750
v 0.00781250 -0.07652301 -0.21093750
v 0.00781250 -0.07039809 -0.20312500
v 0.00781250 -0.07031250 -0.20302427
v 0.00781250 -0.07031250 -0.00793356
v 0.00781250 -0.07066011 0.03906250
v 0.00781250 -0.07031250 0.03909707
v 0.00006747 -0.06250000 -0.28906250
v 0.00781250 -0.06250000 -0.28131747
v 0.00781250 -0.06254780 -0.28125000
v 0.00781250 -0.06260073 -0.19531250
v 0.00064337 -0.06250000 -0.18750000
v 0.00781250 -0.06250000 -0.19466907
v 0.00781250 -0.06262106 -0.01562500
v 0.00781250 -0.06250000 -0.01620120
v 0.00781250 -0.06253457 0.04687500
v 0.00781250 -0.06250000 0.04692245
v 0.00007987 -0.05468750 -0.29687500
v 0.00781250 -0.05468750 -0.28914237
v 0.00781250 -0.05475497 -0.28906250
v 0.00781250 -0.05533093 -0.18750000
v 0.00781250 -0.05474842 -0.17968750
v 0.00781250 -0.05468750 -0.17953169
v 0.00781250 -0.05471641 -0.03906250
v 0.00781250 -0.05468750 -0.04026777
v 0.00781250 -0.05474538 -0.03125000
v 0.00781250 -0.05526370 -0.02343750
v 0.00781250 -0.05473500 0.05468750
v 0.00781250 -0.05470508 0.06250000
v 0.00781250 -0.05468750 0.06254697
v 0.00005817 -0.04687500 -0.31250000
v 0.00781250 -0.04687500 -0.30474561
v 0.00781250 -0.04689831 -0.30468750
v 0.00781250 -0.04695487 -0.29687500
v 0.00781250 -0.04703081 -0.17187500
v 0.00781250 -0.04692233 -0.16406250
v 0.00781250 -0.04690474 -0.15625000
v 0.00781250 -0.04689699 -0.14843750
v 0.00781250 -0.04688931 -0.14062500
v 0.00781250 -0.04687500 -0.13850766
v 0.00781250 -0.04689258 -0.11718750
v 0.00781250 -0.04687500 -0.11769331
v 0.00781250 -0.04689437 -0.10937500
v 0.00781250 -0.04689777 -0.10156250
v 0.00781250 -0.04690510 -0.09375000
v 0.00781250 -0.04692471 -0.08593750
v 0.00781250 -0.04707748 -0.07812500
v 0.00781250 -0.04750204 -0.07031250
v 0.00781250 -0.04732955 -0.06250000
v 0.00781250 -0.04723817 -0.05468750
v 0.00781250 -0.04808027 -0.04687500
v 0.00781250 -0.04692191 0.07031250
v 0.00781250 -0.04691035 0.07812500
v 0.00781250 -0.04690158 0.08593750
v 0.00781250 -0.04689419 0.09375000
v 0.00781250 -0.04689306 0.10156250
v 0.00781250 -0.04687500 0.10165358
v 0.00051558 -0.03906250 -0.32031250
v 0.00781250 -0.03906250 -0.31301552
v 0.00781250 -0.03912061 -0.31250000
v 0.00781250 -0.04142171 -0.13281250
v 0.00781250 -0.03956831 -0.12500000
v 0.00781250 -0.03915358 0.10937500
v 0.00781250 -0.03913605 0.11718750
v 0.00781250 -0.03914511 0.12500000
v 0.00781250 -0.03913349 0.13281250
v 0.00781250 -0.03911078 0.14062500
v 0.00781250 -0.03910124 0.14843750
v 0.00781250 -0.03909522 0.15625000
v 0.00781250 -0.03909218 0.16406250
v 0.00781250 -0.03908843 0.17187500
v 0.00781250 -0.03908545 0.17968750
v 0.00781250 -0.03908288 0.18750000
v 0.00781250 -0.03908193 0.19531250
v 0.00780272 -0.03906250 0.20312500
v 0.00781250 -0.03906250 0.20311522
v 0.00006998 -0.03125000 -0.33593750
v 0.00102997 -0.03125000 -0.32812500
v 0.00781250 -0.03125000 -0.32134253
v 0.00781250 -0.03176552 -0.32031250
v 0.00781250 -0.03905267 0.20312500
v 0.00781250 -0.03180367 0.21093750
v 0.00781250 -0.03143436 0.21875000
v 0.00781250 -0.03136319 0.22656250
v 0.00781250 -0.03132707 0.23437500
v 0.00781250 -0.03129584 0.24218750
v 0.00781250 -0.03128231 0.25000000
v 0.00781250 -0.03127432 0.25781250
v 0.00016558 -0.03125000 0.26562500
v 0.00781250 -0.03125000 0.25797808
v 0.00007284 -0.03125000 0.27343750
v 0.00006413 -0.02343750 -0.34375000
v 0.00034285 -0.02343750 -0.33593750
v 0.00781250 -0.02343750 -0.32846785
v 0.00781250 -0.02446753 -0.32812500
v 0.00781250 -0.02360302 0.26562500
v 0.00781250 -0.02351028 0.27343750
v 0.00781250 -0.02347779 0.28125000
v 0.00781250 -0.02346379 0.28906250
v 0.00781250 -0.02345806 0.29687500
v 0.00007975 -0.02343750 0.30468750
v 0.00781250 -0.02343750 0.29695475
v 0.00001371 -0.02343750 0.31250000
v 0.00006962 -0.01562500 -0.34375000
v 0.00046432 -0.01562500 -0.33593750
v 0.00781250 -0.01562500 -0.32858932
v 0.00781250 -0.01570481 0.30468750
v 0.00781250 -0.01565683 0.31250000
v 0.00781250 -0.01564437 0.32031250
v 0.00018942 -0.01562500 0.32812500
v 0.00781250 -0.01562500 0.32050192
v 0.00003290 -0.01562500 0.33593750
v 0.00781250 -0.00781250 -0.32818830
v 0.00781250 -0.00800192 0.32812500
v 0.00781250 -0.00784546 0.33593750
v 0.00781250 -0.00783336 0.34375000
v 0.00781250 -0.00782949 0.35156250
v 0.00007606 -0.00781250 0.35937500
v 0.00781250 -0.00781250 0.35163856
v 0.00003624 -0.00781250 0.36718750
v 0.00002563 -0.00781250 0.37500000
v 0.00781250 -0.00776756 -0.32812500
v 0.00781250 -0.00761867 -0.32031250
v 0.00019383 0.00000000 -0.32031250
v 0.00781250 0.00000000 -0.31269383
v 0.00781250 -0.00007606 0.35937500
v 0.00781250 -0.00003624 0.36718750
v 0.00781250 -0.00002569 0.37500000
v 0.00008869 0.00000000 0.38281250
v 0.00781250 0.00000000 0.37508869
v 0.00781250 0.00006270 -0.31250000
v 0.00781250 0.00434518 -0.30468750
v 0.00434518 0.00781250 -0.30468750
v 0.00781250 0.00781250 -0.30122018
v 0.00781250 0.00772381 0.38281250
v 0.00781250 0.00779164 0.39062500
v 0.00022507 0.00781250 0.39843750
v 0.00781250 0.00781250 0.39085007
v 0.00781250 0.00790000 -0.29687500
v 0.00781250 0.01562500 -0.28915000
v 0.00781250 0.01539993 0.39843750
v 0.00015903 0.01562500 0.40625000
v 0.00781250 0.01562500 0.39859653
v 0.00781250 0.01565778 -0.28906250
v 0.00781250 0.01579797 -0.28125000
v 0.00781250 0.02343750 -0.27361047
v 0.00004172 0.02343750 0.40625000
v 0.00781250 0.02343750 0.39847922
v 0.00781250 0.02346170 -0.27343750
v 0.00781250 0.02352941 -0.26562500
v 0.00781250 0.03125000 -0.25790447
v 0.00003052 0.03125000 0.40625000
v 0.00781250 0.03125000 0.39846802
v 0.00781250 0.03126776 -0.25781250
v 0.00781250 0.03128922 -0.25000000
v 0.00781250 0.03214896 -0.24218750
v 0.00781250 0.03906250 -0.23527396
v 0.00009215 0.03906250 0.39843750
v 0.00781250 0.03906250 0.39071715
v 0.00781250 0.03134215 0.39843750
v 0.00002742 0.03906250 0.40625000
v 0.00781250 0.03908503 -0.23437500
v 0.00781250 0.03909862 -0.22656250
v 0.00781250 0.03915679 -0.21875000
v 0.00781250 0.04687500 -0.21100581
v 0.00015616 0.04687500 0.36718750
v 0.00781250 0.04687500 0.35953116
v 0.00781250 0.03921866 0.36718750
v 0.00781250 0.03914642 0.37500000
v 0.00008392 0.04687500 0.37500000
v 0.00781250 0.03912342 0.38281250
v 0.00006092 0.04687500 0.38281250
v 0.00781250 0.03910291 0.39062500
v 0.00004041 0.04687500 0.39062500
v 0.00002968 0.04687500 0.39843750
v 0.00781250 0.04688859 -0.21093750
v 0.00781250 0.04690349 -0.20312500
v 0.00781250 0.04691482 -0.19531250
v 0.00781250 0.04693067 -0.18750000
v 0.00781250 0.04693854 -0.17968750
v 0.00781250 0.04694057 -0.17187500
v 0.00781250 0.04693735 -0.16406250
v 0.00781250 0.04693735 -0.15625000
v 0.00781250 0.04694128 -0.14843750
v 0.00781250 0.04694378 -0.14062500
v 0.00781250 0.04694676 -0.13281250
v 0.00781250 0.04694617 -0.12500000
v 0.00781250 0.04695857 -0.11718750
v 0.00781250 0.04697621 -0.10937500
v 0.00781250 0.04699826 -0.10156250
v 0.00781250 0.04707158 -0.09375000
v 0.00781250 0.04781592 -0.08593750
v 0.00781250 0.04752207 -0.07812500
v 0.00781250 0.04729688 -0.07031250
v 0.00781250 0.04765654 -0.06250000
v 0.00781250 0.04842317 -0.05468750
v 0.00781250 0.05092251 -0.04687500
v 0.00772345 0.05468750 -0.03906250
v 0.00781250 0.05468750 -0.03927904
v 0.00062394 0.05468750 -0.03125000
v 0.00781250 0.05468750 0.06285393
v 0.00781250 0.04722893 0.07031250
v 0.00781250 0.04694760 0.07812500
v 0.00781250 0.04691243 0.08593750
v 0.00781250 0.04691100 0.09375000
v 0.00781250 0.04691076 0.10156250
v 0.00781250 0.04691195 0.10937500
v 0.00781250 0.04691505 0.11718750
v 0.00781250 0.04691839 0.12500000
v 0.00781250 0.04692316 0.13281250
v 0.00781250 0.04692137 0.14062500
v 0.00781250 0.04691756 0.14843750
v 0.00781250 0.04691112 0.15625000
v 0.00781250 0.04690313 0.16406250
v 0.00781250 0.04690063 0.17187500
v 0.00781250 0.04688442 0.17968750
v 0.00781250 0.04690838 0.18750000
v 0.00781250 0.04691112 0.19531250
v 0.00781250 0.04692495 0.20312500
v 0.00781250 0.04693210 0.21093750
v 0.00781250 0.04693091 0.21875000
v 0.00781250 0.04692996 0.22656250
v 0.00781250 0.04696715 0.23437500
v 0.00009215 0.05468750 0.23437500
v 0.00781250 0.05468750 0.24209535
v 0.00015187 0.05468750 0.34375000
v 0.00781250 0.05468750 0.33608937
v 0.00781250 0.04702687 0.34375000
v 0.00781250 0.04692817 0.35156250
v 0.00005317 0.05468750 0.35156250
v 0.00781250 0.04690826 0.35937500
v 0.00003326 0.05468750 0.35937500
v 0.00002754 0.05468750 0.36718750
v 0.00002348 0.05468750 0.37500000
v 0.00781250 0.05468798 -0.03906250
v 0.00781250 0.05470765 -0.03125000
v 0.00781250 0.05470753 -0.02343750
v 0.00781250 0.05470717 -0.01562500
v 0.00781250 0.05470824 -0.00781250
v 0.00781250 0.05471051 0.00000000
v 0.00781250 0.05471241 0.00781250
v 0.00781250 0.05471361 0.01562500
v 0.00781250 0.05471647 0.02343750
v 0.00781250 0.05471671 0.03125000
v 0.00781250 0.05471611 0.03906250
v 0.00781250 0.05471385 0.04687500
v 0.00781250 0.05471051 0.05468750
v 0.00781250 0.05470681 0.06250000
v 0.00781250 0.05472946 0.24218750
v 0.00781250 0.05479872 0.25000000
v 0.00011122 0.06250000 0.25000000
v 0.00781250 0.06250000 0.25770128
v 0.00017989 0.06250000 0.34375000
v 0.00781250 0.06250000 0.33611739
v 0.00005698 0.06250000 0.35156250
v 0.00003564 0.06250000 0.35937500
v 0.00002670 0.06250000 0.36718750
v 0.00002217 0.06250000 0.37500000
v 0.00781250 0.06258762 0.25781250
v 0.00008762 0.07031250 0.25781250
v 0.00781250 0.06285918 0.26562500
v 0.00035918 0.07031250 0.26562500
v 0.00781250 0.07031250 0.27307832
v 0.00781250 0.07013261 0.34375000
v 0.00010729 0.07031250 0.35156250
v 0.00781250 0.07031250 0.34385729
v 0.00004947 0.07031250 0.35937500
v 0.00003231 0.07031250 0.36718750
v 0.00008631 0.07812500 0.26562500
v 0.00781250 0.07054961 0.27343750
v 0.00023711 0.07812500 0.27343750
v 0.00781250 0.07812500 0.28101289
v 0.00284445 0.07812500 0.35156250
v 0.00781250 0.07812500 0.34659445
v 0.00008190 0.07812500 0.35937500
v 0.00004339 0.07812500 0.36718750
v 0.00004470 0.08593750 0.26562500
v 0.00008905 0.08593750 0.27343750
v 0.00781250 0.07873547 0.28125000
v 0.00061047 0.08593750 0.28125000
v 0.00781250 0.08593750 0.28845203
v 0.00781250 0.08309305 0.35156250
v 0.00051582 0.08593750 0.35937500
v 0.00781250 0.08593750 0.35207832
v 0.00007606 0.08593750 0.36718750
v 0.00004101 0.08593750 0.37500000
v 0.00008905 0.09375000 0.28125000
v 0.00781250 0.09375000 0.28897345
v 0.00781250 0.09323418 0.35937500
v 0.00013125 0.09375000 0.36718750
v 0.00781250 0.09375000 0.35950625
v 0.00005054 0.09375000 0.37500000
v 0.00781250 0.09382367 0.28906250
v 0.00007367 0.10156250 0.28906250
v 0.00781250 0.09533536 0.29687500
v 0.00158536 0.10156250 0.29687500
v 0.00781250 0.10156250 0.30310214
v 0.00011551 0.10156250 0.36718750
v 0.00781250 0.10156250 0.35938394
v 0.00005269 0.10156250 0.37500000
v 0.00004864 0.10937500 0.29687500
v 0.00781250 0.10174775 0.30468750
v 0.00018525 0.10937500 0.30468750
v 0.00781250 0.10937500 0.31231475
v 0.00130832 0.10937500 0.35937500
v 0.00781250 0.10937500 0.35287082
v 0.00781250 0.10168099 0.35937500
v 0.00010765 0.10937500 0.36718750
v 0.00005937 0.10937500 0.37500000
v 0.00004804 0.10937500 0.38281250
v 0.00005710 0.11718750 0.30468750
v 0.00781250 0.10961473 0.31250000
v 0.00023973 0.11718750 0.31250000
v 0.00781250 0.11718750 0.32007277
v 0.00033760 0.11718750 0.35937500
v 0.00781250 0.11718750 0.35190010
v 0.00010526 0.11718750 0.36718750
v 0.00006700 0.11718750 0.37500000
v 0.00005805 0.11718750 0.38281250
v 0.00009310 0.12500000 0.31250000
v 0.00781250 0.11860907 0.32031250
v 0.00142157 0.12500000 0.32031250
v 0.00781250 0.12500000 0.32757628
v 0.00705492 0.12500000 0.34375000
v 0.00781250 0.12500000 0.34299242
v 0.00781250 0.12424242 0.34375000
v 0.00781250 0.11780715 0.35156250
v 0.00061965 0.12500000 0.35156250
v 0.00023448 0.12500000 0.35937500
v 0.00013125 0.12500000 0.36718750
v 0.00009024 0.12500000 0.37500000
v 0.00007641 0.12500000 0.38281250
v 0.00006568 0.12500000 0.39062500
v 0.00006068 0.12500000 0.39843750
v 0.00005579 0.13281250 0.31250000
v 0.00023305 0.13281250 0.32031250
v 0.00781250 0.12510955 0.32812500
v 0.00031400 0.13281250 0.32812500
v 0.00781250 0.12533414 0.33593750
v 0.00033414 0.13281250 0.33593750
v 0.00027466 0.13281250 0.34375000
v 0.00023067 0.13281250 0.35156250
v 0.00016820 0.13281250 0.35937500
v 0.00012279 0.13281250 0.36718750
v 0.00009716 0.13281250 0.37500000
v 0.00008523 0.13281250 0.38281250
v 0.00007713 0.13281250 0.39062500
v 0.00007546 0.13281250 0.39843750
v 0.00007236 0.13281250 0.40625000
v 0.00004375 0.14062500 0.31250000
v 0.00014687 0.14062500 0.32031250
v 0.00025105 0.14062500 0.32812500
v 0.00025439 0.14062500 0.33593750
v 0.00019503 0.14062500 0.34375000
v 0.00015652 0.14062500 0.35156250
v 0.00013137 0.14062500 0.35937500
v 0.00013804 0.14062500 0.36718750
v 0.00011086 0.14062500 0.37500000
v 0.00009573 0.14062500 0.38281250
v 0.00009048 0.14062500 0.39062500
v 0.00009096 0.14062500 0.39843750
v 0.00007534 0.14062500 0.40625000
v 0.00008512 0.14843750 0.32031250
v 0.00024712 0.14843750 0.32812500
v 0.00025392 0.14843750 0.33593750
v 0.00022542 0.14843750 0.34375000
v 0.00016820 0.14843750 0.35156250
v 0.00013745 0.14843750 0.35937500
v 0.00013399 0.14843750 0.36718750
v 0.00011241 0.14843750 0.37500000
v 0.00008702 0.14843750 0.38281250
v 0.00008237 0.14843750 0.39062500
v 0.00008059 0.14843750 0.39843750
v 0.00005925 0.15625000 0.32031250
v 0.00017750 0.15625000 0.32812500
v 0.00046086 0.15625000 0.33593750
v 0.00041986 0.15625000 0.34375000
v 0.00022984 0.15625000 0.35156250
v 0.00014555 0.15625000 0.35937500
v 0.00012398 0.15625000 0.36718750
v 0.00011206 0.15625000 0.37500000
v 0.00008154 0.15625000 0.38281250
v 0.00007224 0.15625000 0.39062500
v 0.00007069 0.15625000 0.39843750
v 0.00012589 0.16406250 0.32812500
v 0.00469124 0.16406250 0.33593750
v 0.00781250 0.16406250 0.33905876
v 0.00781250 0.16364264 0.34375000
v 0.00054073 0.16406250 0.35156250
v 0.00781250 0.16406250 0.34429073
v 0.00023961 0.16406250 0.35937500
v 0.00014436 0.16406250 0.36718750
v 0.00012302 0.16406250 0.37500000
v 0.00007892 0.16406250 0.38281250
v 0.00006223 0.16406250 0.39062500
v 0.00006342 0.16406250 0.39843750
v 0.00006866 0.17187500 0.32812500
v 0.00026965 0.17187500 0.33593750
v 0.00781250 0.17187500 0.34348035
v 0.00781250 0.17133427 0.35156250
v 0.00048983 0.17187500 0.35937500
v 0.00781250 0.17187500 0.35205233
v 0.00021803 0.17187500 0.36718750
v 0.00015426 0.17187500 0.37500000
v 0.00009036 0.17187500 0.38281250
v 0.00006306 0.17187500 0.39062500
v 0.00005925 0.17187500 0.39843750
v 0.00010049 0.17968750 0.33593750
v 0.00781250 0.17275167 0.34375000
v 0.00087667 0.17968750 0.34375000
v 0.00781250 0.17968750 0.35068583
v 0.00260186 0.17968750 0.35937500
v 0.00781250 0.17968750 0.35416436
v 0.00035453 0.17968750 0.36718750
v 0.00018024 0.17968750 0.37500000
v 0.00010002 0.17968750 0.38281250
v 0.00006855 0.17968750 0.39062500
v 0.00005484 0.17968750 0.39843750
v 0.00004613 0.18750000 0.33593750
v 0.00011849 0.18750000 0.34375000
v 0.00781250 0.18012214 0.35156250
v 0.00043464 0.18750000 0.35156250
v 0.00781250 0.18489814 0.35937500
v 0.00781250 0.18750000 0.35894036
v 0.00055408 0.18750000 0.36718750
v 0.00781250 0.18750000 0.35992908
v 0.00019991 0.18750000 0.37500000
v 0.00011170 0.18750000 0.38281250
v 0.00007319 0.18750000 0.39062500
v 0.00005054 0.18750000 0.39843750
v 0.00005269 0.19531250 0.34375000
v 0.00010860 0.19531250 0.35156250
v 0.00781250 0.18773270 0.35937500
v 0.00023270 0.19531250 0.35937500
v 0.00031459 0.19531250 0.36718750
v 0.00025058 0.19531250 0.37500000
v 0.00012732 0.19531250 0.38281250
v 0.00007260 0.19531250 0.39062500
v 0.00004828 0.19531250 0.39843750
v 0.00004721 0.20312500 0.35156250
v 0.00009024 0.20312500 0.35937500
v 0.00013971 0.20312500 0.36718750
v 0.00014794 0.20312500 0.37500000
v 0.00011420 0.20312500 0.38281250
v 0.00007117 0.20312500 0.39062500
v 0.00004780 0.20312500 0.39843750
v 0.00004339 0.21093750 0.35937500
v 0.00007641 0.21093750 0.36718750
v 0.00011194 0.21093750 0.37500000
v 0.00008786 0.21093750 0.38281250
v 0.00006020 0.21093750 0.39062500
v 0.00004017 0.21875000 0.36718750
v 0.00006127 0.21875000 0.37500000
v 0.00006771 0.21875000 0.38281250
v 0.00004709 0.21875000 0.39062500
v 0.00003326 0.22656250 0.37500000
v 0.00004578 0.22656250 0.38281250
v 0.00003731 0.22656250 0.39062500
v 0.01562500 -0.10184997 0.00781250
v 0.01562500 -0.10156250 0.00769377
v 0.01562500 -0.10190380 0.01562500
v 0.01562500 -0.10163778 0.02343750
v 0.01562500 -0.10156250 0.02345550
v 0.01562500 -0.09375000 0.00628018
v 0.00788045 -0.09375000 0.03125000
v 0.01562500 -0.09375000 0.02350545
v 0.00783753 -0.08593750 -0.25000000
v 0.00784075 -0.08593750 -0.24218750
v 0.00783849 -0.08593750 -0.23437500
v 0.00783622 -0.08593750 -0.22656250
v 0.01562500 -0.08746982 0.00000000
v 0.01562500 -0.08593750 -0.00081307
v 0.01562500 -0.08600551 0.03125000
v 0.01562500 -0.08593750 0.03126645
v 0.00783741 -0.07812500 -0.26562500
v 0.00785351 -0.07812500 -0.25781250
v 0.00786340 -0.07812500 -0.25000000
v 0.00786543 -0.07812500 -0.24218750
v 0.00786054 -0.07812500 -0.23437500
v 0.00785458 -0.07812500 -0.22656250
v 0.00784504 -0.07812500 -0.21875000
v 0.01562500 -0.07893807 -0.00781250
v 0.01562500 -0.07812500 -0.00784725
v 0.01562500 -0.07812500 0.03128624
v 0.00784135 -0.07031250 -0.27343750
v 0.00786912 -0.07031250 -0.26562500
v 0.00790596 -0.07031250 -0.25781250
v 0.00793886 -0.07031250 -0.25000000
v 0.00799417 -0.07031250 -0.24218750
v 0.00796068 -0.07031250 -0.23437500
v 0.00792074 -0.07031250 -0.22656250
v 0.00789654 -0.07031250 -0.21875000
v 0.00785720 -0.07031250 -0.21093750
v 0.00784159 -0.07031250 -0.20312500
v 0.01562500 -0.07031250 -0.00795907
v 0.00858283 -0.07031250 0.03906250
v 0.01562500 -0.07031250 0.03202033
v 0.00784791 -0.06250000 -0.28125000
v 0.00793600 -0.06250000 -0.27343750
v 0.00951684 -0.06250000 -0.26562500
v 0.01562500 -0.06250000 -0.25951678
v 0.01562500 -0.06259340 -0.25781250
v 0.01562500 -0.06262636 -0.25000000
v 0.01562500 -0.06268162 -0.24218750
v 0.01562500 -0.06264812 -0.23437500
v 0.01562500 -0.06260824 -0.22656250
v 0.01562500 -0.06258404 -0.21875000
v 0.00962889 -0.06250000 -0.21093750
v 0.01562500 -0.06250000 -0.21693367
v 0.00792348 -0.06250000 -0.20312500
v 0.00786412 -0.06250000 -0.19531250
v 0.01562500 -0.06264657 -0.01562500
v 0.01562500 -0.06250000 -0.01855105
v 0.01562500 -0.06327033 0.03906250
v 0.01562500 -0.06252044 0.04687500
v 0.01562500 -0.06250000 0.04689884
v 0.00785255 -0.05468750 -0.28906250
v 0.00803947 -0.05468750 -0.28125000
v 0.01562500 -0.05468750 -0.27366447
v 0.01562500 -0.05481100 -0.27343750
v 0.01562500 -0.05639178 -0.26562500
v 0.01562500 -0.05650383 -0.21093750
v 0.01562500 -0.05479848 -0.20312500
v 0.01562500 -0.05473918 -0.19531250
v 0.01562500 -0.05471909 -0.18750000
v 0.00789917 -0.05468750 -0.17968750
v 0.01562500 -0.05468750 -0.18741333
v 0.01535618 -0.05468750 -0.06250000
v 0.01562500 -0.05469877 -0.06250000
v 0.01562500 -0.05468750 -0.06475562
v 0.01562500 -0.05468750 -0.06063479
v 0.01441967 -0.05468750 -0.04687500
v 0.01562500 -0.05471098 -0.04687500
v 0.01562500 -0.05468750 -0.04962671
v 0.01562500 -0.05472392 -0.03906250
v 0.01562500 -0.05479848 -0.03125000
v 0.01562500 -0.05761355 -0.02343750
v 0.01562500 -0.05471128 0.05468750
v 0.00788152 -0.05468750 0.06250000
v 0.01562500 -0.05468750 0.05475652
v 0.00783992 -0.04687500 -0.30468750
v 0.00787199 -0.04687500 -0.29687500
v 0.01562500 -0.04687500 -0.28907961
v 0.01562500 -0.04688650 -0.28906250
v 0.01562500 -0.04710197 -0.28125000
v 0.01562500 -0.04696167 -0.17968750
v 0.01562500 -0.04691702 -0.17187500
v 0.01562500 -0.04690176 -0.16406250
v 0.01562500 -0.04689509 -0.15625000
v 0.01562500 -0.04689157 -0.14843750
v 0.00793636 -0.04687500 -0.14062500
v 0.01562500 -0.04687500 -0.14829379
v 0.01562500 -0.04689068 -0.11718750
v 0.01562500 -0.04687500 -0.11725485
v 0.01562500 -0.04689229 -0.10937500
v 0.01562500 -0.04689401 -0.10156250
v 0.01562500 -0.04689837 -0.09375000
v 0.01562500 -0.04690844 -0.08593750
v 0.01562500 -0.04701680 -0.07812500
v 0.01562500 -0.05010206 -0.07031250
v 0.01562500 -0.04962671 -0.05468750
v 0.01562500 -0.04694396 0.06250000
v 0.01562500 -0.04689956 0.07031250
v 0.01562500 -0.04689658 0.07812500
v 0.01562500 -0.04689270 0.08593750
v 0.01562500 -0.04689074 0.09375000
v 0.00787318 -0.04687500 0.10156250
v 0.01562500 -0.04687500 0.09381068
v 0.00785935 -0.03906250 -0.31250000
v 0.00798774 -0.03906250 -0.30468750
v 0.01562500 -0.03906250 -0.29705024
v 0.01562500 -0.03912205 -0.29687500
v 0.01562500 -0.03920621 -0.14062500
v 0.01562500 -0.03914165 -0.13281250
v 0.01562500 -0.03912985 -0.12500000
v 0.01562500 -0.03912324 0.10156250
v 0.01562500 -0.03909516 0.10937500
v 0.01562500 -0.03909308 0.11718750
v 0.01562500 -0.03909463 0.12500000
v 0.01562500 -0.03909272 0.13281250
v 0.01562500 -0.03908718 0.14062500
v 0.01562500 -0.03908455 0.14843750
v 0.01562500 -0.03908336 0.15625000
v 0.01562500 -0.03908229 0.16406250
v 0.01562500 -0.03908128 0.17187500
v 0.01562500 -0.03908026 0.17968750
v 0.00817847 -0.03906250 0.18750000
v 0.01562500 -0.03906250 0.18005347
v 0.00791979 -0.03906250 0.19531250
v 0.00787175 -0.03125000 -0.32031250
v 0.00969553 -0.03125000 -0.31250000
v 0.01562500 -0.03125000 -0.30657053
v 0.01562500 -0.03142524 -0.30468750
v 0.01562500 -0.03161597 0.18750000
v 0.01562500 -0.03135729 0.19531250
v 0.01562500 -0.03131497 0.20312500
v 0.01562500 -0.03129619 0.21093750
v 0.01562500 -0.03128862 0.21875000
v 0.01562500 -0.03128368 0.22656250
v 0.01562500 -0.03127784 0.23437500
v 0.01562500 -0.03127038 0.24218750
v 0.00793314 -0.03125000 0.25000000
v 0.01562500 -0.03125000 0.24230814
v 0.00785339 -0.03125000 0.25781250
v 0.00788534 -0.02343750 -0.32812500
v 0.01562500 -0.02343750 -0.32038534
v 0.01562500 -0.02349669 -0.32031250
v 0.01562500 -0.02532053 -0.31250000
v 0.01562500 -0.02355808 0.25000000
v 0.01562500 -0.02347839 0.25781250
v 0.01562500 -0.02346134 0.26562500
v 0.00802898 -0.02343750 0.27343750
v 0.01562500 -0.02343750 0.26584148
v 0.00787604 -0.02343750 0.28125000
v 0.00784492 -0.02343750 0.28906250
v 0.00783491 -0.02343750 0.29687500
v 0.00794137 -0.01562500 -0.32812500
v 0.01562500 -0.01562500 -0.32044142
v 0.01562500 -0.01584154 0.27343750
v 0.01562500 -0.01568854 0.28125000
v 0.01562500 -0.01565742 0.28906250
v 0.01562500 -0.01564747 0.29687500
v 0.00792205 -0.01562500 0.30468750
v 0.01562500 -0.01562500 0.29698455
v 0.00786710 -0.01562500 0.31250000
v 0.00784397 -0.01562500 0.32031250
v 0.00786400 -0.00781250 -0.32812500
v 0.01562500 -0.00781250 -0.32036394
v 0.01562500 -0.00792211 0.30468750
v 0.01562500 -0.00786716 0.31250000
v 0.01562500 -0.00784397 0.32031250
v 0.01562500 -0.00783259 0.32812500
v 0.00788474 -0.00781250 0.33593750
v 0.01562500 -0.00781250 0.32819724
v 0.00784874 -0.00781250 0.34375000
v 0.00783634 -0.00781250 0.35156250
v 0.01562500 -0.00777793 -0.32031250
v 0.01562500 -0.00774133 -0.31250000
v 0.00788367 0.00000000 -0.31250000
v 0.01562500 0.00000000 -0.30475867
v 0.01562500 -0.00007218 0.33593750
v 0.01562500 -0.00003624 0.34375000
v 0.01562500 -0.00002384 0.35156250
v 0.01562500 -0.00001776 0.35937500
v 0.00850523 0.00000000 0.36718750
v 0.01562500 0.00000000 0.36006773
v 0.00785291 0.00000000 0.37500000
v 0.01562500 0.00004375 -0.30468750
v 0.01562500 0.00037503 -0.29687500
v 0.00818753 0.00781250 -0.29687500
v 0.01562500 0.00781250 -0.28943759
v 0.01562500 0.00711977 0.36718750
v 0.01562500 0.00777209 0.37500000
v 0.01562500 0.00779355 0.38281250
v 0.00792515 0.00781250 0.39062500
v 0.01562500 0.00781250 0.38292515
v 0.01562500 0.00790727 -0.28906250
v 0.00790727 0.01562500 -0.28906250
v 0.01562500 0.01562500 -0.28134477
v 0.01562500 0.01551235 0.39062500
v 0.01562500 0.01560855 0.39843750
v 0.01562500 0.01562500 0.39845419
v 0.01562500 0.01565886 -0.28125000
v 0.01562500 0.02343750 -0.27347136
v 0.00786853 0.02343750 0.39843750
v 0.01562500 0.02343750 0.39068103
v 0.01562500 0.01567018 0.39843750
v 0.01562500 0.02345347 -0.27343750
v 0.01562500 0.02346551 -0.26562500
v 0.01562500 0.02950621 -0.25781250
v 0.01388121 0.03125000 -0.25781250
v 0.01562500 0.03125000 -0.25606865
v 0.00793469 0.03125000 0.39062500
v 0.01562500 0.03125000 0.38293469
v 0.01562500 0.02355969 0.39062500
v 0.00783920 0.03125000 0.39843750
v 0.01562500 0.03127003 -0.25000000
v 0.01562500 0.03131258 -0.24218750
v 0.01562500 0.03906250 -0.23443758
v 0.00794637 0.03906250 0.37500000
v 0.01562500 0.03906250 0.36732137
v 0.01562500 0.03138387 0.37500000
v 0.01562500 0.03128898 0.38281250
v 0.00785148 0.03906250 0.38281250
v 0.00783718 0.03906250 0.39062500
v 0.01562500 0.03907835 -0.23437500
v 0.01562500 0.03908503 -0.22656250
v 0.01562500 0.03910565 -0.21875000
v 0.01562500 0.03932130 -0.21093750
v 0.00800109 0.04687500 -0.21093750
v 0.01562500 0.04687500 -0.20338380
v 0.00828862 0.04687500 0.32812500
v 0.01562500 0.04687500 0.32078862
v 0.01562500 0.03953862 0.32812500
v 0.01562500 0.03912401 0.33593750
v 0.00787401 0.04687500 0.33593750
v 0.01562500 0.03910029 0.34375000
v 0.00785029 0.04687500 0.34375000
v 0.01562500 0.03908944 0.35156250
v 0.00783944 0.04687500 0.35156250
v 0.01562500 0.03908479 0.35937500
v 0.00783479 0.04687500 0.35937500
v 0.01562500 0.03908169 0.36718750
v 0.01562500 0.04689336 -0.20312500
v 0.01562500 0.04689765 -0.19531250
v 0.01562500 0.04690289 -0.18750000
v 0.01562500 0.04690540 -0.17968750
v 0.01562500 0.04690528 -0.17187500
v 0.01562500 0.04690492 -0.16406250
v 0.01562500 0.04690516 -0.15625000
v 0.01562500 0.04690838 -0.14843750
v 0.01562500 0.04691148 -0.14062500
v 0.01562500 0.04691553 -0.13281250
v 0.01562500 0.04691827 -0.12500000
v 0.01562500 0.04692829 -0.11718750
v 0.01562500 0.04694033 -0.10937500
v 0.01562500 0.04695904 -0.10156250
v 0.01562500 0.04704368 -0.09375000
v 0.01562500 0.04709256 -0.08593750
v 0.01562500 0.04705012 -0.07812500
v 0.01562500 0.04701555 -0.07031250
v 0.01562500 0.04700744 -0.06250000
v 0.01562500 0.04700518 -0.05468750
v 0.01562500 0.04702902 -0.04687500
v 0.01562500 0.04703450 -0.03906250
v 0.00781679 0.05468750 -0.03906250
v 0.01562500 0.04705358 -0.03125000
v 0.00799108 0.05468750 -0.03125000
v 0.01562500 0.04711139 -0.02343750
v 0.00804889 0.05468750 -0.02343750
v 0.01562500 0.04744434 -0.01562500
v 0.00838184 0.05468750 -0.01562500
v 0.01562500 0.05468750 -0.00838190
v 0.01562500 0.05468750 0.06271088
v 0.01562500 0.04708588 0.07031250
v 0.01562500 0.04693520 0.07812500
v 0.01562500 0.04690790 0.08593750
v 0.01562500 0.04690468 0.09375000
v 0.01562500 0.04690325 0.10156250
v 0.01562500 0.04690301 0.10937500
v 0.01562500 0.04690361 0.11718750
v 0.01562500 0.04690444 0.12500000
v 0.01562500 0.04690611 0.13281250
v 0.01562500 0.04690707 0.14062500
v 0.01562500 0.04690611 0.14843750
v 0.01562500 0.04690433 0.15625000
v 0.01562500 0.04689837 0.16406250
v 0.01562500 0.04689562 0.17187500
v 0.01562500 0.04689419 0.17968750
v 0.01562500 0.04689467 0.18750000
v 0.01562500 0.04689503 0.19531250
v 0.01562500 0.04689813 0.20312500
v 0.01562500 0.04689956 0.21093750
v 0.01562500 0.04689956 0.21875000
v 0.01562500 0.04689860 0.22656250
v 0.01562500 0.04689801 0.23437500
v 0.01562500 0.04690397 0.24218750
v 0.00784147 0.05468750 0.24218750
v 0.01562500 0.04690647 0.25000000
v 0.00784397 0.05468750 0.25000000
v 0.01562500 0.04690969 0.25781250
v 0.00784719 0.05468750 0.25781250
v 0.01562500 0.04691446 0.26562500
v 0.00785196 0.05468750 0.26562500
v 0.01562500 0.04691553 0.27343750
v 0.00785303 0.05468750 0.27343750
v 0.01562500 0.04691935 0.28125000
v 0.00785685 0.05468750 0.28125000
v 0.01562500 0.04692507 0.28906250
v 0.00786257 0.05468750 0.28906250
v 0.01562500 0.04693627 0.29687500
v 0.00787377 0.05468750 0.29687500
v 0.01562500 0.04692829 0.30468750
v 0.00786579 0.05468750 0.30468750
v 0.01562500 0.04692149 0.31250000
v 0.00785899 0.05468750 0.31250000
v 0.01562500 0.04691422 0.32031250
v 0.00785172 0.05468750 0.32031250
v 0.00784528 0.05468750 0.32812500
v 0.00783718 0.05468750 0.33593750
v 0.01562500 0.05470335 -0.00781250
v 0.01562500 0.05470359 0.00000000
v 0.01562500 0.05470407 0.00781250
v 0.01562500 0.05470538 0.01562500
v 0.01562500 0.05470705 0.02343750
v 0.01562500 0.05470777 0.03125000
v 0.01562500 0.05470729 0.03906250
v 0.01562500 0.05470538 0.04687500
v 0.01562500 0.05470335 0.05468750
v 0.01562500 0.05470264 0.06250000
v 0.00783348 0.06250000 0.25781250
v 0.00783610 0.06250000 0.26562500
v 0.00783741 0.06250000 0.27343750
v 0.00783908 0.06250000 0.28125000
v 0.00784290 0.06250000 0.28906250
v 0.00784552 0.06250000 0.29687500
v 0.00785005 0.06250000 0.30468750
v 0.00784814 0.06250000 0.31250000
v 0.00784433 0.06250000 0.32031250
v 0.00784039 0.06250000 0.32812500
v 0.00783658 0.06250000 0.33593750
v 0.00783479 0.07031250 0.27343750
v 0.00783694 0.07031250 0.28125000
v 0.00784016 0.07031250 0.28906250
v 0.00784278 0.07031250 0.29687500
v 0.00784647 0.07031250 0.30468750
v 0.00784945 0.07031250 0.31250000
v 0.00784707 0.07031250 0.32031250
v 0.00784266 0.07031250 0.32812500
v 0.00783932 0.07031250 0.33593750
v 0.00783408 0.07031250 0.34375000
v 0.00783563 0.07812500 0.28125000
v 0.00783837 0.07812500 0.28906250
v 0.00784183 0.07812500 0.29687500
v 0.00784552 0.07812500 0.30468750
v 0.00785148 0.07812500 0.31250000
v 0.00784922 0.07812500 0.32031250
v 0.00784659 0.07812500 0.32812500
v 0.00784254 0.07812500 0.33593750
v 0.00783801 0.07812500 0.34375000
v 0.00783658 0.08593750 0.28906250
v 0.00783968 0.08593750 0.29687500
v 0.00784492 0.08593750 0.30468750
v 0.00785327 0.08593750 0.31250000
v 0.00785327 0.08593750 0.32031250
v 0.00785100 0.08593750 0.32812500
v 0.00784695 0.08593750 0.33593750
v 0.00784147 0.08593750 0.34375000
v 0.00783682 0.08593750 0.35156250
v 0.00783432 0.09375000 0.28906250
v 0.00783920 0.09375000 0.29687500
v 0.00784433 0.09375000 0.30468750
v 0.00785184 0.09375000 0.31250000
v 0.00785613 0.09375000 0.32031250
v 0.00785387 0.09375000 0.32812500
v 0.00785136 0.09375000 0.33593750
v 0.00784409 0.09375000 0.34375000
v 0.00783825 0.09375000 0.35156250
v 0.00783396 0.09375000 0.35937500
v 0.00783849 0.10156250 0.30468750
v 0.00784373 0.10156250 0.31250000
v 0.00784802 0.10156250 0.32031250
v 0.00784695 0.10156250 0.32812500
v 0.00784624 0.10156250 0.33593750
v 0.00784290 0.10156250 0.34375000
v 0.00783753 0.10156250 0.35156250
v 0.00781405 0.10156250 0.35937500
v 0.00783539 0.10937500 0.31250000
v 0.00783932 0.10937500 0.32031250
v 0.00784016 0.10937500 0.32812500
v 0.00784087 0.10937500 0.33593750
v 0.00783944 0.10937500 0.34375000
v 0.00783741 0.10937500 0.35156250
v 0.00783479 0.11718750 0.32031250
v 0.00783491 0.11718750 0.32812500
v 0.00783539 0.11718750 0.33593750
v 0.00783563 0.11718750 0.34375000
v 0.00783432 0.11718750 0.35156250
v 0.00781977 0.12500000 0.32812500
v 0.00783408 0.12500000 0.33593750
v 0.00783265 0.16406250 0.34375000
v 0.00783360 0.17187500 0.34375000
v 0.00783253 0.17187500 0.35156250
v 0.00783384 0.17968750 0.35156250
v 0.00783300 0.18750000 0.35937500
v 0.02343750 -0.10173571 0.00781250
v 0.02343750 -0.10156250 0.00760877
v 0.02343750 -0.10163051 0.01562500
v 0.02343750 -0.10159653 0.02343750
v 0.02343750 -0.10156250 0.02344918
v 0.02223992 -0.09375000 0.00000000
v 0.02343750 -0.09390223 0.00000000
v 0.02343750 -0.09375000 -0.00005823
v 0.02343750 -0.09375000 0.02346194
v 0.02262449 -0.08593750 -0.00781250
v 0.02343750 -0.08601582 -0.00781250
v 0.02343750 -0.08593750 -0.00791180
v 0.02343750 -0.08596200 0.03125000
v 0.02343750 -0.08593750 0.03126192
v 0.02343750 -0.07812500 -0.00786787
v 0.02343750 -0.07812500 0.03127444
v 0.02343750 -0.07031250 -0.00820768
v 0.02343750 -0.07031250 0.03142381
v 0.01564944 -0.06250000 -0.25781250
v 0.01565075 -0.06250000 -0.25000000
v 0.01565087 -0.06250000 -0.24218750
v 0.01565111 -0.06250000 -0.23437500
v 0.01565111 -0.06250000 -0.22656250
v 0.01565015 -0.06250000 -0.21875000
v 0.02051151 -0.06250000 -0.02343750
v 0.02343750 -0.06253791 -0.02343750
v 0.02343750 -0.06250000 -0.02376741
v 0.02343750 -0.06289518 -0.01562500
v 0.02343750 -0.06267381 0.03906250
v 0.01596284 -0.06250000 0.04687500
v 0.02343750 -0.06250000 0.03940034
v 0.01565003 -0.05468750 -0.27343750
v 0.01565516 -0.05468750 -0.26562500
v 0.01566279 -0.05468750 -0.25781250
v 0.01567328 -0.05468750 -0.25000000
v 0.01567280 -0.05468750 -0.24218750
v 0.01566792 -0.05468750 -0.23437500
v 0.01566327 -0.05468750 -0.22656250
v 0.01566422 -0.05468750 -0.21875000
v 0.01566732 -0.05468750 -0.21093750
v 0.01566660 -0.05468750 -0.20312500
v 0.01566088 -0.05468750 -0.19531250
v 0.01565278 -0.05468750 -0.18750000
v 0.02343750 -0.05471092 -0.06250000
v 0.02343750 -0.05468750 -0.06396675
v 0.02068579 -0.05468750 -0.05468750
v 0.02343750 -0.05471766 -0.05468750
v 0.02343750 -0.05471909 -0.04687500
v 0.02343750 -0.05473942 -0.03906250
v 0.02343750 -0.05501741 -0.03125000
v 0.02343750 -0.05502534 0.04687500
v 0.02343750 -0.05470610 0.05468750
v 0.02343750 -0.05468750 0.05472672
v 0.01563132 -0.04687500 -0.28906250
v 0.01565349 -0.04687500 -0.28125000
v 0.01566195 -0.04687500 -0.27343750
v 0.01567221 -0.04687500 -0.26562500
v 0.01570022 -0.04687500 -0.25781250
v 0.01579106 -0.04687500 -0.25000000
v 0.02343750 -0.04687500 -0.24235356
v 0.02343750 -0.04692280 -0.24218750
v 0.02343750 -0.04691792 -0.23437500
v 0.02343750 -0.04691327 -0.22656250
v 0.02343750 -0.04691416 -0.21875000
v 0.02343750 -0.04691726 -0.21093750
v 0.02343750 -0.04691654 -0.20312500
v 0.02343750 -0.04691082 -0.19531250
v 0.02343750 -0.04690284 -0.18750000
v 0.02343750 -0.04689753 -0.17968750
v 0.01609123 -0.04687500 -0.17187500
v 0.02343750 -0.04687500 -0.17922127
v 0.01574707 -0.04687500 -0.16406250
v 0.01581323 -0.04687500 -0.15625000
v 0.01572216 -0.04687500 -0.14843750
v 0.01572073 -0.04687500 -0.11718750
v 0.02343750 -0.04687500 -0.10947067
v 0.02343750 -0.04689091 -0.10937500
v 0.02343750 -0.04689246 -0.10156250
v 0.02343750 -0.04689431 -0.09375000
v 0.02343750 -0.04690361 -0.08593750
v 0.02343750 -0.04695731 -0.07812500
v 0.02343750 -0.04834175 -0.07031250
v 0.02343750 -0.04691416 0.06250000
v 0.01626468 -0.04687500 0.07031250
v 0.02343750 -0.04687500 0.06313968
v 0.01568246 -0.04687500 0.07812500
v 0.01567900 -0.04687500 0.08593750
v 0.01565695 -0.04687500 0.09375000
v 0.01565206 -0.03906250 -0.29687500
v 0.01566076 -0.03906250 -0.28906250
v 0.01568413 -0.03906250 -0.28125000
v 0.01575661 -0.03906250 -0.27343750
v 0.02093995 -0.03906250 -0.26562500
v 0.02343750 -0.03906250 -0.26312751
v 0.02343750 -0.03913766 -0.25781250
v 0.02343750 -0.03922856 -0.25000000
v 0.02343750 -0.03952873 -0.17187500
v 0.02343750 -0.03918457 -0.16406250
v 0.02343750 -0.03925073 -0.15625000
v 0.02343750 -0.03915972 -0.14843750
v 0.02343750 -0.03911179 -0.14062500
v 0.02343750 -0.03910047 -0.13281250
v 0.02343750 -0.03909874 -0.12500000
v 0.02343750 -0.03915817 -0.11718750
v 0.02343750 -0.03970224 0.07031250
v 0.02343750 -0.03912002 0.07812500
v 0.02343750 -0.03911650 0.08593750
v 0.02343750 -0.03909439 0.09375000
v 0.02343750 -0.03908265 0.10156250
v 0.02343750 -0.03908050 0.10937500
v 0.01604772 -0.03906250 0.11718750
v 0.02343750 -0.03906250 0.10979772
v 0.01571500 -0.03906250 0.12500000
v 0.01568151 -0.03906250 0.13281250
v 0.01566732 -0.03906250 0.14062500
v 0.01566517 -0.03906250 0.14843750
v 0.01567137 -0.03906250 0.15625000
v 0.01567221 -0.03906250 0.16406250
v 0.01566410 -0.03906250 0.17187500
v 0.01565826 -0.03906250 0.17968750
v 0.01565909 -0.03125000 -0.30468750
v 0.01567423 -0.03125000 -0.29687500
v 0.01572371 -0.03125000 -0.28906250
v 0.02343750 -0.03125000 -0.28134876
v 0.02343750 -0.03130907 -0.28125000
v 0.02343750 -0.03138155 -0.27343750
v 0.02343750 -0.03656501 -0.26562500
v 0.02343750 -0.03167272 0.11718750
v 0.02343750 -0.03134006 0.12500000
v 0.02343750 -0.03130656 0.13281250
v 0.02343750 -0.03129238 0.14062500
v 0.02343750 -0.03129017 0.14843750
v 0.02343750 -0.03129643 0.15625000
v 0.02343750 -0.03129721 0.16406250
v 0.02343750 -0.03128910 0.17187500
v 0.02343750 -0.03128320 0.17968750
v 0.02343750 -0.03127724 0.18750000
v 0.02343750 -0.03127235 0.19531250
v 0.02343750 -0.03127062 0.20312500
v 0.01619613 -0.03125000 0.21093750
v 0.02343750 -0.03125000 0.20369613
v 0.01579857 -0.03125000 0.21875000
v 0.01571965 -0.03125000 0.22656250
v 0.01567066 -0.03125000 0.23437500
v 0.01565313 -0.03125000 0.24218750
v 0.01565123 -0.02343750 -0.32031250
v 0.01566923 -0.02343750 -0.31250000
v 0.01569438 -0.02343750 -0.30468750
v 0.01582432 -0.02343750 -0.29687500
v 0.02343750 -0.02343750 -0.28926176
v 0.02343750 -0.02353626 -0.28906250
v 0.02343750 -0.02400869 0.21093750
v 0.02343750 -0.02361107 0.21875000
v 0.02343750 -0.02353215 0.22656250
v 0.02343750 -0.02348316 0.23437500
v 0.02343750 -0.02346563 0.24218750
v 0.02343750 -0.02345753 0.25000000
v 0.01569641 -0.02343750 0.25781250
v 0.02343750 -0.02343750 0.25007141
v 0.01565480 -0.02343750 0.26562500
v 0.01565754 -0.01562500 -0.32031250
v 0.01567817 -0.01562500 -0.31250000
v 0.01572776 -0.01562500 -0.30468750
v 0.02343750 -0.01562500 -0.29697782
v 0.02343750 -0.01582426 -0.29687500
v 0.02343750 -0.01569641 0.25781250
v 0.02343750 -0.01565480 0.26562500
v 0.02343750 -0.01564592 0.27343750
v 0.01572108 -0.01562500 0.28125000
v 0.02343750 -0.01562500 0.27353358
v 0.01566243 -0.01562500 0.28906250
v 0.01564837 -0.01562500 0.29687500
v 0.01564837 -0.00781250 -0.32031250
v 0.01566756 -0.00781250 -0.31250000
v 0.01569891 -0.00781250 -0.30468750
v 0.02343750 -0.01532197 -0.29687500
v 0.01592803 -0.00781250 -0.29687500
v 0.02343750 -0.00781250 -0.28936553
v 0.02343750 -0.00790852 0.28125000
v 0.02343750 -0.00784999 0.28906250
v 0.02343750 -0.00783587 0.29687500
v 0.02343750 -0.00783187 0.30468750
v 0.02343750 -0.00782937 0.31250000
v 0.01568675 -0.00781250 0.32031250
v 0.02343750 -0.00781250 0.31256175
v 0.01565325 -0.00781250 0.32812500
v 0.01565576 0.00000000 -0.30468750
v 0.01571763 0.00000000 -0.29687500
v 0.02343750 0.00000000 -0.28915519
v 0.02343750 -0.00006169 0.32031250
v 0.02343750 -0.00002825 0.32812500
v 0.02343750 -0.00001860 0.33593750
v 0.02343750 -0.00001520 0.34375000
v 0.01574302 0.00000000 0.35156250
v 0.02343750 0.00000000 0.34386802
v 0.01566195 0.00000000 0.35937500
v 0.02343750 0.00008845 -0.28906250
v 0.01571345 0.00781250 -0.28906250
v 0.02343750 0.00781250 -0.28133839
v 0.02343750 0.00769448 0.35156250
v 0.02343750 0.00777555 0.35937500
v 0.02343750 0.00778842 0.36718750
v 0.02343750 0.00779641 0.37500000
v 0.01576626 0.00781250 0.38281250
v 0.02343750 0.00781250 0.37514126
v 0.02343750 0.00788498 -0.28125000
v 0.01569748 0.01562500 -0.28125000
v 0.02343750 0.01562500 -0.27350992
v 0.02343750 0.01548374 0.38281250
v 0.02343750 0.01560247 0.39062500
v 0.01565826 0.01562500 0.39843750
v 0.02343750 0.01562500 0.39066625
v 0.02343750 0.01566398 -0.27343750
v 0.01566398 0.02343750 -0.27343750
v 0.02343750 0.02343750 -0.26566404
v 0.01575649 0.02343750 0.39062500
v 0.02343750 0.02343750 0.38294399
v 0.02343750 0.01575649 0.39062500
v 0.02343750 0.02345371 -0.26562500
v 0.02343750 0.02347541 -0.25781250
v 0.02343750 0.03125000 -0.25003791
v 0.01567578 0.03125000 0.38281250
v 0.02343750 0.03125000 0.37505078
v 0.02343750 0.02348828 0.38281250
v 0.02343750 0.03126442 -0.25000000
v 0.02343750 0.03127444 -0.24218750
v 0.02343750 0.03135967 -0.23437500
v 0.01573467 0.03906250 -0.23437500
v 0.02343750 0.03906250 -0.22667211
v 0.01622474 0.03906250 0.35937500
v 0.02343750 0.03906250 0.35216224
v 0.02343750 0.03184974 0.35937500
v 0.02343750 0.03127980 0.36718750
v 0.01565480 0.03906250 0.36718750
v 0.02343750 0.03127110 0.37500000
v 0.02343750 0.03907847 -0.22656250
v 0.02343750 0.03908598 -0.21875000
v 0.02343750 0.03910327 -0.21093750
v 0.02343750 0.03914678 -0.20312500
v 0.01570928 0.04687500 -0.20312500
v 0.02343750 0.03930390 -0.19531250
v 0.01586640 0.04687500 -0.19531250
v 0.02343750 0.04687500 -0.18774134
v 0.01609981 0.04687500 0.17187500
v 0.02343750 0.04687500 0.16453731
v 0.02343750 0.03953731 0.17187500
v 0.02343750 0.03916430 0.17968750
v 0.01572680 0.04687500 0.17968750
v 0.02343750 0.03915286 0.18750000
v 0.01571536 0.04687500 0.18750000
v 0.02343750 0.03919792 0.19531250
v 0.01576042 0.04687500 0.19531250
v 0.02343750 0.03941584 0.20312500
v 0.01597834 0.04687500 0.20312500
v 0.02343750 0.03937352 0.21093750
v 0.01593602 0.04687500 0.21093750
v 0.02343750 0.03928161 0.21875000
v 0.01584411 0.04687500 0.21875000
v 0.02343750 0.03916323 0.22656250
v 0.01572573 0.04687500 0.22656250
v 0.02343750 0.03911769 0.23437500
v 0.01568019 0.04687500 0.23437500
v 0.02343750 0.03909361 0.24218750
v 0.01565611 0.04687500 0.24218750
v 0.02343750 0.03909039 0.25000000
v 0.01565289 0.04687500 0.25000000
v 0.02343750 0.03909111 0.25781250
v 0.01565361 0.04687500 0.25781250
v 0.02343750 0.03909266 0.26562500
v 0.01565516 0.04687500 0.26562500
v 0.02343750 0.03909600 0.27343750
v 0.01565850 0.04687500 0.27343750
v 0.02343750 0.03910232 0.28125000
v 0.01566482 0.04687500 0.28125000
v 0.02343750 0.03910089 0.28906250
v 0.01566339 0.04687500 0.28906250
v 0.02343750 0.03910589 0.29687500
v 0.01566839 0.04687500 0.29687500
v 0.02343750 0.03911698 0.30468750
v 0.01567948 0.04687500 0.30468750
v 0.02343750 0.03912508 0.31250000
v 0.01568758 0.04687500 0.31250000
v 0.02343750 0.03911245 0.32031250
v 0.01567495 0.04687500 0.32031250
v 0.02343750 0.03908861 0.32812500
v 0.02343750 0.03908062 0.33593750
v 0.02343750 0.03907752 0.34375000
v 0.02343750 0.03907549 0.35156250
v 0.02343750 0.04689348 -0.18750000
v 0.02343750 0.04689467 -0.17968750
v 0.02343750 0.04689443 -0.17187500
v 0.02343750 0.04689431 -0.16406250
v 0.02343750 0.04689431 -0.15625000
v 0.02343750 0.04689598 -0.14843750
v 0.02343750 0.04689753 -0.14062500
v 0.02343750 0.04689896 -0.13281250
v 0.02343750 0.04690027 -0.12500000
v 0.02343750 0.04690349 -0.11718750
v 0.02343750 0.04690707 -0.10937500
v 0.02343750 0.04691112 -0.10156250
v 0.02343750 0.04691827 -0.09375000
v 0.02343750 0.04691768 -0.08593750
v 0.02343750 0.04691589 -0.07812500
v 0.02343750 0.04691386 -0.07031250
v 0.02343750 0.04691410 -0.06250000
v 0.02343750 0.04691386 -0.05468750
v 0.02343750 0.04691362 -0.04687500
v 0.02343750 0.04691243 -0.03906250
v 0.02343750 0.04691172 -0.03125000
v 0.02343750 0.04691124 -0.02343750
v 0.02343750 0.04691267 -0.01562500
v 0.02343750 0.04692090 -0.00781250
v 0.01567090 0.05468750 -0.00781250
v 0.02343750 0.04694688 0.00000000
v 0.01569688 0.05468750 0.00000000
v 0.02343750 0.04696870 0.00781250
v 0.01571870 0.05468750 0.00781250
v 0.02343750 0.04700553 0.01562500
v 0.01575553 0.05468750 0.01562500
v 0.02343750 0.04705501 0.02343750
v 0.01580501 0.05468750 0.02343750
v 0.02343750 0.04705775 0.03125000
v 0.01580775 0.05468750 0.03125000
v 0.02343750 0.04700994 0.03906250
v 0.01575994 0.05468750 0.03906250
v 0.02343750 0.04697907 0.04687500
v 0.01572907 0.05468750 0.04687500
v 0.02343750 0.04694963 0.05468750
v 0.01569963 0.05468750 0.05468750
v 0.02343750 0.04692841 0.06250000
v 0.01567841 0.05468750 0.06250000
v 0.02343750 0.04690981 0.07031250
v 0.02343750 0.04689872 0.07812500
v 0.02343750 0.04689515 0.08593750
v 0.02343750 0.04689431 0.09375000
v 0.02343750 0.04689348 0.10156250
v 0.02343750 0.04689324 0.10937500
v 0.02343750 0.04689312 0.11718750
v 0.02343750 0.04689300 0.12500000
v 0.02343750 0.04689312 0.13281250
v 0.02343750 0.04689407 0.14062500
v 0.02343750 0.04689574 0.14843750
v 0.02343750 0.04689538 0.15625000
v 0.02343750 0.04689229 0.16406250
v 0.03125000 -0.10164940 0.00781250
v 0.03125000 -0.10156250 0.00767517
v 0.03125000 -0.10160983 0.01562500
v 0.02352750 -0.10156250 0.02343750
v 0.03125000 -0.10156250 0.01571500
v 0.03125000 -0.09388739 0.00000000
v 0.03125000 -0.09375000 -0.00024557
v 0.03125000 -0.09384000 0.02343750
v 0.03125000 -0.09375000 0.02345240
v 0.03125000 -0.08618307 -0.00781250
v 0.03125000 -0.08593750 -0.00796366
v 0.02347362 -0.08593750 0.03125000
v 0.03125000 -0.08593750 0.02347362
v 0.03125000 -0.07812500 -0.00794905
v 0.03125000 -0.07816112 0.03125000
v 0.03125000 -0.07812500 0.03126574
v 0.03125000 -0.07031250 -0.01092368
v 0.03125000 -0.07031250 0.03128862
v 0.03125000 -0.06256038 -0.02343750
v 0.03125000 -0.06250000 -0.02403075
v 0.03125000 -0.06561118 -0.01562500
v 0.03125000 -0.06253862 0.03906250
v 0.03125000 -0.06250000 0.03909945
v 0.03125000 -0.05471444 -0.06250000
v 0.03125000 -0.05468750 -0.06303287
v 0.03125000 -0.05472171 -0.05468750
v 0.03125000 -0.05473948 -0.04687500
v 0.03125000 -0.05476147 -0.03906250
v 0.03125000 -0.05528075 -0.03125000
v 0.03125000 -0.05472445 0.04687500
v 0.02350426 -0.05468750 0.05468750
v 0.03125000 -0.05468750 0.04694176
v 0.02346110 -0.04687500 -0.24218750
v 0.02346325 -0.04687500 -0.23437500
v 0.02346313 -0.04687500 -0.22656250
v 0.02346277 -0.04687500 -0.21875000
v 0.02346420 -0.04687500 -0.21093750
v 0.02346575 -0.04687500 -0.20312500
v 0.02346587 -0.04687500 -0.19531250
v 0.02346563 -0.04687500 -0.18750000
v 0.02346361 -0.04687500 -0.17968750
v 0.02356267 -0.04687500 -0.10937500
v 0.03125000 -0.04687500 -0.10168773
v 0.03125000 -0.04689097 -0.10156250
v 0.03125000 -0.04689270 -0.09375000
v 0.03125000 -0.04690027 -0.08593750
v 0.03125000 -0.04693663 -0.07812500
v 0.03125000 -0.04740787 -0.07031250
v 0.03125000 -0.04694176 0.05468750
v 0.02362287 -0.04687500 0.06250000
v 0.03125000 -0.04687500 0.05487287
v 0.02346420 -0.03906250 -0.25781250
v 0.02347291 -0.03906250 -0.25000000
v 0.02349412 -0.03906250 -0.24218750
v 0.02353001 -0.03906250 -0.23437500
v 0.02352631 -0.03906250 -0.22656250
v 0.02353823 -0.03906250 -0.21875000
v 0.02356625 -0.03906250 -0.21093750
v 0.02359068 -0.03906250 -0.20312500
v 0.02386534 -0.03906250 -0.19531250
v 0.03125000 -0.03906250 -0.18792790
v 0.03125000 -0.03909063 -0.18750000
v 0.03125000 -0.03908861 -0.17968750
v 0.02376962 -0.03906250 -0.17187500
v 0.03125000 -0.03906250 -0.17935538
v 0.02353036 -0.03906250 -0.16406250
v 0.02351010 -0.03906250 -0.15625000
v 0.02355564 -0.03906250 -0.14843750
v 0.02446151 -0.03906250 -0.14062500
v 0.03125000 -0.03906250 -0.13383645
v 0.03125000 -0.03908253 -0.13281250
v 0.03125000 -0.03908378 -0.12500000
v 0.03125000 -0.03910178 -0.11718750
v 0.03125000 -0.03918773 -0.10937500
v 0.03125000 -0.03924787 0.06250000
v 0.03125000 -0.03909189 0.07031250
v 0.02352476 -0.03906250 0.07812500
v 0.03125000 -0.03906250 0.07039976
v 0.02349639 -0.03906250 0.08593750
v 0.02347815 -0.03906250 0.09375000
v 0.02346945 -0.03906250 0.10156250
v 0.02346349 -0.03906250 0.10937500
v 0.02345967 -0.03125000 -0.28125000
v 0.02346623 -0.03125000 -0.27343750
v 0.02347612 -0.03125000 -0.26562500
v 0.02350450 -0.03125000 -0.25781250
v 0.02386618 -0.03125000 -0.25000000
v 0.03125000 -0.03125000 -0.24261618
v 0.03125000 -0.03130668 -0.24218750
v 0.03125000 -0.03134251 -0.23437500
v 0.03125000 -0.03133881 -0.22656250
v 0.03125000 -0.03135079 -0.21875000
v 0.03125000 -0.03137869 -0.21093750
v 0.03125000 -0.03140318 -0.20312500
v 0.03125000 -0.03167790 -0.19531250
v 0.03125000 -0.03158212 -0.17187500
v 0.03125000 -0.03134280 -0.16406250
v 0.03125000 -0.03132260 -0.15625000
v 0.03125000 -0.03136814 -0.14843750
v 0.03125000 -0.03227395 -0.14062500
v 0.03125000 -0.03133726 0.07812500
v 0.03125000 -0.03130889 0.08593750
v 0.03125000 -0.03129065 0.09375000
v 0.03125000 -0.03128201 0.10156250
v 0.03125000 -0.03127605 0.10937500
v 0.02364933 -0.03125000 0.11718750
v 0.03125000 -0.03125000 0.10958683
v 0.02353144 -0.03125000 0.12500000
v 0.02350354 -0.03125000 0.13281250
v 0.02348268 -0.03125000 0.14062500
v 0.02347505 -0.03125000 0.14843750
v 0.02347803 -0.03125000 0.15625000
v 0.02348101 -0.03125000 0.16406250
v 0.02347469 -0.03125000 0.17187500
v 0.02346933 -0.03125000 0.17968750
v 0.02346575 -0.03125000 0.18750000
v 0.02346289 -0.03125000 0.19531250
v 0.02346087 -0.03125000 0.20312500
v 0.02346146 -0.02343750 -0.28906250
v 0.02347374 -0.02343750 -0.28125000
v 0.02350008 -0.02343750 -0.27343750
v 0.02362680 -0.02343750 -0.26562500
v 0.03125000 -0.02343750 -0.25800186
v 0.03125000 -0.02350450 -0.25781250
v 0.03125000 -0.02386618 -0.25000000
v 0.03125000 -0.02364928 0.11718750
v 0.03125000 -0.02353150 0.12500000
v 0.03125000 -0.02350348 0.13281250
v 0.03125000 -0.02348262 0.14062500
v 0.03125000 -0.02347499 0.14843750
v 0.03125000 -0.02347803 0.15625000
v 0.03125000 -0.02348107 0.16406250
v 0.03125000 -0.02347463 0.17187500
v 0.03125000 -0.02346939 0.17968750
v 0.03125000 -0.02346581 0.18750000
v 0.02432728 -0.02343750 0.19531250
v 0.03125000 -0.02343750 0.18838978
v 0.02360868 -0.02343750 0.20312500
v 0.02353358 -0.02343750 0.21093750
v 0.02349973 -0.02343750 0.21875000
v 0.02348471 -0.02343750 0.22656250
v 0.02347517 -0.02343750 0.23437500
v 0.02346873 -0.02343750 0.24218750
v 0.02346146 -0.02343750 0.25000000
v 0.02345884 -0.01562500 -0.29687500
v 0.02346694 -0.01562500 -0.28906250
v 0.02348971 -0.01562500 -0.28125000
v 0.02361429 -0.01562500 -0.27343750
v 0.03125000 -0.01562500 -0.26580173
v 0.03125000 -0.01581436 -0.26562500
v 0.03125000 -0.01651478 0.19531250
v 0.03125000 -0.01579612 0.20312500
v 0.03125000 -0.01572102 0.21093750
v 0.03125000 -0.01568717 0.21875000
v 0.03125000 -0.01567221 0.22656250
v 0.03125000 -0.01566267 0.23437500
v 0.03125000 -0.01565617 0.24218750
v 0.02538717 -0.01562500 0.25000000
v 0.03125000 -0.01562500 0.24413717
v 0.02354681 -0.01562500 0.25781250
v 0.02348125 -0.01562500 0.26562500
v 0.02346265 -0.01562500 0.27343750
v 0.02346349 -0.00781250 -0.28906250
v 0.02347934 -0.00781250 -0.28125000
v 0.02355158 -0.00781250 -0.27343750
v 0.03125000 -0.00781250 -0.26573908
v 0.03125000 -0.00976223 0.25000000
v 0.03125000 -0.00792187 0.25781250
v 0.03125000 -0.00785631 0.26562500
v 0.03125000 -0.00783765 0.27343750
v 0.02358294 -0.00781250 0.28125000
v 0.03125000 -0.00781250 0.27358294
v 0.02351165 -0.00781250 0.28906250
v 0.02349484 -0.00781250 0.29687500
v 0.02348459 -0.00781250 0.30468750
v 0.02346575 -0.00781250 0.31250000
v 0.02346039 0.00000000 -0.28906250
v 0.02347136 0.00000000 -0.28125000
v 0.02351987 0.00000000 -0.27343750
v 0.03125000 0.00000000 -0.26570737
v 0.03125000 -0.00014538 0.28125000
v 0.03125000 -0.00007421 0.28906250
v 0.03125000 -0.00005734 0.29687500
v 0.03125000 -0.00004703 0.30468750
v 0.03125000 -0.00002825 0.31250000
v 0.03125000 -0.00001854 0.32031250
v 0.03125000 -0.00001532 0.32812500
v 0.03125000 -0.00001365 0.33593750
v 0.02347791 0.00000000 0.34375000
v 0.03125000 0.00000000 0.33597791
v 0.02346206 0.00781250 -0.28125000
v 0.02347708 0.00781250 -0.27343750
v 0.03125000 0.00013256 -0.26562500
v 0.02357006 0.00781250 -0.26562500
v 0.03125000 0.00781250 -0.25794512
v 0.03125000 0.00777209 0.34375000
v 0.03125000 0.00779152 0.35156250
v 0.03125000 0.00779712 0.35937500
v 0.03125000 0.00779974 0.36718750
v 0.03125000 0.00780106 0.37500000
v 0.03125000 0.00781250 0.37502658
v 0.02346420 0.01562500 -0.27343750
v 0.02348864 0.01562500 -0.26562500
v 0.03125000 0.00811470 -0.25781250
v 0.02373970 0.01562500 -0.25781250
v 0.03125000 0.01562500 -0.25030220
v 0.03125000 0.01559842 0.38281250
v 0.03125000 0.01561165 0.39062500
v 0.03125000 0.01562500 0.39065194
v 0.02346313 0.02343750 -0.26562500
v 0.02348971 0.02343750 -0.25781250
v 0.03125000 0.01603627 -0.25000000
v 0.02384877 0.02343750 -0.25000000
v 0.03125000 0.02343750 -0.24259877
v 0.03125000 0.02343750 0.38285291
v 0.03125000 0.01566541 0.39062500
v 0.02346492 0.03125000 -0.25000000
v 0.03125000 0.02350020 -0.24218750
v 0.02350020 0.03125000 -0.24218750
v 0.03125000 0.02559638 -0.23437500
v 0.02559638 0.03125000 -0.23437500
v 0.03125000 0.03125000 -0.22872138
v 0.03125000 0.03125000 0.37502110
v 0.03125000 0.02345860 0.38281250
v 0.03125000 0.03128624 -0.22656250
v 0.02347374 0.03906250 -0.22656250
v 0.03125000 0.03132367 -0.21875000
v 0.02351117 0.03906250 -0.21875000
v 0.03125000 0.03152168 -0.21093750
v 0.02370918 0.03906250 -0.21093750
v 0.03125000 0.03906250 -0.20339674
v 0.02490199 0.03906250 0.22656250
v 0.03125000 0.03906250 0.22021449
v 0.03125000 0.03271449 0.22656250
v 0.03125000 0.03136790 0.23437500
v 0.02355540 0.03906250 0.23437500
v 0.03125000 0.03132033 0.24218750
v 0.02350783 0.03906250 0.24218750
v 0.03125000 0.03130472 0.25000000
v 0.02349222 0.03906250 0.25000000
v 0.03125000 0.03133905 0.25781250
v 0.02352655 0.03906250 0.25781250
v 0.03125000 0.03149724 0.26562500
v 0.02368474 0.03906250 0.26562500
v 0.03125000 0.03906250 0.27319026
v 0.03125000 0.03906250 0.35159492
v 0.03125000 0.03128242 0.35937500
v 0.03125000 0.03126442 0.36718750
v 0.03125000 0.03126168 0.37500000
v 0.03125000 0.03908575 -0.20312500
v 0.03125000 0.03908980 -0.19531250
v 0.03125000 0.03909409 -0.18750000
v 0.02346909 0.04687500 -0.18750000
v 0.03125000 0.03909421 -0.17968750
v 0.02346921 0.04687500 -0.17968750
v 0.03125000 0.03909194 -0.17187500
v 0.02346694 0.04687500 -0.17187500
v 0.03125000 0.03909266 -0.16406250
v 0.02346766 0.04687500 -0.16406250
v 0.03125000 0.03909993 -0.15625000
v 0.02347493 0.04687500 -0.15625000
v 0.03125000 0.03911185 -0.14843750
v 0.02348685 0.04687500 -0.14843750
v 0.03125000 0.03912675 -0.14062500
v 0.02350175 0.04687500 -0.14062500
v 0.03125000 0.03915584 -0.13281250
v 0.02353084 0.04687500 -0.13281250
v 0.03125000 0.03919494 -0.12500000
v 0.02356994 0.04687500 -0.12500000
v 0.03125000 0.03942871 -0.11718750
v 0.02380371 0.04687500 -0.11718750
v 0.03125000 0.03983414 -0.10937500
v 0.02420914 0.04687500 -0.10937500
v 0.03125000 0.03984475 -0.10156250
v 0.02421975 0.04687500 -0.10156250
v 0.03125000 0.04426551 -0.09375000
v 0.02864051 0.04687500 -0.09375000
v 0.03125000 0.04687500 -0.09114051
v 0.02387655 0.04687500 -0.07031250
v 0.03125000 0.04687500 -0.07768601
v 0.03125000 0.03950155 -0.07031250
v 0.03125000 0.03923357 -0.06250000
v 0.02360857 0.04687500 -0.06250000
v 0.03125000 0.03917527 -0.05468750
v 0.02355027 0.04687500 -0.05468750
v 0.03125000 0.03915966 -0.04687500
v 0.02353466 0.04687500 -0.04687500
v 0.03125000 0.03913629 -0.03906250
v 0.02351129 0.04687500 -0.03906250
v 0.03125000 0.03912663 -0.03125000
v 0.02350163 0.04687500 -0.03125000
v 0.03125000 0.03912485 -0.02343750
v 0.02349985 0.04687500 -0.02343750
v 0.03125000 0.03911638 -0.01562500
v 0.02349138 0.04687500 -0.01562500
v 0.03125000 0.03911877 -0.00781250
v 0.02349377 0.04687500 -0.00781250
v 0.03125000 0.03913212 0.00000000
v 0.02350712 0.04687500 0.00000000
v 0.03125000 0.03915012 0.00781250
v 0.02352512 0.04687500 0.00781250
v 0.03125000 0.03918219 0.01562500
v 0.02355719 0.04687500 0.01562500
v 0.03125000 0.03925240 0.02343750
v 0.02362740 0.04687500 0.02343750
v 0.03125000 0.03940511 0.03125000
v 0.02378011 0.04687500 0.03125000
v 0.03125000 0.03941846 0.03906250
v 0.02379346 0.04687500 0.03906250
v 0.03125000 0.03948867 0.04687500
v 0.02386367 0.04687500 0.04687500
v 0.03125000 0.03937697 0.05468750
v 0.02375197 0.04687500 0.05468750
v 0.03125000 0.03918207 0.06250000
v 0.02355707 0.04687500 0.06250000
v 0.03125000 0.03914094 0.07031250
v 0.02351594 0.04687500 0.07031250
v 0.03125000 0.03911698 0.07812500
v 0.02349198 0.04687500 0.07812500
v 0.03125000 0.03910339 0.08593750
v 0.02347839 0.04687500 0.08593750
v 0.03125000 0.03909326 0.09375000
v 0.02346826 0.04687500 0.09375000
v 0.03125000 0.03909075 0.10156250
v 0.02346575 0.04687500 0.10156250
v 0.03125000 0.03909254 0.10937500
v 0.02346754 0.04687500 0.10937500
v 0.03125000 0.03909886 0.11718750
v 0.02347386 0.04687500 0.11718750
v 0.03125000 0.03910923 0.12500000
v 0.02348423 0.04687500 0.12500000
v 0.03125000 0.03911626 0.13281250
v 0.02349126 0.04687500 0.13281250
v 0.03125000 0.03912616 0.14062500
v 0.02350116 0.04687500 0.14062500
v 0.03125000 0.03914189 0.14843750
v 0.02351689 0.04687500 0.14843750
v 0.03125000 0.03915215 0.15625000
v 0.02352715 0.04687500 0.15625000
v 0.03125000 0.03912508 0.16406250
v 0.02350008 0.04687500 0.16406250
v 0.03125000 0.03910303 0.17187500
v 0.03125000 0.03909278 0.17968750
v 0.03125000 0.03908813 0.18750000
v 0.03125000 0.03908670 0.19531250
v 0.03125000 0.03908730 0.20312500
v 0.03125000 0.03908479 0.21093750
v 0.03125000 0.03908396 0.21875000
v 0.03125000 0.03907645 0.27343750
v 0.03125000 0.03907764 0.28125000
v 0.03125000 0.03907728 0.28906250
v 0.03125000 0.03907847 0.29687500
v 0.03125000 0.03908038 0.30468750
v 0.03125000 0.03908241 0.31250000
v 0.03125000 0.03908229 0.32031250
v 0.03125000 0.03907812 0.32812500
v 0.03125000 0.03907597 0.33593750
v 0.03125000 0.03907490 0.34375000
v 0.03125000 0.03907382 0.35156250
v 0.03125000 0.04689348 -0.08593750
v 0.03125000 0.04689324 -0.07812500
v 0.03897560 -0.10937500 0.00781250
v 0.03906250 -0.10941827 0.00781250
v 0.03906250 -0.10937500 0.00634325
v 0.03906250 -0.10937500 0.00785005
v 0.03906250 -0.10156250 0.00527382
v 0.03906250 -0.10160005 0.01562500
v 0.03906250 -0.10156250 0.01567113
v 0.03881693 -0.09375000 -0.00781250
v 0.03906250 -0.09421122 -0.00781250
v 0.03906250 -0.09375000 -0.00809467
v 0.03906250 -0.09628868 0.00000000
v 0.03141439 -0.09375000 0.02343750
v 0.03906250 -0.09375000 0.01578939
v 0.03906250 -0.08593750 -0.00807703
v 0.03906250 -0.08610195 0.02343750
v 0.03906250 -0.08593750 0.02346385
v 0.03906250 -0.07812500 -0.00808030
v 0.03135598 -0.07812500 0.03125000
v 0.03906250 -0.07812500 0.02354348
v 0.03595138 -0.07031250 -0.01562500
v 0.03906250 -0.07058030 -0.01562500
v 0.03906250 -0.07031250 -0.01578349
v 0.03906250 -0.07041854 0.03125000
v 0.03906250 -0.07031250 0.03127301
v 0.03906250 -0.06265849 -0.02343750
v 0.03906250 -0.06250000 -0.02455097
v 0.03133869 -0.06250000 0.03906250
v 0.03906250 -0.06250000 0.03133869
v 0.03852963 -0.05468750 -0.07031250
v 0.03906250 -0.05472773 -0.07031250
v 0.03906250 -0.05468750 -0.07135582
v 0.03906250 -0.05472749 -0.06250000
v 0.03906250 -0.05474162 -0.05468750
v 0.03906250 -0.05477875 -0.04687500
v 0.03906250 -0.05490422 -0.03906250
v 0.03906250 -0.05580097 -0.03125000
v 0.03906250 -0.05477625 0.03906250
v 0.03133309 -0.05468750 0.04687500
v 0.03906250 -0.05468750 0.03914559
v 0.03906250 -0.04689121 -0.10156250
v 0.03906250 -0.04687500 -0.10159862
v 0.03906250 -0.04689449 -0.09375000
v 0.03906250 -0.04691333 -0.08593750
v 0.03906250 -0.04791832 -0.07812500
v 0.03906250 -0.04695803 0.04687500
v 0.03131831 -0.04687500 0.05468750
v 0.03906250 -0.04687500 0.04694331
v 0.03127420 -0.03906250 -0.18750000
v 0.03127491 -0.03906250 -0.17968750
v 0.03127813 -0.03906250 -0.13281250
v 0.03131580 -0.03906250 -0.12500000
v 0.03906250 -0.03906250 -0.11725324
v 0.03906250 -0.03908241 -0.11718750
v 0.03906250 -0.03909862 -0.10937500
v 0.03906250 -0.03913081 0.05468750
v 0.03906250 -0.03908551 0.06250000
v 0.03128970 -0.03906250 0.07031250
v 0.03906250 -0.03906250 0.06253970
v 0.03127682 -0.03125000 -0.24218750
v 0.03128612 -0.03125000 -0.23437500
v 0.03128493 -0.03125000 -0.22656250
v 0.03128505 -0.03125000 -0.21875000
v 0.03128660 -0.03125000 -0.21093750
v 0.03128839 -0.03125000 -0.20312500
v 0.03129947 -0.03125000 -0.19531250
v 0.03133559 -0.03125000 -0.18750000
v 0.03136468 -0.03125000 -0.17968750
v 0.03135157 -0.03125000 -0.17187500
v 0.03133297 -0.03125000 -0.16406250
v 0.03132236 -0.03125000 -0.15625000
v 0.03135419 -0.03125000 -0.14843750
v 0.03152752 -0.03125000 -0.14062500
v 0.03906250 -0.03125000 -0.13309002
v 0.03906250 -0.03127819 -0.13281250
v 0.03906250 -0.03131574 -0.12500000
v 0.03906250 -0.03128970 0.07031250
v 0.03133237 -0.03125000 0.07812500
v 0.03906250 -0.03125000 0.07039487
v 0.03131640 -0.03125000 0.08593750
v 0.03128827 -0.03125000 0.09375000
v 0.03127873 -0.03125000 0.10156250
v 0.03127360 -0.03125000 0.10937500
v 0.03127611 -0.02343750 -0.25781250
v 0.03128946 -0.02343750 -0.25000000
v 0.03132391 -0.02343750 -0.24218750
v 0.03146565 -0.02343750 -0.23437500
v 0.03150690 -0.02343750 -0.22656250
v 0.03154123 -0.02343750 -0.21875000
v 0.03155279 -0.02343750 -0.21093750
v 0.03164816 -0.02343750 -0.20312500
v 0.03906250 -0.02343750 -0.19571060
v 0.03906250 -0.02348703 -0.19531250
v 0.03906250 -0.02352315 -0.18750000
v 0.03906250 -0.02355218 -0.17968750
v 0.03906250 -0.02353907 -0.17187500
v 0.03906250 -0.02352041 -0.16406250
v 0.03906250 -0.02350986 -0.15625000
v 0.03906250 -0.02354169 -0.14843750
v 0.03906250 -0.02371502 -0.14062500
v 0.03906250 -0.02351987 0.07812500
v 0.03906250 -0.02350390 0.08593750
v 0.03906250 -0.02347577 0.09375000
v 0.03151834 -0.02343750 0.10156250
v 0.03906250 -0.02343750 0.09401834
v 0.03134513 -0.02343750 0.10937500
v 0.03131700 -0.02343750 0.11718750
v 0.03129840 -0.02343750 0.12500000
v 0.03128910 -0.02343750 0.13281250
v 0.03128505 -0.02343750 0.14062500
v 0.03128254 -0.02343750 0.14843750
v 0.03128207 -0.02343750 0.15625000
v 0.03128386 -0.02343750 0.16406250
v 0.03128111 -0.02343750 0.17187500
v 0.03127670 -0.02343750 0.17968750
v 0.03127408 -0.02343750 0.18750000
v 0.03127563 -0.01562500 -0.26562500
v 0.03129208 -0.01562500 -0.25781250
v 0.03136289 -0.01562500 -0.25000000
v 0.03906250 -0.01562500 -0.24230033
v 0.03906250 -0.01569897 -0.24218750
v 0.03906250 -0.01584071 -0.23437500
v 0.03906250 -0.01588196 -0.22656250
v 0.03906250 -0.01591629 -0.21875000
v 0.03906250 -0.01592785 -0.21093750
v 0.03906250 -0.01602310 -0.20312500
v 0.03906250 -0.01589340 0.10156250
v 0.03906250 -0.01572019 0.10937500
v 0.03906250 -0.01569200 0.11718750
v 0.03906250 -0.01567340 0.12500000
v 0.03906250 -0.01566416 0.13281250
v 0.03906250 -0.01566005 0.14062500
v 0.03906250 -0.01565748 0.14843750
v 0.03906250 -0.01565707 0.15625000
v 0.03906250 -0.01565880 0.16406250
v 0.03906250 -0.01565611 0.17187500
v 0.03906250 -0.01565170 0.17968750
v 0.03906250 -0.01564902 0.18750000
v 0.03906250 -0.01564693 0.19531250
v 0.03179038 -0.01562500 0.20312500
v 0.03906250 -0.01562500 0.19585288
v 0.03141952 -0.01562500 0.21093750
v 0.03133583 -0.01562500 0.21875000
v 0.03130329 -0.01562500 0.22656250
v 0.03128493 -0.01562500 0.23437500
v 0.03127611 -0.01562500 0.24218750
v 0.03127503 -0.00781250 -0.26562500
v 0.03129280 -0.00781250 -0.25781250
v 0.03136909 -0.00781250 -0.25000000
v 0.03906250 -0.00781250 -0.24230659
v 0.03906250 -0.00835282 0.20312500
v 0.03906250 -0.00798208 0.21093750
v 0.03906250 -0.00789833 0.21875000
v 0.03906250 -0.00786579 0.22656250
v 0.03906250 -0.00784743 0.23437500
v 0.03906250 -0.00783867 0.24218750
v 0.03134441 -0.00781250 0.25000000
v 0.03906250 -0.00781250 0.24228191
v 0.03129554 -0.00781250 0.25781250
v 0.03128183 -0.00781250 0.26562500
v 0.03127277 -0.00781250 0.27343750
v 0.03127301 0.00000000 -0.26562500
v 0.03128803 0.00000000 -0.25781250
v 0.03133857 0.00000000 -0.25000000
v 0.03906250 0.00000000 -0.24227613
v 0.03906250 -0.00009441 0.25000000
v 0.03906250 -0.00004548 0.25781250
v 0.03906250 -0.00003177 0.26562500
v 0.03906250 -0.00002283 0.27343750
v 0.03906250 -0.00001979 0.28125000
v 0.03906250 -0.00001901 0.28906250
v 0.03906250 -0.00001788 0.29687500
v 0.03906250 -0.00001758 0.30468750
v 0.03906250 -0.00001615 0.31250000
v 0.03906250 -0.00001472 0.32031250
v 0.03906250 -0.00001335 0.32812500
v 0.03236687 0.00000000 0.33593750
v 0.03906250 0.00000000 0.32924187
v 0.03127646 0.00781250 -0.25781250
v 0.03130352 0.00781250 -0.25000000
v 0.03906250 0.00030077 -0.24218750
v 0.03155077 0.00781250 -0.24218750
v 0.03906250 0.00781250 -0.23467582
v 0.03906250 0.00669563 0.33593750
v 0.03906250 0.00779247 0.34375000
v 0.03906250 0.00779676 0.35156250
v 0.03906250 0.00779855 0.35937500
v 0.03906250 0.00779986 0.36718750
v 0.03129828 0.00781250 0.37500000
v 0.03906250 0.00781250 0.36723578
v 0.03127873 0.01562500 -0.25000000
v 0.03130913 0.01562500 -0.24218750
v 0.03906250 0.00897276 -0.23437500
v 0.03241026 0.01562500 -0.23437500
v 0.03906250 0.01562500 -0.22772282
v 0.03906250 0.01557672 0.37500000
v 0.03906250 0.01560867 0.38281250
v 0.03906250 0.01561403 0.39062500
v 0.03906250 0.01562500 0.39064813
v 0.03127789 0.02343750 -0.24218750
v 0.03129745 0.02343750 -0.23437500
v 0.03906250 0.01571417 -0.22656250
v 0.03133917 0.02343750 -0.22656250
v 0.03906250 0.01609445 -0.21875000
v 0.03171945 0.02343750 -0.21875000
v 0.03906250 0.02343750 -0.21140695
v 0.03906250 0.02343750 0.38285482
v 0.03906250 0.01566732 0.39062500
v 0.03127801 0.03125000 -0.22656250
v 0.03128803 0.03125000 -0.21875000
v 0.03906250 0.02349293 -0.21093750
v 0.03130543 0.03125000 -0.21093750
v 0.03906250 0.02352667 -0.20312500
v 0.03133917 0.03125000 -0.20312500
v 0.03906250 0.02361262 -0.19531250
v 0.03142512 0.03125000 -0.19531250
v 0.03906250 0.02373827 -0.18750000
v 0.03155077 0.03125000 -0.18750000
v 0.03906250 0.02379549 -0.17968750
v 0.03160799 0.03125000 -0.17968750
v 0.03906250 0.03125000 -0.17223305
v 0.03163040 0.03125000 0.18750000
v 0.03906250 0.03125000 0.18006790
v 0.03906250 0.02381790 0.18750000
v 0.03906250 0.02359879 0.19531250
v 0.03141129 0.03125000 0.19531250
v 0.03906250 0.02356958 0.20312500
v 0.03138208 0.03125000 0.20312500
v 0.03906250 0.02379119 0.21093750
v 0.03160369 0.03125000 0.21093750
v 0.03906250 0.02403152 0.21875000
v 0.03184402 0.03125000 0.21875000
v 0.03906250 0.02358091 0.22656250
v 0.03139341 0.03125000 0.22656250
v 0.03906250 0.02352214 0.23437500
v 0.03133464 0.03125000 0.23437500
v 0.03906250 0.02350700 0.24218750
v 0.03131950 0.03125000 0.24218750
v 0.03906250 0.02350056 0.25000000
v 0.03131306 0.03125000 0.25000000
v 0.03906250 0.02350533 0.25781250
v 0.03131783 0.03125000 0.25781250
v 0.03906250 0.02358723 0.26562500
v 0.03139973 0.03125000 0.26562500
v 0.03906250 0.03125000 0.27328777
v 0.03906250 0.03125000 0.37501979
v 0.03906250 0.02345729 0.38281250
v 0.03127348 0.03906250 -0.20312500
v 0.03127682 0.03906250 -0.19531250
v 0.03127956 0.03906250 -0.18750000
v 0.03127933 0.03906250 -0.17968750
v 0.03906250 0.03127909 -0.17187500
v 0.03127909 0.03906250 -0.17187500
v 0.03906250 0.03128302 -0.16406250
v 0.03128302 0.03906250 -0.16406250
v 0.03906250 0.03129315 -0.15625000
v 0.03129315 0.03906250 -0.15625000
v 0.03906250 0.03131902 -0.14843750
v 0.03131902 0.03906250 -0.14843750
v 0.03906250 0.03136528 -0.14062500
v 0.03136528 0.03906250 -0.14062500
v 0.03906250 0.03153741 -0.13281250
v 0.03153741 0.03906250 -0.13281250
v 0.03906250 0.03906250 -0.12528747
v 0.03266025 0.03906250 -0.05468750
v 0.03906250 0.03906250 -0.06108969
v 0.03906250 0.03266025 -0.05468750
v 0.03906250 0.03143132 -0.04687500
v 0.03143132 0.03906250 -0.04687500
v 0.03906250 0.03132570 -0.03906250
v 0.03132570 0.03906250 -0.03906250
v 0.03906250 0.03129876 -0.03125000
v 0.03129876 0.03906250 -0.03125000
v 0.03906250 0.03129160 -0.02343750
v 0.03129160 0.03906250 -0.02343750
v 0.03906250 0.03128815 -0.01562500
v 0.03128815 0.03906250 -0.01562500
v 0.03906250 0.03128552 -0.00781250
v 0.03128552 0.03906250 -0.00781250
v 0.03906250 0.03129053 0.00000000
v 0.03129053 0.03906250 0.00000000
v 0.03906250 0.03129804 0.00781250
v 0.03129804 0.03906250 0.00781250
v 0.03906250 0.03130770 0.01562500
v 0.03130770 0.03906250 0.01562500
v 0.03906250 0.03131843 0.02343750
v 0.03131843 0.03906250 0.02343750
v 0.03906250 0.03133428 0.03125000
v 0.03133428 0.03906250 0.03125000
v 0.03906250 0.03135741 0.03906250
v 0.03135741 0.03906250 0.03906250
v 0.03906250 0.03136027 0.04687500
v 0.03136027 0.03906250 0.04687500
v 0.03906250 0.03134573 0.05468750
v 0.03134573 0.03906250 0.05468750
v 0.03906250 0.03133428 0.06250000
v 0.03133428 0.03906250 0.06250000
v 0.03906250 0.03131235 0.07031250
v 0.03131235 0.03906250 0.07031250
v 0.03906250 0.03129852 0.07812500
v 0.03129852 0.03906250 0.07812500
v 0.03906250 0.03128862 0.08593750
v 0.03128862 0.03906250 0.08593750
v 0.03906250 0.03128195 0.09375000
v 0.03128195 0.03906250 0.09375000
v 0.03906250 0.03127933 0.10156250
v 0.03127933 0.03906250 0.10156250
v 0.03906250 0.03127992 0.10937500
v 0.03127992 0.03906250 0.10937500
v 0.03906250 0.03128159 0.11718750
v 0.03128159 0.03906250 0.11718750
v 0.03906250 0.03128374 0.12500000
v 0.03128374 0.03906250 0.12500000
v 0.03906250 0.03128552 0.13281250
v 0.03128552 0.03906250 0.13281250
v 0.03906250 0.03128743 0.14062500
v 0.03128743 0.03906250 0.14062500
v 0.03906250 0.03128827 0.14843750
v 0.03128827 0.03906250 0.14843750
v 0.03906250 0.03128755 0.15625000
v 0.03128755 0.03906250 0.15625000
v 0.03906250 0.03128397 0.16406250
v 0.03128397 0.03906250 0.16406250
v 0.03906250 0.03128183 0.17187500
v 0.03128183 0.03906250 0.17187500
v 0.03906250 0.03127873 0.17968750
v 0.03127873 0.03906250 0.17968750
v 0.03127646 0.03906250 0.18750000
v 0.03127384 0.03906250 0.19531250
v 0.03127337 0.03906250 0.20312500
v 0.03127205 0.03906250 0.21093750
v 0.03127193 0.03906250 0.21875000
v 0.03906250 0.03127420 0.27343750
v 0.03127420 0.03906250 0.27343750
v 0.03906250 0.03130972 0.28125000
v 0.03130972 0.03906250 0.28125000
v 0.03906250 0.03906250 0.28900278
v 0.03906250 0.03906250 0.35158658
v 0.03906250 0.03127408 0.35937500
v 0.03906250 0.03126323 0.36718750
v 0.03906250 0.03126168 0.37500000
v 0.03906250 0.03908300 -0.12500000
v 0.03906250 0.03908396 -0.11718750
v 0.03906250 0.03908396 -0.10937500
v 0.03906250 0.03908408 -0.10156250
v 0.03906250 0.03908503 -0.09375000
v 0.03906250 0.03908539 -0.08593750
v 0.03127289 0.04687500 -0.08593750
v 0.03906250 0.03908479 -0.07812500
v 0.03127229 0.04687500 -0.07812500
v 0.03906250 0.03908336 -0.07031250
v 0.03906250 0.03908193 -0.06250000
v 0.03906250 0.03907490 0.28906250
v 0.03906250 0.03907573 0.29687500
v 0.03906250 0.03907704 0.30468750
v 0.03906250 0.03907859 0.31250000
v 0.03906250 0.03907907 0.32031250
v 0.03906250 0.03907752 0.32812500
v 0.03906250 0.03907537 0.33593750
v 0.03906250 0.03907466 0.34375000
v 0.03906250 0.03907371 0.35156250
v 0.04681969 -0.11718750 -0.02343750
v 0.04687500 -0.11829996 -0.02343750
v 0.04687500 -0.11718750 -0.02346814
v 0.04674125 -0.11718750 -0.01562500
v 0.04687500 -0.11902052 -0.01562500
v 0.04676032 -0.11718750 -0.00781250
v 0.04687500 -0.11806637 -0.00781250
v 0.04672229 -0.11718750 0.00000000
v 0.04687500 -0.11724150 0.00000000
v 0.04687500 -0.11718750 0.00006258
v 0.04682255 -0.10937500 -0.02343750
v 0.04687500 -0.10937500 -0.02345711
v 0.04675615 -0.10937500 -0.01562500
v 0.04655647 -0.10937500 -0.00781250
v 0.04540575 -0.10937500 0.00000000
v 0.04687500 -0.10943758 0.00781250
v 0.04687500 -0.10937500 0.00786281
v 0.04687500 -0.10902208 -0.02343750
v 0.04687500 -0.10156250 -0.01597792
v 0.04678798 -0.10156250 -0.01562500
v 0.04641378 -0.10156250 -0.00781250
v 0.04433632 -0.10156250 0.00000000
v 0.04687500 -0.10161275 0.01562500
v 0.04687500 -0.10156250 0.01565540
v 0.04687500 -0.09559882 -0.01562500
v 0.04687500 -0.09375000 -0.01377618
v 0.04687500 -0.09375000 0.01570225
v 0.04661047 -0.08593750 -0.01562500
v 0.04687500 -0.09190118 -0.01562500
v 0.04687500 -0.08593750 -0.01570886
v 0.04687500 -0.08601481 0.02343750
v 0.04687500 -0.08593750 0.02346504
v 0.04660726 -0.07812500 -0.01562500
v 0.04687500 -0.07812500 -0.01569319
v 0.04687500 -0.07812500 0.02348256
v 0.04687500 -0.07031250 -0.01614547
v 0.03923190 -0.07031250 0.03125000
v 0.04687500 -0.07031250 0.02360690
v 0.04576147 -0.06250000 -0.03125000
v 0.04687500 -0.06254733 -0.03125000
v 0.04687500 -0.06250000 -0.03157818
v 0.04687500 -0.06302047 -0.02343750
v 0.04687500 -0.06266940 0.03125000
v 0.04687500 -0.06250000 0.03129089
v 0.04683673 -0.05468750 -0.08593750
v 0.04687500 -0.05470711 -0.08593750
v 0.04687500 -0.05468750 -0.08597356
v 0.04583168 -0.05468750 -0.07812500
v 0.04687500 -0.05472946 -0.07812500
v 0.04687500 -0.05481672 -0.07031250
v 0.04687500 -0.05487055 -0.06250000
v 0.04687500 -0.05503947 -0.05468750
v 0.04687500 -0.05512071 -0.04687500
v 0.04687500 -0.05501568 -0.03906250
v 0.04687500 -0.05472839 0.03906250
v 0.04687500 -0.05468750 0.03908932
v 0.04687500 -0.04689318 -0.10156250
v 0.04687500 -0.04687500 -0.10160124
v 0.04687500 -0.04691106 -0.09375000
v 0.03929007 -0.04687500 0.04687500
v 0.04687500 -0.04687500 0.03929007
v 0.03909063 -0.03906250 -0.11718750
v 0.04687500 -0.03906250 -0.10940313
v 0.04687500 -0.03910124 -0.10937500
v 0.04687500 -0.03929013 0.04687500
v 0.04687500 -0.03908521 0.05468750
v 0.04687500 -0.03907567 0.06250000
v 0.04687500 -0.03906250 0.06251717
v 0.03908813 -0.03125000 -0.13281250
v 0.03914917 -0.03125000 -0.12500000
v 0.04687500 -0.03125000 -0.11727422
v 0.04687500 -0.03127813 -0.11718750
v 0.03912103 -0.03125000 0.07031250
v 0.04687500 -0.03125000 0.06255853
v 0.03908396 -0.02343750 -0.19531250
v 0.03909111 -0.02343750 -0.18750000
v 0.03909981 -0.02343750 -0.17968750
v 0.03910828 -0.02343750 -0.17187500
v 0.03911257 -0.02343750 -0.16406250
v 0.03910518 -0.02343750 -0.15625000
v 0.03910565 -0.02343750 -0.14843750
v 0.03911734 -0.02343750 -0.14062500
v 0.03919148 -0.02343750 -0.13281250
v 0.04687500 -0.02343750 -0.12512904
v 0.04687500 -0.02352422 -0.12500000
v 0.03913498 -0.02343750 0.07031250
v 0.04687500 -0.02343750 0.06257248
v 0.03909922 -0.02343750 0.07812500
v 0.03909636 -0.02343750 0.08593750
v 0.03908539 -0.02343750 0.09375000
v 0.03908491 -0.01562500 -0.24218750
v 0.03909016 -0.01562500 -0.23437500
v 0.03909445 -0.01562500 -0.22656250
v 0.03909814 -0.01562500 -0.21875000
v 0.03909922 -0.01562500 -0.21093750
v 0.03909945 -0.01562500 -0.20312500
v 0.03909993 -0.01562500 -0.19531250
v 0.03911924 -0.01562500 -0.18750000
v 0.03915691 -0.01562500 -0.17968750
v 0.03932548 -0.01562500 -0.17187500
v 0.03942358 -0.01562500 -0.16406250
v 0.03926051 -0.01562500 -0.15625000
v 0.03921628 -0.01562500 -0.14843750
v 0.03962898 -0.01562500 -0.14062500
v 0.04687500 -0.01562500 -0.13337892
v 0.04687500 -0.01575404 -0.13281250
v 0.04084814 -0.01562500 0.07031250
v 0.04687500 -0.01562500 0.06428564
v 0.03916144 -0.01562500 0.07812500
v 0.03914285 -0.01562500 0.08593750
v 0.03911197 -0.01562500 0.09375000
v 0.03910315 -0.01562500 0.10156250
v 0.03909838 -0.01562500 0.10937500
v 0.03909564 -0.01562500 0.11718750
v 0.03909183 -0.01562500 0.12500000
v 0.03908837 -0.01562500 0.13281250
v 0.03908730 -0.01562500 0.14062500
v 0.03908634 -0.01562500 0.14843750
v 0.03908575 -0.01562500 0.15625000
v 0.03908825 -0.01562500 0.16406250
v 0.03908980 -0.01562500 0.17187500
v 0.03908813 -0.01562500 0.17968750
v 0.03908587 -0.01562500 0.18750000
v 0.03908408 -0.01562500 0.19531250
v 0.03908575 -0.00781250 -0.24218750
v 0.03909230 -0.00781250 -0.23437500
v 0.03909981 -0.00781250 -0.22656250
v 0.03911173 -0.00781250 -0.21875000
v 0.03912687 -0.00781250 -0.21093750
v 0.03912878 -0.00781250 -0.20312500
v 0.03912330 -0.00781250 -0.19531250
v 0.03917801 -0.00781250 -0.18750000
v 0.04155397 -0.00781250 -0.17968750
v 0.04687500 -0.00781250 -0.17436647
v 0.04687500 -0.00807548 -0.17187500
v 0.04687500 -0.00817364 -0.16406250
v 0.04687500 -0.00801051 -0.15625000
v 0.04687500 -0.00796628 -0.14843750
v 0.04687500 -0.00837892 -0.14062500
v 0.04687500 -0.00959820 0.07031250
v 0.04687500 -0.00791144 0.07812500
v 0.04687500 -0.00789279 0.08593750
v 0.03928900 -0.00781250 0.09375000
v 0.04687500 -0.00781250 0.08616400
v 0.03926885 -0.00781250 0.10156250
v 0.03926587 -0.00781250 0.10937500
v 0.03924668 -0.00781250 0.11718750
v 0.03919983 -0.00781250 0.12500000
v 0.03915977 -0.00781250 0.13281250
v 0.03915334 -0.00781250 0.14062500
v 0.03916645 -0.00781250 0.14843750
v 0.03917575 -0.00781250 0.15625000
v 0.03962088 -0.00781250 0.16406250
v 0.04687500 -0.00781250 0.17131662
v 0.04687500 -0.00783974 0.17187500
v 0.03971529 -0.00781250 0.17968750
v 0.04687500 -0.00781250 0.17252779
v 0.03922629 -0.00781250 0.18750000
v 0.03915787 -0.00781250 0.19531250
v 0.03911340 -0.00781250 0.20312500
v 0.03909779 -0.00781250 0.21093750
v 0.03909338 -0.00781250 0.21875000
v 0.03908992 -0.00781250 0.22656250
v 0.03908634 -0.00781250 0.23437500
v 0.03908277 -0.00781250 0.24218750
v 0.03908384 0.00000000 -0.24218750
v 0.03908980 0.00000000 -0.23437500
v 0.03909421 0.00000000 -0.22656250
v 0.03910208 0.00000000 -0.21875000
v 0.03911602 0.00000000 -0.21093750
v 0.03914011 0.00000000 -0.20312500
v 0.03914845 0.00000000 -0.19531250
v 0.03920817 0.00000000 -0.18750000
v 0.04687500 0.00000000 -0.17983323
v 0.04687500 -0.00249147 -0.17968750
v 0.04687500 -0.00022650 0.09375000
v 0.04687500 -0.00020641 0.10156250
v 0.04687500 -0.00020337 0.10937500
v 0.04687500 -0.00018418 0.11718750
v 0.04687500 -0.00013733 0.12500000
v 0.04687500 -0.00009722 0.13281250
v 0.04687500 -0.00009090 0.14062500
v 0.04687500 -0.00010395 0.14843750
v 0.04687500 -0.00011319 0.15625000
v 0.04687500 -0.00055838 0.16406250
v 0.04687500 -0.00065285 0.17968750
v 0.04687500 -0.00016379 0.18750000
v 0.04687500 -0.00009543 0.19531250
v 0.04687500 -0.00005090 0.20312500
v 0.03933907 0.00000000 0.21093750
v 0.04687500 0.00000000 0.20340157
v 0.03917623 0.00000000 0.21875000
v 0.03913438 0.00000000 0.22656250
v 0.03911579 0.00000000 0.23437500
v 0.03910291 0.00000000 0.24218750
v 0.03909457 0.00000000 0.25000000
v 0.03908920 0.00000000 0.25781250
v 0.03909016 0.00000000 0.26562500
v 0.03912032 0.00000000 0.27343750
v 0.04687500 0.00000000 0.28119218
v 0.04687500 -0.00001228 0.28125000
v 0.04687500 -0.00001299 0.28906250
v 0.04687500 -0.00001365 0.29687500
v 0.04687500 -0.00001413 0.30468750
v 0.04687500 -0.00001353 0.31250000
v 0.04687500 -0.00001311 0.32031250
v 0.04687500 -0.00001264 0.32812500
v 0.04687500 0.00000000 0.32817972
v 0.03908658 0.00781250 -0.23437500
v 0.03908968 0.00781250 -0.22656250
v 0.03909373 0.00781250 -0.21875000
v 0.03909969 0.00781250 -0.21093750
v 0.03910995 0.00781250 -0.20312500
v 0.03912783 0.00781250 -0.19531250
v 0.03915799 0.00781250 -0.18750000
v 0.04687500 0.00250471 -0.17968750
v 0.04156721 0.00781250 -0.17968750
v 0.04687500 0.00781250 -0.17437965
v 0.04687500 0.00753593 0.21093750
v 0.04687500 0.00769877 0.21875000
v 0.04687500 0.00774062 0.22656250
v 0.03937745 0.00781250 0.23437500
v 0.04687500 0.00781250 0.22687745
v 0.03917873 0.00781250 0.24218750
v 0.03913152 0.00781250 0.25000000
v 0.03912544 0.00781250 0.25781250
v 0.03919041 0.00781250 0.26562500
v 0.04687500 0.00781250 0.27330959
v 0.04687500 0.00775468 0.27343750
v 0.04687500 0.00775778 0.33593750
v 0.04687500 0.00779486 0.34375000
v 0.04687500 0.00779676 0.35156250
v 0.04687500 0.00779831 0.35937500
v 0.04687500 0.00779974 0.36718750
v 0.04687500 0.00781250 0.36721087
v 0.03908539 0.01562500 -0.22656250
v 0.03908849 0.01562500 -0.21875000
v 0.03909218 0.01562500 -0.21093750
v 0.03909755 0.01562500 -0.20312500
v 0.03910291 0.01562500 -0.19531250
v 0.03911090 0.01562500 -0.18750000
v 0.03916454 0.01562500 -0.17968750
v 0.04687500 0.00891650 -0.17187500
v 0.04016650 0.01562500 -0.17187500
v 0.04687500 0.01562500 -0.16516650
v 0.04052997 0.01562500 -0.14062500
v 0.04687500 0.01562500 -0.14697003
v 0.04687500 0.00927997 -0.14062500
v 0.04687500 0.00808156 -0.13281250
v 0.03933156 0.01562500 -0.13281250
v 0.04687500 0.00797451 -0.12500000
v 0.03922451 0.01562500 -0.12500000
v 0.04687500 0.00826740 -0.11718750
v 0.03951740 0.01562500 -0.11718750
v 0.04687500 0.01562500 -0.10982996
v 0.04055107 0.01562500 0.05468750
v 0.04687500 0.01562500 0.04836357
v 0.04687500 0.00930107 0.05468750
v 0.04687500 0.00849235 0.06250000
v 0.03974235 0.01562500 0.06250000
v 0.04687500 0.00883245 0.07031250
v 0.04008245 0.01562500 0.07031250
v 0.04687500 0.00802064 0.07812500
v 0.03927064 0.01562500 0.07812500
v 0.04687500 0.00797105 0.08593750
v 0.03922105 0.01562500 0.08593750
v 0.04687500 0.00796890 0.09375000
v 0.03921890 0.01562500 0.09375000
v 0.04687500 0.00798213 0.10156250
v 0.03923213 0.01562500 0.10156250
v 0.04687500 0.00796354 0.10937500
v 0.03921354 0.01562500 0.10937500
v 0.04687500 0.00807095 0.11718750
v 0.03932095 0.01562500 0.11718750
v 0.04687500 0.00812054 0.12500000
v 0.03937054 0.01562500 0.12500000
v 0.04687500 0.00815356 0.13281250
v 0.03940356 0.01562500 0.13281250
v 0.04687500 0.00816119 0.14062500
v 0.03941119 0.01562500 0.14062500
v 0.04687500 0.00810242 0.14843750
v 0.03935242 0.01562500 0.14843750
v 0.04687500 0.00861287 0.15625000
v 0.03986287 0.01562500 0.15625000
v 0.04687500 0.01562500 0.16326213
v 0.03934288 0.01562500 0.22656250
v 0.04687500 0.01562500 0.21903038
v 0.04687500 0.00809288 0.22656250
v 0.03917563 0.01562500 0.23437500
v 0.03914607 0.01562500 0.24218750
v 0.03913021 0.01562500 0.25000000
v 0.03913057 0.01562500 0.25781250
v 0.03923643 0.01562500 0.26562500
v 0.04687500 0.01562500 0.27326357
v 0.04687500 0.01560163 0.37500000
v 0.04687500 0.01561153 0.38281250
v 0.04687500 0.01561368 0.39062500
v 0.04687500 0.01562500 0.39064837
v 0.03908491 0.02343750 -0.21093750
v 0.03908753 0.02343750 -0.20312500
v 0.03908944 0.02343750 -0.19531250
v 0.03908980 0.02343750 -0.18750000
v 0.03909397 0.02343750 -0.17968750
v 0.03911221 0.02343750 -0.17187500
v 0.04687500 0.01570213 -0.16406250
v 0.03913963 0.02343750 -0.16406250
v 0.04687500 0.01573527 -0.15625000
v 0.03917277 0.02343750 -0.15625000
v 0.04687500 0.01573575 -0.14843750
v 0.03917325 0.02343750 -0.14843750
v 0.03914523 0.02343750 -0.14062500
v 0.03912222 0.02343750 -0.13281250
v 0.03911817 0.02343750 -0.12500000
v 0.03912020 0.02343750 -0.11718750
v 0.04687500 0.01571739 -0.10937500
v 0.03915489 0.02343750 -0.10937500
v 0.04687500 0.01603258 -0.10156250
v 0.03947008 0.02343750 -0.10156250
v 0.04687500 0.02343750 -0.09415752
v 0.04013669 0.02343750 -0.05468750
v 0.04687500 0.02343750 -0.06142575
v 0.04687500 0.01669919 -0.05468750
v 0.04687500 0.01585746 -0.04687500
v 0.03929496 0.02343750 -0.04687500
v 0.04687500 0.01574266 -0.03906250
v 0.03918016 0.02343750 -0.03906250
v 0.04687500 0.01570916 -0.03125000
v 0.03914666 0.02343750 -0.03125000
v 0.04687500 0.01570022 -0.02343750
v 0.03913772 0.02343750 -0.02343750
v 0.04687500 0.01570225 -0.01562500
v 0.03913975 0.02343750 -0.01562500
v 0.04687500 0.01570952 -0.00781250
v 0.03914702 0.02343750 -0.00781250
v 0.04687500 0.01571286 0.00000000
v 0.03915036 0.02343750 0.00000000
v 0.04687500 0.01571929 0.00781250
v 0.03915679 0.02343750 0.00781250
v 0.04687500 0.01572371 0.01562500
v 0.03916121 0.02343750 0.01562500
v 0.04687500 0.01571095 0.02343750
v 0.03914845 0.02343750 0.02343750
v 0.04687500 0.01569664 0.03125000
v 0.03913414 0.02343750 0.03125000
v 0.04687500 0.01569271 0.03906250
v 0.03913021 0.02343750 0.03906250
v 0.04687500 0.01568615 0.04687500
v 0.03912365 0.02343750 0.04687500
v 0.03911901 0.02343750 0.05468750
v 0.03911889 0.02343750 0.06250000
v 0.03912079 0.02343750 0.07031250
v 0.03911555 0.02343750 0.07812500
v 0.03911030 0.02343750 0.08593750
v 0.03910697 0.02343750 0.09375000
v 0.03910470 0.02343750 0.10156250
v 0.03910184 0.02343750 0.10937500
v 0.03910458 0.02343750 0.11718750
v 0.03910315 0.02343750 0.12500000
v 0.03910542 0.02343750 0.13281250
v 0.03910470 0.02343750 0.14062500
v 0.03910398 0.02343750 0.14843750
v 0.03910744 0.02343750 0.15625000
v 0.04687500 0.01567411 0.16406250
v 0.03911161 0.02343750 0.16406250
v 0.04687500 0.01568568 0.17187500
v 0.03912318 0.02343750 0.17187500
v 0.04687500 0.01569474 0.17968750
v 0.03913224 0.02343750 0.17968750
v 0.04687500 0.01569760 0.18750000
v 0.03913510 0.02343750 0.18750000
v 0.04687500 0.01571488 0.19531250
v 0.03915238 0.02343750 0.19531250
v 0.04687500 0.01573586 0.20312500
v 0.03917336 0.02343750 0.20312500
v 0.04687500 0.01570499 0.21093750
v 0.03914249 0.02343750 0.21093750
v 0.04687500 0.01567709 0.21875000
v 0.03911459 0.02343750 0.21875000
v 0.03910363 0.02343750 0.22656250
v 0.03909791 0.02343750 0.23437500
v 0.03909385 0.02343750 0.24218750
v 0.03909147 0.02343750 0.25000000
v 0.03909290 0.02343750 0.25781250
v 0.03909719 0.02343750 0.26562500
v 0.04687500 0.02343750 0.27340281
v 0.04687500 0.02343750 0.38300538
v 0.04687500 0.01581788 0.39062500
v 0.03908515 0.03125000 -0.17187500
v 0.03908968 0.03125000 -0.16406250
v 0.03909361 0.03125000 -0.15625000
v 0.03909922 0.03125000 -0.14843750
v 0.03910172 0.03125000 -0.14062500
v 0.03910410 0.03125000 -0.13281250
v 0.03910613 0.03125000 -0.12500000
v 0.03910196 0.03125000 -0.11718750
v 0.03910327 0.03125000 -0.10937500
v 0.03910637 0.03125000 -0.10156250
v 0.04687500 0.02349555 -0.09375000
v 0.03912055 0.03125000 -0.09375000
v 0.04687500 0.02350211 -0.08593750
v 0.03912711 0.03125000 -0.08593750
v 0.04687500 0.02349663 -0.07812500
v 0.03912163 0.03125000 -0.07812500
v 0.04687500 0.02348840 -0.07031250
v 0.03911340 0.03125000 -0.07031250
v 0.04687500 0.02348185 -0.06250000
v 0.03910685 0.03125000 -0.06250000
v 0.03910184 0.03125000 -0.05468750
v 0.03909874 0.03125000 -0.04687500
v 0.03909361 0.03125000 -0.03906250
v 0.03909087 0.03125000 -0.03125000
v 0.03908932 0.03125000 -0.02343750
v 0.03908837 0.03125000 -0.01562500
v 0.03908789 0.03125000 -0.00781250
v 0.03908765 0.03125000 0.00000000
v 0.03908789 0.03125000 0.00781250
v 0.03908837 0.03125000 0.01562500
v 0.03908944 0.03125000 0.02343750
v 0.03909051 0.03125000 0.03125000
v 0.03908980 0.03125000 0.03906250
v 0.03908837 0.03125000 0.04687500
v 0.03908813 0.03125000 0.05468750
v 0.03908789 0.03125000 0.06250000
v 0.03908765 0.03125000 0.07031250
v 0.03908694 0.03125000 0.07812500
v 0.03908587 0.03125000 0.08593750
v 0.03908467 0.03125000 0.09375000
v 0.03908324 0.03125000 0.10156250
v 0.03908169 0.03125000 0.10937500
v 0.03908157 0.03125000 0.11718750
v 0.03908241 0.03125000 0.12500000
v 0.03908288 0.03125000 0.13281250
v 0.03908241 0.03125000 0.14062500
v 0.03908253 0.03125000 0.14843750
v 0.03908312 0.03125000 0.15625000
v 0.03908384 0.03125000 0.16406250
v 0.03908527 0.03125000 0.17187500
v 0.03908384 0.03125000 0.17968750
v 0.04687500 0.02346480 0.27343750
v 0.03908980 0.03125000 0.27343750
v 0.04687500 0.03125000 0.28122270
v 0.04687500 0.03125000 0.37502027
v 0.04687500 0.02345777 0.38281250
v 0.03908253 0.03906250 -0.12500000
v 0.03908277 0.03906250 -0.11718750
v 0.03908300 0.03906250 -0.10937500
v 0.03908336 0.03906250 -0.10156250
v 0.03908408 0.03906250 -0.09375000
v 0.03908420 0.03906250 -0.08593750
v 0.03908432 0.03906250 -0.07812500
v 0.03908360 0.03906250 -0.07031250
v 0.03908265 0.03906250 -0.06250000
v 0.04687500 0.03126717 0.28125000
v 0.04687500 0.03135371 0.28906250
v 0.03916621 0.03906250 0.28906250
v 0.04687500 0.03906250 0.29677129
v 0.04687500 0.03906250 0.35159564
v 0.04687500 0.03128314 0.35937500
v 0.04687500 0.03126419 0.36718750
v 0.04687500 0.03126240 0.37500000
v 0.04687500 0.03907454 0.29687500
v 0.04687500 0.03907585 0.30468750
v 0.04687500 0.03907752 0.31250000
v 0.04687500 0.03907895 0.32031250
v 0.04687500 0.03907800 0.32812500
v 0.04687500 0.03907609 0.33593750
v 0.04687500 0.03907514 0.34375000
v 0.04687500 0.03907418 0.35156250
v 0.05357504 -0.12500000 -0.02343750
v 0.05468750 -0.12522209 -0.02343750
v 0.05468750 -0.12500000 -0.02350962
v 0.05285442 -0.12500000 -0.01562500
v 0.05468750 -0.12512255 -0.01562500
v 0.05380869 -0.12500000 -0.00781250
v 0.05468750 -0.12503517 -0.00781250
v 0.05468750 -0.12500000 -0.00773513
v 0.05468750 -0.11718750 -0.02355796
v 0.05468750 -0.11726487 0.00000000
v 0.05468750 -0.11718750 0.00010252
v 0.05468750 -0.10937500 -0.02347273
v 0.05468750 -0.10947746 0.00781250
v 0.05468750 -0.10937500 0.00787556
v 0.05433452 -0.10156250 -0.02343750
v 0.05468750 -0.10156250 -0.02346420
v 0.05468750 -0.10162550 0.01562500
v 0.05468750 -0.10156250 0.01565087
v 0.05452967 -0.09375000 -0.02343750
v 0.05468750 -0.09375000 -0.02346838
v 0.04872382 -0.09375000 -0.01562500
v 0.05468750 -0.09375000 0.01583076
v 0.05460370 -0.08593750 -0.02343750
v 0.05468750 -0.08593750 -0.02347994
v 0.05468750 -0.08614326 0.02343750
v 0.05468750 -0.08593750 0.02348411
v 0.05461931 -0.07812500 -0.02343750
v 0.05468750 -0.07812500 -0.02353764
v 0.05468750 -0.07812500 0.02349889
v 0.05416703 -0.07031250 -0.02343750
v 0.05468750 -0.07031250 -0.02364743
v 0.05468750 -0.07031250 0.02347851
v 0.05435932 -0.06250000 -0.03906250
v 0.05468750 -0.06254447 -0.03906250
v 0.05468750 -0.06250000 -0.04089701
v 0.05468750 -0.06270993 -0.03125000
v 0.04695582 -0.06250000 0.03125000
v 0.05468750 -0.06250000 0.02351832
v 0.05465150 -0.05468750 -0.09375000
v 0.05468750 -0.05470830 -0.09375000
v 0.05468750 -0.05468750 -0.09377664
v 0.05468750 -0.05473220 -0.08593750
v 0.05468750 -0.05493039 -0.07812500
v 0.05468750 -0.05512846 -0.07031250
v 0.05468750 -0.05551839 -0.06250000
v 0.05468750 -0.05807269 -0.05468750
v 0.05468750 -0.05652201 -0.04687500
v 0.05468750 -0.05476832 0.03125000
v 0.04692149 -0.05468750 0.03906250
v 0.05468750 -0.05468750 0.03129649
v 0.05468750 -0.04690164 -0.10156250
v 0.05468750 -0.04687500 -0.10161227
v 0.05468750 -0.04692143 0.03906250
v 0.05468750 -0.04687500 0.03910005
v 0.04701090 -0.03906250 -0.10937500
v 0.05468750 -0.03906250 -0.10169834
v 0.05468750 -0.03910005 0.04687500
v 0.05468750 -0.03907710 0.05468750
v 0.04692006 -0.03906250 0.06250000
v 0.05468750 -0.03906250 0.05473256
v 0.04690444 -0.03125000 -0.11718750
v 0.05468750 -0.03125000 -0.10940439
v 0.05468750 -0.03138584 -0.10937500
v 0.05468750 -0.03129506 0.06250000
v 0.05468750 -0.03125000 0.06251955
v 0.04691088 -0.02343750 -0.12500000
v 0.04700208 -0.02343750 -0.11718750
v 0.05468750 -0.02343750 -0.10950208
v 0.04701197 -0.02343750 0.06250000
v 0.05468750 -0.02343750 0.05482447
v 0.05468750 -0.03111303 0.06250000
v 0.04689813 -0.01562500 -0.13281250
v 0.04693151 -0.01562500 -0.12500000
v 0.05468750 -0.01562500 -0.11724401
v 0.05468750 -0.01575208 -0.11718750
v 0.04699481 -0.01562500 0.06250000
v 0.05468750 -0.01562500 0.05480731
v 0.04689682 -0.00781250 -0.17187500
v 0.04689884 -0.00781250 -0.16406250
v 0.04689848 -0.00781250 -0.15625000
v 0.04689705 -0.00781250 -0.14843750
v 0.04689622 -0.00781250 -0.14062500
v 0.04689920 -0.00781250 -0.13281250
v 0.04690206 -0.00781250 -0.12500000
v 0.05468750 -0.01558977 -0.11718750
v 0.04691029 -0.00781250 -0.11718750
v 0.05468750 -0.01493347 -0.10937500
v 0.04756653 -0.00781250 -0.10937500
v 0.05468750 -0.00781250 -0.10225403
v 0.04691684 -0.00781250 0.06250000
v 0.05468750 -0.00781250 0.05472934
v 0.04690039 -0.00781250 0.07031250
v 0.04689860 -0.00781250 0.07812500
v 0.04689538 -0.00781250 0.08593750
v 0.04689348 -0.00781250 0.17187500
v 0.04689431 0.00000000 -0.17968750
v 0.04689741 0.00000000 -0.17187500
v 0.04690051 0.00000000 -0.16406250
v 0.04690111 0.00000000 -0.15625000
v 0.04689896 0.00000000 -0.14843750
v 0.04689717 0.00000000 -0.14062500
v 0.04689634 0.00000000 -0.13281250
v 0.04689884 0.00000000 -0.12500000
v 0.04690373 0.00000000 -0.11718750
v 0.04691315 0.00000000 -0.10937500
v 0.05468750 -0.00776517 -0.10156250
v 0.04692233 0.00000000 -0.10156250
v 0.05468750 -0.00774819 -0.09375000
v 0.04693925 0.00000000 -0.09375000
v 0.05468750 -0.00774622 -0.08593750
v 0.04694128 0.00000000 -0.08593750
v 0.05468750 -0.00772870 -0.07812500
v 0.04695880 0.00000000 -0.07812500
v 0.05468750 -0.00720799 -0.07031250
v 0.04747951 0.00000000 -0.07031250
v 0.05468750 0.00000000 -0.06310451
v 0.04711616 0.00000000 0.03906250
v 0.05468750 0.00000000 0.03149116
v 0.05468750 -0.00757134 0.03906250
v 0.05468750 -0.00773329 0.04687500
v 0.04695415 0.00000000 0.04687500
v 0.05468750 -0.00776005 0.05468750
v 0.04692745 0.00000000 0.05468750
v 0.04691470 0.00000000 0.06250000
v 0.04690683 0.00000000 0.07031250
v 0.04690123 0.00000000 0.07812500
v 0.04689848 0.00000000 0.08593750
v 0.04689646 0.00000000 0.09375000
v 0.04689658 0.00000000 0.10156250
v 0.04689670 0.00000000 0.10937500
v 0.04689598 0.00000000 0.11718750
v 0.04689538 0.00000000 0.12500000
v 0.04689550 0.00000000 0.13281250
v 0.04689562 0.00000000 0.14062500
v 0.04689717 0.00000000 0.14843750
v 0.04689956 0.00000000 0.15625000
v 0.04690516 0.00000000 0.16406250
v 0.04690421 0.00000000 0.17187500
v 0.04690099 0.00000000 0.17968750
v 0.04689825 0.00000000 0.18750000
v 0.04689658 0.00000000 0.19531250
v 0.04689467 0.00000000 0.20312500
v 0.04692686 0.00000000 0.28125000
v 0.05468750 0.00000000 0.28901064
v 0.05468750 -0.00001103 0.28906250
v 0.05468750 -0.00001174 0.29687500
v 0.05468750 -0.00001216 0.30468750
v 0.05468750 -0.00001210 0.31250000
v 0.05468750 -0.00001210 0.32031250
v 0.05468750 -0.00001246 0.32812500
v 0.05468750 0.00000000 0.32815349
v 0.04689610 0.00781250 -0.17187500
v 0.04689968 0.00781250 -0.16406250
v 0.04690194 0.00781250 -0.15625000
v 0.04690051 0.00781250 -0.14843750
v 0.04689741 0.00781250 -0.14062500
v 0.04689586 0.00781250 -0.13281250
v 0.04689622 0.00781250 -0.12500000
v 0.04690063 0.00781250 -0.11718750
v 0.04690588 0.00781250 -0.10937500
v 0.04691374 0.00781250 -0.10156250
v 0.04692209 0.00781250 -0.09375000
v 0.04694402 0.00781250 -0.08593750
v 0.04695952 0.00781250 -0.07812500
v 0.04694736 0.00781250 -0.07031250
v 0.05468750 0.00005949 -0.06250000
v 0.04693449 0.00781250 -0.06250000
v 0.05468750 0.00005293 -0.05468750
v 0.04692793 0.00781250 -0.05468750
v 0.05468750 0.00004661 -0.04687500
v 0.04692161 0.00781250 -0.04687500
v 0.05468750 0.00003767 -0.03906250
v 0.04691267 0.00781250 -0.03906250
v 0.05468750 0.00003040 -0.03125000
v 0.04690540 0.00781250 -0.03125000
v 0.05468750 0.00002933 -0.02343750
v 0.04690433 0.00781250 -0.02343750
v 0.05468750 0.00003529 -0.01562500
v 0.04691029 0.00781250 -0.01562500
v 0.05468750 0.00004590 -0.00781250
v 0.04692090 0.00781250 -0.00781250
v 0.05468750 0.00006282 0.00000000
v 0.04693782 0.00781250 0.00000000
v 0.05468750 0.00007808 0.00781250
v 0.04695308 0.00781250 0.00781250
v 0.05468750 0.00007141 0.01562500
v 0.04694641 0.00781250 0.01562500
v 0.05468750 0.00006306 0.02343750
v 0.04693806 0.00781250 0.02343750
v 0.05468750 0.00004852 0.03125000
v 0.04692352 0.00781250 0.03125000
v 0.04691672 0.00781250 0.03906250
v 0.04691148 0.00781250 0.04687500
v 0.04690695 0.00781250 0.05468750
v 0.04690468 0.00781250 0.06250000
v 0.04690123 0.00781250 0.07031250
v 0.04689717 0.00781250 0.07812500
v 0.04689527 0.00781250 0.08593750
v 0.04689503 0.00781250 0.09375000
v 0.04689574 0.00781250 0.10156250
v 0.04689586 0.00781250 0.10937500
v 0.04689550 0.00781250 0.11718750
v 0.04689634 0.00781250 0.12500000
v 0.04689682 0.00781250 0.13281250
v 0.04689705 0.00781250 0.14062500
v 0.04689896 0.00781250 0.14843750
v 0.04689980 0.00781250 0.15625000
v 0.04690337 0.00781250 0.16406250
v 0.04690790 0.00781250 0.17187500
v 0.04690623 0.00781250 0.17968750
v 0.04690266 0.00781250 0.18750000
v 0.04690087 0.00781250 0.19531250
v 0.04689884 0.00781250 0.20312500
v 0.04689658 0.00781250 0.21093750
v 0.04689515 0.00781250 0.21875000
v 0.04689372 0.00781250 0.22656250
v 0.04692113 0.00781250 0.27343750
v 0.05468750 0.00781250 0.28120387
v 0.05468750 0.00776064 0.28125000
v 0.05468750 0.00778401 0.33593750
v 0.05468750 0.00779593 0.34375000
v 0.05468750 0.00779676 0.35156250
v 0.05468750 0.00779808 0.35937500
v 0.04718852 0.00781250 0.36718750
v 0.05468750 0.00781250 0.35968852
v 0.04689550 0.01562500 -0.16406250
v 0.04689741 0.01562500 -0.15625000
v 0.04689598 0.01562500 -0.14843750
v 0.04689670 0.01562500 -0.10937500
v 0.04689968 0.01562500 -0.10156250
v 0.04690552 0.01562500 -0.09375000
v 0.04691446 0.01562500 -0.08593750
v 0.04691684 0.01562500 -0.07812500
v 0.04691577 0.01562500 -0.07031250
v 0.04691386 0.01562500 -0.06250000
v 0.04691005 0.01562500 -0.05468750
v 0.04690683 0.01562500 -0.04687500
v 0.04690337 0.01562500 -0.03906250
v 0.04690123 0.01562500 -0.03125000
v 0.04690099 0.01562500 -0.02343750
v 0.04690087 0.01562500 -0.01562500
v 0.04690146 0.01562500 -0.00781250
v 0.04690313 0.01562500 0.00000000
v 0.04690397 0.01562500 0.00781250
v 0.04690337 0.01562500 0.01562500
v 0.04690170 0.01562500 0.02343750
v 0.04690003 0.01562500 0.03125000
v 0.04689813 0.01562500 0.03906250
v 0.04689610 0.01562500 0.04687500
v 0.04689658 0.01562500 0.16406250
v 0.04690075 0.01562500 0.17187500
v 0.04690099 0.01562500 0.17968750
v 0.04690027 0.01562500 0.18750000
v 0.04689956 0.01562500 0.19531250
v 0.04689837 0.01562500 0.20312500
v 0.04689562 0.01562500 0.21093750
v 0.04689384 0.01562500 0.21875000
v 0.04692185 0.01562500 0.27343750
v 0.05468750 0.01562500 0.28120315
v 0.05468750 0.01531148 0.36718750
v 0.05468750 0.01560640 0.37500000
v 0.05468750 0.01561117 0.38281250
v 0.05468750 0.01561344 0.39062500
v 0.05468750 0.01562500 0.39065146
v 0.04689622 0.02343750 -0.09375000
v 0.04689789 0.02343750 -0.08593750
v 0.04689813 0.02343750 -0.07812500
v 0.04689848 0.02343750 -0.07031250
v 0.04689729 0.02343750 -0.06250000
v 0.04689741 0.02343750 0.27343750
v 0.05468750 0.02343750 0.28122759
v 0.05449462 0.02343750 0.39062500
v 0.05468750 0.02343750 0.39063919
v 0.05468750 0.02347326 0.28125000
v 0.04691076 0.03125000 0.28125000
v 0.05468750 0.03125000 0.28902674
v 0.05468750 0.03125000 0.37502611
v 0.05468750 0.02346361 0.38281250
v 0.05468750 0.02344966 0.39062500
v 0.05468750 0.03127873 0.28906250
v 0.05468750 0.03906250 0.29684627
v 0.05468750 0.03906250 0.35169125
v 0.05468750 0.03137875 0.35937500
v 0.05468750 0.03126574 0.36718750
v 0.05468750 0.03126311 0.37500000
v 0.05468750 0.03907430 0.29687500
v 0.05468750 0.03907585 0.30468750
v 0.05468750 0.03907788 0.31250000
v 0.05468750 0.03908026 0.32031250
v 0.05468750 0.03908014 0.32812500
v 0.05468750 0.03907740 0.33593750
v 0.05468750 0.03907609 0.34375000
v 0.05468750 0.03907490 0.35156250
v 0.06250000 -0.12511367 -0.02343750
v 0.06250000 -0.12500000 -0.02347922
v 0.06250000 -0.12527061 -0.01562500
v 0.05474949 -0.12500000 -0.00781250
v 0.06250000 -0.12500000 -0.01556301
v 0.06250000 -0.11718750 -0.02358788
v 0.06250000 -0.11724949 -0.00781250
v 0.05481029 -0.11718750 0.00000000
v 0.06250000 -0.11718750 -0.00768977
v 0.06250000 -0.10937500 -0.02350849
v 0.06250000 -0.10949773 0.00000000
v 0.06250000 -0.10943133 0.00781250
v 0.06250000 -0.10937500 0.00785506
v 0.06250000 -0.10156250 -0.02604491
v 0.05486059 -0.10156250 0.01562500
v 0.06250000 -0.10156250 0.00798559
v 0.06246912 -0.09375000 -0.03125000
v 0.06250000 -0.09635741 -0.03125000
v 0.06250000 -0.09375000 -0.03127569
v 0.06250000 -0.09392303 0.01562500
v 0.06250000 -0.09375000 0.01575685
v 0.06245756 -0.08593750 -0.03125000
v 0.06250000 -0.08593750 -0.03136146
v 0.06250000 -0.08606941 0.02343750
v 0.06250000 -0.08593750 0.02352548
v 0.06239986 -0.07812500 -0.03125000
v 0.06250000 -0.07812500 -0.03153181
v 0.06250000 -0.07812500 0.02350402
v 0.06245553 -0.07031250 -0.03906250
v 0.06250000 -0.07059431 -0.03906250
v 0.06250000 -0.07031250 -0.03913862
v 0.06229007 -0.07031250 -0.03125000
v 0.06250000 -0.07031250 0.02347803
v 0.06225705 -0.06250000 -0.07812500
v 0.06250000 -0.06252414 -0.07812500
v 0.06250000 -0.06250000 -0.07854509
v 0.06205904 -0.06250000 -0.07031250
v 0.06250000 -0.06252921 -0.07031250
v 0.06166911 -0.06250000 -0.06250000
v 0.06250000 -0.06253654 -0.06250000
v 0.05911481 -0.06250000 -0.05468750
v 0.06250000 -0.06254148 -0.05468750
v 0.06066549 -0.06250000 -0.04687500
v 0.06250000 -0.06257612 -0.04687500
v 0.06250000 -0.06250000 0.02348495
v 0.06250000 -0.05475467 -0.09375000
v 0.06250000 -0.05468750 -0.09421200
v 0.06250000 -0.05510759 -0.08593750
v 0.06250000 -0.05473495 0.03125000
v 0.06250000 -0.05468750 0.03127432
v 0.06250000 -0.04733700 -0.10156250
v 0.06250000 -0.04687500 -0.10169923
v 0.05495715 -0.04687500 0.03906250
v 0.06250000 -0.04687500 0.03151965
v 0.06250000 -0.03906250 -0.10168320
v 0.06250000 -0.03933215 0.03906250
v 0.06250000 -0.03908300 0.04687500
v 0.06250000 -0.03907430 0.05468750
v 0.06250000 -0.03906250 0.05471277
v 0.05476737 -0.03125000 -0.10937500
v 0.06250000 -0.03125000 -0.10164237
v 0.06250000 -0.03127527 0.06250000
v 0.06250000 -0.03125000 0.06251466
v 0.06250000 -0.02351737 -0.10937500
v 0.06250000 -0.02343750 -0.10939521
v 0.06250000 -0.02343750 0.05473697
v 0.06250000 -0.03120053 0.06250000
v 0.05471051 -0.01562500 -0.11718750
v 0.06250000 -0.02307820 -0.10937500
v 0.05504680 -0.01562500 -0.10937500
v 0.06250000 -0.01562500 -0.10192180
v 0.06250000 -0.01562500 0.05471945
v 0.06250000 -0.01559603 -0.10156250
v 0.05471647 -0.00781250 -0.10156250
v 0.06250000 -0.01553637 -0.09375000
v 0.05477607 -0.00781250 -0.09375000
v 0.06250000 -0.00781250 -0.08602613
v 0.05472994 -0.00781250 0.05468750
v 0.06250000 -0.00781250 0.04691744
v 0.06250000 -0.01558256 0.05468750
v 0.06250000 -0.00779605 -0.08593750
v 0.06250000 -0.00779170 -0.07812500
v 0.06250000 -0.00778306 -0.07031250
v 0.06250000 -0.00777084 -0.06250000
v 0.05472922 0.00000000 -0.06250000
v 0.06250000 -0.00776392 -0.05468750
v 0.05473602 0.00000000 -0.05468750
v 0.06250000 -0.00776136 -0.04687500
v 0.05473864 0.00000000 -0.04687500
v 0.06250000 -0.00775659 -0.03906250
v 0.05474341 0.00000000 -0.03906250
v 0.06250000 -0.00775391 -0.03125000
v 0.05474603 0.00000000 -0.03125000
v 0.06250000 -0.00766116 -0.02343750
v 0.05483878 0.00000000 -0.02343750
v 0.06250000 0.00000000 -0.01577634
v 0.05558002 0.00000000 0.00781250
v 0.06250000 0.00000000 0.00089252
v 0.06250000 -0.00691992 0.00781250
v 0.06250000 -0.00774908 0.01562500
v 0.05475092 0.00000000 0.01562500
v 0.06250000 -0.00778192 0.02343750
v 0.05471802 0.00000000 0.02343750
v 0.06250000 -0.00778872 0.03125000
v 0.05471122 0.00000000 0.03125000
v 0.06250000 -0.00779325 0.03906250
v 0.06250000 -0.00779545 0.04687500
v 0.05474031 0.00000000 0.28906250
v 0.06250000 0.00000000 0.29682219
v 0.06250000 -0.00001013 0.29687500
v 0.06250000 -0.00001067 0.30468750
v 0.06250000 -0.00001109 0.31250000
v 0.06250000 -0.00001186 0.32031250
v 0.05708218 0.00000000 0.32812500
v 0.06250000 0.00000000 0.32270718
v 0.06250000 0.00001478 -0.01562500
v 0.06250000 0.00001442 -0.00781250
v 0.06250000 0.00001431 0.00000000
v 0.05488312 0.00781250 0.28125000
v 0.06250000 0.00781250 0.28886688
v 0.06250000 0.00775969 0.28906250
v 0.06250000 0.00541782 0.32812500
v 0.06250000 0.00779295 0.33593750
v 0.06250000 0.00779629 0.34375000
v 0.06250000 0.00779676 0.35156250
v 0.06250000 0.00779796 0.35937500
v 0.06250000 0.00781250 0.35943389
v 0.06250000 0.01542938 0.28125000
v 0.06250000 0.01562500 0.28123379
v 0.06250000 0.01556611 0.36718750
v 0.06250000 0.01560855 0.37500000
v 0.06250000 0.01561081 0.38281250
v 0.06250000 0.01561308 0.39062500
v 0.06250000 0.01562500 0.39064586
v 0.06250000 0.01567841 0.28125000
v 0.05474091 0.02343750 0.28125000
v 0.06250000 0.02343750 0.28900909
v 0.06250000 0.02343750 0.39065444
v 0.06250000 0.03125000 0.28904593
v 0.06250000 0.03125000 0.37504995
v 0.06250000 0.02348745 0.38281250
v 0.06250000 0.02345049 0.39062500
v 0.06250000 0.03126812 0.28906250
v 0.06250000 0.03906250 0.29685688
v 0.06237125 0.03906250 0.35937500
v 0.06250000 0.03906250 0.35939753
v 0.06250000 0.03127253 0.36718750
v 0.06250000 0.03126395 0.37500000
v 0.06250000 0.03907442 0.29687500
v 0.06250000 0.03907609 0.30468750
v 0.06250000 0.03907824 0.31250000
v 0.06250000 0.03908050 0.32031250
v 0.06250000 0.03908217 0.32812500
v 0.06250000 0.03907955 0.33593750
v 0.06250000 0.03907716 0.34375000
v 0.06250000 0.03907561 0.35156250
v 0.06250000 0.03907430 0.35937500
v 0.06253469 -0.12500000 -0.02343750
v 0.06253636 -0.12500000 -0.01562500
v 0.06272221 -0.11718750 -0.02343750
v 0.06270969 -0.11718750 -0.01562500
v 0.06254649 -0.11718750 -0.00781250
v 0.07024145 -0.10937500 -0.03125000
v 0.07031250 -0.10941166 -0.03125000
v 0.07031250 -0.10937500 -0.03127915
v 0.07031250 -0.10959721 -0.02343750
v 0.07031250 -0.10958469 -0.01562500
v 0.07031250 -0.10942149 -0.00781250
v 0.06307995 -0.10937500 0.00000000
v 0.07031250 -0.10937500 -0.00723249
v 0.06256068 -0.10937500 0.00781250
v 0.06770504 -0.10156250 -0.03125000
v 0.07031250 -0.10156250 -0.03134274
v 0.07031250 -0.10214251 0.00000000
v 0.06391585 -0.10156250 0.00781250
v 0.07031250 -0.10156250 0.00141585
v 0.07028687 -0.09375000 -0.03906250
v 0.07031250 -0.09384274 -0.03906250
v 0.07031250 -0.09375000 -0.03908998
v 0.07031250 -0.09516591 0.00781250
v 0.07031250 -0.09377742 0.01562500
v 0.07031250 -0.09375000 0.01566422
v 0.07020104 -0.08593750 -0.03906250
v 0.07031250 -0.08593750 -0.03946376
v 0.07031250 -0.08597678 0.02343750
v 0.07031250 -0.08593750 0.02346778
v 0.07028604 -0.07812500 -0.04687500
v 0.07031250 -0.07852626 -0.04687500
v 0.07031250 -0.07812500 -0.04692227
v 0.07003069 -0.07812500 -0.03906250
v 0.07031250 -0.07812500 0.02350593
v 0.07023644 -0.07031250 -0.04687500
v 0.07031250 -0.07031250 -0.04792285
v 0.07031250 -0.07031250 0.02348292
v 0.07027733 -0.06250000 -0.09375000
v 0.07031250 -0.06251115 -0.09375000
v 0.07031250 -0.06250000 -0.09379143
v 0.06989241 -0.06250000 -0.08593750
v 0.07031250 -0.06252688 -0.08593750
v 0.07031250 -0.06253195 -0.07812500
v 0.07031250 -0.06253827 -0.07031250
v 0.07031250 -0.06257999 -0.06250000
v 0.07031250 -0.06354785 -0.05468750
v 0.07031250 -0.06250000 0.02348626
v 0.06985056 -0.05468750 -0.10156250
v 0.07031250 -0.05476654 -0.10156250
v 0.07031250 -0.05468750 -0.10161811
v 0.06272089 -0.05468750 0.03125000
v 0.07031250 -0.05468750 0.02365839
v 0.07017577 -0.04687500 -0.10937500
v 0.07031250 -0.04693061 -0.10937500
v 0.07031250 -0.04687500 -0.10939312
v 0.07031250 -0.04709589 0.03125000
v 0.07031250 -0.04687500 0.03130543
v 0.07031250 -0.04665321 -0.10937500
v 0.07031250 -0.03906250 -0.10178429
v 0.07031250 -0.03911793 0.03906250
v 0.07031250 -0.03907710 0.04687500
v 0.06258869 -0.03906250 0.05468750
v 0.07031250 -0.03906250 0.04696369
v 0.07031250 -0.03125000 -0.10160589
v 0.07031250 -0.03133869 0.05468750
v 0.07031250 -0.03126651 0.06250000
v 0.07031250 -0.03125000 0.06251192
v 0.06253445 -0.02343750 -0.10937500
v 0.07031250 -0.02343750 -0.10159701
v 0.07031250 -0.02343750 0.05471635
v 0.07031250 -0.03122121 0.06250000
v 0.07031250 -0.01562500 -0.10158938
v 0.07031250 -0.01562500 0.05470586
v 0.07031250 -0.01560748 -0.10156250
v 0.07031250 -0.01559699 -0.09375000
v 0.07031250 -0.01553535 -0.08593750
v 0.06258965 -0.00781250 -0.08593750
v 0.07031250 -0.00781250 -0.07821465
v 0.06255305 -0.00781250 0.04687500
v 0.07031250 -0.00781250 0.03911555
v 0.07031250 -0.01557195 0.04687500
v 0.07031250 -0.01560491 0.05468750
v 0.07031250 -0.00779492 -0.07812500
v 0.07031250 -0.00779122 -0.07031250
v 0.07031250 -0.00778741 -0.06250000
v 0.07031250 -0.00778633 -0.05468750
v 0.07031250 -0.00778466 -0.04687500
v 0.07031250 -0.00778228 -0.03906250
v 0.07031250 -0.00778234 -0.03125000
v 0.07031250 -0.00777662 -0.02343750
v 0.07031250 -0.00775254 -0.01562500
v 0.06255996 0.00000000 -0.01562500
v 0.07031250 -0.00771874 -0.00781250
v 0.06259382 0.00000000 -0.00781250
v 0.07031250 -0.00774020 0.00000000
v 0.06257224 0.00000000 0.00000000
v 0.07031250 -0.00777870 0.00781250
v 0.07031250 -0.00779182 0.01562500
v 0.07031250 -0.00779676 0.02343750
v 0.07031250 -0.00779867 0.03125000
v 0.07031250 -0.00779998 0.03906250
v 0.06255102 0.00000000 0.29687500
v 0.07031250 0.00000000 0.30463648
v 0.07031250 -0.00000995 0.30468750
v 0.07031250 -0.00001073 0.31250000
v 0.07031250 -0.00001144 0.32031250
v 0.07031250 0.00000000 0.32037997
v 0.07031250 0.00779259 0.28906250
v 0.07031250 0.00781250 0.28904176
v 0.07031250 0.00776148 0.29687500
v 0.07031250 0.00774503 0.32812500
v 0.07031250 0.00779438 0.33593750
v 0.07031250 0.00779641 0.34375000
v 0.07031250 0.00779688 0.35156250
v 0.07031250 0.00779796 0.35937500
v 0.07031250 0.00781250 0.35940874
v 0.06253910 0.01562500 0.28125000
v 0.07031250 0.01562500 0.28902340
v 0.07031250 0.01559126 0.36718750
v 0.07031250 0.01560855 0.37500000
v 0.07031250 0.01561046 0.38281250
v 0.07031250 0.01561260 0.39062500
v 0.07031250 0.01562500 0.39064217
v 0.07031250 0.02343750 0.28904366
v 0.07031250 0.02343750 0.39098299
v 0.07031250 0.02348459 0.28906250
v 0.06254709 0.03125000 0.28906250
v 0.07031250 0.03125000 0.29682791
v 0.07026255 0.03125000 0.38281250
v 0.07031250 0.03125000 0.38282692
v 0.07031250 0.02345192 0.39062500
v 0.07031250 0.03133178 0.29687500
v 0.06258178 0.03906250 0.29687500
v 0.07031250 0.03906250 0.30460572
v 0.07031250 0.03906250 0.35943472
v 0.07031250 0.03130972 0.36718750
v 0.07031250 0.03126538 0.37500000
v 0.07031250 0.03126276 0.38281250
v 0.07031250 0.03907621 0.30468750
v 0.07031250 0.03907847 0.31250000
v 0.07031250 0.03908110 0.32031250
v 0.07031250 0.03908408 0.32812500
v 0.07031250 0.03908169 0.33593750
v 0.07031250 0.03907800 0.34375000
v 0.07031250 0.03907645 0.35156250
v 0.07031250 0.03907502 0.35937500
v 0.07790279 -0.11718750 -0.02343750
v 0.07812500 -0.11721218 -0.02343750
v 0.07812500 -0.11718750 -0.02349156
v 0.07812500 -0.11718750 -0.02326304
v 0.07809591 -0.10937500 -0.03906250
v 0.07812500 -0.10940492 -0.03906250
v 0.07812500 -0.10937500 -0.03908968
v 0.07812500 -0.10942906 -0.03125000
v 0.07812500 -0.10954946 -0.01562500
v 0.07812500 -0.10940236 -0.00781250
v 0.07812500 -0.10937500 -0.00776774
v 0.07803226 -0.10156250 -0.03906250
v 0.07812500 -0.10156250 -0.03914642
v 0.07812500 -0.10160726 0.00000000
v 0.07812500 -0.10156250 0.00003874
v 0.07809758 -0.09375000 -0.04687500
v 0.07812500 -0.09383392 -0.04687500
v 0.07812500 -0.09375000 -0.04691815
v 0.07812500 -0.09378880 0.00781250
v 0.07035756 -0.09375000 0.01562500
v 0.07812500 -0.09375000 0.00785756
v 0.07810736 -0.08593750 -0.05468750
v 0.07812500 -0.08598065 -0.05468750
v 0.07812500 -0.08593750 -0.05470848
v 0.07772374 -0.08593750 -0.04687500
v 0.07812500 -0.08598250 0.01562500
v 0.07037199 -0.08593750 0.02343750
v 0.07812500 -0.08593750 0.01568449
v 0.07807779 -0.07812500 -0.05468750
v 0.07812500 -0.07812500 -0.05477631
v 0.07812500 -0.07818449 0.02343750
v 0.07812500 -0.07812500 0.02347374
v 0.07804501 -0.07031250 -0.06250000
v 0.07812500 -0.07040131 -0.06250000
v 0.07812500 -0.07031250 -0.06288964
v 0.07707715 -0.07031250 -0.05468750
v 0.07812500 -0.07031250 0.02347887
v 0.07804596 -0.06250000 -0.10156250
v 0.07812500 -0.06252092 -0.10156250
v 0.07812500 -0.06250000 -0.10163796
v 0.07812500 -0.06259793 -0.09375000
v 0.07812500 -0.06276512 -0.08593750
v 0.07812500 -0.06282860 -0.07812500
v 0.07812500 -0.06288964 -0.07031250
v 0.07812500 -0.06250000 0.02348292
v 0.07806945 -0.05468750 -0.10937500
v 0.07812500 -0.05476296 -0.10937500
v 0.07812500 -0.05468750 -0.10940927
v 0.07812500 -0.05468750 0.02349818
v 0.07812500 -0.04687500 -0.10940254
v 0.07812500 -0.04693562 0.03125000
v 0.07812500 -0.04687500 0.03127801
v 0.07790315 -0.03906250 -0.10937500
v 0.07812500 -0.03906250 -0.10939258
v 0.07812500 -0.03909057 0.03906250
v 0.07812500 -0.03907490 0.04687500
v 0.07812500 -0.03906250 0.04690385
v 0.07812500 -0.03900826 -0.10937500
v 0.07812500 -0.03125000 -0.10161674
v 0.07812500 -0.03127879 0.05468750
v 0.07045770 -0.03125000 0.06250000
v 0.07812500 -0.03125000 0.05483270
v 0.07812500 -0.02343750 -0.10159194
v 0.07812500 -0.02343750 0.05470657
v 0.07812500 -0.02338290 -0.10156250
v 0.07036710 -0.01562500 -0.10156250
v 0.07812500 -0.01562500 -0.09380460
v 0.07812500 -0.01562500 0.05470181
v 0.07812500 -0.01560336 -0.09375000
v 0.07812500 -0.01556802 -0.08593750
v 0.07812500 -0.00781250 -0.07818198
v 0.07812500 -0.00781250 0.03909481
v 0.07812500 -0.01559269 0.04687500
v 0.07812500 -0.01560855 0.05468750
v 0.07812500 -0.00779551 -0.07812500
v 0.07812500 -0.00779253 -0.07031250
v 0.07812500 -0.00779045 -0.06250000
v 0.07812500 -0.00779003 -0.05468750
v 0.07812500 -0.00778961 -0.04687500
v 0.07812500 -0.00778878 -0.03906250
v 0.07812500 -0.00778586 -0.03125000
v 0.07812500 -0.00778085 -0.02343750
v 0.07812500 -0.00776732 -0.01562500
v 0.07812500 -0.00775051 -0.00781250
v 0.07812500 -0.00777793 0.00000000
v 0.07812500 -0.00779158 0.00781250
v 0.07812500 -0.00779557 0.01562500
v 0.07812500 -0.00779724 0.02343750
v 0.07812500 -0.00779867 0.03125000
v 0.07812500 -0.00779998 0.03906250
v 0.07034409 0.00000000 0.30468750
v 0.07036471 0.00000000 0.31250000
v 0.07036912 0.00000000 0.32031250
v 0.07041049 0.00781250 0.28906250
v 0.07812500 0.00781250 0.29677701
v 0.07812500 0.00779366 0.29687500
v 0.07812500 0.00778091 0.30468750
v 0.07812500 0.00776029 0.31250000
v 0.07812500 0.00775588 0.32031250
v 0.07812500 0.00777709 0.32812500
v 0.07812500 0.00779510 0.33593750
v 0.07812500 0.00779665 0.34375000
v 0.07812500 0.00779700 0.35156250
v 0.07812500 0.00779796 0.35937500
v 0.07812500 0.00781250 0.35939801
v 0.07812500 0.01552701 0.28906250
v 0.07812500 0.01562500 0.28904331
v 0.07812500 0.01560199 0.36718750
v 0.07812500 0.01560831 0.37500000
v 0.07812500 0.01561022 0.38281250
v 0.07812500 0.01561224 0.39062500
v 0.07812500 0.01562500 0.39064002
v 0.07812500 0.01580715 0.28906250
v 0.07049465 0.02343750 0.28906250
v 0.07812500 0.02343750 0.29669285
v 0.07812500 0.02332616 0.39843750
v 0.07606065 0.02343750 0.39843750
v 0.07812500 0.02343750 0.39854121
v 0.07812500 0.03125000 0.29685581
v 0.07812500 0.03125000 0.38282800
v 0.07812500 0.02345300 0.39062500
v 0.07812500 0.02352846 0.39843750
v 0.07812500 0.03127849 0.29687500
v 0.07812500 0.03906250 0.30465901
v 0.07806528 0.03906250 0.36718750
v 0.07812500 0.03906250 0.36720598
v 0.07812500 0.03126848 0.37500000
v 0.07812500 0.03126371 0.38281250
v 0.07812500 0.03907692 0.30468750
v 0.07812500 0.03907943 0.31250000
v 0.07812500 0.03908217 0.32031250
v 0.07812500 0.03908563 0.32812500
v 0.07812500 0.03908455 0.33593750
v 0.07812500 0.03907955 0.34375000
v 0.07812500 0.03907716 0.35156250
v 0.07812500 0.03907585 0.35937500
v 0.07812500 0.03907442 0.36718750
v 0.08590758 -0.11718750 -0.03906250
v 0.08593750 -0.11720818 -0.03906250
v 0.08593750 -0.11718750 -0.03915042
v 0.08588338 -0.11718750 -0.03125000
v 0.08593750 -0.11721605 -0.03125000
v 0.08593750 -0.11722416 -0.02343750
v 0.08576310 -0.11718750 -0.01562500
v 0.08593750 -0.11722249 -0.01562500
v 0.08593750 -0.11718750 -0.01559931
v 0.08591032 -0.10937500 -0.04687500
v 0.08593750 -0.10946292 -0.04687500
v 0.08593750 -0.10937500 -0.04694754
v 0.08593750 -0.10940069 -0.00781250
v 0.08593750 -0.10937500 -0.00777763
v 0.08585358 -0.10156250 -0.04687500
v 0.08593750 -0.10156250 -0.04705673
v 0.08593750 -0.10159737 0.00000000
v 0.08593750 -0.10156250 0.00003076
v 0.08589435 -0.09375000 -0.05468750
v 0.08593750 -0.09393173 -0.05468750
v 0.08593750 -0.09375000 -0.05493015
v 0.08593750 -0.09378076 0.00781250
v 0.08593750 -0.09375000 0.00784004
v 0.08591652 -0.08593750 -0.06250000
v 0.08593750 -0.08618015 -0.06250000
v 0.08593750 -0.08593750 -0.06254405
v 0.08593750 -0.08596504 0.01562500
v 0.08593750 -0.08593750 0.01564837
v 0.08591568 -0.07812500 -0.07031250
v 0.08593750 -0.07816905 -0.07031250
v 0.08593750 -0.07812500 -0.07059354
v 0.08584869 -0.07812500 -0.06250000
v 0.07821274 -0.07812500 0.02343750
v 0.08593750 -0.07812500 0.01571274
v 0.08583951 -0.07031250 -0.09375000
v 0.08593750 -0.07037181 -0.09375000
v 0.08593750 -0.07031250 -0.09619695
v 0.08567238 -0.07031250 -0.08593750
v 0.08593750 -0.07052606 -0.08593750
v 0.08560896 -0.07031250 -0.07812500
v 0.08593750 -0.07059354 -0.07812500
v 0.08554792 -0.07031250 -0.07031250
v 0.08593750 -0.07040024 0.02343750
v 0.08593750 -0.07031250 0.02347338
v 0.08586204 -0.06250000 -0.10937500
v 0.08593750 -0.06255382 -0.10937500
v 0.08593750 -0.06250000 -0.10954309
v 0.08593750 -0.06494695 -0.10156250
v 0.08593750 -0.06250000 0.02349234
v 0.08590329 -0.05468750 -0.11718750
v 0.08593750 -0.05485559 -0.11718750
v 0.08593750 -0.05468750 -0.11720449
v 0.08593750 -0.05468750 0.02347767
v 0.08590996 -0.04687500 -0.11718750
v 0.08593750 -0.04687500 -0.11720175
v 0.07830763 -0.04687500 0.03125000
v 0.08593750 -0.04687500 0.02362013
v 0.08593750 -0.04682714 -0.11718750
v 0.08593750 -0.03906250 -0.10942286
v 0.08593750 -0.03924513 0.03125000
v 0.08593750 -0.03908223 0.03906250
v 0.08593750 -0.03907430 0.04687500
v 0.08593750 -0.03906250 0.04689360
v 0.08588326 -0.03125000 -0.10937500
v 0.08593750 -0.03125000 -0.10939115
v 0.08593750 -0.03126860 0.05468750
v 0.08593750 -0.03125000 0.05476522
v 0.08593750 -0.03113914 -0.10937500
v 0.08593750 -0.02343750 -0.10167336
v 0.08593750 -0.02343750 0.05470288
v 0.08593750 -0.02337217 -0.10156250
v 0.08593750 -0.01562500 -0.09381533
v 0.08593750 -0.01562500 0.05470061
v 0.08593750 -0.01560378 -0.09375000
v 0.08593750 -0.01557934 -0.08593750
v 0.08593750 -0.00781250 -0.07817066
v 0.08593750 -0.00781250 0.03908992
v 0.08593750 -0.01559758 0.04687500
v 0.08593750 -0.01560944 0.05468750
v 0.08593750 -0.00779557 -0.07812500
v 0.08593750 -0.00779235 -0.07031250
v 0.08593750 -0.00779033 -0.06250000
v 0.08593750 -0.00778973 -0.05468750
v 0.08593750 -0.00778955 -0.04687500
v 0.08593750 -0.00778860 -0.03906250
v 0.08593750 -0.00778747 -0.03125000
v 0.08593750 -0.00778347 -0.02343750
v 0.08593750 -0.00777102 -0.01562500
v 0.08593750 -0.00775987 -0.00781250
v 0.08593750 -0.00778204 0.00000000
v 0.08593750 -0.00779271 0.00781250
v 0.08593750 -0.00779498 0.01562500
v 0.08593750 -0.00779676 0.02343750
v 0.08593750 -0.00779790 0.03125000
v 0.08593750 -0.00779921 0.03906250
v 0.08593750 0.00779831 0.29687500
v 0.08593750 0.00781250 0.29685223
v 0.08593750 0.00779521 0.30468750
v 0.08593750 0.00779200 0.31250000
v 0.08593750 0.00778759 0.32031250
v 0.08593750 0.00779080 0.32812500
v 0.08593750 0.00779581 0.33593750
v 0.08593750 0.00779665 0.34375000
v 0.08593750 0.00779724 0.35156250
v 0.08593750 0.00779808 0.35937500
v 0.08593750 0.00781250 0.35939527
v 0.07831216 0.01562500 0.28906250
v 0.08593750 0.01562500 0.29668784
v 0.08593750 0.01560473 0.36718750
v 0.08593750 0.01560807 0.37500000
v 0.08593750 0.01561022 0.38281250
v 0.08593750 0.01561189 0.39062500
v 0.08593750 0.01562500 0.39063990
v 0.08593750 0.02343750 0.29684281
v 0.08593750 0.02328730 0.39843750
v 0.08593750 0.02343750 0.39860904
v 0.08593750 0.02352917 0.29687500
v 0.07821667 0.03125000 0.29687500
v 0.08593750 0.03125000 0.30459583
v 0.08593750 0.03125000 0.38283432
v 0.08593750 0.02345932 0.39062500
v 0.08593750 0.02356744 0.39843750
v 0.08593750 0.03906250 0.30466986
v 0.08593750 0.03906250 0.36722791
v 0.08593750 0.03129041 0.37500000
v 0.08593750 0.03126526 0.38281250
v 0.08593750 0.03907657 0.30468750
v 0.08593750 0.03908074 0.31250000
v 0.08593750 0.03908396 0.32031250
v 0.08593750 0.03908730 0.32812500
v 0.08593750 0.03908992 0.33593750
v 0.08593750 0.03908241 0.34375000
v 0.08593750 0.03907859 0.35156250
v 0.08593750 0.03907645 0.35937500
v 0.08593750 0.03907526 0.36718750
v 0.09372628 -0.11718750 -0.05468750
v 0.09375000 -0.11720568 -0.05468750
v 0.09375000 -0.11718750 -0.05473340
v 0.09366214 -0.11718750 -0.04687500
v 0.09375000 -0.11721134 -0.04687500
v 0.09375000 -0.11721933 -0.03906250
v 0.09375000 -0.11722428 -0.03125000
v 0.09375000 -0.11723113 -0.02343750
v 0.09375000 -0.11723381 -0.01562500
v 0.09375000 -0.11718750 -0.01558793
v 0.09367740 -0.10937500 -0.05468750
v 0.09375000 -0.10937500 -0.05486882
v 0.09375000 -0.10941207 -0.00781250
v 0.09375000 -0.10937500 -0.00778532
v 0.09371960 -0.10156250 -0.06250000
v 0.09375000 -0.10174382 -0.06250000
v 0.09375000 -0.10156250 -0.06254542
v 0.09356833 -0.10156250 -0.05468750
v 0.08649874 -0.10156250 0.00000000
v 0.09375000 -0.10156250 -0.00725120
v 0.09373140 -0.09375000 -0.07031250
v 0.09375000 -0.09379542 -0.07031250
v 0.09375000 -0.09375000 -0.07035625
v 0.09350729 -0.09375000 -0.06250000
v 0.09375000 -0.09431130 0.00000000
v 0.08606279 -0.09375000 0.00781250
v 0.09375000 -0.09375000 0.00012529
v 0.09372997 -0.08593750 -0.07812500
v 0.09375000 -0.08598125 -0.07812500
v 0.09375000 -0.08593750 -0.07841766
v 0.09370589 -0.08593750 -0.07031250
v 0.09375000 -0.08606279 0.00781250
v 0.08601570 -0.08593750 0.01562500
v 0.09375000 -0.08593750 0.00789070
v 0.09373140 -0.07812500 -0.10156250
v 0.09375000 -0.07814199 -0.10156250
v 0.09375000 -0.07812500 -0.10163975
v 0.09369075 -0.07812500 -0.09375000
v 0.09375000 -0.07816714 -0.09375000
v 0.09353638 -0.07812500 -0.08593750
v 0.09375000 -0.07841766 -0.08593750
v 0.09346890 -0.07812500 -0.07812500
v 0.09375000 -0.07820320 0.01562500
v 0.09375000 -0.07812500 0.01567328
v 0.09369612 -0.07031250 -0.10937500
v 0.09375000 -0.07038975 -0.10937500
v 0.09375000 -0.07031250 -0.11254078
v 0.09130299 -0.07031250 -0.10156250
v 0.09375000 -0.07036078 0.02343750
v 0.09375000 -0.07031250 0.02346075
v 0.09358191 -0.06250000 -0.11718750
v 0.09375000 -0.06566578 -0.11718750
v 0.09375000 -0.06250000 -0.11730099
v 0.09375000 -0.06250000 0.02347469
v 0.09375000 -0.05468750 -0.12216610
v 0.09375000 -0.05468750 0.02347159
v 0.09375000 -0.04687500 -0.11723274
v 0.09375000 -0.04687500 0.02346957
v 0.09370220 -0.03906250 -0.11718750
v 0.09375000 -0.03906250 -0.11720169
v 0.09375000 -0.03909457 0.03125000
v 0.09375000 -0.03907740 0.03906250
v 0.08618379 -0.03906250 0.04687500
v 0.09375000 -0.03906250 0.03930879
v 0.09375000 -0.03900152 -0.11718750
v 0.09375000 -0.03125000 -0.10943598
v 0.09375000 -0.03149635 0.04687500
v 0.09375000 -0.03126436 0.05468750
v 0.09375000 -0.03125000 0.05475032
v 0.09363914 -0.02343750 -0.10937500
v 0.09375000 -0.02343750 -0.10939169
v 0.09375000 -0.02343750 0.05470204
v 0.09375000 -0.02340841 -0.10937500
v 0.09368467 -0.01562500 -0.10156250
v 0.09375000 -0.01562500 -0.10159159
v 0.08609354 -0.01562500 0.05468750
v 0.09375000 -0.01562500 0.04703104
v 0.09375000 -0.02328151 0.05468750
v 0.09375000 -0.01560861 -0.10156250
v 0.09375000 -0.01560313 -0.09375000
v 0.09375000 -0.01558304 -0.08593750
v 0.09375000 -0.00781250 -0.07816696
v 0.09375000 -0.00781250 0.03909647
v 0.09375000 -0.01559108 0.04687500
v 0.09375000 -0.00779533 -0.07812500
v 0.09375000 -0.00779265 -0.07031250
v 0.09375000 -0.00779063 -0.06250000
v 0.09375000 -0.00778931 -0.05468750
v 0.09375000 -0.00778842 -0.04687500
v 0.09375000 -0.00778717 -0.03906250
v 0.09375000 -0.00778598 -0.03125000
v 0.09375000 -0.00778055 -0.02343750
v 0.09375000 -0.00777459 -0.01562500
v 0.09375000 -0.00777531 -0.00781250
v 0.09375000 -0.00778592 0.00000000
v 0.09375000 -0.00779158 0.00781250
v 0.09375000 -0.00779355 0.01562500
v 0.09375000 -0.00779516 0.02343750
v 0.09375000 -0.00779665 0.03125000
v 0.09375000 -0.00779802 0.03906250
v 0.08598125 0.00781250 0.29687500
v 0.09375000 0.00781250 0.30464375
v 0.09375000 0.00779903 0.30468750
v 0.09375000 0.00779665 0.31250000
v 0.09375000 0.00779486 0.32031250
v 0.09375000 0.00779378 0.32812500
v 0.09375000 0.00779593 0.33593750
v 0.09375000 0.00779653 0.34375000
v 0.09375000 0.00779736 0.35156250
v 0.08619118 0.00781250 0.35937500
v 0.09375000 0.00781250 0.35181618
v 0.09375000 0.01558125 0.29687500
v 0.09375000 0.01562500 0.29684937
v 0.09375000 0.01537132 0.35937500
v 0.09375000 0.01560402 0.36718750
v 0.09375000 0.01560771 0.37500000
v 0.09375000 0.01560986 0.38281250
v 0.09375000 0.01561141 0.39062500
v 0.09375000 0.01562500 0.39064002
v 0.09375000 0.02343750 0.29685485
v 0.09375000 0.02322650 0.39843750
v 0.09375000 0.02343750 0.39866841
v 0.09375000 0.02346194 0.29687500
v 0.09375000 0.03125000 0.30466306
v 0.09375000 0.03125000 0.38286638
v 0.09375000 0.02349138 0.39062500
v 0.09375000 0.02363276 0.39843750
v 0.09375000 0.03129530 0.30468750
v 0.08598280 0.03906250 0.30468750
v 0.09375000 0.03906250 0.31245470
v 0.09370959 0.03906250 0.37500000
v 0.09375000 0.03906250 0.37501800
v 0.09375000 0.03126800 0.38281250
v 0.09375000 0.03908002 0.31250000
v 0.09375000 0.03908527 0.32031250
v 0.09375000 0.03909349 0.32812500
v 0.09375000 0.03910983 0.33593750
v 0.09375000 0.03908670 0.34375000
v 0.09375000 0.03908002 0.35156250
v 0.09375000 0.03907752 0.35937500
v 0.09375000 0.03907573 0.36718750
v 0.09375000 0.03907490 0.37500000
v 0.10156250 -0.11720359 -0.05468750
v 0.10156250 -0.11718750 -0.05477816
v 0.10156250 -0.11720830 -0.04687500
v 0.10156250 -0.11720884 -0.03906250
v 0.10156250 -0.11720842 -0.03125000
v 0.10156250 -0.11720812 -0.02343750
v 0.09394073 -0.11718750 -0.01562500
v 0.10156250 -0.11718750 -0.02324677
v 0.10138118 -0.10937500 -0.06250000
v 0.10156250 -0.10946566 -0.06250000
v 0.10156250 -0.10937500 -0.06260294
v 0.10156250 -0.10956573 -0.01562500
v 0.10156250 -0.10939962 -0.00781250
v 0.10156250 -0.10937500 -0.00778753
v 0.10151708 -0.10156250 -0.07031250
v 0.10156250 -0.10166544 -0.07031250
v 0.10156250 -0.10156250 -0.07035774
v 0.10156250 -0.10156250 -0.00760901
v 0.10151875 -0.09375000 -0.07812500
v 0.10156250 -0.09379524 -0.07812500
v 0.10156250 -0.09375000 -0.07832742
v 0.10156250 -0.09395349 0.00000000
v 0.10156250 -0.09375000 0.00003839
v 0.10154545 -0.08593750 -0.10156250
v 0.10156250 -0.08595502 -0.10156250
v 0.10156250 -0.08593750 -0.10160989
v 0.10152042 -0.08593750 -0.09375000
v 0.10156250 -0.08597583 -0.09375000
v 0.10126984 -0.08593750 -0.08593750
v 0.10156250 -0.08613992 -0.08593750
v 0.09422958 -0.08593750 0.00781250
v 0.10156250 -0.08593750 0.00047958
v 0.10154867 -0.07812500 -0.11718750
v 0.10156250 -0.07813865 -0.11718750
v 0.10156250 -0.07812500 -0.11720467
v 0.10148525 -0.07812500 -0.10937500
v 0.10156250 -0.07817239 -0.10937500
v 0.10156250 -0.07860464 0.00781250
v 0.09448576 -0.07812500 0.01562500
v 0.10156250 -0.07812500 0.00854826
v 0.10154474 -0.07031250 -0.12500000
v 0.10156250 -0.07032967 -0.12500000
v 0.10156250 -0.07031250 -0.12501925
v 0.09839678 -0.07031250 -0.11718750
v 0.10156250 -0.07104826 0.01562500
v 0.09384525 -0.07031250 0.02343750
v 0.10156250 -0.07031250 0.01572025
v 0.10144901 -0.06250000 -0.12500000
v 0.10156250 -0.06250000 -0.12513685
v 0.10156250 -0.06259525 0.02343750
v 0.10156250 -0.06250000 0.02346003
v 0.09658384 -0.05468750 -0.12500000
v 0.10156250 -0.05468750 -0.12517697
v 0.10156250 -0.05468750 0.02346277
v 0.10151732 -0.04687500 -0.12500000
v 0.10156250 -0.04687500 -0.12502247
v 0.10156250 -0.04687500 0.02346063
v 0.10156250 -0.04656512 -0.12500000
v 0.10156250 -0.03906250 -0.11749738
v 0.10156250 -0.03908557 0.03125000
v 0.10156250 -0.03907537 0.03906250
v 0.10156250 -0.03906250 0.03911662
v 0.10150158 -0.03125000 -0.11718750
v 0.10156250 -0.03125000 -0.11720318
v 0.10156250 -0.03130406 0.04687500
v 0.10156250 -0.03126240 0.05468750
v 0.10156250 -0.03125000 0.05471134
v 0.10154581 -0.02343750 -0.11718750
v 0.10156250 -0.02343750 -0.11719996
v 0.10156250 -0.02343750 0.05470252
v 0.10156250 -0.02342248 -0.11718750
v 0.10153341 -0.01562500 -0.10937500
v 0.10156250 -0.01562500 -0.10939002
v 0.10156250 -0.01562500 0.04700089
v 0.10156250 -0.02331161 0.05468750
v 0.10156250 -0.01561028 -0.10937500
v 0.10156250 -0.01560658 -0.10156250
v 0.10156250 -0.01559287 -0.09375000
v 0.10156250 -0.01543629 -0.08593750
v 0.10156250 -0.00781250 -0.07831371
v 0.10156250 -0.00781250 0.03916252
v 0.10156250 -0.01552492 0.04687500
v 0.10156250 -0.00779575 -0.07812500
v 0.10156250 -0.00779331 -0.07031250
v 0.10156250 -0.00779116 -0.06250000
v 0.10156250 -0.00778949 -0.05468750
v 0.10156250 -0.00778687 -0.04687500
v 0.10156250 -0.00778508 -0.03906250
v 0.10156250 -0.00778377 -0.03125000
v 0.10156250 -0.00777447 -0.02343750
v 0.10156250 -0.00777584 -0.01562500
v 0.10156250 -0.00777978 -0.00781250
v 0.10156250 -0.00778741 0.00000000
v 0.10156250 -0.00779027 0.00781250
v 0.10156250 -0.00779188 0.01562500
v 0.10156250 -0.00779313 0.02343750
v 0.10156250 -0.00779498 0.03125000
v 0.10156250 -0.00779676 0.03906250
v 0.09387207 0.00781250 0.30468750
v 0.10156250 0.00781250 0.31237793
v 0.10156250 0.00779974 0.31250000
v 0.10156250 0.00779808 0.32031250
v 0.10156250 0.00779665 0.32812500
v 0.10156250 0.00779641 0.33593750
v 0.10156250 0.00779653 0.34375000
v 0.10156250 0.00779736 0.35156250
v 0.10156250 0.00781250 0.35159755
v 0.09380043 0.01562500 0.29687500
v 0.10156250 0.01562500 0.30463707
v 0.10156250 0.01550293 0.30468750
v 0.10156250 0.01558995 0.35937500
v 0.10156250 0.01560438 0.36718750
v 0.10156250 0.01560700 0.37500000
v 0.10156250 0.01560950 0.38281250
v 0.09380841 0.01562500 0.39062500
v 0.10156250 0.01562500 0.38287091
v 0.09379518 0.02343750 0.29687500
v 0.10156250 0.02343750 0.30464232
v 0.10156250 0.02337909 0.39062500
v 0.10156250 0.02318752 0.39843750
v 0.10156250 0.02343750 0.39867377
v 0.10156250 0.02361012 0.30468750
v 0.09392262 0.03125000 0.30468750
v 0.10156250 0.03125000 0.31232738
v 0.10150862 0.03125000 0.39062500
v 0.10156250 0.03125000 0.39064109
v 0.10156250 0.02369273 0.39843750
v 0.10156250 0.03906250 0.31248116
v 0.10156250 0.03906250 0.37504160
v 0.10156250 0.03129160 0.38281250
v 0.10156250 0.03126514 0.39062500
v 0.10156250 0.03907776 0.31250000
v 0.10156250 0.03908432 0.32031250
v 0.10156250 0.03914475 0.32812500
v 0.10151517 0.04687500 0.33593750
v 0.10156250 0.04687500 0.33585525
v 0.10153830 0.04687500 0.34375000
v 0.10156250 0.04687500 0.34377301
v 0.10156250 0.03908551 0.35156250
v 0.10156250 0.03907979 0.35937500
v 0.10156250 0.03907728 0.36718750
v 0.10156250 0.03907573 0.37500000
v 0.10156250 0.04688859 0.33593750
v 0.10156250 0.04688776 0.34375000
v 0.10173917 -0.11718750 -0.05468750
v 0.10173118 -0.11718750 -0.04687500
v 0.10168087 -0.11718750 -0.03906250
v 0.10161924 -0.11718750 -0.03125000
v 0.10160995 -0.11718750 -0.02343750
v 0.10937500 -0.10944128 -0.06250000
v 0.10937500 -0.10937500 -0.06850201
v 0.10937500 -0.10955167 -0.05468750
v 0.10937500 -0.10954368 -0.04687500
v 0.10937500 -0.10949337 -0.03906250
v 0.10937500 -0.10943180 -0.03125000
v 0.10937500 -0.10942245 -0.02343750
v 0.10937500 -0.10941201 -0.01562500
v 0.10159063 -0.10937500 -0.00781250
v 0.10937500 -0.10937500 -0.01559687
v 0.10937500 -0.10756451 -0.07031250
v 0.10937500 -0.10156250 -0.07057446
v 0.10937500 -0.10159063 -0.00781250
v 0.10937500 -0.10156250 -0.00778854
v 0.10917258 -0.09375000 -0.08593750
v 0.10937500 -0.09377581 -0.08593750
v 0.10937500 -0.09375000 -0.08609915
v 0.10937500 -0.09401196 -0.07812500
v 0.10163414 -0.09375000 0.00000000
v 0.10937500 -0.09375000 -0.00774086
v 0.10932767 -0.08593750 -0.10937500
v 0.10937500 -0.08595538 -0.10937500
v 0.10937500 -0.08593750 -0.10945094
v 0.10937500 -0.08598477 -0.10156250
v 0.10937500 -0.08609915 -0.09375000
v 0.10937500 -0.08600914 0.00000000
v 0.10937500 -0.08593750 0.00003588
v 0.10935783 -0.07812500 -0.12500000
v 0.10937500 -0.07813925 -0.12500000
v 0.10937500 -0.07812500 -0.12501681
v 0.10937500 -0.07820094 -0.11718750
v 0.10937500 -0.07816082 0.00781250
v 0.10937500 -0.07812500 0.00784802
v 0.10935581 -0.07031250 -0.13281250
v 0.10937500 -0.07032931 -0.13281250
v 0.10937500 -0.07031250 -0.13282925
v 0.10185063 -0.07031250 0.01562500
v 0.10937500 -0.07031250 0.00810063
v 0.10923815 -0.06250000 -0.13281250
v 0.10937500 -0.06250000 -0.13286263
v 0.10937500 -0.06278819 0.01562500
v 0.10160780 -0.06250000 0.02343750
v 0.10937500 -0.06250000 0.01567030
v 0.10919809 -0.05468750 -0.13281250
v 0.10937500 -0.05468750 -0.13285005
v 0.10177755 -0.05468750 0.02343750
v 0.10937500 -0.05468750 0.01584005
v 0.10935247 -0.04687500 -0.13281250
v 0.10937500 -0.04687500 -0.13282686
v 0.10937500 -0.04709011 0.02343750
v 0.10937500 -0.04687500 0.02345622
v 0.10937500 -0.04681957 -0.13281250
v 0.10906506 -0.03906250 -0.12500000
v 0.10937500 -0.03906250 -0.12505543
v 0.10937500 -0.03908122 0.03125000
v 0.10937500 -0.03907365 0.03906250
v 0.10937500 -0.03906250 0.03908563
v 0.10935938 -0.03125000 -0.12500000
v 0.10937500 -0.03125000 -0.12501222
v 0.10937500 -0.03127313 0.04687500
v 0.10937500 -0.03126127 0.05468750
v 0.10937500 -0.03125000 0.05470181
v 0.10937500 -0.03122908 -0.12500000
v 0.10937500 -0.02343750 -0.11720842
v 0.10937500 -0.02343750 0.05470216
v 0.10937500 -0.02338451 -0.11718750
v 0.10937500 -0.01562500 -0.10942799
v 0.10937500 -0.01562500 0.04700899
v 0.10937500 -0.02330351 0.05468750
v 0.10937500 -0.01560813 -0.10937500
v 0.10937500 -0.01559484 -0.10156250
v 0.10934281 -0.00781250 -0.09375000
v 0.10937500 -0.00781250 -0.09378016
v 0.10918629 -0.00781250 -0.08593750
v 0.10927498 -0.00781250 0.04687500
v 0.10937500 -0.00781250 0.04691279
v 0.10937500 -0.00779885 -0.09375000
v 0.10937500 -0.00779748 -0.08593750
v 0.10937500 -0.00779557 -0.07812500
v 0.10937500 -0.00779432 -0.07031250
v 0.10937500 -0.00779134 -0.06250000
v 0.10937500 -0.00778836 -0.05468750
v 0.10937500 -0.00778604 -0.04687500
v 0.10937500 -0.00778395 -0.03906250
v 0.10937500 -0.00778222 -0.03125000
v 0.10937500 -0.00777793 -0.02343750
v 0.10937500 -0.00777268 -0.01562500
v 0.10937500 -0.00777721 -0.00781250
v 0.10937500 -0.00778252 0.00000000
v 0.10937500 -0.00778741 0.00781250
v 0.10937500 -0.00778913 0.01562500
v 0.10937500 -0.00779074 0.02343750
v 0.10937500 -0.00779289 0.03125000
v 0.10937500 -0.00779504 0.03906250
v 0.10937500 -0.00779718 0.04687500
v 0.10160553 0.00781250 0.31250000
v 0.10165906 0.00781250 0.32031250
v 0.10937500 0.00781250 0.32802844
v 0.10937500 0.00779819 0.32812500
v 0.10937500 0.00779700 0.33593750
v 0.10937500 0.00779712 0.34375000
v 0.10161221 0.00781250 0.35156250
v 0.10937500 0.00781250 0.34379971
v 0.10168004 0.01562500 0.30468750
v 0.10937500 0.01562500 0.31238246
v 0.10937500 0.01558197 0.31250000
v 0.10937500 0.01552844 0.32031250
v 0.10937500 0.01557529 0.35156250
v 0.10937500 0.01560128 0.35937500
v 0.10937500 0.01560485 0.36718750
v 0.10937500 0.01560760 0.37500000
v 0.10937500 0.01560926 0.38281250
v 0.10937500 0.01562500 0.38283610
v 0.10937500 0.02331996 0.30468750
v 0.10937500 0.02343750 0.30466831
v 0.10937500 0.02341390 0.39062500
v 0.10217583 0.02343750 0.39843750
v 0.10937500 0.02343750 0.39066541
v 0.10937500 0.02346826 0.30468750
v 0.10937500 0.03125000 0.31246924
v 0.10937500 0.03125000 0.39065087
v 0.10937500 0.03128743 0.31250000
v 0.10159993 0.03906250 0.31250000
v 0.10937500 0.03906250 0.32027507
v 0.10933340 0.03906250 0.38281250
v 0.10937500 0.03906250 0.38282990
v 0.10937500 0.03126740 0.39062500
v 0.10937500 0.03908086 0.32031250
v 0.10937500 0.03910446 0.32812500
v 0.10937500 0.04687500 0.33589554
v 0.10935199 0.04687500 0.35156250
v 0.10937500 0.04687500 0.35158467
v 0.10937500 0.03908467 0.35937500
v 0.10937500 0.03907967 0.36718750
v 0.10937500 0.03907704 0.37500000
v 0.10937500 0.03907537 0.38281250
v 0.10937500 0.04688942 0.33593750
v 0.10937500 0.04688859 0.34375000
v 0.10937500 0.04688740 0.35156250
v 0.11718750 -0.10939890 -0.06250000
v 0.11718750 -0.10937500 -0.06265372
v 0.11718750 -0.10939986 -0.05468750
v 0.11718750 -0.10939825 -0.04687500
v 0.10960984 -0.10937500 -0.03906250
v 0.11718750 -0.10937500 -0.04664022
v 0.10948360 -0.10937500 -0.03125000
v 0.10943472 -0.10937500 -0.02343750
v 0.10940015 -0.10937500 -0.01562500
v 0.11692548 -0.10156250 -0.07812500
v 0.11718750 -0.10160071 -0.07812500
v 0.11718750 -0.10156250 -0.07816052
v 0.11718750 -0.10171622 -0.07031250
v 0.11718750 -0.10179728 -0.03906250
v 0.11718750 -0.10167104 -0.03125000
v 0.11718750 -0.10162222 -0.02343750
v 0.10955584 -0.10156250 -0.01562500
v 0.11718750 -0.10156250 -0.02325672
v 0.10939562 -0.10156250 -0.00781250
v 0.11702585 -0.09375000 -0.09375000
v 0.11718750 -0.09377062 -0.09375000
v 0.11718750 -0.09375000 -0.09383637
v 0.11718750 -0.09378552 -0.08593750
v 0.11718750 -0.09393078 -0.01562500
v 0.10942805 -0.09375000 -0.00781250
v 0.11718750 -0.09375000 -0.01557201
v 0.11711156 -0.08593750 -0.11718750
v 0.11718750 -0.08595026 -0.11718750
v 0.11718750 -0.08593750 -0.11720800
v 0.11718750 -0.08596271 -0.10937500
v 0.11718750 -0.08602387 -0.10156250
v 0.11718750 -0.08599049 -0.00781250
v 0.10941339 -0.08593750 0.00000000
v 0.11718750 -0.08593750 -0.00777406
v 0.11718750 -0.07814550 -0.12500000
v 0.11718750 -0.07812500 -0.12509269
v 0.11718750 -0.07816344 0.00000000
v 0.10949063 -0.07812500 0.00781250
v 0.11718750 -0.07812500 0.00011563
v 0.11718750 -0.07040519 -0.13281250
v 0.11718750 -0.07031250 -0.13292992
v 0.11718750 -0.07042807 0.00781250
v 0.11718750 -0.07031250 0.00787699
v 0.11718750 -0.06250000 -0.13431603
v 0.11197484 -0.06250000 0.01562500
v 0.11718750 -0.06250000 0.01041234
v 0.11714995 -0.05468750 -0.14062500
v 0.11718750 -0.05619103 -0.14062500
v 0.11718750 -0.05468750 -0.14063776
v 0.11718750 -0.05728728 0.01562500
v 0.11718750 -0.05468750 0.01565468
v 0.11718750 -0.05456156 -0.14062500
v 0.11718750 -0.04687500 -0.13293844
v 0.10941708 -0.04687500 0.02343750
v 0.11718750 -0.04687500 0.01566708
v 0.11713207 -0.03906250 -0.13281250
v 0.11718750 -0.03906250 -0.13283092
v 0.11718750 -0.03910458 0.02343750
v 0.11718750 -0.03907675 0.03125000
v 0.10948539 -0.03906250 0.03906250
v 0.11718750 -0.03906250 0.03136039
v 0.11718750 -0.03899032 -0.13281250
v 0.11718750 -0.03125000 -0.12507218
v 0.11718750 -0.03136045 0.03906250
v 0.11718750 -0.03126526 0.04687500
v 0.10972655 -0.03125000 0.05468750
v 0.11718750 -0.03125000 0.04722655
v 0.11716664 -0.02343750 -0.12500000
v 0.11718750 -0.02343750 -0.12501252
v 0.11718750 -0.02378911 0.05468750
v 0.11718750 -0.02343750 0.05470157
v 0.11718750 -0.02342111 -0.12500000
v 0.11713457 -0.01562500 -0.11718750
v 0.11718750 -0.01562500 -0.11720389
v 0.11718750 -0.01562500 0.04698312
v 0.11718750 -0.02332932 0.05468750
v 0.11718750 -0.01560932 -0.11718750
v 0.11718750 -0.01558107 -0.10937500
v 0.11715734 -0.00781250 -0.10156250
v 0.11718750 -0.00781250 -0.10160643
v 0.11718750 -0.00781250 0.04710376
v 0.11718750 -0.00779974 -0.10156250
v 0.11718750 -0.00779873 -0.09375000
v 0.11718750 -0.00779724 -0.08593750
v 0.11718750 -0.00779551 -0.07812500
v 0.11718750 -0.00779378 -0.07031250
v 0.11718750 -0.00779116 -0.06250000
v 0.11718750 -0.00778258 -0.05468750
v 0.11718750 -0.00775886 -0.04687500
v 0.11718750 -0.00775987 -0.03906250
v 0.11718750 -0.00777096 -0.03125000
v 0.11718750 -0.00777543 -0.02343750
v 0.11718750 -0.00776458 -0.01562500
v 0.11718750 -0.00776738 -0.00781250
v 0.11718750 -0.00776875 0.00000000
v 0.11718750 -0.00777501 0.00781250
v 0.11718750 -0.00778186 0.01562500
v 0.11718750 -0.00778550 0.02343750
v 0.11718750 -0.00778842 0.03125000
v 0.11718750 -0.00779253 0.03906250
v 0.11718750 -0.00779563 0.04687500
v 0.10941041 0.00781250 0.32812500
v 0.10942972 0.00781250 0.33593750
v 0.10940647 0.00781250 0.34375000
v 0.11718750 0.01560724 0.31250000
v 0.11718750 0.01562500 0.31248045
v 0.11718750 0.01560056 0.32031250
v 0.11718750 0.01558959 0.32812500
v 0.11718750 0.01557028 0.33593750
v 0.11718750 0.01559353 0.34375000
v 0.11718750 0.01560497 0.35156250
v 0.11718750 0.01560545 0.35937500
v 0.11718750 0.01560664 0.36718750
v 0.11718750 0.01560807 0.37500000
v 0.10940266 0.01562500 0.38281250
v 0.11718750 0.01562500 0.37502766
v 0.10939968 0.02343750 0.30468750
v 0.11718750 0.02343750 0.31247532
v 0.11718750 0.02340984 0.38281250
v 0.11718750 0.02341819 0.39062500
v 0.11718750 0.02343750 0.39064157
v 0.11718750 0.03125000 0.31248379
v 0.11718750 0.03125000 0.39064515
v 0.11718750 0.03126776 0.31250000
v 0.11718750 0.03148580 0.32031250
v 0.10961080 0.03906250 0.32031250
v 0.11718750 0.03906250 0.32788920
v 0.11718750 0.03906250 0.38283527
v 0.11718750 0.03127277 0.39062500
v 0.11718750 0.03908896 0.32812500
v 0.11718750 0.04687500 0.33591104
v 0.11718750 0.04687500 0.35163200
v 0.11718750 0.03913200 0.35937500
v 0.11718750 0.03908062 0.36718750
v 0.11718750 0.03907740 0.37500000
v 0.11718750 0.03907549 0.38281250
v 0.11718750 0.04688990 0.33593750
v 0.11718750 0.04689014 0.34375000
v 0.11718750 0.04688847 0.35156250
v 0.11720979 -0.10937500 -0.06250000
v 0.11721098 -0.10937500 -0.05468750
v 0.11721027 -0.10937500 -0.04687500
v 0.11731207 -0.10156250 -0.07812500
v 0.11882627 -0.10156250 -0.07031250
v 0.12500000 -0.10156250 -0.06413877
v 0.12500000 -0.10158479 -0.06250000
v 0.12500000 -0.10158598 -0.05468750
v 0.11979985 -0.10156250 -0.04687500
v 0.12500000 -0.10156250 -0.05207515
v 0.11768770 -0.10156250 -0.03906250
v 0.11725867 -0.10156250 -0.03125000
v 0.11721325 -0.10156250 -0.02343750
v 0.12500000 -0.09376985 -0.09375000
v 0.12500000 -0.09375000 -0.09391212
v 0.12500000 -0.09378684 -0.08593750
v 0.12500000 -0.09387451 -0.07812500
v 0.12500000 -0.09538877 -0.07031250
v 0.12500000 -0.09636235 -0.04687500
v 0.12500000 -0.09425020 -0.03906250
v 0.12500000 -0.09382117 -0.03125000
v 0.11730337 -0.09375000 -0.02343750
v 0.12500000 -0.09375000 -0.03113413
v 0.11721241 -0.09375000 -0.01562500
v 0.12500000 -0.08595186 -0.11718750
v 0.12500000 -0.08593750 -0.11721861
v 0.12500000 -0.08597338 -0.10937500
v 0.12500000 -0.08609962 -0.10156250
v 0.12500000 -0.08605337 -0.02343750
v 0.11734974 -0.08593750 -0.01562500
v 0.12500000 -0.08593750 -0.02327520
v 0.11721742 -0.08593750 -0.00781250
v 0.12500000 -0.07815611 -0.12500000
v 0.12500000 -0.07812500 -0.12520730
v 0.12500000 -0.07828730 -0.01562500
v 0.12500000 -0.07815498 -0.00781250
v 0.11722898 -0.07812500 0.00000000
v 0.12500000 -0.07812500 -0.00777102
v 0.12500000 -0.07051980 -0.13281250
v 0.12500000 -0.07031250 -0.13305134
v 0.12500000 -0.07035398 0.00000000
v 0.11736321 -0.07031250 0.00781250
v 0.12500000 -0.07031250 0.00017571
v 0.12349641 -0.06250000 -0.14062500
v 0.12500000 -0.06273884 -0.14062500
v 0.12500000 -0.06250000 -0.14064473
v 0.12500000 -0.06267571 0.00781250
v 0.12500000 -0.06250000 0.00786090
v 0.12500000 -0.05468750 -0.14064044
v 0.12500000 -0.05473584 0.01562500
v 0.12500000 -0.05468750 0.01564085
v 0.12487400 -0.04687500 -0.14062500
v 0.12500000 -0.04687500 -0.14063638
v 0.12500000 -0.04687500 0.01564634
v 0.12500000 -0.04683465 -0.14062500
v 0.12500000 -0.03906250 -0.13285285
v 0.12500000 -0.03908384 0.02343750
v 0.12500000 -0.03907567 0.03125000
v 0.12500000 -0.03906250 0.03131175
v 0.12492788 -0.03125000 -0.13281250
v 0.12500000 -0.03125000 -0.13282919
v 0.12500000 -0.03131175 0.03906250
v 0.12500000 -0.03126317 0.04687500
v 0.12500000 -0.03125000 0.04689515
v 0.12500000 -0.03118497 -0.13281250
v 0.12500000 -0.02343750 -0.12506503
v 0.12500000 -0.02345759 0.05468750
v 0.12500000 -0.02343750 0.05470097
v 0.12498367 -0.01562500 -0.12500000
v 0.12500000 -0.01562500 -0.12501097
v 0.12500000 -0.01562500 0.04694426
v 0.12500000 -0.02336824 0.05468750
v 0.12500000 -0.01561433 -0.12500000
v 0.12500000 -0.01557815 -0.11718750
v 0.12495613 -0.00781250 -0.10937500
v 0.12500000 -0.00781250 -0.10942185
v 0.12500000 -0.00788176 0.05468750
v 0.12477124 -0.00781250 0.05468750
v 0.12500000 -0.00781250 0.05471492
v 0.12500000 -0.00780118 -0.10937500
v 0.12500000 -0.00780010 -0.10156250
v 0.12500000 -0.00779796 -0.09375000
v 0.12500000 -0.00779295 -0.08593750
v 0.12500000 -0.00779092 -0.07812500
v 0.12500000 -0.00778943 -0.07031250
v 0.12500000 -0.00778937 -0.06250000
v 0.12500000 -0.00777018 -0.05468750
v 0.12500000 -0.00766313 -0.04687500
v 0.12494743 0.00000000 -0.03906250
v 0.12500000 0.00000000 -0.03921187
v 0.12495852 0.00000000 -0.03125000
v 0.12496293 0.00000000 -0.02343750
v 0.12500000 0.00000000 -0.02205497
v 0.12500000 -0.00642997 -0.01562500
v 0.12500000 -0.00765944 -0.00781250
v 0.12500000 -0.00767416 0.00000000
v 0.12496245 0.00000000 0.00781250
v 0.12500000 0.00000000 0.00767422
v 0.12496936 0.00000000 0.01562500
v 0.12497294 0.00000000 0.02343750
v 0.12500000 0.00000000 0.02355599
v 0.12500000 -0.00769401 0.03125000
v 0.12500000 -0.00778472 0.03906250
v 0.12500000 -0.00779265 0.04687500
v 0.12500000 -0.00779605 0.05468750
v 0.12500000 0.00001657 -0.03906250
v 0.12500000 0.00001693 -0.03125000
v 0.12500000 0.00001717 -0.02343750
v 0.12500000 0.00001740 0.00781250
v 0.12500000 0.00001705 0.01562500
v 0.12500000 0.00001645 0.02343750
v 0.11721015 0.01562500 0.31250000
v 0.12500000 0.01562500 0.32028985
v 0.12500000 0.01561117 0.32031250
v 0.12500000 0.01560879 0.32812500
v 0.12500000 0.01560605 0.33593750
v 0.12500000 0.01560795 0.34375000
v 0.12500000 0.01560855 0.35156250
v 0.11736834 0.01562500 0.35937500
v 0.12500000 0.01562500 0.35174334
v 0.11722302 0.01562500 0.36718750
v 0.11720765 0.01562500 0.37500000
v 0.11721826 0.02343750 0.31250000
v 0.12500000 0.02343750 0.32028174
v 0.12500000 0.02325666 0.35937500
v 0.12500000 0.02340198 0.36718750
v 0.12500000 0.02341735 0.37500000
v 0.11727488 0.02343750 0.38281250
v 0.12500000 0.02343750 0.37508738
v 0.11720836 0.02343750 0.39062500
v 0.11721849 0.03125000 0.31250000
v 0.12500000 0.03125000 0.32028151
v 0.12500000 0.03116262 0.38281250
v 0.11724234 0.03125000 0.39062500
v 0.12500000 0.03125000 0.38286734
v 0.12500000 0.03127694 0.32031250
v 0.12500000 0.03906250 0.32809806
v 0.12500000 0.03906250 0.38283181
v 0.12500000 0.03907955 0.32812500
v 0.12500000 0.03910053 0.33593750
v 0.11722553 0.04687500 0.33593750
v 0.12500000 0.03917170 0.34375000
v 0.11729670 0.04687500 0.34375000
v 0.12500000 0.04687500 0.35130918
v 0.12500000 0.04687500 0.35221112
v 0.12500000 0.03935051 0.35937500
v 0.12500000 0.03908503 0.36718750
v 0.12500000 0.03907764 0.37500000
v 0.12500000 0.03907549 0.38281250
v 0.12500000 0.04690731 0.35156250
v 0.12501717 -0.10156250 -0.06250000
v 0.12501693 -0.10156250 -0.05468750
v 0.12517118 -0.09375000 -0.09375000
v 0.12520146 -0.09375000 -0.08593750
v 0.12518990 -0.09375000 -0.07812500
v 0.12526155 -0.09375000 -0.07031250
v 0.12512445 -0.09375000 -0.06250000
v 0.12507749 -0.09375000 -0.05468750
v 0.12509084 -0.09375000 -0.04687500
v 0.12505734 -0.09375000 -0.03906250
v 0.12502527 -0.09375000 -0.03125000
v 0.13281250 -0.08595264 -0.11718750
v 0.13281250 -0.08593750 -0.11721230
v 0.13281250 -0.08598208 -0.10937500
v 0.13281250 -0.08607620 -0.10156250
v 0.13281250 -0.08610862 -0.09375000
v 0.13281250 -0.08613896 -0.08593750
v 0.13281250 -0.08612740 -0.07812500
v 0.13281250 -0.08619905 -0.07031250
v 0.13281250 -0.08606201 -0.06250000
v 0.13281250 -0.08601493 -0.05468750
v 0.13281250 -0.08602834 -0.04687500
v 0.13281250 -0.08599490 -0.03906250
v 0.12522221 -0.08593750 -0.03125000
v 0.13281250 -0.08593750 -0.03884029
v 0.12503338 -0.08593750 -0.02343750
v 0.13281250 -0.07814980 -0.12500000
v 0.13281250 -0.07812500 -0.12506670
v 0.13281250 -0.07834721 -0.03125000
v 0.13281250 -0.07815832 -0.02343750
v 0.13281250 -0.07814085 -0.01562500
v 0.12503743 -0.07812500 -0.00781250
v 0.13281250 -0.07812500 -0.01558757
v 0.13281250 -0.07037920 -0.13281250
v 0.13281250 -0.07031250 -0.13292122
v 0.13281250 -0.07034993 -0.00781250
v 0.12522984 -0.07031250 0.00000000
v 0.13281250 -0.07031250 -0.00758272
v 0.13281250 -0.06260872 -0.14062500
v 0.13281250 -0.06250000 -0.14064068
v 0.13281250 -0.06272978 0.00000000
v 0.12505448 -0.06250000 0.00781250
v 0.13281250 -0.06250000 0.00005448
v 0.13281250 -0.05468750 -0.14063984
v 0.13281250 -0.05474204 0.00781250
v 0.12505567 -0.05468750 0.01562500
v 0.13281250 -0.05468750 0.00786817
v 0.13281250 -0.04687500 -0.14063764
v 0.12527573 -0.04687500 0.01562500
v 0.13281250 -0.04687500 0.00808823
v 0.13281250 -0.04680789 -0.14062500
v 0.13281250 -0.03906250 -0.13287961
v 0.13281250 -0.03933817 0.01562500
v 0.13281250 -0.03907853 0.02343750
v 0.13281250 -0.03907430 0.03125000
v 0.13281250 -0.03906250 0.03127682
v 0.13281250 -0.03125000 -0.13283116
v 0.13281250 -0.03127682 0.03906250
v 0.12504637 -0.03125000 0.04687500
v 0.13281250 -0.03125000 0.03910887
v 0.13281250 -0.03110451 -0.13281250
v 0.13281250 -0.02343750 -0.12514549
v 0.13281250 -0.02348381 0.04687500
v 0.12504423 -0.02343750 0.05468750
v 0.13281250 -0.02343750 0.04691923
v 0.13281250 -0.02333128 -0.12500000
v 0.12510622 -0.01562500 -0.12500000
v 0.13281250 -0.01562500 -0.11729372
v 0.13281250 -0.01562500 0.04692268
v 0.13281250 -0.01559734 -0.11718750
v 0.13281250 -0.01551950 -0.10937500
v 0.12510550 -0.00781250 -0.10937500
v 0.13281250 -0.00781250 -0.10166800
v 0.13281250 -0.00786018 0.05468750
v 0.13281250 -0.00781250 0.05472970
v 0.13281250 -0.00780112 -0.10156250
v 0.13281250 -0.00779939 -0.09375000
v 0.13281250 -0.00779682 -0.08593750
v 0.13281250 -0.00779241 -0.07812500
v 0.13281250 -0.00778753 -0.07031250
v 0.13281250 -0.00778681 -0.06250000
v 0.13281250 -0.00778258 -0.05468750
v 0.13281250 -0.00776500 -0.04687500
v 0.13281250 -0.00753480 -0.03906250
v 0.12527764 0.00000000 -0.03906250
v 0.13281250 0.00000000 -0.03152770
v 0.13142991 0.00000000 -0.01562500
v 0.13265944 0.00000000 -0.00781250
v 0.13267422 0.00000000 0.00000000
v 0.13269401 0.00000000 0.03125000
v 0.13278472 0.00000000 0.03906250
v 0.13281250 0.00000000 0.03909075
v 0.13281250 -0.00778425 0.04687500
v 0.13281250 -0.00779247 0.05468750
v 0.13281250 0.00001788 -0.03125000
v 0.13281250 0.00001848 -0.02343750
v 0.13281250 0.00001895 -0.01562500
v 0.13281250 0.00001919 -0.00781250
v 0.13281250 0.00001884 0.00000000
v 0.13281250 0.00001872 0.00781250
v 0.13281250 0.00001860 0.01562500
v 0.13281250 0.00001800 0.02343750
v 0.13281250 0.00001717 0.03125000
v 0.13281250 0.00001597 0.03906250
v 0.12502241 0.01562500 0.32031250
v 0.12511039 0.01562500 0.32812500
v 0.13281250 0.01562500 0.33582711
v 0.13281250 0.01561201 0.33593750
v 0.12522233 0.01562500 0.34375000
v 0.13281250 0.01562500 0.33615983
v 0.12503600 0.01562500 0.35156250
v 0.12503171 0.02343750 0.32031250
v 0.13281250 0.02343750 0.32809329
v 0.13281250 0.02332711 0.32812500
v 0.13281250 0.02321517 0.34375000
v 0.13281250 0.02340150 0.35156250
v 0.13281250 0.02341831 0.35937500
v 0.12542188 0.02343750 0.36718750
v 0.13281250 0.02343750 0.35979688
v 0.12503242 0.02343750 0.37500000
v 0.12503576 0.03125000 0.32031250
v 0.13281250 0.03125000 0.32808924
v 0.13281250 0.03082812 0.36718750
v 0.13281250 0.03121758 0.37500000
v 0.12544632 0.03125000 0.38281250
v 0.13281250 0.03125000 0.37544632
v 0.13281250 0.03128052 0.32812500
v 0.12503052 0.03906250 0.32812500
v 0.13281250 0.03300941 0.33593750
v 0.12675941 0.03906250 0.33593750
v 0.13281250 0.03906250 0.34199059
v 0.12502968 0.03906250 0.38281250
v 0.13281250 0.03906250 0.37502968
v 0.13281250 0.03908336 0.34375000
v 0.13281250 0.03908885 0.35156250
v 0.12506199 0.04687500 0.35156250
v 0.13281250 0.03908706 0.35937500
v 0.13281250 0.03908265 0.36718750
v 0.13281250 0.03907835 0.37500000
v 0.13290298 -0.08593750 -0.11718750
v 0.14062500 -0.08593750 -0.10946554
v 0.14062500 -0.08595896 -0.10937500
v 0.14062500 -0.08596593 -0.10156250
v 0.14062500 -0.08596349 -0.09375000
v 0.13344216 -0.08593750 -0.08593750
v 0.14062500 -0.08593750 -0.09312040
v 0.13291705 -0.08593750 -0.07812500
v 0.13289702 -0.08593750 -0.07031250
v 0.13287258 -0.08593750 -0.06250000
v 0.13284957 -0.08593750 -0.05468750
v 0.13283682 -0.08593750 -0.04687500
v 0.13283241 -0.08593750 -0.03906250
v 0.14062500 -0.07814133 -0.12500000
v 0.14062500 -0.07812500 -0.12502754
v 0.14062500 -0.07821554 -0.11718750
v 0.14062500 -0.07875460 -0.08593750
v 0.14062500 -0.07822961 -0.07812500
v 0.14062500 -0.07820946 -0.07031250
v 0.14062500 -0.07818508 -0.06250000
v 0.14062500 -0.07816213 -0.05468750
v 0.13331914 -0.07812500 -0.04687500
v 0.14062500 -0.07812500 -0.05418092
v 0.13291073 -0.07812500 -0.03906250
v 0.13285112 -0.07812500 -0.03125000
v 0.13283777 -0.07812500 -0.02343750
v 0.13283145 -0.07812500 -0.01562500
v 0.14062500 -0.07034004 -0.13281250
v 0.14062500 -0.07031250 -0.13285798
v 0.14062500 -0.07081908 -0.04687500
v 0.14062500 -0.07041073 -0.03906250
v 0.14062500 -0.07035106 -0.03125000
v 0.14062500 -0.07033777 -0.02343750
v 0.13291693 -0.07031250 -0.01562500
v 0.14062500 -0.07031250 -0.02333307
v 0.13284278 -0.07031250 -0.00781250
v 0.14062500 -0.06252056 -0.14062500
v 0.14062500 -0.06250000 -0.14063048
v 0.14062500 -0.06260443 -0.01562500
v 0.13285661 -0.06250000 -0.00781250
v 0.14062500 -0.06250000 -0.01558095
v 0.13283145 -0.06250000 0.00000000
v 0.14062500 -0.05468750 -0.14063662
v 0.13290489 -0.05468750 -0.00781250
v 0.14062500 -0.05468750 -0.01553255
v 0.13284171 -0.05468750 0.00000000
v 0.13283014 -0.05468750 0.00781250
v 0.14062500 -0.05427849 -0.14062500
v 0.13322151 -0.04687500 -0.14062500
v 0.14062500 -0.04687500 -0.13322151
v 0.14062500 -0.04696745 -0.00781250
v 0.13288283 -0.04687500 0.00000000
v 0.14062500 -0.04687500 -0.00774217
v 0.13284349 -0.04687500 0.00781250
v 0.14062500 -0.03906250 -0.13286734
v 0.14062500 -0.03913283 0.00000000
v 0.14062500 -0.03909349 0.00781250
v 0.14062500 -0.03907990 0.01562500
v 0.13309705 -0.03906250 0.02343750
v 0.14062500 -0.03906250 0.01590955
v 0.13283932 -0.03906250 0.03125000
v 0.14062500 -0.03125000 -0.13283122
v 0.14062500 -0.03153461 0.02343750
v 0.14062500 -0.03127676 0.03125000
v 0.13288558 -0.03125000 0.03906250
v 0.14062500 -0.03125000 0.03132308
v 0.14062500 -0.03121406 -0.13281250
v 0.14062500 -0.02343750 -0.12503594
v 0.14062500 -0.02351063 0.03906250
v 0.13294959 -0.02343750 0.04687500
v 0.14062500 -0.02343750 0.03919959
v 0.14062500 -0.02341110 -0.12500000
v 0.14062500 -0.01562500 -0.11721390
v 0.14062500 -0.01576215 0.04687500
v 0.14062500 -0.01562500 0.04693568
v 0.14062500 -0.01561075 -0.11718750
v 0.14062500 -0.01560533 -0.10937500
v 0.14062500 -0.01559860 -0.10156250
v 0.13283896 -0.00781250 -0.10156250
v 0.14062500 -0.01559246 -0.09375000
v 0.13284504 -0.00781250 -0.09375000
v 0.14062500 -0.01557171 -0.08593750
v 0.13286579 -0.00781250 -0.08593750
v 0.14062500 -0.00781250 -0.07817829
v 0.14062500 -0.00787312 0.05468750
v 0.14062500 -0.00781250 0.05482614
v 0.14062500 -0.00780016 -0.07812500
v 0.14062500 -0.00779891 -0.07031250
v 0.14062500 -0.00779742 -0.06250000
v 0.14062500 -0.00779605 -0.05468750
v 0.14062500 -0.00779331 -0.04687500
v 0.14062500 -0.00778186 -0.03906250
v 0.14062500 -0.00772941 -0.03125000
v 0.13289559 0.00000000 -0.03125000
v 0.14062500 0.00000000 -0.02352059
v 0.14059675 0.00000000 0.04687500
v 0.14062500 0.00000000 0.04690385
v 0.14062500 -0.00778365 0.05468750
v 0.14062500 0.00001991 -0.02343750
v 0.14062500 0.00002098 -0.01562500
v 0.14062500 0.00002205 -0.00781250
v 0.14062500 0.00002098 0.00000000
v 0.14062500 0.00002015 0.00781250
v 0.14062500 0.00002027 0.01562500
v 0.14062500 0.00001967 0.02343750
v 0.14062500 0.00001872 0.03125000
v 0.14062500 0.00001776 0.03906250
v 0.14062500 0.00001657 0.04687500
v 0.13283384 0.01562500 0.33593750
v 0.13283420 0.02343750 0.32812500
v 0.13288045 0.02343750 0.33593750
v 0.13429654 0.02343750 0.34375000
v 0.13287985 0.02343750 0.35156250
v 0.13284361 0.02343750 0.35937500
v 0.13283551 0.03125000 0.32812500
v 0.13287985 0.03125000 0.33593750
v 0.14062500 0.03125000 0.34368265
v 0.14062500 0.02976596 0.34375000
v 0.14062500 0.03118265 0.35156250
v 0.14062500 0.03121889 0.35937500
v 0.14062500 0.03123116 0.36718750
v 0.13285005 0.03125000 0.37500000
v 0.14062500 0.03125000 0.36722505
v 0.14062500 0.03129160 0.34375000
v 0.13285410 0.03906250 0.34375000
v 0.14062500 0.03144312 0.35156250
v 0.13300562 0.03906250 0.35156250
v 0.14062500 0.03138709 0.35937500
v 0.13294959 0.03906250 0.35937500
v 0.14062500 0.03130424 0.36718750
v 0.13286674 0.03906250 0.36718750
v 0.13283932 0.03906250 0.37500000
v 0.14067197 -0.08593750 -0.10937500
v 0.14067483 -0.08593750 -0.10156250
v 0.14066076 -0.08593750 -0.09375000
v 0.14071894 -0.07812500 -0.12500000
v 0.14843750 -0.07812500 -0.11728150
v 0.14843750 -0.07814550 -0.11718750
v 0.14843750 -0.07817197 -0.10937500
v 0.14843750 -0.07817483 -0.10156250
v 0.14843750 -0.07816076 -0.09375000
v 0.14843750 -0.07814837 -0.08593750
v 0.14108658 -0.07812500 -0.07812500
v 0.14843750 -0.07812500 -0.08547592
v 0.14075923 -0.07812500 -0.07031250
v 0.14068127 -0.07812500 -0.06250000
v 0.14064789 -0.07812500 -0.05468750
v 0.14122868 -0.07031250 -0.13281250
v 0.14843750 -0.07031250 -0.12560362
v 0.14843750 -0.07040650 -0.12500000
v 0.14843750 -0.07077408 -0.07812500
v 0.14843750 -0.07044673 -0.07031250
v 0.14843750 -0.07036883 -0.06250000
v 0.14096439 -0.07031250 -0.05468750
v 0.14843750 -0.07031250 -0.06216055
v 0.14071774 -0.07031250 -0.04687500
v 0.14067495 -0.07031250 -0.03906250
v 0.14065242 -0.07031250 -0.03125000
v 0.14064372 -0.07031250 -0.02343750
v 0.14064157 -0.06250000 -0.14062500
v 0.14843750 -0.06250000 -0.13284934
v 0.14843750 -0.06310362 -0.13281250
v 0.14843750 -0.06283945 -0.05468750
v 0.14843750 -0.06259274 -0.04687500
v 0.14120007 -0.06250000 -0.03906250
v 0.14843750 -0.06250000 -0.04629993
v 0.14072263 -0.06250000 -0.03125000
v 0.14065766 -0.06250000 -0.02343750
v 0.14064264 -0.06250000 -0.01562500
v 0.14072537 -0.05468750 -0.14062500
v 0.14843750 -0.05468750 -0.13291281
v 0.14843750 -0.05526257 -0.03906250
v 0.14843750 -0.05478507 -0.03125000
v 0.14184558 -0.05468750 -0.02343750
v 0.14843750 -0.05468750 -0.03002948
v 0.14065325 -0.05468750 -0.01562500
v 0.14843750 -0.04687500 -0.13284606
v 0.14843750 -0.04809552 -0.02343750
v 0.14843750 -0.04690331 -0.01562500
v 0.14064813 -0.04687500 -0.00781250
v 0.14843750 -0.04687500 -0.01560187
v 0.14843750 -0.04661435 -0.13281250
v 0.14088559 -0.03906250 -0.13281250
v 0.14843750 -0.03906250 -0.12526065
v 0.14843750 -0.03908563 -0.00781250
v 0.14843750 -0.03907883 0.00000000
v 0.14070129 -0.03906250 0.00781250
v 0.14843750 -0.03906250 0.00007629
v 0.14064586 -0.03906250 0.01562500
v 0.14064908 -0.03125000 -0.13281250
v 0.14843750 -0.03851235 -0.12500000
v 0.14117515 -0.03125000 -0.12500000
v 0.14843750 -0.03125000 -0.11773765
v 0.14843750 -0.03132623 0.00781250
v 0.14843750 -0.03127092 0.01562500
v 0.14069533 -0.03125000 0.02343750
v 0.14843750 -0.03125000 0.01569533
v 0.14065015 -0.03125000 0.03125000
v 0.14064991 -0.02343750 -0.12500000
v 0.14843750 -0.02343750 -0.11721241
v 0.14843750 -0.02350789 0.02343750
v 0.14843750 -0.02346265 0.03125000
v 0.14843750 -0.02345669 0.03906250
v 0.14843750 -0.02343750 0.03912449
v 0.14843750 -0.02341551 -0.11718750
v 0.14064693 -0.01562500 -0.11718750
v 0.14843750 -0.02340698 -0.10937500
v 0.14065552 -0.01562500 -0.10937500
v 0.14843750 -0.02337986 -0.10156250
v 0.14068270 -0.01562500 -0.10156250
v 0.14843750 -0.02325505 -0.09375000
v 0.14080739 -0.01562500 -0.09375000
v 0.14843750 -0.01562500 -0.08611995
v 0.14843750 -0.01568699 0.04687500
v 0.14843750 -0.01562500 0.04735911
v 0.14843750 -0.01561254 -0.08593750
v 0.14843750 -0.01560849 -0.07812500
v 0.14064157 -0.00781250 -0.07812500
v 0.14843750 -0.01559705 -0.07031250
v 0.14065301 -0.00781250 -0.07031250
v 0.14843750 -0.01555169 -0.06250000
v 0.14069831 -0.00781250 -0.06250000
v 0.14843750 -0.00781250 -0.05476081
v 0.14843750 -0.00829655 0.05468750
v 0.14829886 -0.00781250 0.06250000
v 0.14843750 -0.00783408 0.06250000
v 0.14843750 -0.00781250 0.06252027
v 0.14843750 -0.00779986 -0.05468750
v 0.14843750 -0.00779748 -0.04687500
v 0.14843750 -0.00779402 -0.03906250
v 0.14843750 -0.00778776 -0.03125000
v 0.14843750 -0.00775129 -0.02343750
v 0.14068627 0.00000000 -0.02343750
v 0.14843750 0.00000000 -0.01568621
v 0.14843750 0.00000000 0.04727399
v 0.14843750 -0.00741357 0.05468750
v 0.14843750 -0.00778437 0.06250000
v 0.14843750 0.00002134 -0.01562500
v 0.14843750 0.00002348 -0.00781250
v 0.14843750 0.00002289 0.00000000
v 0.14843750 0.00002384 0.00781250
v 0.14843750 0.00002408 0.01562500
v 0.14843750 0.00002301 0.02343750
v 0.14843750 0.00002193 0.03125000
v 0.14843750 0.00002074 0.03906250
v 0.14843750 0.00001907 0.04687500
v 0.14064169 0.03125000 0.34375000
v 0.14064920 0.03125000 0.35156250
v 0.14065027 0.03125000 0.35937500
v 0.14064407 0.03125000 0.36718750
v 0.14849508 -0.07812500 -0.11718750
v 0.15625000 -0.07812500 -0.10943252
v 0.15625000 -0.07813770 -0.10937500
v 0.14858389 -0.07812500 -0.10156250
v 0.15625000 -0.07812500 -0.10922861
v 0.14848661 -0.07812500 -0.09375000
v 0.14846683 -0.07812500 -0.08593750
v 0.15625000 -0.07032919 -0.12500000
v 0.15625000 -0.07031250 -0.12501895
v 0.15625000 -0.07037002 -0.11718750
v 0.15625000 -0.07045889 -0.10156250
v 0.15625000 -0.07036155 -0.09375000
v 0.15625000 -0.07034189 -0.08593750
v 0.15625000 -0.07033068 -0.07812500
v 0.14852631 -0.07031250 -0.07031250
v 0.15625000 -0.07031250 -0.07803619
v 0.14846337 -0.07031250 -0.06250000
v 0.14850116 -0.06250000 -0.13281250
v 0.15625000 -0.06250000 -0.12506360
v 0.14893734 -0.06250000 -0.07031250
v 0.15625000 -0.06250000 -0.07762510
v 0.14848137 -0.06250000 -0.06250000
v 0.14846337 -0.06250000 -0.05468750
v 0.14845741 -0.06250000 -0.04687500
v 0.14850128 -0.05468750 -0.13281250
v 0.15625000 -0.05468750 -0.12506378
v 0.15625000 -0.05518740 -0.07031250
v 0.15625000 -0.05473143 -0.06250000
v 0.15625000 -0.05471337 -0.05468750
v 0.14852607 -0.05468750 -0.04687500
v 0.15625000 -0.05468750 -0.05459887
v 0.14848053 -0.05468750 -0.03906250
v 0.14846182 -0.05468750 -0.03125000
v 0.14845932 -0.04687500 -0.13281250
v 0.15625000 -0.05464101 -0.12500000
v 0.14848399 -0.04687500 -0.12500000
v 0.15625000 -0.04687500 -0.11723399
v 0.15625000 -0.04696363 -0.04687500
v 0.15625000 -0.04691803 -0.03906250
v 0.15625000 -0.04689932 -0.03125000
v 0.14847672 -0.04687500 -0.02343750
v 0.15625000 -0.04687500 -0.03121078
v 0.14845407 -0.04687500 -0.01562500
v 0.14845955 -0.03906250 -0.12500000
v 0.15625000 -0.04676658 -0.11718750
v 0.14854598 -0.03906250 -0.11718750
v 0.15625000 -0.03906250 -0.10948342
v 0.15625000 -0.03910172 -0.02343750
v 0.14847231 -0.03906250 -0.01562500
v 0.15625000 -0.03906250 -0.02340263
v 0.14845502 -0.03906250 -0.00781250
v 0.14845371 -0.03906250 0.00000000
v 0.14846623 -0.03125000 -0.11718750
v 0.15625000 -0.03902364 -0.10937500
v 0.14847636 -0.03125000 -0.10937500
v 0.15625000 -0.03900701 -0.10156250
v 0.14849305 -0.03125000 -0.10156250
v 0.15625000 -0.03896934 -0.09375000
v 0.14853060 -0.03125000 -0.09375000
v 0.15625000 -0.03885931 -0.08593750
v 0.14864063 -0.03125000 -0.08593750
v 0.15625000 -0.03125000 -0.07832819
v 0.15625000 -0.03128487 -0.01562500
v 0.14851952 -0.03125000 -0.00781250
v 0.15625000 -0.03125000 -0.01554304
v 0.14848816 -0.03125000 0.00000000
v 0.14847910 -0.03125000 0.00781250
v 0.14845920 -0.03125000 0.01562500
v 0.14845252 -0.02343750 -0.11718750
v 0.14845514 -0.02343750 -0.10937500
v 0.14845741 -0.02343750 -0.10156250
v 0.14845967 -0.02343750 -0.09375000
v 0.14846539 -0.02343750 -0.08593750
v 0.15625000 -0.03120828 -0.07812500
v 0.14847922 -0.02343750 -0.07812500
v 0.15625000 -0.03116226 -0.07031250
v 0.14852524 -0.02343750 -0.07031250
v 0.15625000 -0.02343750 -0.06258774
v 0.15625000 -0.02351946 -0.00781250
v 0.15625000 -0.02348810 0.00000000
v 0.15625000 -0.02347904 0.00781250
v 0.15625000 -0.02345920 0.01562500
v 0.14893579 -0.02343750 0.02343750
v 0.15625000 -0.02343750 0.01612329
v 0.14850986 -0.02343750 0.03125000
v 0.14847887 -0.02343750 0.03906250
v 0.14845169 -0.01562500 -0.08593750
v 0.14845467 -0.01562500 -0.07812500
v 0.14846027 -0.01562500 -0.07031250
v 0.15625000 -0.02339917 -0.06250000
v 0.14847577 -0.01562500 -0.06250000
v 0.15625000 -0.02333295 -0.05468750
v 0.14854205 -0.01562500 -0.05468750
v 0.15625000 -0.01562500 -0.04697955
v 0.15625000 -0.01612335 0.02343750
v 0.15625000 -0.01569730 0.03125000
v 0.15625000 -0.01566631 0.03906250
v 0.15625000 -0.01565528 0.04687500
v 0.15576589 -0.01562500 0.05468750
v 0.15625000 -0.01564753 0.05468750
v 0.15625000 -0.01562500 0.05476594
v 0.14845026 -0.00781250 -0.05468750
v 0.15625000 -0.01560861 -0.04687500
v 0.14845383 -0.00781250 -0.04687500
v 0.15625000 -0.01558864 -0.03906250
v 0.14847386 -0.00781250 -0.03906250
v 0.15625000 -0.00781250 -0.03128636
v 0.15625000 -0.00789088 0.06250000
v 0.15625000 -0.00781250 0.06255293
v 0.15625000 -0.00779521 -0.03125000
v 0.15625000 -0.00778902 -0.02343750
v 0.15625000 0.00000000 -0.01564848
v 0.15585101 0.00000000 0.05468750
v 0.15625000 0.00000000 0.05689240
v 0.15625000 -0.00560760 0.06250000
v 0.15625000 0.00002027 -0.01562500
v 0.15625000 0.00002265 -0.00781250
v 0.15625000 0.00002635 0.00000000
v 0.15625000 0.00002801 0.00781250
v 0.15625000 0.00003302 0.01562500
v 0.15625000 0.00003326 0.02343750
v 0.15625000 0.00003135 0.03125000
v 0.15625000 0.00002706 0.03906250
v 0.15625000 0.00002313 0.04687500
v 0.15625000 0.00002027 0.05468750
v 0.15626526 -0.07812500 -0.10937500
v 0.15626454 -0.07031250 -0.12500000
v 0.15628600 -0.07031250 -0.11718750
v 0.15634274 -0.07031250 -0.10937500
v 0.15630674 -0.07031250 -0.10156250
v 0.15628707 -0.07031250 -0.09375000
v 0.15627241 -0.07031250 -0.08593750
v 0.15626526 -0.07031250 -0.07812500
v 0.15626669 -0.06250000 -0.12500000
v 0.15630460 -0.06250000 -0.11718750
v 0.15646064 -0.06250000 -0.10937500
v 0.15647519 -0.06250000 -0.10156250
v 0.15631473 -0.06250000 -0.09375000
v 0.15627706 -0.06250000 -0.08593750
v 0.15626693 -0.06250000 -0.07812500
v 0.15626514 -0.05468750 -0.12500000
v 0.15628076 -0.05468750 -0.11718750
v 0.15630388 -0.05468750 -0.10937500
v 0.15629816 -0.05468750 -0.10156250
v 0.15628433 -0.05468750 -0.09375000
v 0.15627623 -0.05468750 -0.08593750
v 0.15627372 -0.05468750 -0.07812500
v 0.15626895 -0.05468750 -0.07031250
v 0.15626681 -0.05468750 -0.06250000
v 0.15626514 -0.05468750 -0.05468750
v 0.15627074 -0.04687500 -0.11718750
v 0.15627503 -0.04687500 -0.10937500
v 0.15627074 -0.04687500 -0.10156250
v 0.15626967 -0.04687500 -0.09375000
v 0.15627027 -0.04687500 -0.08593750
v 0.15627265 -0.04687500 -0.07812500
v 0.15627277 -0.04687500 -0.07031250
v 0.15627456 -0.04687500 -0.06250000
v 0.15627682 -0.04687500 -0.05468750
v 0.15627217 -0.04687500 -0.04687500
v 0.15626967 -0.04687500 -0.03906250
v 0.15626538 -0.04687500 -0.03125000
v 0.15626574 -0.03906250 -0.10937500
v 0.15626490 -0.03906250 -0.10156250
v 0.15626466 -0.03906250 -0.09375000
v 0.15626442 -0.03906250 -0.08593750
v 0.15626550 -0.03906250 -0.07812500
v 0.15626717 -0.03906250 -0.07031250
v 0.15626907 -0.03906250 -0.06250000
v 0.15627289 -0.03906250 -0.05468750
v 0.15627944 -0.03906250 -0.04687500
v 0.15628076 -0.03906250 -0.03906250
v 0.15627313 -0.03906250 -0.03125000
v 0.15626597 -0.03906250 -0.02343750
v 0.15626407 -0.03125000 -0.07812500
v 0.15626478 -0.03125000 -0.07031250
v 0.15626609 -0.03125000 -0.06250000
v 0.15626812 -0.03125000 -0.05468750
v 0.15627074 -0.03125000 -0.04687500
v 0.15627146 -0.03125000 -0.03906250
v 0.15626907 -0.03125000 -0.03125000
v 0.15626526 -0.03125000 -0.02343750
v 0.15626419 -0.03125000 -0.01562500
v 0.15626347 -0.02343750 -0.06250000
v 0.15626478 -0.02343750 -0.05468750
v 0.15626431 -0.02343750 -0.04687500
v 0.15626371 -0.02343750 -0.03906250
v 0.15626514 -0.02343750 -0.03125000
v 0.15626574 -0.02343750 -0.02343750
v 0.15626681 -0.02343750 -0.01562500
v 0.15627062 -0.02343750 -0.00781250
v 0.15628660 -0.02343750 0.00000000
v 0.15631402 -0.02343750 0.00781250
v 0.15628099 -0.02343750 0.01562500
v 0.15626287 -0.01562500 -0.04687500
v 0.15626383 -0.01562500 -0.03906250
v 0.15626562 -0.01562500 -0.03125000
v 0.15627754 -0.01562500 -0.02343750
v 0.15635908 -0.01562500 -0.01562500
v 0.16406250 -0.01562500 -0.00792152
v 0.16406250 -0.01564568 -0.00781250
v 0.16406250 -0.01566160 0.00000000
v 0.16406250 -0.01568896 0.00781250
v 0.16406250 -0.01565599 0.01562500
v 0.16406250 -0.01564926 0.02343750
v 0.16406250 -0.01564854 0.03125000
v 0.16406250 -0.01564789 0.03906250
v 0.16406250 -0.01564562 0.04687500
v 0.16406250 -0.01564318 0.05468750
v 0.16398406 -0.01562500 0.06250000
v 0.16406250 -0.01564115 0.06250000
v 0.16406250 -0.01562500 0.06252265
v 0.15626597 -0.00781250 -0.03125000
v 0.15630817 -0.00781250 -0.02343750
v 0.16406250 -0.00781250 -0.01568317
v 0.16406250 -0.00792152 -0.01562500
v 0.16400957 -0.00781250 0.07031250
v 0.16406250 -0.00783521 0.07031250
v 0.16406250 -0.00781250 0.07033157
v 0.16406250 -0.00777149 -0.01562500
v 0.15629101 0.00000000 -0.01562500
v 0.16406250 0.00000000 -0.00785351
v 0.16185760 0.00000000 0.06250000
v 0.16406250 0.00000000 0.06280375
v 0.16406250 -0.00750875 0.07031250
v 0.16406250 0.00002182 -0.00781250
v 0.16406250 0.00003016 0.00000000
v 0.16406250 0.00004172 0.00781250
v 0.16406250 0.00013638 0.01562500
v 0.16406250 0.00042224 0.02343750
v 0.16406250 0.00034225 0.03125000
v 0.16406250 0.00006831 0.03906250
v 0.16406250 0.00003707 0.04687500
v 0.16406250 0.00003040 0.05468750
v 0.16406250 0.00002241 0.06250000
v 0.16410613 -0.01562500 -0.00781250
v 0.17187500 -0.01562500 -0.00004363
v 0.17187500 -0.01564175 0.00000000
v 0.17187500 -0.01564407 0.00781250
v 0.17187500 -0.01564461 0.01562500
v 0.17187500 -0.01564354 0.02343750
v 0.17187500 -0.01564354 0.03125000
v 0.17187500 -0.01564348 0.03906250
v 0.17187500 -0.01564270 0.04687500
v 0.17187500 -0.01564181 0.05468750
v 0.17187500 -0.01564056 0.06250000
v 0.17187500 -0.01562500 0.06252527
v 0.16417778 -0.00781250 -0.01562500
v 0.17187500 -0.00781250 -0.00792772
v 0.17187500 -0.00785613 -0.00781250
v 0.17187500 -0.00783777 0.07031250
v 0.17187500 -0.00781250 0.07033670
v 0.17187500 0.00000000 -0.00783515
v 0.17157125 0.00000000 0.07031250
v 0.17187500 0.00000000 0.07034349
v 0.17187500 0.00002062 -0.00781250
v 0.17187500 0.00003183 0.00000000
v 0.17187500 0.00012660 0.00781250
v 0.17173862 0.00781250 0.01562500
v 0.17187500 0.00781250 0.01549840
v 0.17145276 0.00781250 0.02343750
v 0.17153275 0.00781250 0.03125000
v 0.17187500 0.00781250 0.03323281
v 0.17187500 0.00198281 0.03906250
v 0.17187500 0.00058079 0.04687500
v 0.17187500 0.00010049 0.05468750
v 0.17187500 0.00003362 0.06250000
v 0.17187500 0.00002337 0.07031250
v 0.17187500 0.00783145 0.01562500
v 0.17187500 0.00783205 0.02343750
v 0.17187500 0.00783241 0.03125000
v 0.17250693 -0.01562500 0.00000000
v 0.17968750 -0.01562500 0.00718057
v 0.17968750 -0.01564103 0.00781250
v 0.17968750 -0.01564127 0.01562500
v 0.17968750 -0.01564133 0.02343750
v 0.17968750 -0.01564139 0.03125000
v 0.17968750 -0.01564175 0.03906250
v 0.17968750 -0.01564199 0.04687500
v 0.17968750 -0.01564139 0.05468750
v 0.17968750 -0.01564091 0.06250000
v 0.17968750 -0.01562500 0.06254077
v 0.17968750 -0.00783271 -0.00781250
v 0.17968750 -0.00781250 -0.00783259
v 0.17968750 -0.00844449 0.00000000
v 0.17968750 -0.00785327 0.07031250
v 0.17968750 -0.00781250 0.07034898
v 0.17968750 0.00000000 -0.00783098
v 0.17968750 0.00000000 0.07053459
v 0.17968750 0.00001943 -0.00781250
v 0.17968750 0.00003028 0.00000000
v 0.17968750 0.00047767 0.00781250
v 0.17968750 0.00781250 0.01514733
v 0.17770469 0.00781250 0.03906250
v 0.17910671 0.00781250 0.04687500
v 0.17968750 0.00781250 0.04983759
v 0.17968750 0.00296259 0.05468750
v 0.17968750 0.00007319 0.06250000
v 0.17968750 0.00003099 0.07031250
v 0.17968750 0.00783169 0.01562500
v 0.17968750 0.00783241 0.02343750
v 0.17968750 0.00783253 0.03125000
v 0.17968750 0.00783253 0.03906250
v 0.17968750 0.00783205 0.04687500
v 0.18750000 -0.01563901 0.00781250
v 0.18750000 -0.01562500 0.00778806
v 0.18750000 -0.01564008 0.01562500
v 0.18750000 -0.01564068 0.02343750
v 0.18750000 -0.01564103 0.03125000
v 0.18750000 -0.01564127 0.03906250
v 0.18750000 -0.01564127 0.04687500
v 0.18750000 -0.01564115 0.05468750
v 0.18750000 -0.01564080 0.06250000
v 0.18750000 -0.01562500 0.06259227
v 0.18750000 -0.00782913 -0.00781250
v 0.18750000 -0.00781250 -0.00782818
v 0.18750000 -0.00783700 0.00000000
v 0.18750000 -0.00790477 0.07031250
v 0.18746352 -0.00781250 0.07812500
v 0.18750000 -0.00783217 0.07812500
v 0.18750000 -0.00781250 0.07814395
v 0.18750000 -0.00769651 -0.00781250
v 0.17980349 0.00000000 -0.00781250
v 0.18750000 0.00000000 -0.00011599
v 0.18727791 0.00000000 0.07812500
v 0.18750000 0.00000000 0.07814813
v 0.18750000 0.00002813 0.00000000
v 0.18702233 0.00781250 0.00781250
v 0.18750000 0.00781250 0.00778437
v 0.18453741 0.00781250 0.05468750
v 0.18750000 0.00781250 0.05577469
v 0.18750000 0.00108719 0.06250000
v 0.18750000 0.00005436 0.07031250
v 0.18750000 0.00002420 0.07812500
v 0.18750000 0.00783026 0.00781250
v 0.18750000 0.00783169 0.01562500
v 0.18750000 0.00783312 0.02343750
v 0.18750000 0.00783432 0.03125000
v 0.18750000 0.00783432 0.03906250
v 0.18750000 0.00783324 0.04687500
v 0.18750000 0.00783217 0.05468750
v 0.18754935 -0.01562500 0.00781250
v 0.19531250 -0.01562500 0.01557565
v 0.19531250 -0.01563960 0.01562500
v 0.19531250 -0.01564038 0.02343750
v 0.19531250 -0.01564097 0.03125000
v 0.19531250 -0.01564109 0.03906250
v 0.19531250 -0.01564109 0.04687500
v 0.19531250 -0.01564091 0.05468750
v 0.19531250 -0.01564062 0.06250000
v 0.19531250 -0.01562500 0.06280529
v 0.18752813 -0.00781250 -0.00781250
v 0.19531250 -0.00781250 -0.00002813
v 0.19531250 -0.00783175 0.00000000
v 0.19531250 -0.00786185 0.00781250
v 0.19531250 -0.00811779 0.07031250
v 0.19531250 -0.00783390 0.07812500
v 0.19531250 -0.00781250 0.07814848
v 0.19531250 0.00000000 -0.00002718
v 0.19531250 0.00000000 0.07815850
v 0.19531250 0.00002551 0.00000000
v 0.19531250 0.00019991 0.00781250
v 0.18769991 0.00781250 0.00781250
v 0.19531250 0.00781250 0.01542509
v 0.19422531 0.00781250 0.06250000
v 0.19531250 0.00781250 0.06342995
v 0.19531250 0.00092995 0.07031250
v 0.19531250 0.00003397 0.07812500
v 0.19531250 0.00783122 0.01562500
v 0.19531250 0.00783348 0.02343750
v 0.19531250 0.00783563 0.03125000
v 0.19531250 0.00783634 0.03906250
v 0.19531250 0.00783563 0.04687500
v 0.19531250 0.00783360 0.05468750
v 0.19531250 0.00783217 0.06250000
v 0.19561744 -0.01562500 0.01562500
v 0.20312500 -0.01562500 0.02313256
v 0.20312500 -0.01563990 0.02343750
v 0.20312500 -0.01564056 0.03125000
v 0.20312500 -0.01564103 0.03906250
v 0.20312500 -0.01564097 0.04687500
v 0.20312500 -0.01564080 0.05468750
v 0.20312500 -0.01564050 0.06250000
v 0.20281971 -0.01562500 0.07031250
v 0.20312500 -0.01563996 0.07031250
v 0.20312500 -0.01562500 0.07033646
v 0.20312500 -0.00782830 0.00000000
v 0.20312500 -0.00781250 -0.00001669
v 0.20312500 -0.00783467 0.00781250
v 0.20312500 -0.00811744 0.01562500
v 0.20312500 -0.00783646 0.07812500
v 0.20312500 -0.00781250 0.07815766
v 0.20312500 0.00000000 -0.00001949
v 0.20312500 -0.00003272 0.08593750
v 0.20309150 0.00000000 0.08593750
v 0.20312500 0.00000000 0.08595955
v 0.20312500 0.00002277 0.00000000
v 0.20312500 0.00005019 0.00781250
v 0.20312500 0.00781250 0.01557481
v 0.20219505 0.00781250 0.07031250
v 0.20312500 0.00781250 0.07411170
v 0.20312500 0.00379920 0.07812500
v 0.20312500 0.00002635 0.08593750
v 0.20312500 0.00783086 0.01562500
v 0.20312500 0.00783360 0.02343750
v 0.20312500 0.00783730 0.03125000
v 0.20312500 0.00784028 0.03906250
v 0.20312500 0.00784004 0.04687500
v 0.20312500 0.00783646 0.05468750
v 0.20312500 0.00783420 0.06250000
v 0.20312500 0.00783229 0.07031250
v 0.21093750 -0.01563948 0.02343750
v 0.21093750 -0.01562500 0.02341175
v 0.21093750 -0.01564020 0.03125000
v 0.21093750 -0.01564091 0.03906250
v 0.21093750 -0.01564097 0.04687500
v 0.21093750 -0.01564085 0.05468750
v 0.21093750 -0.01564056 0.06250000
v 0.21093750 -0.01564008 0.07031250
v 0.21093750 -0.01562500 0.07034564
v 0.20319283 -0.00781250 0.00000000
v 0.21093750 -0.00781250 0.00774467
v 0.21093750 -0.00782901 0.00781250
v 0.21093750 -0.00783819 0.01562500
v 0.21093750 -0.00784564 0.07812500
v 0.21093750 -0.00781250 0.07943296
v 0.20331979 0.00000000 0.00000000
v 0.21093750 0.00000000 0.00761771
v 0.21093750 -0.00130796 0.08593750
v 0.21093750 0.00000000 0.08597994
v 0.21093750 0.00003469 0.00781250
v 0.21093750 0.00781250 0.01559031
v 0.20713830 0.00781250 0.07812500
v 0.21093750 0.00781250 0.07833815
v 0.21093750 0.00021315 0.08593750
v 0.21093750 0.00782990 0.01562500
v 0.21093750 0.00783360 0.02343750
v 0.21093750 0.00783765 0.03125000
v 0.21093750 0.00784266 0.03906250
v 0.21093750 0.00784492 0.04687500
v 0.21093750 0.00784194 0.05468750
v 0.21093750 0.00783813 0.06250000
v 0.21093750 0.00783539 0.07031250
v 0.21093750 0.00783372 0.07812500
v 0.21096587 -0.01562500 0.02343750
v 0.21875000 -0.01562500 0.03122163
v 0.21875000 -0.01563972 0.03125000
v 0.21875000 -0.01564062 0.03906250
v 0.21875000 -0.01564097 0.04687500
v 0.21875000 -0.01564074 0.05468750
v 0.21875000 -0.01564044 0.06250000
v 0.21875000 -0.01564014 0.07031250
v 0.21875000 -0.01562500 0.07035923
v 0.21875000 -0.00782663 0.00781250
v 0.21875000 -0.00781250 0.00779450
v 0.21875000 -0.00783050 0.01562500
v 0.21875000 -0.00784081 0.02343750
v 0.21875000 -0.00785923 0.07812500
v 0.21744204 -0.00781250 0.08593750
v 0.21875000 -0.00783569 0.08593750
v 0.21875000 -0.00781250 0.08596933
v 0.21875000 0.00000000 0.00778615
v 0.21870756 0.00000000 0.09375000
v 0.21875000 -0.00003177 0.09375000
v 0.21875000 0.00000000 0.09377420
v 0.21875000 0.00002635 0.00781250
v 0.21875000 0.00045836 0.01562500
v 0.21139586 0.00781250 0.01562500
v 0.21875000 0.00781250 0.02297914
v 0.21853685 0.00781250 0.08593750
v 0.21875000 0.00781250 0.08599019
v 0.21875000 0.00005269 0.09375000
v 0.21875000 0.00783265 0.02343750
v 0.21875000 0.00783801 0.03125000
v 0.21875000 0.00784671 0.03906250
v 0.21875000 0.00785589 0.04687500
v 0.21875000 0.00785398 0.05468750
v 0.21875000 0.00784528 0.06250000
v 0.21875000 0.00784039 0.07031250
v 0.21875000 0.00783801 0.07812500
v 0.21875000 0.00783312 0.08593750
v 0.21878278 -0.01562500 0.03125000
v 0.22656250 -0.01562500 0.03902972
v 0.22656250 -0.01564002 0.03906250
v 0.22656250 -0.01564056 0.04687500
v 0.22656250 -0.01564056 0.05468750
v 0.22656250 -0.01564032 0.06250000
v 0.21904361 -0.01562500 0.07031250
v 0.22656250 -0.01562500 0.06279361
v 0.21877551 -0.00781250 0.00781250
v 0.22656250 -0.00781250 0.01559949
v 0.22656250 -0.00782758 0.01562500
v 0.22656250 -0.00783372 0.02343750
v 0.22656250 -0.00784534 0.03125000
v 0.22656250 -0.00810605 0.07031250
v 0.22656250 -0.00786835 0.07812500
v 0.22656250 -0.00784045 0.08593750
v 0.22656250 -0.00781250 0.08609080
v 0.22656250 -0.00002545 0.00781250
v 0.22656250 0.00000000 0.00779533
v 0.22656250 -0.00015330 0.09375000
v 0.22656250 0.00000000 0.09382606
v 0.22656250 0.00002074 0.00781250
v 0.22656250 0.00004280 0.01562500
v 0.22656250 0.00781250 0.02339470
v 0.22650981 0.00781250 0.09375000
v 0.22656250 0.00781250 0.09377515
v 0.22656250 0.00783134 0.02343750
v 0.22656250 0.00783837 0.03125000
v 0.22656250 0.00785100 0.03906250
v 0.22656250 0.00787544 0.04687500
v 0.22656250 0.00788820 0.05468750
v 0.22656250 0.00788033 0.06250000
v 0.22656250 0.00785244 0.07031250
v 0.22656250 0.00784481 0.07812500
v 0.22656250 0.00784016 0.08593750
v 0.22656250 0.00783169 0.09375000
v 0.22660124 -0.01562500 0.03906250
v 0.22703671 -0.01562500 0.04687500
v 0.23437500 -0.01562500 0.05421329
v 0.23437500 -0.01564050 0.05468750
v 0.22735095 -0.01562500 0.06250000
v 0.23437500 -0.01562500 0.05547595
v 0.22660148 -0.00781250 0.01562500
v 0.23437500 -0.00781250 0.02339852
v 0.23437500 -0.00782949 0.02343750
v 0.23437500 -0.00783712 0.03125000
v 0.23437500 -0.00785130 0.03906250
v 0.23437500 -0.00828671 0.04687500
v 0.23437500 -0.00860089 0.06250000
v 0.23437500 -0.00790983 0.07031250
v 0.23437500 -0.00786293 0.07812500
v 0.23437500 -0.00784266 0.08593750
v 0.23422170 -0.00781250 0.09375000
v 0.23437500 -0.00783432 0.09375000
v 0.23437500 -0.00781250 0.09377861
v 0.22658718 0.00000000 0.00781250
v 0.23437500 0.00000000 0.01560032
v 0.23437500 -0.00003898 0.01562500
v 0.23429894 0.00000000 0.10156250
v 0.23437500 -0.00002861 0.10156250
v 0.23437500 0.00000000 0.10158288
v 0.23437500 0.00002944 0.01562500
v 0.23437500 0.00781250 0.02340806
v 0.23437500 0.00781250 0.09383810
v 0.23437500 0.00008810 0.10156250
v 0.23437500 0.00783026 0.02343750
v 0.23437500 0.00783563 0.03125000
v 0.23437500 0.00785196 0.03906250
v 0.23437500 0.00790727 0.04687500
v 0.23437500 0.00794613 0.05468750
v 0.23437500 0.00801647 0.06250000
v 0.23437500 0.00793028 0.07031250
v 0.23437500 0.00790167 0.07812500
v 0.23437500 0.00786638 0.08593750
v 0.23437500 0.00783789 0.09375000
v 0.23445809 -0.01562500 0.05468750
v 0.24218750 -0.00782740 0.02343750
v 0.24218750 -0.00781250 0.02341998
v 0.24218750 -0.00783312 0.03125000
v 0.24218750 -0.00784236 0.03906250
v 0.24218750 -0.00785142 0.04687500
v 0.24218750 -0.00789559 0.05468750
v 0.24218750 -0.00790370 0.06250000
v 0.24218750 -0.00788027 0.07031250
v 0.24218750 -0.00785893 0.07812500
v 0.24218750 -0.00784492 0.08593750
v 0.24218750 -0.00783563 0.09375000
v 0.24218750 -0.00781250 0.09381032
v 0.23451042 0.00000000 0.01562500
v 0.24218750 0.00000000 0.02330208
v 0.24218750 -0.00006026 0.10156250
v 0.24218750 0.00000000 0.10158968
v 0.24218750 0.00010800 0.02343750
v 0.23448300 0.00781250 0.02343750
v 0.24218750 0.00781250 0.03114200
v 0.24209940 0.00781250 0.10156250
v 0.24218750 0.00781250 0.10158503
v 0.24218750 0.00783348 0.03125000
v 0.24218750 0.00784373 0.03906250
v 0.24218750 0.00789881 0.04687500
v 0.24218750 0.00807059 0.05468750
v 0.24218750 0.00860107 0.06250000
v 0.24218750 0.00969839 0.07031250
v 0.24218750 0.01276326 0.07812500
v 0.24218750 0.00825000 0.08593750
v 0.24218750 0.00786269 0.09375000
v 0.24218750 0.00783575 0.10156250
v 0.24221623 -0.00781250 0.02343750
v 0.25000000 -0.00781250 0.03122127
v 0.25000000 -0.00783181 0.03125000
v 0.25000000 -0.00783879 0.03906250
v 0.25000000 -0.00784212 0.04687500
v 0.25000000 -0.00785303 0.05468750
v 0.25000000 -0.00788468 0.06250000
v 0.25000000 -0.00786710 0.07031250
v 0.25000000 -0.00786078 0.07812500
v 0.25000000 -0.00784743 0.08593750
v 0.25000000 -0.00783718 0.09375000
v 0.25000000 -0.00781250 0.09390020
v 0.25000000 -0.00002879 0.02343750
v 0.25000000 0.00000000 0.02341557
v 0.25000000 -0.00015020 0.10156250
v 0.25000000 0.00000000 0.10161591
v 0.25000000 0.00003302 0.02343750
v 0.25000000 0.00781250 0.03121698
v 0.25000000 0.00781250 0.10159111
v 0.25000000 0.00783134 0.03125000
v 0.25000000 0.00783920 0.03906250
v 0.25000000 0.00788212 0.04687500
v 0.25000000 0.00808144 0.05468750
v 0.25000000 0.00851047 0.06250000
v 0.24811411 0.01562500 0.07031250
v 0.25000000 0.01562500 0.06961453
v 0.24504924 0.01562500 0.07812500
v 0.24956250 0.01562500 0.08593750
v 0.25000000 0.01562500 0.08644629
v 0.25000000 0.00832129 0.09375000
v 0.25000000 0.00784087 0.10156250
v 0.25000000 0.01564503 0.07031250
v 0.25000000 0.01564419 0.07812500
v 0.25000000 0.01564336 0.08593750
v 0.25781250 -0.00782943 0.03125000
v 0.25781250 -0.00781250 0.03122783
v 0.25781250 -0.00783330 0.03906250
v 0.25781250 -0.00783569 0.04687500
v 0.25781250 -0.00784248 0.05468750
v 0.25781250 -0.00785130 0.06250000
v 0.25781250 -0.00785947 0.07031250
v 0.25781250 -0.00785816 0.07812500
v 0.25781250 -0.00784874 0.08593750
v 0.25781250 -0.00783861 0.09375000
v 0.25781250 -0.00781250 0.09499729
v 0.25781250 -0.00002217 0.02343750
v 0.25781250 0.00000000 0.02342033
v 0.25781250 -0.00124735 0.10156250
v 0.25781250 0.00000000 0.10184586
v 0.25781250 0.00002420 0.02343750
v 0.25781250 0.00781250 0.03122580
v 0.25781250 0.00781250 0.10168004
v 0.25781250 0.00782967 0.03125000
v 0.25781250 0.00783539 0.03906250
v 0.25781250 0.00784945 0.04687500
v 0.25781250 0.00795889 0.05468750
v 0.25781250 0.00829256 0.06250000
v 0.25781250 0.00888503 0.07031250
v 0.25107253 0.01562500 0.07031250
v 0.25781250 0.01562500 0.07705247
v 0.25730371 0.01562500 0.09375000
v 0.25781250 0.01562500 0.09381652
v 0.25781250 0.00787902 0.10156250
v 0.25781250 0.01564491 0.07812500
v 0.25781250 0.01564384 0.08593750
v 0.25781250 0.01564217 0.09375000
v 0.25790203 -0.00781250 0.03125000
v 0.26562500 -0.00781250 0.03897297
v 0.26562500 -0.00782973 0.03906250
v 0.26562500 -0.00783223 0.04687500
v 0.26562500 -0.00783652 0.05468750
v 0.26562500 -0.00784194 0.06250000
v 0.26562500 -0.00784862 0.07031250
v 0.26562500 -0.00785011 0.07812500
v 0.26562500 -0.00784928 0.08593750
v 0.26562500 -0.00783908 0.09375000
v 0.26437771 -0.00781250 0.10156250
v 0.26562500 -0.00783134 0.10156250
v 0.26562500 -0.00781250 0.10158598
v 0.25820518 0.00000000 0.02343750
v 0.26562500 0.00000000 0.03085732
v 0.26562500 -0.00008959 0.03125000
v 0.26534164 0.00000000 0.10937500
v 0.26562500 -0.00002354 0.10937500
v 0.26562500 0.00000000 0.10939217
v 0.26562500 0.00083244 0.03125000
v 0.25864494 0.00781250 0.03125000
v 0.26562500 0.00781250 0.03823006
v 0.26550746 0.00781250 0.10937500
v 0.26562500 0.00781250 0.10939288
v 0.26562500 0.00783229 0.03906250
v 0.26562500 0.00784099 0.04687500
v 0.26562500 0.00793231 0.05468750
v 0.26562500 0.00829268 0.06250000
v 0.26561177 0.01562500 0.07031250
v 0.26562500 0.01562500 0.07030702
v 0.26555848 0.01562500 0.10156250
v 0.26562500 0.01562500 0.10158670
v 0.26562500 0.00783670 0.10937500
v 0.26562500 0.01562524 0.07031250
v 0.26562500 0.01564538 0.07812500
v 0.26562500 0.01564467 0.08593750
v 0.26562500 0.01564288 0.09375000
v 0.26562500 0.01564050 0.10156250
v 0.27343750 -0.00782782 0.03906250
v 0.27343750 -0.00781250 0.03903830
v 0.27343750 -0.00783038 0.04687500
v 0.27343750 -0.00783324 0.05468750
v 0.27343750 -0.00783718 0.06250000
v 0.27343750 -0.00784230 0.07031250
v 0.27343750 -0.00784707 0.07812500
v 0.27343750 -0.00784701 0.08593750
v 0.27343750 -0.00783956 0.09375000
v 0.27343750 -0.00783139 0.10156250
v 0.27343750 -0.00781250 0.10158813
v 0.27343750 -0.00002420 0.03125000
v 0.27343750 0.00000000 0.03122640
v 0.27343750 -0.00002569 0.10937500
v 0.27343750 0.00000000 0.10939348
v 0.27343750 0.00003242 0.03125000
v 0.27343750 0.00781250 0.03903008
v 0.27343750 0.00781250 0.10939515
v 0.27343750 0.00783002 0.03906250
v 0.27343750 0.00783646 0.04687500
v 0.27343750 0.00786388 0.05468750
v 0.27343750 0.00825262 0.06250000
v 0.27343750 0.01562500 0.06987238
v 0.27343750 0.01562500 0.10159338
v 0.27343750 0.00784338 0.10937500
v 0.27343750 0.01564634 0.07031250
v 0.27343750 0.01564598 0.07812500
v 0.27343750 0.01564503 0.08593750
v 0.27343750 0.01564384 0.09375000
v 0.27343750 0.01564109 0.10156250
v 0.27346241 -0.00781250 0.03906250
v 0.28125000 -0.00781250 0.04685009
v 0.28125000 -0.00782865 0.04687500
v 0.28125000 -0.00783128 0.05468750
v 0.28125000 -0.00783420 0.06250000
v 0.28125000 -0.00783730 0.07031250
v 0.28125000 -0.00784135 0.07812500
v 0.28125000 -0.00784320 0.08593750
v 0.28125000 -0.00783938 0.09375000
v 0.28125000 -0.00783139 0.10156250
v 0.28125000 -0.00781250 0.10159111
v 0.27438784 0.00000000 0.03125000
v 0.28125000 0.00000000 0.03811216
v 0.28125000 -0.00002491 0.03906250
v 0.28125000 -0.00002867 0.10937500
v 0.28125000 0.00000000 0.10939515
v 0.28125000 0.00005805 0.03906250
v 0.27349555 0.00781250 0.03906250
v 0.28125000 0.00781250 0.04681695
v 0.28125000 0.00781250 0.10939813
v 0.28125000 0.00783300 0.04687500
v 0.28125000 0.00784528 0.05468750
v 0.28125000 0.00825560 0.06250000
v 0.28125000 0.01562500 0.06986940
v 0.28125000 0.01562500 0.10163307
v 0.28125000 0.00788307 0.10937500
v 0.28125000 0.01564670 0.07031250
v 0.28125000 0.01564610 0.07812500
v 0.28125000 0.01564574 0.08593750
v 0.28125000 0.01564550 0.09375000
v 0.28125000 0.01564157 0.10156250
v 0.28127861 -0.00781250 0.04687500
v 0.28134167 -0.00781250 0.05468750
v 0.28906250 -0.00781250 0.06240833
v 0.28906250 -0.00783205 0.06250000
v 0.28906250 -0.00783467 0.07031250
v 0.28906250 -0.00783736 0.07812500
v 0.28906250 -0.00784010 0.08593750
v 0.28906250 -0.00783730 0.09375000
v 0.28906250 -0.00783139 0.10156250
v 0.28906250 -0.00781250 0.10159552
v 0.28906250 -0.00001770 0.03906250
v 0.28906250 0.00000000 0.03904068
v 0.28906250 -0.00002861 0.04687500
v 0.28906250 -0.00009173 0.05468750
v 0.28906250 -0.00003308 0.10937500
v 0.28906250 0.00000000 0.10939729
v 0.28906250 0.00002742 0.03906250
v 0.28906250 0.00781250 0.04684758
v 0.28906250 0.00781250 0.10940421
v 0.28906250 0.00783110 0.04687500
v 0.28906250 0.00784016 0.05468750
v 0.28906250 0.00839281 0.06250000
v 0.28906250 0.01562500 0.06973219
v 0.28899193 0.01562500 0.10937500
v 0.28906250 0.01562500 0.10939395
v 0.28906250 0.01564610 0.07031250
v 0.28906250 0.01564693 0.07812500
v 0.28906250 0.01564658 0.08593750
v 0.28906250 0.01564646 0.09375000
v 0.28906250 0.01564240 0.10156250
v 0.28906250 0.01563966 0.10937500
v 0.28913641 -0.00781250 0.06250000
v 0.29687500 -0.00781250 0.07023859
v 0.29687500 -0.00783288 0.07031250
v 0.29687500 -0.00783414 0.07812500
v 0.29687500 -0.00783670 0.08593750
v 0.29687500 -0.00783569 0.09375000
v 0.29687500 -0.00783175 0.10156250
v 0.29687500 -0.00781250 0.10161519
v 0.28908849 0.00000000 0.03906250
v 0.29687500 0.00000000 0.04684901
v 0.29687500 -0.00001979 0.04687500
v 0.29687500 -0.00003028 0.05468750
v 0.29687500 -0.00007385 0.06250000
v 0.29687500 -0.00005269 0.10937500
v 0.29687500 0.00000000 0.10940087
v 0.29687500 0.00007820 0.04687500
v 0.28914070 0.00781250 0.04687500
v 0.29687500 0.00781250 0.05460930
v 0.29687500 0.00781250 0.10944271
v 0.29687500 0.00783622 0.05468750
v 0.29687500 0.00787997 0.06250000
v 0.29687500 0.01562500 0.07024503
v 0.29687500 0.01562500 0.10939789
v 0.29687500 0.01564503 0.07031250
v 0.29687500 0.01564729 0.07812500
v 0.29687500 0.01564753 0.08593750
v 0.29687500 0.01564741 0.09375000
v 0.29687500 0.01564467 0.10156250
v 0.29687500 0.01564038 0.10937500
v 0.29695857 -0.00781250 0.07031250
v 0.30468750 -0.00781250 0.07804143
v 0.30468750 -0.00783277 0.07812500
v 0.30468750 -0.00783396 0.08593750
v 0.30468750 -0.00783324 0.09375000
v 0.30468750 -0.00783074 0.10156250
v 0.30468750 -0.00781250 0.10214901
v 0.29692662 0.00000000 0.04687500
v 0.30468750 0.00000000 0.05463588
v 0.30468750 -0.00002205 0.05468750
v 0.30468750 -0.00003093 0.06250000
v 0.30468750 -0.00008357 0.07031250
v 0.30468750 -0.00058645 0.10937500
v 0.30468750 0.00000000 0.10941994
v 0.30468750 0.00781250 0.05465794
v 0.30468750 0.00776756 0.11718750
v 0.30461979 0.00781250 0.11718750
v 0.30468750 0.00781250 0.11720252
v 0.30468750 0.00783336 0.05468750
v 0.30468750 0.00784695 0.06250000
v 0.30468750 0.01562500 0.07027805
v 0.30468750 0.01562500 0.10941088
v 0.30468750 0.00784838 0.11718750
v 0.30468750 0.01564395 0.07031250
v 0.30468750 0.01564670 0.07812500
v 0.30468750 0.01564848 0.08593750
v 0.30468750 0.01564884 0.09375000
v 0.30468750 0.01564670 0.10156250
v 0.30468750 0.01564288 0.10937500
v 0.30483902 -0.00781250 0.07812500
v 0.31250000 -0.00781250 0.08578598
v 0.31250000 -0.00783157 0.08593750
v 0.31250000 -0.00783074 0.09375000
v 0.31250000 -0.00782984 0.10156250
v 0.31191349 -0.00781250 0.10937500
v 0.31250000 -0.00782788 0.10937500
v 0.31250000 -0.00781250 0.10939360
v 0.30479813 0.00000000 0.05468750
v 0.31250000 0.00000000 0.06238937
v 0.31250000 -0.00002140 0.06250000
v 0.31250000 -0.00003088 0.07031250
v 0.31250000 -0.00015146 0.07812500
v 0.31250000 0.00000000 0.10972726
v 0.30525291 0.00781250 0.05468750
v 0.31250000 0.00781250 0.06193459
v 0.31250000 0.00746024 0.11718750
v 0.31250000 0.00781250 0.11720574
v 0.31250000 0.00784016 0.06250000
v 0.31250000 0.01562500 0.07028484
v 0.31246412 0.01562500 0.11718750
v 0.31250000 0.01562500 0.11720359
v 0.31250000 0.01564336 0.07031250
v 0.31250000 0.01564562 0.07812500
v 0.31250000 0.01565003 0.08593750
v 0.31250000 0.01565242 0.09375000
v 0.31250000 0.01565206 0.10156250
v 0.31250000 0.01564872 0.10937500
v 0.31250000 0.01564145 0.11718750
v 0.32031250 -0.00782871 0.08593750
v 0.32031250 -0.00781250 0.08590364
v 0.32031250 -0.00782877 0.09375000
v 0.32031250 -0.00782806 0.10156250
v 0.32031250 -0.00782698 0.10937500
v 0.32031250 -0.00781250 0.10939586
v 0.32031250 -0.00001925 0.06250000
v 0.32031250 0.00000000 0.06246865
v 0.32031250 -0.00002271 0.07031250
v 0.32031250 -0.00003392 0.07812500
v 0.32031250 -0.00002080 0.11718750
v 0.31996024 0.00000000 0.11718750
v 0.32031250 0.00000000 0.11720276
v 0.32031250 0.00781250 0.06246459
v 0.32031250 0.00781250 0.11720896
v 0.32031250 0.00783575 0.06250000
v 0.32031250 0.00787830 0.07031250
v 0.31256580 0.01562500 0.07031250
v 0.32031250 0.01562500 0.07805920
v 0.32031250 0.01562500 0.11720669
v 0.32031250 0.01564395 0.07812500
v 0.32031250 0.01564920 0.08593750
v 0.32031250 0.01565564 0.09375000
v 0.32031250 0.01565897 0.10156250
v 0.32031250 0.01565409 0.10937500
v 0.32031250 0.01564527 0.11718750
v 0.32035112 -0.00781250 0.08593750
v 0.32812500 -0.00781250 0.09371138
v 0.32812500 -0.00782734 0.09375000
v 0.32812500 -0.00782722 0.10156250
v 0.32068396 -0.00781250 0.10937500
v 0.32812500 -0.00781250 0.10193396
v 0.32035220 0.00000000 0.06250000
v 0.32812500 0.00000000 0.07027280
v 0.32812500 -0.00001967 0.07031250
v 0.32812500 -0.00002551 0.07812500
v 0.32812500 -0.00003862 0.08593750
v 0.32812500 -0.00037152 0.10937500
v 0.32812500 -0.00002223 0.11718750
v 0.32812500 0.00000000 0.11720419
v 0.32812500 0.00777280 0.06250000
v 0.32812500 0.00781250 0.06247556
v 0.32812500 0.00781250 0.11721253
v 0.32812500 0.00783253 0.06250000
v 0.32812500 0.00784564 0.07031250
v 0.32812500 0.01562500 0.07809186
v 0.32812500 0.01562500 0.11720991
v 0.32812500 0.01564312 0.07812500
v 0.32812500 0.01564753 0.08593750
v 0.32812500 0.01565695 0.09375000
v 0.32812500 0.01568270 0.10156250
v 0.32812500 0.01566088 0.10937500
v 0.32812500 0.01564825 0.11718750
v 0.32902193 -0.00781250 0.09375000
v 0.33593750 -0.00781250 0.10066557
v 0.33593750 -0.00782651 0.10156250
v 0.33593750 -0.00781250 0.10164893
v 0.32818556 0.00000000 0.07031250
v 0.33593750 0.00000000 0.07806444
v 0.33593750 -0.00002021 0.07812500
v 0.33593750 -0.00002849 0.08593750
v 0.33593750 -0.00089693 0.09375000
v 0.33593750 -0.00008637 0.10937500
v 0.33593750 -0.00002342 0.11718750
v 0.33593750 0.00000000 0.11720645
v 0.32816148 0.00781250 0.06250000
v 0.33593750 0.00781250 0.07027602
v 0.33593750 0.00775194 0.07031250
v 0.33593750 0.00781250 0.11723197
v 0.33593750 0.00783968 0.07031250
v 0.33593750 0.01562500 0.07809782
v 0.33593750 0.01562500 0.11722577
v 0.33593750 0.01564276 0.07812500
v 0.33593750 0.01564658 0.08593750
v 0.33593750 0.01565552 0.09375000
v 0.33593750 0.01571751 0.10156250
v 0.33593750 0.01567686 0.10937500
v 0.33593750 0.01565015 0.11718750
v 0.34375000 -0.00782615 0.10156250
v 0.34375000 -0.00781250 0.10150695
v 0.34375000 -0.00781250 0.10164416
v 0.34375000 -0.00001669 0.07812500
v 0.34375000 0.00000000 0.07809603
v 0.34375000 -0.00002146 0.08593750
v 0.34375000 -0.00005555 0.09375000
v 0.34375000 -0.00008172 0.10937500
v 0.34375000 -0.00002599 0.11718750
v 0.34375000 0.00000000 0.11720920
v 0.34375000 0.00778353 0.07031250
v 0.34375000 0.00781250 0.07028890
v 0.34375000 0.00781250 0.11758447
v 0.34375000 0.00783503 0.07031250
v 0.34375000 0.00798464 0.07812500
v 0.33610964 0.01562500 0.07812500
v 0.34375000 0.01562500 0.08576536
v 0.34375000 0.01562500 0.11729133
v 0.34375000 0.01564670 0.08593750
v 0.34375000 0.01565564 0.09375000
v 0.34375000 0.01593494 0.10156250
v 0.34375000 0.01571691 0.10937500
v 0.34375000 0.01565588 0.11718750
v 0.34387243 -0.00781250 0.10156250
v 0.34378922 0.00000000 0.07812500
v 0.35156250 0.00000000 0.08589828
v 0.35156250 -0.00001734 0.08593750
v 0.35156250 -0.00002652 0.09375000
v 0.35156250 -0.00012243 0.10156250
v 0.35156250 -0.00009131 0.10937500
v 0.35156250 -0.00002891 0.11718750
v 0.35156250 0.00000000 0.11721671
v 0.34378755 0.00781250 0.07031250
v 0.35156250 0.00781250 0.07808745
v 0.35156250 0.00777328 0.07812500
v 0.35156250 0.00778329 0.12500000
v 0.35116553 0.00781250 0.12500000
v 0.35156250 0.00781250 0.12501645
v 0.35156250 0.00786686 0.07812500
v 0.35156250 0.01562500 0.08588314
v 0.35145867 0.01562500 0.12500000
v 0.35156250 0.01562500 0.12501740
v 0.35156250 0.01564658 0.08593750
v 0.35156250 0.01565588 0.09375000
v 0.35156250 0.01594424 0.10156250
v 0.35147059 0.02343750 0.10937500
v 0.35156250 0.02343750 0.10905576
v 0.35156250 0.02343750 0.10943580
v 0.35156250 0.01568580 0.11718750
v 0.35156250 0.01564586 0.12500000
v 0.35156250 0.02345169 0.10937500
v 0.35937500 -0.00001585 0.08593750
v 0.35937500 0.00000000 0.08591366
v 0.35937500 -0.00002110 0.09375000
v 0.35937500 -0.00004029 0.10156250
v 0.35937500 -0.00005847 0.10937500
v 0.35937500 -0.00003201 0.11718750
v 0.35937500 0.00000000 0.11722457
v 0.35937500 0.00778866 0.07812500
v 0.35937500 0.00781250 0.07810271
v 0.35937500 0.00777543 0.12500000
v 0.35937500 0.00781250 0.12501895
v 0.35937500 0.00784361 0.07812500
v 0.35937500 0.01562500 0.08590639
v 0.35937500 0.01562500 0.12502038
v 0.35937500 0.01564455 0.08593750
v 0.35937500 0.01565588 0.09375000
v 0.35937500 0.01586807 0.10156250
v 0.35937500 0.02343750 0.10913193
v 0.35937500 0.02343750 0.10978866
v 0.35937500 0.01603866 0.11718750
v 0.35937500 0.01565063 0.12500000
v 0.35937500 0.02345252 0.10937500
v 0.35943604 0.00000000 0.08593750
v 0.36718750 0.00000000 0.09368896
v 0.36718750 -0.00001764 0.09375000
v 0.36718750 -0.00002414 0.10156250
v 0.36718750 -0.00003850 0.10937500
v 0.36718750 -0.00003439 0.11718750
v 0.36718750 0.00000000 0.11723304
v 0.35945582 0.00781250 0.07812500
v 0.36718750 0.00781250 0.08585668
v 0.36718750 0.00775146 0.08593750
v 0.36718750 0.00776696 0.12500000
v 0.36718750 0.00781250 0.12502456
v 0.36718750 0.01562500 0.08591342
v 0.36718750 0.01562500 0.12503099
v 0.36718750 0.01564348 0.08593750
v 0.36718750 0.01565492 0.09375000
v 0.36718750 0.01611698 0.10156250
v 0.36718750 0.02343750 0.10888302
v 0.36677384 0.02343750 0.11718750
v 0.36718750 0.02343750 0.11723351
v 0.36718750 0.01567101 0.12500000
v 0.36718750 0.02345335 0.10937500
v 0.36718750 0.02345240 0.11718750
v 0.37500000 -0.00001627 0.09375000
v 0.37500000 0.00000000 0.09372795
v 0.37500000 -0.00001955 0.10156250
v 0.37500000 -0.00003123 0.10937500
v 0.37500000 -0.00003499 0.11718750
v 0.37500000 0.00000000 0.11726964
v 0.37500000 0.00779045 0.08593750
v 0.37500000 0.00781250 0.08591342
v 0.37500000 0.00773036 0.12500000
v 0.37500000 0.00781250 0.12504649
v 0.37500000 0.01562500 0.08591831
v 0.37500000 0.01562500 0.12512052
v 0.37500000 0.01564348 0.08593750
v 0.37500000 0.01565480 0.09375000
v 0.37450802 0.02343750 0.10156250
v 0.37500000 0.02343750 0.10153270
v 0.37495399 0.02343750 0.12500000
v 0.37500000 0.02343750 0.12502432
v 0.37500000 0.02345359 0.10156250
v 0.37500000 0.02345407 0.10937500
v 0.37500000 0.02345371 0.11718750
v 0.37500000 0.02345240 0.12500000
v 0.37503219 0.00000000 0.09375000
v 0.38281250 0.00000000 0.10153031
v 0.38281250 -0.00001758 0.10156250
v 0.38281250 -0.00002426 0.10937500
v 0.38281250 -0.00003815 0.11718750
v 0.38281250 0.00000000 0.11756897
v 0.37515736 0.00781250 0.08593750
v 0.38281250 0.00781250 0.09359264
v 0.38281250 0.00778031 0.09375000
v 0.38281250 0.00743103 0.12500000
v 0.38281250 0.00781250 0.12510180
v 0.37504578 0.01562500 0.08593750
v 0.38281250 0.01562500 0.09370422
v 0.38281250 0.01552320 0.13281250
v 0.38269198 0.01562500 0.13281250
v 0.38281250 0.01562500 0.13282859
v 0.38281250 0.01565075 0.09375000
v 0.38281250 0.02343750 0.10153675
v 0.38281250 0.02343750 0.12504494
v 0.38281250 0.01566994 0.13281250
v 0.38281250 0.02345467 0.10156250
v 0.38281250 0.02345526 0.10937500
v 0.38281250 0.02345479 0.11718750
v 0.38281250 0.02345371 0.12500000
v 0.38303542 0.00000000 0.10156250
v 0.39062500 0.00000000 0.10915208
v 0.39062500 -0.00001943 0.10937500
v 0.39062500 -0.00003499 0.11718750
v 0.39024353 0.00000000 0.12500000
v 0.39062500 -0.00001746 0.12500000
v 0.39062500 0.00000000 0.12501705
v 0.39062500 0.00779200 0.09375000
v 0.39062500 0.00781250 0.09372842
v 0.39062500 0.00758958 0.10156250
v 0.39062500 0.00781250 0.12534952
v 0.39062500 0.01562500 0.09372866
v 0.39062500 0.01527548 0.13281250
v 0.39062500 0.01562500 0.13283002
v 0.39062500 0.01565135 0.09375000
v 0.39062500 0.02343750 0.10153615
v 0.39062500 0.02343750 0.12511551
v 0.39062500 0.01574051 0.13281250
v 0.39062500 0.02345419 0.10156250
v 0.39062500 0.02345490 0.10937500
v 0.39062500 0.02345467 0.11718750
v 0.39062500 0.02345407 0.12500000
v 0.39843750 -0.00001681 0.10937500
v 0.39843750 0.00000000 0.10933471
v 0.39843750 -0.00002164 0.11718750
v 0.39843750 -0.00001687 0.12500000
v 0.39843750 0.00000000 0.12501764
v 0.39065289 0.00781250 0.09375000
v 0.39843750 0.00781250 0.10153461
v 0.39843750 0.00777221 0.10156250
v 0.39843750 0.00779486 0.13281250
v 0.39808798 0.00781250 0.13281250
v 0.39843750 0.00781250 0.13282800
v 0.39066386 0.01562500 0.09375000
v 0.39843750 0.01562500 0.10152364
v 0.39843750 0.01562500 0.13283443
v 0.39843750 0.02343750 0.10154057
v 0.39843750 0.02343750 0.12511611
v 0.39843750 0.01574111 0.13281250
v 0.39843750 0.02345288 0.10156250
v 0.39843750 0.02345395 0.10937500
v 0.39843750 0.02345383 0.11718750
v 0.39843750 0.02345359 0.12500000
v 0.39860785 0.00000000 0.10937500
v 0.40625000 0.00000000 0.11701715
v 0.40625000 -0.00001550 0.11718750
v 0.39905953 0.00000000 0.12500000
v 0.40625000 0.00000000 0.11780953
v 0.39939725 0.00781250 0.10156250
v 0.40625000 0.00781250 0.10841525
v 0.40625000 0.00764215 0.10937500
v 0.40625000 0.00719047 0.12500000
v 0.40625000 0.00779533 0.13281250
v 0.40625000 0.00781250 0.13282776
v 0.40625000 0.01466525 0.10156250
v 0.40625000 0.01562500 0.10154021
v 0.40625000 0.01562500 0.13283181
v 0.40625000 0.01567292 0.10156250
v 0.39848542 0.02343750 0.10156250
v 0.40625000 0.02343750 0.10932708
v 0.40625000 0.02343750 0.12504482
v 0.40625000 0.01566982 0.13281250
v 0.40625000 0.02345312 0.10937500
v 0.40625000 0.02345300 0.11718750
v 0.40625000 0.02345288 0.12500000
v 0.40628576 0.00000000 0.11718750
v 0.41406250 0.00779200 0.10937500
v 0.41406250 0.00781250 0.10935104
v 0.41406250 0.00777674 0.11718750
v 0.41406250 0.00778639 0.12500000
v 0.40628910 0.00781250 0.13281250
v 0.41406250 0.00781250 0.12503910
v 0.40627444 0.01562500 0.10156250
v 0.41406250 0.00910795 0.10937500
v 0.40754545 0.01562500 0.10937500
v 0.41406250 0.01562500 0.11589205
v 0.40629387 0.01562500 0.13281250
v 0.41406250 0.01562500 0.12504387
v 0.40629137 0.02343750 0.10937500
v 0.41406250 0.01575720 0.11718750
v 0.40638220 0.02343750 0.11718750
v 0.41406250 0.01566696 0.12500000
v 0.40629196 0.02343750 0.12500000
v 0.41408908 0.00781250 0.10937500
v 0.41409624 0.00781250 0.11718750
v 0.41408908 0.00781250 0.12500000
v 0.41409230 0.01562500 0.11718750
v 0.41409361 0.01562500 0.12500000
f 3 2 1
f 5 4 1
f 5 1 2
f 7 6 4
f 7 4 5
f 8 6 7
f 9 3 1
f 9 1 4
f 9 4 10
f 10 4 6
f 10 6 11
f 11 6 8
f 14 13 12
f 2 3 12
f 13 2 12
f 15 2 13
f 2 16 5
f 15 16 2
f 5 17 7
f 16 17 5
f 8 7 17
f 8 17 18
f 19 14 12
f 21 19 20
f 20 19 9
f 19 12 9
f 12 3 9
f 10 22 9
f 9 22 20
f 11 23 10
f 10 23 22
f 24 23 11
f 8 24 11
f 18 24 8
f 25 21 20
f 25 20 22
f 25 22 26
f 26 22 23
f 26 23 27
f 27 23 24
f 30 29 28
f 31 28 29
f 33 32 13
f 33 13 14
f 28 15 30
f 15 32 30
f 15 13 32
f 31 34 28
f 34 15 28
f 34 16 15
f 16 35 17
f 34 35 16
f 18 17 35
f 18 35 36
f 14 19 37
f 38 14 37
f 33 14 38
f 21 37 19
f 36 24 18
f 39 24 36
f 40 38 37
f 40 37 21
f 25 40 21
f 41 40 25
f 42 25 26
f 42 41 25
f 43 26 27
f 43 42 26
f 27 24 39
f 27 39 43
f 46 45 44
f 29 30 44
f 45 29 44
f 47 29 45
f 49 48 31
f 29 49 31
f 47 49 29
f 50 48 49
f 53 52 51
f 51 52 46
f 51 46 44
f 33 51 44
f 32 33 44
f 32 44 30
f 48 34 31
f 50 54 48
f 54 34 48
f 54 35 34
f 36 35 54
f 36 54 55
f 56 53 51
f 51 33 56
f 33 57 56
f 33 38 57
f 55 39 36
f 58 39 55
f 59 57 38
f 59 38 40
f 60 40 41
f 60 59 40
f 61 41 42
f 61 60 41
f 62 42 43
f 62 61 42
f 43 39 58
f 43 58 62
f 64 63 45
f 64 45 46
f 45 65 47
f 63 65 45
f 47 66 49
f 65 66 47
f 50 49 66
f 50 66 67
f 69 68 52
f 69 52 53
f 46 52 64
f 64 52 68
f 67 70 50
f 50 70 54
f 55 54 70
f 55 70 71
f 53 56 72
f 73 53 72
f 69 53 73
f 57 72 56
f 71 58 55
f 74 58 71
f 75 73 72
f 75 72 57
f 59 75 57
f 76 75 59
f 77 59 60
f 77 76 59
f 78 60 61
f 78 77 60
f 79 61 62
f 79 78 61
f 62 58 74
f 62 74 79
f 82 81 80
f 63 64 80
f 81 63 80
f 83 63 81
f 63 84 65
f 83 84 63
f 65 85 66
f 84 85 65
f 67 66 85
f 67 85 86
f 89 88 87
f 87 88 82
f 87 82 80
f 69 87 80
f 68 69 80
f 68 80 64
f 86 90 67
f 67 90 70
f 71 70 90
f 71 90 91
f 92 89 87
f 87 69 92
f 69 93 92
f 69 73 93
f 91 74 71
f 94 74 91
f 95 93 73
f 95 73 75
f 96 75 76
f 96 95 75
f 97 76 77
f 97 96 76
f 98 77 78
f 98 97 77
f 99 78 79
f 99 98 78
f 79 74 94
f 79 94 99
f 101 100 81
f 101 81 82
f 81 102 83
f 100 102 81
f 83 103 84
f 102 103 83
f 84 104 85
f 103 104 84
f 86 85 104
f 86 104 105
f 107 106 88
f 107 88 89
f 82 88 101
f 101 88 106
f 105 108 86
f 86 108 90
f 91 90 108
f 91 108 109
f 110 107 89
f 110 89 92
f 92 93 110
f 110 93 111
f 109 94 91
f 112 94 109
f 113 111 93
f 113 93 95
f 114 95 96
f 114 113 95
f 115 96 97
f 115 114 96
f 116 97 98
f 116 115 97
f 117 98 99
f 117 116 98
f 99 94 112
f 99 112 117
f 120 119 118
f 100 101 118
f 119 100 118
f 121 100 119
f 100 122 102
f 121 122 100
f 102 123 103
f 122 123 102
f 103 124 104
f 123 124 103
f 105 104 124
f 105 124 125
f 128 127 126
f 126 127 120
f 126 120 118
f 107 126 118
f 106 107 118
f 106 118 101
f 125 129 105
f 105 129 108
f 109 108 129
f 109 129 130
f 131 128 126
f 133 131 132
f 132 131 110
f 131 126 110
f 126 107 110
f 111 132 110
f 130 112 109
f 134 112 130
f 135 133 132
f 135 132 111
f 113 135 111
f 136 135 113
f 137 113 114
f 137 136 113
f 138 114 115
f 138 137 114
f 139 115 116
f 139 138 115
f 140 116 117
f 140 139 116
f 117 112 134
f 117 134 140
f 143 142 141
f 119 120 141
f 142 119 141
f 144 119 142
f 119 145 121
f 144 145 119
f 121 146 122
f 145 146 121
f 122 147 123
f 146 147 122
f 123 148 124
f 147 148 123
f 125 124 148
f 125 148 149
f 143 141 127
f 128 143 127
f 150 143 128
f 127 141 120
f 149 151 125
f 125 151 129
f 130 129 151
f 130 151 152
f 153 150 128
f 153 128 131
f 131 133 153
f 153 133 154
f 152 134 130
f 155 134 152
f 156 154 133
f 156 133 135
f 157 135 136
f 157 156 135
f 158 136 137
f 158 157 136
f 159 137 138
f 159 158 137
f 160 138 139
f 160 159 138
f 161 139 140
f 161 160 139
f 140 134 155
f 140 155 161
f 164 163 162
f 166 165 162
f 166 162 163
f 167 165 166
f 169 168 142
f 169 142 143
f 142 170 144
f 168 170 142
f 162 145 164
f 145 170 164
f 145 144 170
f 145 162 146
f 146 162 165
f 167 171 165
f 171 146 165
f 171 147 146
f 147 172 148
f 171 172 147
f 149 148 172
f 149 172 173
f 176 175 174
f 175 169 174
f 169 150 174
f 169 143 150
f 173 177 149
f 149 177 151
f 152 151 177
f 152 177 178
f 179 176 174
f 181 179 180
f 180 179 153
f 179 174 153
f 174 150 153
f 154 180 153
f 178 155 152
f 182 155 178
f 183 181 180
f 183 180 154
f 156 183 154
f 184 183 156
f 185 156 157
f 185 184 156
f 186 157 158
f 186 185 157
f 187 158 159
f 187 186 158
f 188 159 160
f 188 187 159
f 189 160 161
f 189 188 160
f 161 155 182
f 161 182 189
f 192 191 190
f 163 164 190
f 191 163 190
f 193 163 191
f 163 194 166
f 193 194 163
f 167 166 194
f 167 194 195
f 198 197 196
f 168 169 196
f 197 168 196
f 199 168 197
f 190 170 192
f 170 199 192
f 170 168 199
f 170 190 164
f 195 200 167
f 167 200 171
f 171 201 172
f 200 201 171
f 173 172 201
f 173 201 202
f 198 196 175
f 176 198 175
f 203 198 176
f 175 196 169
f 202 204 173
f 173 204 177
f 178 177 204
f 178 204 205
f 206 203 176
f 206 176 179
f 179 181 206
f 206 181 207
f 210 209 208
f 205 210 208
f 182 205 208
f 178 205 182
f 211 207 181
f 211 181 183
f 212 183 184
f 212 211 183
f 213 184 185
f 213 212 184
f 214 185 186
f 214 213 185
f 215 186 187
f 215 214 186
f 216 187 188
f 216 215 187
f 189 208 209
f 216 189 209
f 188 189 216
f 208 189 182
f 218 217 191
f 218 191 192
f 191 219 193
f 217 219 191
f 193 220 194
f 219 220 193
f 195 194 220
f 195 220 221
f 224 223 222
f 197 198 222
f 223 197 222
f 225 197 223
f 197 226 199
f 225 226 197
f 192 199 218
f 218 199 226
f 221 227 195
f 195 227 200
f 200 228 201
f 227 228 200
f 202 201 228
f 202 228 229
f 224 222 230
f 224 230 231
f 203 230 198
f 198 230 222
f 204 202 232
f 202 233 232
f 202 229 233
f 232 205 204
f 234 231 230
f 234 230 203
f 206 234 203
f 235 234 206
f 206 207 235
f 235 207 236
f 232 233 210
f 233 209 210
f 233 237 209
f 232 210 205
f 238 236 207
f 238 207 211
f 239 211 212
f 239 238 211
f 240 212 213
f 240 239 212
f 241 213 214
f 241 240 213
f 242 214 215
f 242 241 214
f 243 215 216
f 243 242 215
f 216 209 237
f 216 237 243
f 246 245 244
f 217 218 244
f 245 217 244
f 247 217 245
f 217 248 219
f 247 248 217
f 219 249 220
f 248 249 219
f 221 220 249
f 221 249 250
f 253 252 251
f 223 224 251
f 252 223 251
f 254 223 252
f 223 255 225
f 254 255 223
f 244 226 246
f 226 255 246
f 226 225 255
f 226 244 218
f 250 256 221
f 221 256 227
f 256 258 257
f 228 256 257
f 227 256 228
f 257 229 228
f 259 253 251
f 251 224 259
f 224 260 259
f 224 231 260
f 258 261 257
f 229 257 261
f 262 229 261
f 233 229 262
f 263 260 231
f 263 231 234
f 264 234 235
f 264 263 234
f 235 236 264
f 264 236 265
f 268 267 266
f 262 268 266
f 237 262 266
f 233 262 237
f 269 265 236
f 269 236 238
f 270 238 239
f 270 269 238
f 271 239 240
f 271 270 239
f 272 240 241
f 272 271 240
f 273 241 242
f 273 272 241
f 243 266 267
f 273 243 267
f 242 243 273
f 266 243 237
f 276 275 274
f 245 246 274
f 275 245 274
f 277 245 275
f 245 278 247
f 277 278 245
f 247 279 248
f 278 279 247
f 248 280 249
f 279 280 248
f 250 249 280
f 250 280 281
f 283 282 252
f 283 252 253
f 252 284 254
f 282 284 252
f 274 255 276
f 255 284 276
f 255 254 284
f 255 274 246
f 281 285 250
f 250 285 256
f 258 256 285
f 258 285 286
f 253 259 287
f 288 253 287
f 283 253 288
f 260 287 259
f 261 258 289
f 258 290 289
f 258 286 290
f 289 262 261
f 291 288 287
f 291 287 260
f 263 291 260
f 292 291 263
f 294 292 293
f 292 264 293
f 292 263 264
f 265 293 264
f 289 290 268
f 290 267 268
f 290 295 267
f 289 268 262
f 296 294 293
f 296 293 265
f 269 296 265
f 297 296 269
f 298 269 270
f 298 297 269
f 299 270 271
f 299 298 270
f 300 271 272
f 300 299 271
f 301 272 273
f 301 300 272
f 273 267 295
f 273 295 301
f 304 303 302
f 275 276 302
f 303 275 302
f 305 275 303
f 275 306 277
f 305 306 275
f 277 307 278
f 306 307 277
f 278 308 279
f 307 308 278
f 279 309 280
f 308 309 279
f 281 280 309
f 281 309 310
f 313 312 311
f 282 283 311
f 312 282 311
f 314 282 312
f 302 284 304
f 284 314 304
f 284 282 314
f 284 302 276
f 310 315 281
f 281 315 285
f 286 285 315
f 286 315 316
f 317 313 311
f 311 283 317
f 283 318 317
f 283 288 318
f 316 290 286
f 319 290 316
f 320 318 288
f 320 288 291
f 321 291 292
f 321 320 291
f 292 294 321
f 321 294 322
f 325 324 323
f 319 325 323
f 295 319 323
f 290 319 295
f 326 322 294
f 326 294 296
f 327 296 297
f 327 326 296
f 328 297 298
f 328 327 297
f 329 298 299
f 329 328 298
f 330 299 300
f 330 329 299
f 301 323 324
f 330 301 324
f 300 301 330
f 323 301 295
f 333 332 331
f 303 304 331
f 332 303 331
f 334 303 332
f 303 335 305
f 334 335 303
f 305 336 306
f 335 336 305
f 306 337 307
f 336 337 306
f 307 338 308
f 337 338 307
f 308 339 309
f 338 339 308
f 310 309 339
f 310 339 340
f 343 342 341
f 312 313 341
f 342 312 341
f 344 312 342
f 331 314 333
f 314 344 333
f 314 312 344
f 314 331 304
f 340 345 310
f 310 345 315
f 316 315 345
f 316 345 346
f 347 343 341
f 349 347 348
f 348 347 317
f 347 341 317
f 341 313 317
f 318 348 317
f 346 319 316
f 350 319 346
f 351 349 348
f 351 348 318
f 320 351 318
f 352 351 320
f 353 320 321
f 353 352 320
f 321 322 353
f 353 322 354
f 356 355 325
f 325 355 324
f 325 319 350
f 325 350 356
f 357 354 322
f 357 322 326
f 358 326 327
f 358 357 326
f 359 327 328
f 359 358 327
f 360 328 329
f 360 359 328
f 361 329 330
f 361 360 329
f 330 324 355
f 330 355 361
f 364 363 362
f 332 333 362
f 363 332 362
f 365 332 363
f 332 366 334
f 365 366 332
f 334 367 335
f 366 367 334
f 335 368 336
f 367 368 335
f 336 369 337
f 368 369 336
f 337 370 338
f 369 370 337
f 338 371 339
f 370 371 338
f 340 339 371
f 340 371 372
f 374 373 342
f 374 342 343
f 362 344 364
f 344 373 364
f 344 342 373
f 344 362 333
f 372 375 340
f 340 375 345
f 346 345 375
f 346 375 376
f 343 347 377
f 378 343 377
f 374 343 378
f 349 377 347
f 376 350 346
f 379 350 376
f 380 378 377
f 380 377 349
f 351 380 349
f 381 380 351
f 382 351 352
f 382 381 351
f 383 352 353
f 383 382 352
f 353 354 383
f 383 354 384
f 387 386 385
f 355 356 385
f 356 387 385
f 356 388 387
f 356 350 379
f 356 379 388
f 389 384 354
f 389 354 357
f 390 357 358
f 390 389 357
f 391 358 359
f 391 390 358
f 392 359 360
f 392 391 359
f 361 385 386
f 392 361 386
f 360 361 392
f 385 361 355
f 395 394 393
f 363 364 393
f 394 363 393
f 396 363 394
f 363 397 365
f 396 397 363
f 365 398 366
f 397 398 365
f 366 399 367
f 398 399 366
f 367 400 368
f 399 400 367
f 368 401 369
f 400 401 368
f 369 402 370
f 401 402 369
f 370 403 371
f 402 403 370
f 372 371 403
f 372 403 404
f 407 406 405
f 405 406 395
f 405 395 393
f 374 405 393
f 373 374 393
f 373 393 364
f 375 372 408
f 372 409 408
f 372 404 409
f 408 376 375
f 410 407 405
f 405 374 410
f 374 411 410
f 374 378 411
f 408 409 412
f 412 409 413
f 412 379 376
f 412 376 408
f 414 411 378
f 414 378 380
f 415 380 381
f 415 414 380
f 416 381 382
f 416 415 381
f 418 416 417
f 416 383 417
f 416 382 383
f 384 417 383
f 420 419 387
f 387 419 386
f 388 412 413
f 420 388 413
f 387 388 420
f 412 388 379
f 421 418 417
f 421 417 384
f 389 421 384
f 422 421 389
f 423 389 390
f 423 422 389
f 424 390 391
f 424 423 390
f 425 391 392
f 425 424 391
f 392 386 419
f 392 419 425
f 428 427 426
f 394 395 426
f 427 394 426
f 429 394 427
f 394 430 396
f 429 430 394
f 396 431 397
f 430 431 396
f 397 432 398
f 431 432 397
f 398 433 399
f 432 433 398
f 399 434 400
f 433 434 399
f 400 435 401
f 434 435 400
f 401 436 402
f 435 436 401
f 436 438 437
f 403 436 437
f 402 436 403
f 437 404 403
f 428 426 406
f 407 428 406
f 439 428 407
f 406 426 395
f 438 440 437
f 404 437 440
f 441 404 440
f 409 404 441
f 407 410 442
f 443 407 442
f 439 407 443
f 411 442 410
f 441 413 409
f 444 413 441
f 445 443 442
f 445 442 411
f 414 445 411
f 446 445 414
f 447 414 415
f 447 446 414
f 448 415 416
f 448 447 415
f 416 418 448
f 448 418 449
f 452 451 450
f 419 420 450
f 420 452 450
f 420 453 452
f 420 413 444
f 420 444 453
f 454 449 418
f 454 418 421
f 455 421 422
f 455 454 421
f 456 422 423
f 456 455 422
f 457 423 424
f 457 456 423
f 425 450 451
f 457 425 451
f 424 425 457
f 450 425 419
f 459 458 427
f 459 427 428
f 427 460 429
f 458 460 427
f 429 461 430
f 460 461 429
f 430 462 431
f 461 462 430
f 431 463 432
f 462 463 431
f 432 464 433
f 463 464 432
f 433 465 434
f 464 465 433
f 434 466 435
f 465 466 434
f 435 467 436
f 466 467 435
f 438 436 467
f 438 467 468
f 471 470 469
f 470 459 469
f 459 439 469
f 459 428 439
f 468 472 438
f 438 472 440
f 441 440 472
f 441 472 473
f 474 471 469
f 469 439 474
f 439 475 474
f 439 443 475
f 473 444 441
f 476 444 473
f 477 475 443
f 477 443 445
f 478 445 446
f 478 477 445
f 479 446 447
f 479 478 446
f 480 447 448
f 480 479 447
f 448 449 480
f 480 449 481
f 484 483 482
f 451 452 482
f 452 484 482
f 452 485 484
f 486 452 453
f 486 485 452
f 453 444 476
f 453 476 486
f 487 481 449
f 487 449 454
f 488 454 455
f 488 487 454
f 489 455 456
f 489 488 455
f 457 482 483
f 489 457 483
f 456 457 489
f 482 457 451
f 492 491 490
f 458 459 490
f 491 458 490
f 493 458 491
f 458 494 460
f 493 494 458
f 460 495 461
f 494 495 460
f 461 496 462
f 495 496 461
f 462 497 463
f 496 497 462
f 463 498 464
f 497 498 463
f 464 499 465
f 498 499 464
f 465 500 466
f 499 500 465
f 466 501 467
f 500 501 466
f 468 467 501
f 468 501 502
f 505 504 503
f 503 504 492
f 503 492 490
f 471 503 490
f 470 471 490
f 470 490 459
f 502 506 468
f 468 506 472
f 473 472 506
f 473 506 507
f 508 505 503
f 508 503 471
f 474 508 471
f 509 508 474
f 474 475 509
f 509 475 510
f 513 512 511
f 507 513 511
f 476 507 511
f 473 507 476
f 514 510 475
f 514 475 477
f 515 477 478
f 515 514 477
f 516 478 479
f 516 515 478
f 517 479 480
f 517 516 479
f 519 518 481
f 518 480 481
f 518 517 480
f 521 520 519
f 519 520 518
f 523 522 521
f 521 522 520
f 483 484 523
f 484 522 523
f 484 524 522
f 525 484 485
f 525 524 484
f 486 511 512
f 525 486 512
f 485 486 525
f 511 486 476
f 487 519 481
f 519 487 488
f 519 488 521
f 521 488 489
f 521 489 523
f 523 489 483
f 528 527 526
f 491 492 526
f 527 491 526
f 529 491 527
f 491 530 493
f 529 530 491
f 493 531 494
f 530 531 493
f 494 532 495
f 531 532 494
f 495 533 496
f 532 533 495
f 496 534 497
f 533 534 496
f 497 535 498
f 534 535 497
f 498 536 499
f 535 536 498
f 499 537 500
f 536 537 499
f 537 539 538
f 501 537 538
f 500 537 501
f 538 502 501
f 528 526 504
f 505 528 504
f 540 528 505
f 504 526 492
f 539 541 538
f 541 543 542
f 541 542 506
f 538 541 506
f 502 538 506
f 542 507 506
f 544 540 505
f 544 505 508
f 546 544 545
f 544 509 545
f 544 508 509
f 510 545 509
f 542 543 513
f 543 512 513
f 543 547 512
f 542 513 507
f 548 546 545
f 548 545 510
f 514 548 510
f 549 548 514
f 550 514 515
f 550 549 514
f 551 515 516
f 551 550 515
f 552 516 517
f 552 551 516
f 553 517 518
f 553 552 517
f 554 518 520
f 554 553 518
f 555 520 522
f 555 554 520
f 556 522 524
f 556 555 522
f 557 524 525
f 557 556 524
f 525 512 547
f 525 547 557
f 560 559 558
f 562 561 558
f 562 558 559
f 564 563 561
f 564 561 562
f 566 565 563
f 566 563 564
f 568 567 565
f 568 565 566
f 569 567 568
f 571 570 527
f 571 527 528
f 527 572 529
f 570 572 527
f 529 573 530
f 572 573 529
f 558 531 560
f 531 573 560
f 531 530 573
f 531 558 532
f 532 558 561
f 532 561 533
f 533 561 563
f 533 563 534
f 534 563 565
f 534 565 535
f 535 565 567
f 569 574 567
f 574 535 567
f 574 536 535
f 536 575 537
f 574 575 536
f 539 537 575
f 539 575 576
f 579 578 577
f 578 571 577
f 571 540 577
f 571 528 540
f 576 580 539
f 539 580 541
f 543 541 580
f 543 580 581
f 582 579 577
f 582 577 540
f 544 582 540
f 583 582 544
f 544 546 583
f 583 546 584
f 587 586 585
f 581 587 585
f 547 581 585
f 543 581 547
f 588 584 546
f 588 546 548
f 589 548 549
f 589 588 548
f 590 549 550
f 590 589 549
f 591 550 551
f 591 590 550
f 592 551 552
f 592 591 551
f 593 552 553
f 593 592 552
f 594 553 554
f 594 593 553
f 595 554 555
f 595 594 554
f 596 555 556
f 596 595 555
f 557 585 586
f 596 557 586
f 556 557 596
f 585 557 547
f 599 598 597
f 601 600 597
f 601 597 598
f 559 560 600
f 601 559 600
f 602 559 601
f 559 603 562
f 602 603 559
f 562 604 564
f 603 604 562
f 564 605 566
f 604 605 564
f 566 606 568
f 605 606 566
f 608 607 569
f 568 608 569
f 606 608 568
f 609 607 608
f 612 611 610
f 570 571 610
f 611 570 610
f 613 570 611
f 597 572 599
f 572 613 599
f 572 570 613
f 572 597 573
f 573 597 600
f 573 600 560
f 607 574 569
f 609 614 607
f 614 574 607
f 614 575 574
f 576 575 614
f 576 614 615
f 612 610 578
f 579 612 578
f 616 612 579
f 578 610 571
f 580 576 617
f 576 618 617
f 576 615 618
f 617 581 580
f 619 616 579
f 619 579 582
f 620 582 583
f 620 619 582
f 583 584 620
f 620 584 621
f 617 618 587
f 618 586 587
f 618 622 586
f 617 587 581
f 623 621 584
f 623 584 588
f 624 588 589
f 624 623 588
f 625 589 590
f 625 624 589
f 626 590 591
f 626 625 590
f 627 591 592
f 627 626 591
f 628 592 593
f 628 627 592
f 629 593 594
f 629 628 593
f 630 594 595
f 630 629 594
f 631 595 596
f 631 630 595
f 596 586 622
f 596 622 631
f 634 633 632
f 598 599 632
f 633 598 632
f 635 598 633
f 598 636 601
f 635 636 598
f 601 637 602
f 636 637 601
f 602 638 603
f 637 638 602
f 603 639 604
f 638 639 603
f 604 640 605
f 639 640 604
f 605 641 606
f 640 641 605
f 641 643 642
f 608 641 642
f 606 641 608
f 642 609 608
f 645 644 611
f 645 611 612
f 632 613 634
f 613 644 634
f 613 611 644
f 613 632 599
f 643 646 642
f 646 648 647
f 646 647 614
f 642 646 614
f 609 642 614
f 647 615 614
f 616 645 612
f 616 649 645
f 648 650 647
f 615 647 650
f 651 615 650
f 618 615 651
f 652 649 616
f 652 616 619
f 653 619 620
f 653 652 619
f 620 621 653
f 653 621 654
f 657 656 655
f 651 657 655
f 622 651 655
f 618 651 622
f 658 654 621
f 658 621 623
f 659 623 624
f 659 658 623
f 660 624 625
f 660 659 624
f 661 625 626
f 661 660 625
f 662 626 627
f 662 661 626
f 663 627 628
f 663 662 627
f 664 628 629
f 664 663 628
f 665 629 630
f 665 664 629
f 631 655 656
f 665 631 656
f 630 631 665
f 655 631 622
f 667 666 633
f 667 633 634
f 633 668 635
f 666 668 633
f 635 669 636
f 668 669 635
f 636 670 637
f 669 670 636
f 637 671 638
f 670 671 637
f 638 672 639
f 671 672 638
f 639 673 640
f 672 673 639
f 640 674 641
f 673 674 640
f 643 641 674
f 643 674 675
f 678 677 676
f 644 645 676
f 677 644 676
f 679 644 677
f 634 644 667
f 667 644 679
f 675 680 643
f 643 680 646
f 648 646 680
f 648 680 681
f 678 676 682
f 678 682 683
f 649 682 645
f 645 682 676
f 681 684 648
f 648 684 650
f 651 650 684
f 651 684 685
f 686 683 682
f 686 682 649
f 652 686 649
f 687 686 652
f 688 652 653
f 688 687 652
f 653 654 688
f 688 654 689
f 691 690 657
f 657 690 656
f 657 651 685
f 657 685 691
f 692 689 654
f 692 654 658
f 693 658 659
f 693 692 658
f 694 659 660
f 694 693 659
f 695 660 661
f 695 694 660
f 696 661 662
f 696 695 661
f 697 662 663
f 697 696 662
f 698 663 664
f 698 697 663
f 699 664 665
f 699 698 664
f 665 656 690
f 665 690 699
f 702 701 700
f 666 667 700
f 701 666 700
f 703 666 701
f 666 704 668
f 703 704 666
f 668 705 669
f 704 705 668
f 669 706 670
f 705 706 669
f 670 707 671
f 706 707 670
f 671 708 672
f 707 708 671
f 672 709 673
f 708 709 672
f 673 710 674
f 709 710 673
f 675 674 710
f 675 710 711
f 713 712 677
f 713 677 678
f 700 679 702
f 679 712 702
f 679 677 712
f 679 700 667
f 711 714 675
f 675 714 680
f 681 680 714
f 681 714 715
f 683 713 678
f 683 716 713
f 684 681 717
f 681 718 717
f 681 715 718
f 717 685 684
f 719 716 683
f 719 683 686
f 720 686 687
f 720 719 686
f 721 687 688
f 721 720 687
f 688 689 721
f 721 689 722
f 725 724 723
f 725 723 718
f 718 723 717
f 723 690 717
f 690 691 717
f 717 691 685
f 726 722 689
f 726 689 692
f 727 692 693
f 727 726 692
f 728 693 694
f 728 727 693
f 729 694 695
f 729 728 694
f 730 695 696
f 730 729 695
f 731 696 697
f 731 730 696
f 732 697 698
f 732 731 697
f 699 723 724
f 732 699 724
f 698 699 732
f 723 699 690
f 734 733 701
f 734 701 702
f 701 735 703
f 733 735 701
f 703 736 704
f 735 736 703
f 704 737 705
f 736 737 704
f 705 738 706
f 737 738 705
f 706 739 707
f 738 739 706
f 707 740 708
f 739 740 707
f 708 741 709
f 740 741 708
f 709 742 710
f 741 742 709
f 711 710 742
f 711 742 743
f 745 744 712
f 745 712 713
f 702 712 734
f 734 712 744
f 743 746 711
f 711 746 714
f 715 714 746
f 715 746 747
f 716 745 713
f 716 748 745
f 747 718 715
f 749 718 747
f 750 748 716
f 750 716 719
f 751 719 720
f 751 750 719
f 752 720 721
f 752 751 720
f 721 722 752
f 752 722 753
f 756 755 754
f 724 725 754
f 725 756 754
f 725 757 756
f 725 718 749
f 725 749 757
f 758 753 722
f 758 722 726
f 759 726 727
f 759 758 726
f 760 727 728
f 760 759 727
f 761 728 729
f 761 760 728
f 762 729 730
f 762 761 729
f 763 730 731
f 763 762 730
f 732 754 755
f 763 732 755
f 731 732 763
f 754 732 724
f 766 765 764
f 733 734 764
f 765 733 764
f 767 733 765
f 733 768 735
f 767 768 733
f 735 769 736
f 768 769 735
f 736 770 737
f 769 770 736
f 737 771 738
f 770 771 737
f 738 772 739
f 771 772 738
f 739 773 740
f 772 773 739
f 740 774 741
f 773 774 740
f 741 775 742
f 774 775 741
f 743 742 775
f 743 775 776
f 779 778 777
f 777 778 766
f 777 766 764
f 745 777 764
f 744 745 764
f 744 764 734
f 746 743 780
f 743 781 780
f 743 776 781
f 780 747 746
f 782 779 777
f 777 745 782
f 745 783 782
f 745 748 783
f 780 781 784
f 784 781 785
f 784 749 747
f 784 747 780
f 786 783 748
f 786 748 750
f 787 750 751
f 787 786 750
f 788 751 752
f 788 787 751
f 752 753 788
f 788 753 789
f 792 791 790
f 794 793 790
f 790 793 792
f 796 795 794
f 794 795 793
f 755 756 796
f 756 795 796
f 756 797 795
f 757 784 785
f 797 757 785
f 756 757 797
f 784 757 749
f 798 789 753
f 798 753 758
f 799 758 759
f 799 798 758
f 800 759 760
f 800 799 759
f 761 790 791
f 800 761 791
f 760 761 800
f 790 761 762
f 790 762 794
f 794 762 763
f 794 763 796
f 796 763 755
f 803 802 801
f 765 766 801
f 802 765 801
f 804 765 802
f 765 805 767
f 804 805 765
f 767 806 768
f 805 806 767
f 768 807 769
f 806 807 768
f 769 808 770
f 807 808 769
f 770 809 771
f 808 809 770
f 771 810 772
f 809 810 771
f 772 811 773
f 810 811 772
f 773 812 774
f 811 812 773
f 812 814 813
f 775 812 813
f 774 812 775
f 813 776 775
f 817 816 815
f 815 816 803
f 815 803 801
f 779 815 801
f 778 779 801
f 778 801 766
f 814 818 813
f 776 813 818
f 819 776 818
f 781 776 819
f 820 817 815
f 822 820 821
f 821 820 782
f 820 815 782
f 815 779 782
f 783 821 782
f 825 824 823
f 819 825 823
f 785 819 823
f 781 819 785
f 826 822 821
f 826 821 783
f 786 826 783
f 827 826 786
f 828 786 787
f 828 827 786
f 829 787 788
f 829 828 787
f 831 830 789
f 830 788 789
f 830 829 788
f 833 832 831
f 831 832 830
f 835 834 833
f 833 834 832
f 791 792 835
f 792 834 835
f 792 836 834
f 837 792 793
f 837 836 792
f 838 793 795
f 838 837 793
f 797 823 824
f 838 797 824
f 795 797 838
f 823 797 785
f 798 831 789
f 831 798 799
f 831 799 833
f 833 799 800
f 833 800 835
f 835 800 791
f 841 840 839
f 843 842 839
f 843 839 840
f 845 844 842
f 845 842 843
f 846 844 845
f 849 848 847
f 847 848 841
f 839 847 841
f 850 847 839
f 851 839 842
f 850 839 851
f 852 842 844
f 851 842 852
f 844 846 853
f 854 844 853
f 852 844 854
f 855 854 853
f 849 847 856
f 849 856 857
f 858 847 850
f 856 847 858
f 859 850 851
f 858 850 859
f 860 851 852
f 859 851 860
f 861 852 854
f 860 852 861
f 854 855 862
f 854 862 861
f 857 856 863
f 857 863 864
f 865 856 858
f 863 856 865
f 866 858 859
f 865 858 866
f 867 859 860
f 866 859 867
f 868 860 861
f 867 860 868
f 861 862 869
f 870 861 869
f 868 861 870
f 871 870 869
f 872 864 863
f 872 863 865
f 872 865 873
f 873 865 866
f 873 866 874
f 874 866 867
f 874 867 875
f 875 867 868
f 875 868 876
f 876 868 870
f 876 870 877
f 877 870 871
f 880 879 878
f 882 881 878
f 882 878 879
f 884 883 881
f 884 881 882
f 885 883 884
f 888 887 886
f 886 887 880
f 878 886 880
f 889 886 878
f 890 878 881
f 889 878 890
f 891 881 883
f 890 881 891
f 883 885 892
f 893 883 892
f 891 883 893
f 895 894 893
f 895 893 892
f 897 896 894
f 897 894 895
f 899 898 896
f 899 896 897
f 900 898 899
f 888 886 901
f 888 901 902
f 903 886 889
f 901 886 903
f 803 903 802
f 903 890 802
f 903 889 890
f 802 890 804
f 804 890 891
f 804 891 805
f 805 891 893
f 805 893 806
f 806 893 894
f 806 894 807
f 807 894 896
f 807 896 808
f 808 896 898
f 900 904 898
f 904 808 898
f 904 809 808
f 809 905 810
f 904 905 809
f 810 906 811
f 905 906 810
f 906 908 907
f 812 906 907
f 811 906 812
f 907 814 812
f 902 901 909
f 902 909 910
f 817 909 816
f 909 903 816
f 909 901 903
f 816 903 803
f 908 911 907
f 911 913 912
f 911 912 818
f 907 911 818
f 814 907 818
f 912 819 818
f 914 910 909
f 914 909 817
f 820 914 817
f 915 914 820
f 820 822 915
f 915 822 916
f 912 913 825
f 913 824 825
f 913 917 824
f 912 825 819
f 918 916 822
f 918 822 826
f 919 826 827
f 919 918 826
f 920 827 828
f 920 919 827
f 921 828 829
f 921 920 828
f 922 829 830
f 922 921 829
f 923 830 832
f 923 922 830
f 924 832 834
f 924 923 832
f 925 834 836
f 925 924 834
f 926 836 837
f 926 925 836
f 927 837 838
f 927 926 837
f 838 824 917
f 838 917 927
f 930 929 928
f 840 841 928
f 929 840 928
f 931 840 929
f 840 932 843
f 931 932 840
f 843 933 845
f 932 933 843
f 935 934 846
f 845 935 846
f 933 935 845
f 937 936 934
f 937 934 935
f 939 938 936
f 939 936 937
f 941 940 938
f 941 938 939
f 942 940 941
f 930 928 848
f 849 930 848
f 943 930 849
f 848 928 841
f 934 853 846
f 853 934 855
f 934 944 855
f 934 936 944
f 945 936 938
f 944 936 945
f 946 938 940
f 945 938 946
f 940 942 947
f 948 940 947
f 946 940 948
f 950 949 948
f 950 948 947
f 951 949 950
f 954 953 952
f 953 943 952
f 943 857 952
f 943 849 857
f 955 862 944
f 944 862 855
f 956 944 945
f 955 944 956
f 957 945 946
f 956 945 957
f 958 946 948
f 957 946 958
f 959 948 949
f 958 948 959
f 949 951 960
f 961 949 960
f 959 949 961
f 963 962 961
f 963 961 960
f 964 962 963
f 954 952 965
f 954 965 966
f 864 965 857
f 857 965 952
f 955 869 862
f 869 955 871
f 955 967 871
f 955 956 967
f 968 956 957
f 967 956 968
f 969 957 958
f 968 957 969
f 970 958 959
f 969 958 970
f 971 959 961
f 970 959 971
f 972 961 962
f 971 961 972
f 962 964 973
f 974 962 973
f 972 962 974
f 976 975 974
f 976 974 973
f 977 975 976
f 966 965 978
f 966 978 979
f 872 980 864
f 980 965 864
f 980 978 965
f 873 981 872
f 872 981 980
f 874 982 873
f 873 982 981
f 875 983 874
f 874 983 982
f 876 984 875
f 875 984 983
f 877 985 876
f 876 985 984
f 871 967 877
f 967 985 877
f 967 986 985
f 987 967 968
f 986 967 987
f 988 968 969
f 987 968 988
f 989 969 970
f 988 969 989
f 990 970 971
f 989 970 990
f 991 971 972
f 990 971 991
f 992 972 974
f 991 972 992
f 993 974 975
f 992 974 993
f 975 977 994
f 995 975 994
f 993 975 995
f 997 996 995
f 997 995 994
f 998 996 997
f 999 979 978
f 1001 1000 999
f 978 1001 999
f 980 1001 978
f 1002 980 981
f 1001 980 1002
f 1003 981 982
f 1002 981 1003
f 1004 982 983
f 1003 982 1004
f 1005 983 984
f 1004 983 1005
f 1006 984 985
f 1005 984 1006
f 1007 985 986
f 1006 985 1007
f 1008 986 987
f 1007 986 1008
f 1009 987 988
f 1008 987 1009
f 1010 988 989
f 1009 988 1010
f 1011 989 990
f 1010 989 1011
f 1012 990 991
f 1011 990 1012
f 880 1012 879
f 1012 992 879
f 1012 991 992
f 879 992 882
f 882 992 993
f 882 993 884
f 884 993 995
f 884 995 885
f 995 1013 885
f 995 996 1013
f 996 998 1014
f 1015 996 1014
f 1013 996 1015
f 1016 1015 1014
f 1017 1000 1001
f 1017 1001 1002
f 1017 1002 1018
f 1018 1002 1003
f 1018 1003 1019
f 1019 1003 1004
f 1019 1004 1020
f 1020 1004 1005
f 1020 1005 1021
f 1021 1005 1006
f 1021 1006 1022
f 1024 1023 1022
f 1006 1024 1022
f 1007 1024 1006
f 1025 1007 1008
f 1024 1007 1025
f 1026 1008 1009
f 1025 1008 1026
f 1027 1009 1010
f 1026 1009 1027
f 1028 1010 1011
f 1027 1010 1028
f 888 1028 887
f 1028 1012 887
f 1028 1011 1012
f 887 1012 880
f 1013 892 885
f 892 1013 895
f 895 1013 1015
f 1016 1029 1015
f 1029 895 1015
f 1029 897 895
f 897 1030 899
f 1029 1030 897
f 900 899 1030
f 900 1030 1031
f 1032 1023 1024
f 1034 1033 1032
f 1024 1034 1032
f 1025 1034 1024
f 1035 1025 1026
f 1034 1025 1035
f 1036 1026 1027
f 1035 1026 1036
f 1037 1027 1028
f 1036 1027 1037
f 902 1037 888
f 888 1037 1028
f 1031 1038 900
f 900 1038 904
f 904 1039 905
f 1038 1039 904
f 905 1040 906
f 1039 1040 905
f 908 906 1040
f 908 1040 1041
f 1042 1033 1034
f 1042 1034 1035
f 1042 1035 1043
f 1043 1035 1036
f 1043 1036 1044
f 1046 1045 1044
f 1036 1046 1044
f 1037 1046 1036
f 910 1046 902
f 902 1046 1037
f 1041 1047 908
f 908 1047 911
f 913 911 1047
f 913 1047 1048
f 1049 1045 1046
f 1049 1046 910
f 914 1049 910
f 1050 1049 914
f 1052 1050 1051
f 1050 915 1051
f 1050 914 915
f 916 1051 915
f 1055 1054 1053
f 1048 1055 1053
f 917 1048 1053
f 913 1048 917
f 1056 1052 1051
f 1056 1051 916
f 918 1056 916
f 1057 1056 918
f 1058 918 919
f 1058 1057 918
f 1059 919 920
f 1059 1058 919
f 1060 920 921
f 1060 1059 920
f 1061 921 922
f 1061 1060 921
f 1062 922 923
f 1062 1061 922
f 1063 923 924
f 1063 1062 923
f 1064 924 925
f 1064 1063 924
f 1065 925 926
f 1065 1064 925
f 927 1053 1054
f 1065 927 1054
f 926 927 1065
f 1053 927 917
f 1068 1067 1066
f 1070 1069 1066
f 1070 1066 1067
f 1071 1069 1070
f 1068 1066 1072
f 1068 1072 1073
f 1074 1066 1069
f 1072 1066 1074
f 1069 1071 1075
f 1076 1069 1075
f 1074 1069 1076
f 1078 1077 1076
f 1078 1076 1075
f 1080 1079 1077
f 1080 1077 1078
f 1082 1081 1079
f 1082 1079 1080
f 1083 1081 1082
f 1084 1073 1072
f 1084 1072 1074
f 1084 1074 1085
f 1087 1086 1085
f 1074 1087 1085
f 1076 1087 1074
f 1088 1076 1077
f 1087 1076 1088
f 1089 1077 1079
f 1088 1077 1089
f 1081 1091 1090
f 1089 1081 1090
f 1079 1081 1089
f 1091 1081 1083
f 1092 1086 1087
f 1092 1087 1088
f 1092 1088 1093
f 1093 1088 1089
f 1093 1089 1094
f 1094 1089 1090
f 1097 1096 1095
f 1098 1095 1096
f 1101 1100 1099
f 1103 1102 1099
f 1103 1099 1100
f 1105 1104 1102
f 1105 1102 1103
f 1107 1106 1104
f 1107 1104 1105
f 1106 1107 1097
f 1095 1106 1097
f 1108 1106 1095
f 1095 1098 1109
f 1110 1095 1109
f 1108 1095 1110
f 1112 1111 1110
f 1112 1110 1109
f 1114 1113 1111
f 1114 1111 1112
f 1116 1115 1113
f 1116 1113 1114
f 1117 1115 1116
f 1119 1118 929
f 1119 929 930
f 1099 931 1101
f 931 1118 1101
f 931 929 1118
f 931 1099 932
f 932 1099 1102
f 932 1102 933
f 933 1102 1104
f 933 1104 935
f 935 1104 1106
f 935 1106 937
f 937 1106 1108
f 937 1108 939
f 939 1108 1110
f 939 1110 941
f 941 1110 1111
f 941 1111 942
f 1111 1120 942
f 1111 1113 1120
f 1121 1113 1115
f 1120 1113 1121
f 1115 1117 1122
f 1123 1115 1122
f 1121 1115 1123
f 1125 1124 1123
f 1125 1123 1122
f 1126 1124 1125
f 1129 1128 1127
f 1128 1119 1127
f 1119 943 1127
f 1119 930 943
f 1120 947 942
f 947 1120 950
f 950 1120 1121
f 950 1121 951
f 1121 1130 951
f 1121 1123 1130
f 1131 1123 1124
f 1130 1123 1131
f 1124 1126 1132
f 1133 1124 1132
f 1131 1124 1133
f 1135 1134 1133
f 1135 1133 1132
f 1136 1134 1135
f 1129 1127 953
f 954 1129 953
f 1137 1129 954
f 953 1127 943
f 1130 960 951
f 960 1130 963
f 963 1130 1131
f 963 1131 964
f 1131 1138 964
f 1131 1133 1138
f 1139 1133 1134
f 1138 1133 1139
f 1134 1136 1140
f 1141 1134 1140
f 1139 1134 1141
f 1142 1141 1140
f 1145 1144 1143
f 1144 1137 1143
f 1137 966 1143
f 1137 954 966
f 1138 973 964
f 973 1138 976
f 976 1138 1139
f 976 1139 977
f 1139 1146 977
f 1139 1141 1146
f 1141 1142 1147
f 1148 1141 1147
f 1146 1141 1148
f 1149 1148 1147
f 1150 1145 1143
f 1143 966 1150
f 966 1151 1150
f 966 979 1151
f 1146 994 977
f 994 1146 997
f 997 1146 1148
f 1153 1152 998
f 1153 998 997
f 1149 1153 997
f 1148 1149 997
f 1154 1152 1153
f 979 999 1155
f 1156 979 1155
f 1151 979 1156
f 1000 1155 999
f 1152 1014 998
f 1158 1157 1016
f 1158 1016 1014
f 1154 1158 1014
f 1152 1154 1014
f 1160 1159 1157
f 1160 1157 1158
f 1161 1159 1160
f 1162 1156 1155
f 1164 1162 1163
f 1163 1162 1017
f 1162 1155 1017
f 1155 1000 1017
f 1018 1165 1017
f 1017 1165 1163
f 1019 1166 1018
f 1018 1166 1165
f 1020 1167 1019
f 1019 1167 1166
f 1021 1168 1020
f 1020 1168 1167
f 1022 1169 1021
f 1021 1169 1168
f 1023 1169 1022
f 1157 1029 1016
f 1029 1157 1030
f 1030 1157 1159
f 1171 1170 1031
f 1171 1031 1030
f 1161 1171 1030
f 1159 1161 1030
f 1172 1170 1171
f 1173 1164 1163
f 1173 1163 1165
f 1173 1165 1174
f 1174 1165 1166
f 1174 1166 1175
f 1175 1166 1167
f 1175 1167 1176
f 1176 1167 1168
f 1176 1168 1177
f 1179 1178 1177
f 1168 1179 1177
f 1169 1179 1168
f 1032 1180 1023
f 1180 1169 1023
f 1180 1179 1169
f 1033 1180 1032
f 1170 1038 1031
f 1172 1181 1170
f 1181 1038 1170
f 1181 1039 1038
f 1039 1182 1040
f 1181 1182 1039
f 1041 1040 1182
f 1041 1182 1183
f 1184 1178 1179
f 1184 1179 1180
f 1184 1180 1185
f 1185 1180 1033
f 1042 1185 1033
f 1186 1185 1042
f 1188 1186 1187
f 1186 1043 1187
f 1186 1042 1043
f 1044 1189 1043
f 1043 1189 1187
f 1045 1189 1044
f 1183 1190 1041
f 1041 1190 1047
f 1048 1047 1190
f 1048 1190 1191
f 1192 1188 1187
f 1192 1187 1189
f 1192 1189 1193
f 1193 1189 1045
f 1049 1193 1045
f 1194 1193 1049
f 1195 1049 1050
f 1195 1194 1049
f 1050 1052 1195
f 1195 1052 1196
f 1199 1198 1197
f 1054 1055 1197
f 1055 1199 1197
f 1055 1200 1199
f 1055 1048 1191
f 1055 1191 1200
f 1201 1196 1052
f 1201 1052 1056
f 1202 1056 1057
f 1202 1201 1056
f 1203 1057 1058
f 1203 1202 1057
f 1204 1058 1059
f 1204 1203 1058
f 1205 1059 1060
f 1205 1204 1059
f 1206 1060 1061
f 1206 1205 1060
f 1207 1061 1062
f 1207 1206 1061
f 1208 1062 1063
f 1208 1207 1062
f 1209 1063 1064
f 1209 1208 1063
f 1065 1197 1198
f 1209 1065 1198
f 1064 1065 1209
f 1197 1065 1054
f 1212 1211 1210
f 1214 1213 1210
f 1214 1210 1211
f 1216 1215 1213
f 1216 1213 1214
f 1218 1217 1215
f 1218 1215 1216
f 1219 1217 1218
f 1212 1210 1220
f 1212 1220 1221
f 1222 1210 1213
f 1220 1210 1222
f 1068 1222 1067
f 1222 1215 1067
f 1222 1213 1215
f 1067 1215 1070
f 1070 1215 1217
f 1224 1223 1071
f 1224 1071 1070
f 1219 1224 1070
f 1217 1219 1070
f 1226 1225 1223
f 1226 1223 1224
f 1228 1227 1225
f 1228 1225 1226
f 1230 1229 1227
f 1230 1227 1228
f 1231 1229 1230
f 1221 1220 1232
f 1221 1232 1233
f 1234 1220 1222
f 1232 1220 1234
f 1073 1234 1068
f 1068 1234 1222
f 1223 1075 1071
f 1075 1223 1078
f 1078 1223 1225
f 1078 1225 1080
f 1080 1225 1227
f 1080 1227 1082
f 1082 1227 1229
f 1236 1235 1083
f 1236 1083 1082
f 1231 1236 1082
f 1229 1231 1082
f 1237 1235 1236
f 1238 1233 1232
f 1240 1239 1238
f 1232 1240 1238
f 1234 1240 1232
f 1084 1241 1073
f 1241 1234 1073
f 1241 1240 1234
f 1085 1242 1084
f 1084 1242 1241
f 1086 1242 1085
f 1243 1090 1091
f 1244 1243 1091
f 1244 1091 1083
f 1245 1244 1083
f 1235 1245 1083
f 1245 1235 1237
f 1246 1239 1240
f 1246 1240 1241
f 1246 1241 1247
f 1247 1241 1242
f 1247 1242 1248
f 1248 1242 1086
f 1092 1248 1086
f 1249 1248 1092
f 1250 1092 1093
f 1250 1249 1092
f 1251 1093 1094
f 1251 1250 1093
f 1094 1090 1243
f 1252 1094 1243
f 1251 1094 1252
f 1252 1243 1244
f 1255 1254 1253
f 1257 1256 1253
f 1257 1253 1254
f 1259 1258 1256
f 1259 1256 1257
f 1096 1097 1258
f 1259 1096 1258
f 1260 1096 1259
f 1262 1261 1098
f 1096 1262 1098
f 1260 1262 1096
f 1264 1263 1261
f 1264 1261 1262
f 1266 1265 1263
f 1266 1263 1264
f 1268 1267 1265
f 1268 1265 1266
f 1270 1269 1267
f 1270 1267 1268
f 1272 1271 1269
f 1272 1269 1270
f 1273 1271 1272
f 1275 1274 1100
f 1275 1100 1101
f 1253 1103 1255
f 1103 1274 1255
f 1103 1100 1274
f 1103 1253 1105
f 1105 1253 1256
f 1105 1256 1107
f 1107 1256 1258
f 1107 1258 1097
f 1261 1109 1098
f 1109 1261 1112
f 1112 1261 1263
f 1112 1263 1114
f 1114 1263 1265
f 1114 1265 1116
f 1116 1265 1267
f 1116 1267 1117
f 1267 1276 1117
f 1267 1269 1276
f 1277 1269 1271
f 1276 1269 1277
f 1271 1273 1278
f 1279 1271 1278
f 1277 1271 1279
f 1280 1279 1278
f 1283 1282 1281
f 1118 1119 1281
f 1282 1118 1281
f 1284 1118 1282
f 1101 1118 1275
f 1275 1118 1284
f 1276 1122 1117
f 1122 1276 1125
f 1125 1276 1277
f 1125 1277 1126
f 1277 1285 1126
f 1277 1279 1285
f 1279 1280 1286
f 1287 1279 1286
f 1285 1279 1287
f 1289 1288 1287
f 1289 1287 1286
f 1290 1288 1289
f 1283 1281 1128
f 1129 1283 1128
f 1291 1283 1129
f 1128 1281 1119
f 1285 1132 1126
f 1132 1285 1135
f 1135 1285 1287
f 1135 1287 1136
f 1287 1292 1136
f 1287 1288 1292
f 1288 1290 1293
f 1288 1293 1292
f 1296 1295 1294
f 1295 1291 1294
f 1291 1137 1294
f 1291 1129 1137
f 1292 1140 1136
f 1298 1297 1142
f 1298 1142 1140
f 1293 1298 1140
f 1292 1293 1140
f 1299 1297 1298
f 1296 1294 1144
f 1145 1296 1144
f 1300 1296 1145
f 1144 1294 1137
f 1297 1147 1142
f 1149 1147 1297
f 1299 1149 1297
f 1301 1149 1299
f 1302 1300 1145
f 1302 1145 1150
f 1150 1151 1302
f 1302 1151 1303
f 1301 1304 1149
f 1149 1304 1153
f 1306 1305 1154
f 1153 1306 1154
f 1304 1306 1153
f 1307 1305 1306
f 1156 1303 1151
f 1156 1308 1303
f 1305 1158 1154
f 1307 1309 1305
f 1309 1158 1305
f 1309 1160 1158
f 1311 1310 1161
f 1160 1311 1161
f 1309 1311 1160
f 1312 1310 1311
f 1313 1308 1156
f 1313 1156 1162
f 1162 1164 1313
f 1313 1164 1314
f 1310 1171 1161
f 1316 1315 1172
f 1316 1172 1171
f 1312 1316 1171
f 1310 1312 1171
f 1318 1317 1315
f 1318 1315 1316
f 1319 1317 1318
f 1320 1314 1164
f 1320 1164 1173
f 1321 1173 1174
f 1321 1320 1173
f 1323 1321 1322
f 1321 1175 1322
f 1321 1174 1175
f 1176 1324 1175
f 1175 1324 1322
f 1177 1325 1176
f 1176 1325 1324
f 1178 1325 1177
f 1315 1181 1172
f 1181 1315 1182
f 1182 1315 1317
f 1183 1182 1317
f 1319 1183 1317
f 1326 1183 1319
f 1327 1323 1322
f 1327 1322 1324
f 1327 1324 1328
f 1328 1324 1325
f 1328 1325 1329
f 1329 1325 1178
f 1184 1329 1178
f 1330 1329 1184
f 1332 1330 1331
f 1330 1185 1331
f 1330 1184 1185
f 1186 1333 1185
f 1185 1333 1331
f 1188 1333 1186
f 1190 1183 1334
f 1183 1335 1334
f 1183 1326 1335
f 1334 1191 1190
f 1336 1332 1331
f 1336 1331 1333
f 1336 1333 1337
f 1337 1333 1188
f 1192 1337 1188
f 1338 1337 1192
f 1339 1192 1193
f 1339 1338 1192
f 1340 1193 1194
f 1340 1339 1193
f 1342 1340 1341
f 1340 1195 1341
f 1340 1194 1195
f 1196 1341 1195
f 1345 1344 1343
f 1198 1199 1343
f 1199 1345 1343
f 1199 1346 1345
f 1200 1334 1335
f 1346 1200 1335
f 1199 1200 1346
f 1334 1200 1191
f 1347 1342 1341
f 1347 1341 1196
f 1201 1347 1196
f 1348 1347 1201
f 1349 1201 1202
f 1349 1348 1201
f 1350 1202 1203
f 1350 1349 1202
f 1351 1203 1204
f 1351 1350 1203
f 1352 1204 1205
f 1352 1351 1204
f 1353 1205 1206
f 1353 1352 1205
f 1354 1206 1207
f 1354 1353 1206
f 1355 1207 1208
f 1355 1354 1207
f 1209 1343 1344
f 1355 1209 1344
f 1208 1209 1355
f 1343 1209 1198
f 1358 1357 1356
f 1211 1212 1356
f 1357 1211 1356
f 1359 1211 1357
f 1211 1360 1214
f 1359 1360 1211
f 1214 1361 1216
f 1360 1361 1214
f 1216 1362 1218
f 1361 1362 1216
f 1364 1363 1219
f 1218 1364 1219
f 1362 1364 1218
f 1366 1365 1363
f 1366 1363 1364
f 1367 1365 1366
f 1358 1356 1368
f 1358 1368 1369
f 1221 1368 1212
f 1212 1368 1356
f 1363 1224 1219
f 1224 1363 1226
f 1226 1363 1365
f 1367 1370 1365
f 1370 1226 1365
f 1370 1228 1226
f 1228 1371 1230
f 1370 1371 1228
f 1373 1372 1231
f 1230 1373 1231
f 1371 1373 1230
f 1374 1372 1373
f 1369 1368 1375
f 1369 1375 1376
f 1233 1375 1221
f 1221 1375 1368
f 1372 1236 1231
f 1378 1377 1237
f 1378 1237 1236
f 1374 1378 1236
f 1372 1374 1236
f 1379 1377 1378
f 1380 1376 1375
f 1382 1380 1381
f 1381 1380 1238
f 1380 1375 1238
f 1375 1233 1238
f 1239 1381 1238
f 1384 1383 1245
f 1245 1383 1244
f 1245 1237 1377
f 1385 1245 1377
f 1384 1245 1385
f 1385 1377 1379
f 1386 1382 1381
f 1386 1381 1239
f 1246 1386 1239
f 1387 1386 1246
f 1389 1387 1388
f 1387 1247 1388
f 1387 1246 1247
f 1248 1390 1247
f 1247 1390 1388
f 1249 1391 1248
f 1248 1391 1390
f 1391 1249 1392
f 1249 1393 1392
f 1249 1250 1393
f 1394 1250 1251
f 1394 1393 1250
f 1395 1251 1252
f 1395 1394 1251
f 1252 1244 1383
f 1252 1383 1395
f 1396 1389 1388
f 1396 1388 1390
f 1396 1390 1397
f 1397 1390 1391
f 1397 1391 1398
f 1398 1391 1392
f 1401 1400 1399
f 1403 1402 1399
f 1403 1399 1400
f 1405 1404 1402
f 1405 1402 1403
f 1407 1406 1404
f 1407 1404 1405
f 1408 1406 1407
f 1411 1410 1409
f 1413 1412 1409
f 1413 1409 1410
f 1415 1414 1412
f 1415 1412 1413
f 1414 1415 1401
f 1399 1414 1401
f 1416 1414 1399
f 1417 1399 1402
f 1416 1399 1417
f 1418 1402 1404
f 1417 1402 1418
f 1419 1404 1406
f 1418 1404 1419
f 1406 1408 1420
f 1421 1406 1420
f 1419 1406 1421
f 1422 1421 1420
f 1424 1423 1254
f 1424 1254 1255
f 1254 1425 1257
f 1423 1425 1254
f 1257 1426 1259
f 1425 1426 1257
f 1409 1260 1411
f 1260 1426 1411
f 1260 1259 1426
f 1260 1409 1262
f 1262 1409 1412
f 1262 1412 1264
f 1264 1412 1414
f 1264 1414 1266
f 1266 1414 1416
f 1266 1416 1268
f 1268 1416 1417
f 1268 1417 1270
f 1270 1417 1418
f 1270 1418 1272
f 1272 1418 1419
f 1272 1419 1273
f 1419 1427 1273
f 1419 1421 1427
f 1421 1422 1428
f 1429 1421 1428
f 1427 1421 1429
f 1430 1429 1428
f 1433 1432 1431
f 1274 1275 1431
f 1432 1274 1431
f 1434 1274 1432
f 1255 1274 1424
f 1424 1274 1434
f 1427 1278 1273
f 1278 1427 1280
f 1427 1435 1280
f 1427 1429 1435
f 1429 1430 1436
f 1429 1436 1435
f 1438 1437 1282
f 1438 1282 1283
f 1431 1284 1433
f 1284 1437 1433
f 1284 1282 1437
f 1284 1431 1275
f 1435 1286 1280
f 1436 1439 1435
f 1439 1286 1435
f 1439 1289 1286
f 1290 1289 1439
f 1290 1439 1440
f 1291 1438 1283
f 1291 1441 1438
f 1443 1293 1442
f 1293 1440 1442
f 1293 1290 1440
f 1444 1443 1442
f 1296 1445 1295
f 1445 1446 1295
f 1446 1291 1295
f 1446 1441 1291
f 1443 1298 1293
f 1299 1298 1443
f 1444 1299 1443
f 1447 1299 1444
f 1300 1448 1445
f 1300 1445 1296
f 1446 1445 1449
f 1449 1445 1448
f 1447 1301 1299
f 1450 1301 1447
f 1302 1448 1300
f 1302 1303 1448
f 1303 1449 1448
f 1303 1451 1449
f 1450 1452 1301
f 1301 1452 1304
f 1304 1453 1306
f 1452 1453 1304
f 1455 1454 1307
f 1306 1455 1307
f 1453 1455 1306
f 1456 1454 1455
f 1308 1458 1457
f 1451 1308 1457
f 1303 1308 1451
f 1458 1459 1457
f 1454 1309 1307
f 1456 1460 1454
f 1460 1309 1454
f 1460 1311 1309
f 1462 1461 1312
f 1311 1462 1312
f 1460 1462 1311
f 1463 1461 1462
f 1313 1458 1308
f 1313 1314 1458
f 1314 1459 1458
f 1314 1464 1459
f 1461 1316 1312
f 1463 1465 1461
f 1465 1316 1461
f 1465 1318 1316
f 1319 1318 1465
f 1319 1465 1466
f 1467 1464 1314
f 1467 1314 1320
f 1469 1467 1468
f 1467 1321 1468
f 1467 1320 1321
f 1323 1468 1321
f 1466 1326 1319
f 1470 1326 1466
f 1471 1469 1468
f 1471 1468 1323
f 1327 1471 1323
f 1472 1471 1327
f 1473 1327 1328
f 1473 1472 1327
f 1474 1328 1329
f 1474 1473 1328
f 1476 1474 1475
f 1474 1330 1475
f 1474 1329 1330
f 1332 1475 1330
f 1470 1335 1326
f 1477 1335 1470
f 1478 1476 1475
f 1478 1475 1332
f 1336 1478 1332
f 1479 1478 1336
f 1480 1336 1337
f 1480 1479 1336
f 1481 1337 1338
f 1481 1480 1337
f 1482 1338 1339
f 1482 1481 1338
f 1483 1339 1340
f 1483 1482 1339
f 1340 1342 1483
f 1483 1342 1484
f 1487 1486 1485
f 1489 1488 1485
f 1485 1488 1487
f 1491 1490 1489
f 1489 1490 1488
f 1493 1492 1491
f 1491 1492 1490
f 1344 1345 1493
f 1345 1492 1493
f 1345 1494 1492
f 1495 1345 1346
f 1495 1494 1345
f 1346 1335 1477
f 1346 1477 1495
f 1496 1484 1342
f 1496 1342 1347
f 1497 1347 1348
f 1497 1496 1347
f 1498 1348 1349
f 1498 1497 1348
f 1499 1349 1350
f 1499 1498 1349
f 1500 1350 1351
f 1500 1499 1350
f 1352 1485 1486
f 1500 1352 1486
f 1351 1352 1500
f 1485 1352 1353
f 1485 1353 1489
f 1489 1353 1354
f 1489 1354 1491
f 1491 1354 1355
f 1491 1355 1493
f 1493 1355 1344
f 1503 1502 1501
f 1505 1504 1501
f 1505 1501 1502
f 1507 1506 1504
f 1507 1504 1505
f 1508 1506 1507
f 1511 1510 1509
f 1357 1358 1509
f 1510 1357 1509
f 1512 1357 1510
f 1501 1359 1503
f 1359 1512 1503
f 1359 1357 1512
f 1359 1501 1360
f 1360 1501 1504
f 1360 1504 1361
f 1361 1504 1506
f 1508 1513 1506
f 1513 1361 1506
f 1513 1362 1361
f 1362 1514 1364
f 1513 1514 1362
f 1364 1515 1366
f 1514 1515 1364
f 1517 1516 1367
f 1366 1517 1367
f 1515 1517 1366
f 1519 1518 1516
f 1519 1516 1517
f 1520 1518 1519
f 1511 1509 1521
f 1511 1521 1522
f 1369 1521 1358
f 1358 1521 1509
f 1516 1370 1367
f 1370 1516 1371
f 1371 1516 1518
f 1520 1523 1518
f 1523 1371 1518
f 1523 1373 1371
f 1525 1524 1374
f 1373 1525 1374
f 1523 1525 1373
f 1526 1524 1525
f 1522 1521 1527
f 1522 1527 1528
f 1376 1527 1369
f 1369 1527 1521
f 1524 1378 1374
f 1379 1378 1524
f 1526 1379 1524
f 1529 1379 1526
f 1530 1528 1527
f 1532 1530 1531
f 1531 1530 1380
f 1530 1527 1380
f 1527 1376 1380
f 1382 1531 1380
f 1534 1533 1384
f 1384 1533 1383
f 1535 1384 1385
f 1535 1534 1384
f 1385 1379 1529
f 1385 1529 1535
f 1536 1532 1531
f 1536 1531 1382
f 1386 1536 1382
f 1537 1536 1386
f 1539 1537 1538
f 1537 1387 1538
f 1537 1386 1387
f 1389 1538 1387
f 1542 1541 1540
f 1392 1393 1540
f 1393 1542 1540
f 1393 1543 1542
f 1544 1393 1394
f 1544 1543 1393
f 1545 1394 1395
f 1545 1544 1394
f 1395 1383 1533
f 1395 1533 1545
f 1546 1539 1538
f 1546 1538 1389
f 1396 1546 1389
f 1547 1546 1396
f 1548 1396 1397
f 1548 1547 1396
f 1398 1540 1541
f 1548 1398 1541
f 1397 1398 1548
f 1540 1398 1392
f 1551 1550 1549
f 1553 1552 1549
f 1553 1549 1550
f 1555 1554 1552
f 1555 1552 1553
f 1557 1556 1554
f 1557 1554 1555
f 1559 1558 1556
f 1559 1556 1557
f 1560 1558 1559
f 1563 1562 1561
f 1561 1562 1551
f 1561 1551 1549
f 1401 1561 1549
f 1400 1401 1549
f 1400 1549 1403
f 1403 1549 1552
f 1403 1552 1405
f 1405 1552 1554
f 1405 1554 1407
f 1407 1554 1556
f 1407 1556 1408
f 1556 1564 1408
f 1556 1558 1564
f 1558 1560 1565
f 1566 1558 1565
f 1564 1558 1566
f 1567 1566 1565
f 1570 1569 1568
f 1572 1571 1568
f 1572 1568 1569
f 1410 1411 1571
f 1572 1410 1571
f 1573 1410 1572
f 1410 1574 1413
f 1573 1574 1410
f 1561 1415 1563
f 1415 1574 1563
f 1415 1413 1574
f 1415 1561 1401
f 1564 1420 1408
f 1420 1564 1422
f 1564 1575 1422
f 1564 1566 1575
f 1566 1567 1576
f 1566 1576 1575
f 1578 1577 1423
f 1578 1423 1424
f 1568 1425 1570
f 1425 1577 1570
f 1425 1423 1577
f 1425 1568 1426
f 1426 1568 1571
f 1426 1571 1411
f 1575 1428 1422
f 1430 1428 1575
f 1576 1430 1575
f 1579 1430 1576
f 1433 1580 1432
f 1432 1580 1581
f 1582 1432 1581
f 1434 1432 1582
f 1424 1434 1578
f 1578 1434 1582
f 1584 1436 1583
f 1436 1579 1583
f 1436 1430 1579
f 1585 1584 1583
f 1587 1586 1437
f 1587 1437 1438
f 1433 1437 1580
f 1437 1588 1580
f 1437 1586 1588
f 1580 1588 1581
f 1584 1439 1436
f 1440 1439 1584
f 1585 1440 1584
f 1589 1440 1585
f 1441 1587 1438
f 1441 1590 1587
f 1589 1591 1440
f 1440 1591 1442
f 1593 1592 1444
f 1442 1593 1444
f 1591 1593 1442
f 1594 1592 1593
f 1446 1590 1441
f 1446 1595 1590
f 1596 1447 1592
f 1592 1447 1444
f 1592 1594 1597
f 1592 1597 1596
f 1449 1595 1446
f 1449 1598 1595
f 1599 1450 1596
f 1596 1450 1447
f 1596 1597 1600
f 1596 1600 1599
f 1451 1598 1449
f 1451 1601 1598
f 1599 1452 1450
f 1600 1602 1599
f 1602 1452 1599
f 1602 1453 1452
f 1453 1603 1455
f 1602 1603 1453
f 1456 1455 1603
f 1456 1603 1604
f 1605 1601 1451
f 1605 1451 1457
f 1457 1459 1605
f 1605 1459 1606
f 1604 1607 1456
f 1456 1607 1460
f 1460 1608 1462
f 1607 1608 1460
f 1610 1609 1463
f 1462 1610 1463
f 1608 1610 1462
f 1611 1609 1610
f 1464 1613 1612
f 1606 1464 1612
f 1459 1464 1606
f 1613 1614 1612
f 1609 1465 1463
f 1466 1465 1609
f 1611 1466 1609
f 1615 1466 1611
f 1467 1613 1464
f 1617 1616 1469
f 1469 1616 1467
f 1616 1614 1467
f 1614 1613 1467
f 1617 1618 1616
f 1621 1620 1619
f 1615 1621 1619
f 1470 1615 1619
f 1466 1615 1470
f 1471 1617 1469
f 1622 1618 1617
f 1471 1622 1617
f 1472 1622 1471
f 1623 1472 1473
f 1623 1622 1472
f 1624 1473 1474
f 1624 1623 1473
f 1474 1476 1624
f 1624 1476 1625
f 1619 1620 1626
f 1626 1620 1627
f 1626 1477 1470
f 1626 1470 1619
f 1628 1625 1476
f 1628 1476 1478
f 1629 1478 1479
f 1629 1628 1478
f 1630 1479 1480
f 1630 1629 1479
f 1631 1480 1481
f 1631 1630 1480
f 1632 1481 1482
f 1632 1631 1481
f 1633 1482 1483
f 1633 1632 1482
f 1483 1484 1633
f 1633 1484 1634
f 1637 1636 1635
f 1639 1638 1635
f 1635 1638 1637
f 1641 1640 1639
f 1639 1640 1638
f 1486 1487 1641
f 1487 1640 1641
f 1487 1642 1640
f 1643 1487 1488
f 1643 1642 1487
f 1644 1488 1490
f 1644 1643 1488
f 1645 1490 1492
f 1645 1644 1490
f 1646 1492 1494
f 1646 1645 1492
f 1495 1626 1627
f 1646 1495 1627
f 1494 1495 1646
f 1626 1495 1477
f 1647 1634 1484
f 1647 1484 1496
f 1648 1496 1497
f 1648 1647 1496
f 1498 1635 1636
f 1648 1498 1636
f 1497 1498 1648
f 1635 1498 1499
f 1635 1499 1639
f 1639 1499 1500
f 1639 1500 1641
f 1641 1500 1486
f 1651 1650 1649
f 1653 1652 1649
f 1653 1649 1650
f 1502 1503 1652
f 1653 1502 1652
f 1654 1502 1653
f 1502 1655 1505
f 1654 1655 1502
f 1505 1656 1507
f 1655 1656 1505
f 1658 1657 1508
f 1507 1658 1508
f 1656 1658 1507
f 1660 1659 1657
f 1660 1657 1658
f 1661 1659 1660
f 1651 1649 1510
f 1511 1651 1510
f 1662 1651 1511
f 1510 1649 1512
f 1512 1649 1652
f 1512 1652 1503
f 1657 1513 1508
f 1513 1657 1514
f 1514 1657 1659
f 1661 1663 1659
f 1663 1514 1659
f 1663 1515 1514
f 1515 1664 1517
f 1663 1664 1515
f 1517 1665 1519
f 1664 1665 1517
f 1667 1666 1520
f 1519 1667 1520
f 1665 1667 1519
f 1668 1666 1667
f 1671 1670 1669
f 1670 1662 1669
f 1662 1522 1669
f 1662 1511 1522
f 1666 1523 1520
f 1668 1672 1666
f 1672 1523 1666
f 1672 1525 1523
f 1526 1525 1672
f 1526 1672 1673
f 1674 1671 1669
f 1669 1522 1674
f 1522 1675 1674
f 1522 1528 1675
f 1673 1529 1526
f 1676 1529 1673
f 1528 1530 1677
f 1678 1528 1677
f 1675 1528 1678
f 1532 1677 1530
f 1680 1679 1534
f 1534 1679 1533
f 1681 1534 1535
f 1681 1680 1534
f 1535 1529 1676
f 1535 1676 1681
f 1682 1678 1677
f 1682 1677 1532
f 1536 1682 1532
f 1683 1682 1536
f 1685 1683 1684
f 1683 1537 1684
f 1683 1536 1537
f 1539 1684 1537
f 1687 1686 1542
f 1542 1686 1541
f 1688 1542 1543
f 1688 1687 1542
f 1689 1543 1544
f 1689 1688 1543
f 1690 1544 1545
f 1690 1689 1544
f 1545 1533 1679
f 1545 1679 1690
f 1691 1685 1684
f 1691 1684 1539
f 1546 1691 1539
f 1692 1691 1546
f 1693 1546 1547
f 1693 1692 1546
f 1694 1547 1548
f 1694 1693 1547
f 1548 1541 1686
f 1548 1686 1694
f 1697 1696 1695
f 1699 1698 1695
f 1699 1695 1696
f 1701 1700 1698
f 1701 1698 1699
f 1702 1700 1701
f 1705 1704 1703
f 1550 1551 1703
f 1704 1550 1703
f 1706 1550 1704
f 1695 1553 1697
f 1553 1706 1697
f 1553 1550 1706
f 1553 1695 1555
f 1555 1695 1698
f 1555 1698 1557
f 1557 1698 1700
f 1702 1707 1700
f 1707 1557 1700
f 1707 1559 1557
f 1709 1708 1560
f 1559 1709 1560
f 1707 1709 1559
f 1710 1708 1709
f 1713 1712 1711
f 1711 1712 1705
f 1711 1705 1703
f 1563 1711 1703
f 1562 1563 1703
f 1562 1703 1551
f 1708 1565 1560
f 1567 1565 1708
f 1710 1567 1708
f 1714 1567 1710
f 1570 1715 1569
f 1716 1572 1569
f 1716 1569 1715
f 1572 1716 1717
f 1718 1572 1717
f 1573 1572 1718
f 1711 1574 1713
f 1574 1718 1713
f 1574 1573 1718
f 1574 1711 1563
f 1714 1576 1567
f 1719 1576 1714
f 1578 1720 1577
f 1720 1721 1577
f 1577 1721 1570
f 1721 1722 1570
f 1722 1715 1570
f 1715 1722 1716
f 1716 1722 1723
f 1716 1723 1717
f 1725 1579 1724
f 1579 1719 1724
f 1579 1576 1719
f 1726 1725 1724
f 1728 1727 1582
f 1728 1582 1581
f 1578 1582 1720
f 1582 1729 1720
f 1582 1727 1729
f 1720 1729 1721
f 1725 1583 1579
f 1731 1730 1585
f 1731 1585 1583
f 1726 1731 1583
f 1725 1726 1583
f 1732 1730 1731
f 1587 1733 1586
f 1586 1733 1734
f 1735 1586 1734
f 1588 1586 1735
f 1581 1588 1728
f 1728 1588 1735
f 1736 1589 1730
f 1730 1589 1585
f 1730 1732 1737
f 1738 1730 1737
f 1736 1730 1738
f 1739 1738 1737
f 1741 1740 1733
f 1587 1741 1733
f 1590 1741 1587
f 1733 1740 1734
f 1736 1591 1589
f 1591 1736 1593
f 1593 1736 1738
f 1594 1593 1738
f 1739 1594 1738
f 1742 1594 1739
f 1595 1741 1590
f 1595 1743 1741
f 1742 1597 1594
f 1744 1597 1742
f 1598 1746 1745
f 1743 1598 1745
f 1595 1598 1743
f 1746 1747 1745
f 1744 1600 1597
f 1748 1600 1744
f 1601 1749 1746
f 1601 1746 1598
f 1747 1746 1750
f 1750 1746 1749
f 1748 1751 1600
f 1600 1751 1602
f 1602 1752 1603
f 1751 1752 1602
f 1604 1603 1752
f 1604 1752 1753
f 1605 1749 1601
f 1755 1754 1606
f 1606 1754 1605
f 1754 1750 1605
f 1750 1749 1605
f 1755 1756 1754
f 1753 1757 1604
f 1604 1757 1607
f 1607 1758 1608
f 1757 1758 1607
f 1608 1759 1610
f 1758 1759 1608
f 1611 1610 1759
f 1611 1759 1760
f 1612 1755 1606
f 1612 1614 1755
f 1614 1756 1755
f 1614 1761 1756
f 1760 1615 1611
f 1762 1615 1760
f 1763 1761 1614
f 1763 1614 1616
f 1765 1764 1618
f 1764 1616 1618
f 1764 1763 1616
f 1765 1766 1764
f 1768 1767 1621
f 1621 1767 1620
f 1621 1615 1762
f 1621 1762 1768
f 1622 1765 1618
f 1769 1766 1765
f 1622 1769 1765
f 1623 1769 1622
f 1770 1623 1624
f 1770 1769 1623
f 1624 1625 1770
f 1770 1625 1771
f 1774 1773 1772
f 1767 1774 1772
f 1627 1767 1772
f 1620 1767 1627
f 1775 1771 1625
f 1775 1625 1628
f 1776 1628 1629
f 1776 1775 1628
f 1777 1629 1630
f 1777 1776 1629
f 1778 1630 1631
f 1778 1777 1630
f 1779 1631 1632
f 1779 1778 1631
f 1781 1779 1780
f 1779 1633 1780
f 1779 1632 1633
f 1634 1780 1633
f 1784 1783 1782
f 1636 1637 1782
f 1637 1784 1782
f 1637 1785 1784
f 1786 1637 1638
f 1786 1785 1637
f 1787 1638 1640
f 1787 1786 1638
f 1788 1640 1642
f 1788 1787 1640
f 1789 1642 1643
f 1789 1788 1642
f 1790 1643 1644
f 1790 1789 1643
f 1791 1644 1645
f 1791 1790 1644
f 1646 1772 1773
f 1791 1646 1773
f 1645 1646 1791
f 1772 1646 1627
f 1792 1781 1780
f 1792 1780 1634
f 1647 1792 1634
f 1793 1792 1647
f 1648 1782 1783
f 1793 1648 1783
f 1647 1648 1793
f 1782 1648 1636
f 1796 1795 1794
f 1650 1651 1794
f 1795 1650 1794
f 1797 1650 1795
f 1650 1798 1653
f 1797 1798 1650
f 1653 1799 1654
f 1798 1799 1653
f 1654 1800 1655
f 1799 1800 1654
f 1655 1801 1656
f 1800 1801 1655
f 1656 1802 1658
f 1801 1802 1656
f 1658 1803 1660
f 1802 1803 1658
f 1661 1660 1803
f 1661 1803 1804
f 1796 1794 1805
f 1796 1805 1806
f 1662 1805 1651
f 1651 1805 1794
f 1804 1807 1661
f 1661 1807 1663
f 1663 1808 1664
f 1807 1808 1663
f 1664 1809 1665
f 1808 1809 1664
f 1665 1810 1667
f 1809 1810 1665
f 1668 1667 1810
f 1668 1810 1811
f 1806 1805 1670
f 1671 1806 1670
f 1812 1806 1671
f 1670 1805 1662
f 1811 1813 1668
f 1668 1813 1672
f 1673 1672 1813
f 1673 1813 1814
f 1671 1674 1815
f 1816 1671 1815
f 1812 1671 1816
f 1675 1815 1674
f 1819 1818 1817
f 1814 1819 1817
f 1676 1814 1817
f 1673 1814 1676
f 1820 1816 1815
f 1815 1675 1820
f 1675 1821 1820
f 1675 1678 1821
f 1823 1822 1680
f 1680 1822 1679
f 1681 1817 1818
f 1823 1681 1818
f 1680 1681 1823
f 1817 1681 1676
f 1824 1821 1678
f 1824 1678 1682
f 1826 1824 1825
f 1824 1683 1825
f 1824 1682 1683
f 1685 1825 1683
f 1829 1828 1827
f 1686 1687 1827
f 1687 1829 1827
f 1687 1830 1829
f 1831 1687 1688
f 1831 1830 1687
f 1832 1688 1689
f 1832 1831 1688
f 1833 1689 1690
f 1833 1832 1689
f 1690 1679 1822
f 1690 1822 1833
f 1834 1826 1825
f 1834 1825 1685
f 1691 1834 1685
f 1835 1834 1691
f 1836 1691 1692
f 1836 1835 1691
f 1837 1692 1693
f 1837 1836 1692
f 1694 1827 1828
f 1837 1694 1828
f 1693 1694 1837
f 1827 1694 1686
f 1697 1838 1696
f 1839 1699 1696
f 1839 1696 1838
f 1840 1701 1699
f 1840 1699 1839
f 1840 1702 1701
f 1705 1841 1704
f 1704 1841 1842
f 1843 1704 1842
f 1706 1704 1843
f 1697 1706 1838
f 1706 1844 1838
f 1706 1843 1844
f 1838 1844 1839
f 1839 1844 1845
f 1839 1845 1840
f 1840 1845 1846
f 1840 1846 1702
f 1846 1707 1702
f 1846 1847 1707
f 1847 1849 1848
f 1709 1847 1848
f 1707 1847 1709
f 1848 1710 1709
f 1851 1850 1712
f 1851 1712 1713
f 1705 1712 1841
f 1712 1852 1841
f 1712 1850 1852
f 1841 1852 1842
f 1849 1853 1848
f 1710 1848 1853
f 1854 1710 1853
f 1714 1710 1854
f 1717 1855 1718
f 1855 1856 1718
f 1856 1713 1718
f 1856 1851 1713
f 1858 1719 1857
f 1719 1854 1857
f 1719 1714 1854
f 1859 1858 1857
f 1721 1860 1722
f 1861 1723 1722
f 1861 1722 1860
f 1855 1717 1723
f 1861 1855 1723
f 1862 1855 1861
f 1856 1855 1863
f 1863 1855 1862
f 1858 1724 1719
f 1865 1864 1726
f 1865 1726 1724
f 1859 1865 1724
f 1858 1859 1724
f 1866 1864 1865
f 1728 1867 1727
f 1868 1729 1727
f 1868 1727 1867
f 1868 1869 1729
f 1729 1869 1721
f 1869 1870 1721
f 1870 1860 1721
f 1860 1870 1861
f 1861 1870 1871
f 1861 1871 1862
f 1862 1871 1872
f 1862 1872 1863
f 1864 1731 1726
f 1874 1873 1732
f 1874 1732 1731
f 1866 1874 1731
f 1864 1866 1731
f 1875 1873 1874
f 1734 1876 1735
f 1876 1877 1735
f 1735 1877 1728
f 1877 1878 1728
f 1878 1867 1728
f 1867 1878 1868
f 1868 1878 1879
f 1868 1879 1869
f 1873 1737 1732
f 1881 1880 1739
f 1881 1739 1737
f 1875 1881 1737
f 1873 1875 1737
f 1882 1880 1881
f 1741 1883 1740
f 1883 1884 1740
f 1740 1884 1734
f 1884 1885 1734
f 1885 1876 1734
f 1876 1885 1877
f 1886 1742 1880
f 1880 1742 1739
f 1880 1882 1887
f 1880 1887 1886
f 1743 1888 1883
f 1743 1883 1741
f 1884 1883 1889
f 1889 1883 1888
f 1891 1890 1886
f 1890 1742 1886
f 1890 1744 1742
f 1891 1886 1887
f 1745 1888 1743
f 1745 1747 1888
f 1747 1889 1888
f 1747 1892 1889
f 1890 1748 1744
f 1893 1748 1890
f 1750 1892 1747
f 1750 1894 1892
f 1893 1895 1748
f 1748 1895 1751
f 1751 1896 1752
f 1895 1896 1751
f 1898 1897 1753
f 1752 1898 1753
f 1896 1898 1752
f 1899 1897 1898
f 1900 1894 1750
f 1900 1750 1754
f 1754 1756 1900
f 1900 1756 1901
f 1897 1757 1753
f 1899 1902 1897
f 1902 1757 1897
f 1902 1758 1757
f 1758 1903 1759
f 1902 1903 1758
f 1760 1759 1903
f 1760 1903 1904
f 1761 1906 1905
f 1901 1761 1905
f 1756 1761 1901
f 1906 1907 1905
f 1904 1762 1760
f 1908 1762 1904
f 1763 1906 1761
f 1909 1907 1906
f 1763 1909 1906
f 1764 1909 1763
f 1764 1766 1909
f 1909 1766 1910
f 1912 1911 1768
f 1768 1911 1767
f 1768 1762 1908
f 1768 1908 1912
f 1913 1910 1766
f 1913 1766 1769
f 1914 1769 1770
f 1914 1913 1769
f 1770 1771 1914
f 1914 1771 1915
f 1917 1916 1774
f 1774 1916 1773
f 1774 1767 1911
f 1774 1911 1917
f 1918 1915 1771
f 1918 1771 1775
f 1919 1775 1776
f 1919 1918 1775
f 1920 1776 1777
f 1920 1919 1776
f 1921 1777 1778
f 1921 1920 1777
f 1922 1778 1779
f 1922 1921 1778
f 1924 1923 1781
f 1923 1779 1781
f 1923 1922 1779
f 1924 1925 1923
f 1927 1926 1784
f 1784 1926 1783
f 1928 1784 1785
f 1928 1927 1784
f 1929 1785 1786
f 1929 1928 1785
f 1930 1786 1787
f 1930 1929 1786
f 1931 1787 1788
f 1931 1930 1787
f 1932 1788 1789
f 1932 1931 1788
f 1933 1789 1790
f 1933 1932 1789
f 1934 1790 1791
f 1934 1933 1790
f 1791 1773 1916
f 1791 1916 1934
f 1792 1924 1781
f 1935 1925 1924
f 1792 1935 1924
f 1793 1935 1792
f 1793 1783 1926
f 1793 1926 1935
f 1938 1937 1936
f 1795 1796 1936
f 1937 1795 1936
f 1939 1795 1937
f 1795 1940 1797
f 1939 1940 1795
f 1797 1941 1798
f 1940 1941 1797
f 1798 1942 1799
f 1941 1942 1798
f 1799 1943 1800
f 1942 1943 1799
f 1800 1944 1801
f 1943 1944 1800
f 1801 1945 1802
f 1944 1945 1801
f 1802 1946 1803
f 1945 1946 1802
f 1804 1803 1946
f 1804 1946 1947
f 1938 1936 1948
f 1938 1948 1949
f 1806 1948 1796
f 1796 1948 1936
f 1947 1950 1804
f 1804 1950 1807
f 1807 1951 1808
f 1950 1951 1807
f 1808 1952 1809
f 1951 1952 1808
f 1809 1953 1810
f 1952 1953 1809
f 1811 1810 1953
f 1811 1953 1954
f 1949 1948 1955
f 1949 1955 1956
f 1812 1955 1806
f 1806 1955 1948
f 1954 1957 1811
f 1811 1957 1813
f 1959 1958 1814
f 1813 1959 1814
f 1957 1959 1813
f 1960 1958 1959
f 1961 1956 1955
f 1955 1812 1961
f 1812 1962 1961
f 1812 1816 1962
f 1964 1963 1819
f 1819 1963 1818
f 1819 1814 1958
f 1965 1819 1958
f 1964 1819 1965
f 1965 1958 1960
f 1816 1820 1966
f 1967 1816 1966
f 1962 1816 1967
f 1821 1966 1820
f 1970 1969 1968
f 1822 1823 1968
f 1823 1970 1968
f 1823 1971 1970
f 1823 1818 1963
f 1823 1963 1971
f 1972 1967 1966
f 1972 1966 1821
f 1824 1972 1821
f 1973 1972 1824
f 1824 1826 1973
f 1973 1826 1974
f 1976 1975 1829
f 1829 1975 1828
f 1977 1829 1830
f 1977 1976 1829
f 1978 1830 1831
f 1978 1977 1830
f 1979 1831 1832
f 1979 1978 1831
f 1833 1968 1969
f 1979 1833 1969
f 1832 1833 1979
f 1968 1833 1822
f 1980 1974 1826
f 1980 1826 1834
f 1981 1834 1835
f 1981 1980 1834
f 1982 1835 1836
f 1982 1981 1835
f 1983 1836 1837
f 1983 1982 1836
f 1837 1828 1975
f 1837 1975 1983
f 1842 1984 1843
f 1985 1844 1843
f 1985 1843 1984
f 1986 1845 1844
f 1986 1844 1985
f 1845 1986 1987
f 1988 1845 1987
f 1846 1845 1988
f 1988 1990 1989
f 1847 1988 1989
f 1846 1988 1847
f 1989 1849 1847
f 1851 1991 1850
f 1992 1852 1850
f 1992 1850 1991
f 1992 1993 1852
f 1852 1993 1842
f 1993 1994 1842
f 1994 1984 1842
f 1984 1994 1985
f 1985 1994 1995
f 1985 1995 1986
f 1986 1995 1996
f 1986 1996 1987
f 1990 1997 1989
f 1989 1997 1849
f 1997 1853 1849
f 1997 1998 1853
f 1854 1853 1998
f 1854 1998 1999
f 1856 2000 1991
f 1856 1991 1851
f 2002 1992 2001
f 1992 2000 2001
f 1992 1991 2000
f 1992 2002 1993
f 1999 2003 1854
f 1854 2003 1857
f 1859 1857 2003
f 1859 2003 2004
f 1863 2005 2000
f 1863 2000 1856
f 2001 2000 2006
f 2006 2000 2005
f 2004 2007 1859
f 1859 2007 1865
f 2009 2008 1866
f 1865 2009 1866
f 2007 2009 1865
f 2010 2008 2009
f 1869 2011 1870
f 2012 1871 1870
f 2012 1870 2011
f 2013 1872 1871
f 2013 1871 2012
f 2005 1863 1872
f 2013 2005 1872
f 2014 2005 2013
f 2006 2005 2015
f 2015 2005 2014
f 2008 1874 1866
f 2017 2016 1875
f 2017 1875 1874
f 2010 2017 1874
f 2008 2010 1874
f 2018 2016 2017
f 1877 2019 1878
f 2020 1879 1878
f 2020 1878 2019
f 2020 2021 1879
f 1879 2021 1869
f 2021 2022 1869
f 2022 2011 1869
f 2011 2022 2012
f 2012 2022 2023
f 2012 2023 2013
f 2013 2023 2024
f 2013 2024 2014
f 2014 2024 2025
f 2014 2025 2015
f 2016 1881 1875
f 2027 2026 1882
f 2027 1882 1881
f 2018 2027 1881
f 2016 2018 1881
f 2028 2026 2027
f 1884 2029 1885
f 2029 2030 1885
f 1885 2030 1877
f 2030 2031 1877
f 2031 2019 1877
f 2019 2031 2020
f 2020 2031 2032
f 2020 2032 2021
f 2034 2033 2026
f 2033 1882 2026
f 2033 1887 1882
f 2034 2026 2028
f 2036 2035 2029
f 1884 2036 2029
f 1889 2036 1884
f 2029 2035 2030
f 2037 1890 1891
f 2038 2037 1891
f 1887 2038 1891
f 2033 2038 1887
f 1892 2036 1889
f 1892 2039 2036
f 2041 2040 2037
f 2040 1890 2037
f 2040 1893 1890
f 2041 2037 2038
f 1894 2043 2042
f 2039 1894 2042
f 1892 1894 2039
f 2043 2044 2042
f 2040 2045 1893
f 1893 2045 1895
f 1895 2046 1896
f 2045 2046 1895
f 1896 2047 1898
f 2046 2047 1896
f 1899 1898 2047
f 1899 2047 2048
f 1900 2043 1894
f 2050 2049 1901
f 1901 2049 1900
f 2049 2044 1900
f 2044 2043 1900
f 2050 2051 2049
f 2048 2052 1899
f 1899 2052 1902
f 1902 2053 1903
f 2052 2053 1902
f 2055 2054 1904
f 1903 2055 1904
f 2053 2055 1903
f 2056 2054 2055
f 1905 2050 1901
f 1905 1907 2050
f 1907 2051 2050
f 1907 2057 2051
f 2059 2058 2054
f 2058 1904 2054
f 2058 1908 1904
f 2059 2054 2056
f 2060 2057 1907
f 2060 1907 1909
f 1909 1910 2060
f 2060 1910 2061
f 2063 2062 1912
f 1912 2062 1911
f 1912 1908 2058
f 1912 2058 2063
f 2064 2061 1910
f 2064 1910 1913
f 2065 1913 1914
f 2065 2064 1913
f 1914 1915 2065
f 2065 1915 2066
f 2068 2067 1917
f 1917 2067 1916
f 1917 1911 2062
f 1917 2062 2068
f 2069 2066 1915
f 2069 1915 1918
f 2070 1918 1919
f 2070 2069 1918
f 2071 1919 1920
f 2071 2070 1919
f 2072 1920 1921
f 2072 2071 1920
f 2073 1921 1922
f 2073 2072 1921
f 2074 1922 1923
f 2074 2073 1922
f 2076 2075 1925
f 2075 1923 1925
f 2075 2074 1923
f 1926 1927 2076
f 1927 2075 2076
f 1927 2077 2075
f 2078 1927 1928
f 2078 2077 1927
f 2079 1928 1929
f 2079 2078 1928
f 2080 1929 1930
f 2080 2079 1929
f 2081 1930 1931
f 2081 2080 1930
f 2082 1931 1932
f 2082 2081 1931
f 2083 1932 1933
f 2083 2082 1932
f 2084 1933 1934
f 2084 2083 1933
f 1934 1916 2067
f 1934 2067 2084
f 1935 2076 1925
f 2076 1935 1926
f 2086 2085 1937
f 2086 1937 1938
f 1937 2087 1939
f 2085 2087 1937
f 1939 2088 1940
f 2087 2088 1939
f 1940 2089 1941
f 2088 2089 1940
f 1941 2090 1942
f 2089 2090 1941
f 1942 2091 1943
f 2090 2091 1942
f 1943 2092 1944
f 2091 2092 1943
f 1944 2093 1945
f 2092 2093 1944
f 1945 2094 1946
f 2093 2094 1945
f 2096 2095 1947
f 1946 2096 1947
f 2094 2096 1946
f 2097 2095 2096
f 2100 2099 2098
f 2099 2086 2098
f 2086 1949 2098
f 2086 1938 1949
f 2095 1950 1947
f 2097 2101 2095
f 2101 1950 2095
f 2101 1951 1950
f 1951 2102 1952
f 2101 2102 1951
f 1952 2103 1953
f 2102 2103 1952
f 1954 1953 2103
f 1954 2103 2104
f 2105 2100 2098
f 2098 1949 2105
f 1949 2106 2105
f 1949 1956 2106
f 2104 2107 1954
f 1954 2107 1957
f 1957 2108 1959
f 2107 2108 1957
f 1960 1959 2108
f 1960 2108 2109
f 1956 1961 2110
f 2111 1956 2110
f 2106 1956 2111
f 1962 2110 1961
f 2113 2112 1964
f 1964 2112 1963
f 2114 1964 1965
f 2114 2113 1964
f 1965 1960 2109
f 1965 2109 2114
f 2115 2111 2110
f 2110 1962 2115
f 1962 2116 2115
f 1962 1967 2116
f 2118 2117 1970
f 1970 2117 1969
f 2119 1970 1971
f 2119 2118 1970
f 1971 1963 2112
f 1971 2112 2119
f 2120 2116 1967
f 2120 1967 1972
f 2121 1972 1973
f 2121 2120 1972
f 1973 1974 2121
f 2121 1974 2122
f 2125 2124 2123
f 1975 1976 2123
f 1976 2125 2123
f 1976 2126 2125
f 2127 1976 1977
f 2127 2126 1976
f 2128 1977 1978
f 2128 2127 1977
f 2129 1978 1979
f 2129 2128 1978
f 1979 1969 2117
f 1979 2117 2129
f 2130 2122 1974
f 2130 1974 1980
f 2131 1980 1981
f 2131 2130 1980
f 2132 1981 1982
f 2132 2131 1981
f 1983 2123 2124
f 2132 1983 2124
f 1982 1983 2132
f 2123 1983 1975
f 1987 2133 1988
f 1990 1988 2133
f 2136 2135 2134
f 2137 2136 2134
f 1993 2138 1994
f 2139 1995 1994
f 2139 1994 2138
f 1995 2139 2140
f 2141 1995 2140
f 1996 1995 2141
f 1987 1996 2133
f 1996 2142 2133
f 1996 2141 2142
f 2135 2136 2142
f 2136 1997 2142
f 1990 2133 2142
f 1990 2142 1997
f 2137 2143 2136
f 2143 1997 2136
f 2143 1998 1997
f 2145 2144 1999
f 1998 2145 1999
f 2143 2145 1998
f 2146 2144 2145
f 2001 2147 2002
f 2147 2148 2002
f 2002 2148 1993
f 2148 2149 1993
f 2149 2138 1993
f 2138 2149 2139
f 2139 2149 2150
f 2139 2150 2140
f 2144 2003 1999
f 2152 2151 2004
f 2152 2004 2003
f 2146 2152 2003
f 2144 2146 2003
f 2153 2151 2152
f 2006 2154 2147
f 2006 2147 2001
f 2148 2147 2155
f 2155 2147 2154
f 2151 2007 2004
f 2153 2156 2151
f 2156 2007 2151
f 2156 2009 2007
f 2158 2157 2010
f 2009 2158 2010
f 2156 2158 2009
f 2159 2157 2158
f 2015 2160 2154
f 2015 2154 2006
f 2155 2154 2161
f 2161 2154 2160
f 2157 2017 2010
f 2163 2162 2018
f 2163 2018 2017
f 2159 2163 2017
f 2157 2159 2017
f 2164 2162 2163
f 2021 2165 2022
f 2166 2023 2022
f 2166 2022 2165
f 2167 2024 2023
f 2167 2023 2166
f 2168 2025 2024
f 2168 2024 2167
f 2168 2169 2025
f 2025 2169 2015
f 2169 2170 2015
f 2170 2160 2015
f 2160 2170 2161
f 2162 2027 2018
f 2028 2027 2162
f 2164 2028 2162
f 2171 2028 2164
f 2030 2172 2031
f 2031 2172 2173
f 2174 2031 2173
f 2032 2031 2174
f 2021 2032 2165
f 2032 2175 2165
f 2032 2174 2175
f 2165 2175 2166
f 2166 2175 2176
f 2166 2176 2167
f 2167 2176 2177
f 2167 2177 2168
f 2168 2177 2178
f 2168 2178 2169
f 2179 2033 2034
f 2180 2179 2034
f 2028 2180 2034
f 2171 2180 2028
f 2036 2181 2035
f 2181 2182 2035
f 2035 2182 2030
f 2182 2183 2030
f 2183 2172 2030
f 2172 2183 2173
f 2185 2184 2179
f 2184 2033 2179
f 2184 2038 2033
f 2185 2179 2180
f 2039 2186 2181
f 2039 2181 2036
f 2182 2181 2187
f 2187 2181 2186
f 2188 2040 2041
f 2189 2188 2041
f 2038 2189 2041
f 2184 2189 2038
f 2042 2186 2039
f 2042 2044 2186
f 2044 2187 2186
f 2044 2190 2187
f 2188 2045 2040
f 2189 2191 2188
f 2191 2045 2188
f 2191 2046 2045
f 2046 2192 2047
f 2191 2192 2046
f 2194 2193 2048
f 2047 2194 2048
f 2192 2194 2047
f 2195 2193 2194
f 2196 2190 2044
f 2196 2044 2049
f 2049 2051 2196
f 2196 2051 2197
f 2193 2052 2048
f 2195 2198 2193
f 2198 2052 2193
f 2198 2053 2052
f 2053 2199 2055
f 2198 2199 2053
f 2056 2055 2199
f 2056 2199 2200
f 2057 2202 2201
f 2197 2057 2201
f 2051 2057 2197
f 2202 2203 2201
f 2205 2204 2059
f 2059 2204 2058
f 2059 2056 2200
f 2059 2200 2205
f 2060 2202 2057
f 2060 2061 2202
f 2061 2203 2202
f 2061 2206 2203
f 2208 2207 2063
f 2063 2207 2062
f 2063 2058 2204
f 2063 2204 2208
f 2209 2206 2061
f 2209 2061 2064
f 2210 2064 2065
f 2210 2209 2064
f 2065 2066 2210
f 2210 2066 2211
f 2213 2212 2068
f 2068 2212 2067
f 2068 2062 2207
f 2068 2207 2213
f 2214 2211 2066
f 2214 2066 2069
f 2215 2069 2070
f 2215 2214 2069
f 2216 2070 2071
f 2216 2215 2070
f 2217 2071 2072
f 2217 2216 2071
f 2218 2072 2073
f 2218 2217 2072
f 2219 2073 2074
f 2219 2218 2073
f 2220 2074 2075
f 2220 2219 2074
f 2221 2075 2077
f 2221 2220 2075
f 2223 2221 2222
f 2221 2078 2222
f 2221 2077 2078
f 2079 2224 2078
f 2078 2224 2222
f 2224 2079 2225
f 2079 2226 2225
f 2079 2080 2226
f 2227 2080 2081
f 2227 2226 2080
f 2228 2081 2082
f 2228 2227 2081
f 2229 2082 2083
f 2229 2228 2082
f 2230 2083 2084
f 2230 2229 2083
f 2084 2067 2212
f 2084 2212 2230
f 2233 2232 2231
f 2235 2234 2231
f 2235 2231 2232
f 2237 2236 2234
f 2237 2234 2235
f 2239 2238 2236
f 2239 2236 2237
f 2240 2238 2239
f 2241 2223 2222
f 2241 2222 2224
f 2241 2224 2242
f 2242 2224 2225
f 2245 2244 2243
f 2085 2086 2243
f 2244 2085 2243
f 2246 2085 2244
f 2231 2087 2233
f 2087 2246 2233
f 2087 2085 2246
f 2087 2231 2088
f 2088 2231 2234
f 2088 2234 2089
f 2089 2234 2236
f 2089 2236 2090
f 2090 2236 2238
f 2240 2247 2238
f 2247 2090 2238
f 2247 2091 2090
f 2091 2248 2092
f 2247 2248 2091
f 2092 2249 2093
f 2248 2249 2092
f 2093 2250 2094
f 2249 2250 2093
f 2094 2251 2096
f 2250 2251 2094
f 2097 2096 2251
f 2097 2251 2252
f 2245 2243 2099
f 2100 2245 2099
f 2253 2245 2100
f 2099 2243 2086
f 2252 2254 2097
f 2097 2254 2101
f 2101 2255 2102
f 2254 2255 2101
f 2102 2256 2103
f 2255 2256 2102
f 2104 2103 2256
f 2104 2256 2257
f 2100 2105 2258
f 2259 2100 2258
f 2253 2100 2259
f 2106 2258 2105
f 2257 2260 2104
f 2104 2260 2107
f 2260 2262 2261
f 2108 2260 2261
f 2107 2260 2108
f 2261 2109 2108
f 2263 2259 2258
f 2258 2106 2263
f 2106 2264 2263
f 2106 2111 2264
f 2266 2265 2113
f 2113 2265 2112
f 2114 2261 2262
f 2266 2114 2262
f 2113 2114 2266
f 2261 2114 2109
f 2111 2115 2267
f 2268 2111 2267
f 2264 2111 2268
f 2116 2267 2115
f 2271 2270 2269
f 2117 2118 2269
f 2118 2271 2269
f 2118 2272 2271
f 2273 2118 2119
f 2273 2272 2118
f 2119 2112 2265
f 2119 2265 2273
f 2274 2268 2267
f 2274 2267 2116
f 2120 2274 2116
f 2275 2274 2120
f 2276 2120 2121
f 2276 2275 2120
f 2278 2277 2122
f 2277 2121 2122
f 2277 2276 2121
f 2278 2279 2277
f 2282 2281 2280
f 2124 2125 2280
f 2125 2282 2280
f 2125 2283 2282
f 2284 2125 2126
f 2284 2283 2125
f 2285 2126 2127
f 2285 2284 2126
f 2286 2127 2128
f 2286 2285 2127
f 2129 2269 2270
f 2286 2129 2270
f 2128 2129 2286
f 2269 2129 2117
f 2130 2278 2122
f 2287 2279 2278
f 2130 2287 2278
f 2131 2287 2130
f 2132 2280 2281
f 2287 2132 2281
f 2131 2132 2287
f 2280 2132 2124
f 2290 2289 2288
f 2291 2288 2289
f 2294 2293 2292
f 2292 2293 2290
f 2292 2290 2288
f 2135 2292 2288
f 2134 2135 2288
f 2296 2295 2137
f 2296 2137 2134
f 2291 2296 2134
f 2288 2291 2134
f 2298 2297 2295
f 2298 2295 2296
f 2299 2297 2298
f 2140 2300 2141
f 2301 2294 2292
f 2141 2301 2292
f 2142 2141 2292
f 2301 2141 2300
f 2142 2292 2135
f 2295 2143 2137
f 2143 2295 2145
f 2145 2295 2297
f 2303 2302 2146
f 2303 2146 2145
f 2299 2303 2145
f 2297 2299 2145
f 2304 2302 2303
f 2148 2305 2149
f 2149 2305 2306
f 2307 2149 2306
f 2150 2149 2307
f 2140 2150 2300
f 2150 2308 2300
f 2150 2307 2308
f 2300 2308 2301
f 2302 2152 2146
f 2310 2309 2153
f 2310 2153 2152
f 2304 2310 2152
f 2302 2304 2152
f 2311 2309 2310
f 2155 2312 2305
f 2155 2305 2148
f 2306 2305 2313
f 2313 2305 2312
f 2309 2156 2153
f 2311 2314 2309
f 2314 2156 2309
f 2314 2158 2156
f 2316 2315 2159
f 2158 2316 2159
f 2314 2316 2158
f 2317 2315 2316
f 2161 2318 2312
f 2161 2312 2155
f 2313 2312 2319
f 2319 2312 2318
f 2315 2163 2159
f 2164 2163 2315
f 2317 2164 2315
f 2320 2164 2317
f 2169 2321 2170
f 2318 2161 2170
f 2321 2318 2170
f 2322 2318 2321
f 2319 2318 2323
f 2323 2318 2322
f 2320 2171 2164
f 2324 2171 2320
f 2173 2325 2174
f 2326 2175 2174
f 2326 2174 2325
f 2327 2176 2175
f 2327 2175 2326
f 2328 2177 2176
f 2328 2176 2327
f 2329 2178 2177
f 2329 2177 2328
f 2321 2169 2178
f 2329 2321 2178
f 2330 2321 2329
f 2332 2322 2331
f 2322 2330 2331
f 2322 2321 2330
f 2322 2332 2323
f 2324 2180 2171
f 2333 2180 2324
f 2182 2334 2183
f 2334 2335 2183
f 2183 2335 2173
f 2335 2336 2173
f 2336 2325 2173
f 2325 2336 2326
f 2326 2336 2337
f 2326 2337 2327
f 2327 2337 2338
f 2327 2338 2328
f 2328 2338 2339
f 2328 2339 2329
f 2329 2339 2340
f 2329 2340 2330
f 2330 2340 2341
f 2330 2341 2331
f 2342 2184 2185
f 2343 2342 2185
f 2180 2343 2185
f 2333 2343 2180
f 2345 2344 2334
f 2182 2345 2334
f 2187 2345 2182
f 2334 2344 2335
f 2346 2189 2342
f 2342 2189 2184
f 2342 2343 2347
f 2342 2347 2346
f 2190 2349 2348
f 2345 2190 2348
f 2187 2190 2345
f 2349 2350 2348
f 2346 2191 2189
f 2347 2351 2346
f 2351 2191 2346
f 2351 2192 2191
f 2192 2352 2194
f 2351 2352 2192
f 2195 2194 2352
f 2195 2352 2353
f 2196 2349 2190
f 2355 2354 2197
f 2197 2354 2196
f 2354 2350 2196
f 2350 2349 2196
f 2355 2356 2354
f 2353 2357 2195
f 2195 2357 2198
f 2198 2358 2199
f 2357 2358 2198
f 2200 2199 2358
f 2200 2358 2359
f 2201 2355 2197
f 2201 2203 2355
f 2203 2356 2355
f 2203 2360 2356
f 2362 2361 2205
f 2205 2361 2204
f 2205 2200 2359
f 2205 2359 2362
f 2206 2360 2203
f 2206 2363 2360
f 2364 2207 2208
f 2365 2364 2208
f 2204 2365 2208
f 2361 2365 2204
f 2366 2363 2206
f 2366 2206 2209
f 2367 2209 2210
f 2367 2366 2209
f 2210 2211 2367
f 2367 2211 2368
f 2371 2370 2369
f 2212 2213 2369
f 2213 2371 2369
f 2213 2372 2371
f 2213 2207 2364
f 2373 2213 2364
f 2372 2213 2373
f 2373 2364 2365
f 2374 2368 2211
f 2374 2211 2214
f 2375 2214 2215
f 2375 2374 2214
f 2376 2215 2216
f 2376 2375 2215
f 2377 2216 2217
f 2377 2376 2216
f 2378 2217 2218
f 2378 2377 2217
f 2379 2218 2219
f 2379 2378 2218
f 2380 2219 2220
f 2380 2379 2219
f 2382 2380 2381
f 2380 2221 2381
f 2380 2220 2221
f 2223 2381 2221
f 2384 2383 2226
f 2226 2383 2225
f 2385 2226 2227
f 2385 2384 2226
f 2386 2227 2228
f 2386 2385 2227
f 2387 2228 2229
f 2387 2386 2228
f 2230 2369 2370
f 2387 2230 2370
f 2229 2230 2387
f 2369 2230 2212
f 2390 2389 2388
f 2232 2233 2388
f 2389 2232 2388
f 2391 2232 2389
f 2232 2392 2235
f 2391 2392 2232
f 2235 2393 2237
f 2392 2393 2235
f 2237 2394 2239
f 2393 2394 2237
f 2240 2239 2394
f 2240 2394 2395
f 2396 2382 2381
f 2396 2381 2223
f 2241 2396 2223
f 2397 2396 2241
f 2398 2241 2242
f 2398 2397 2241
f 2242 2225 2383
f 2242 2383 2398
f 2400 2399 2244
f 2400 2244 2245
f 2388 2246 2390
f 2246 2399 2390
f 2246 2244 2399
f 2246 2388 2233
f 2395 2401 2240
f 2240 2401 2247
f 2247 2402 2248
f 2401 2402 2247
f 2248 2403 2249
f 2402 2403 2248
f 2249 2404 2250
f 2403 2404 2249
f 2250 2405 2251
f 2404 2405 2250
f 2252 2251 2405
f 2252 2405 2406
f 2409 2408 2407
f 2408 2400 2407
f 2400 2253 2407
f 2400 2245 2253
f 2406 2410 2252
f 2252 2410 2254
f 2254 2411 2255
f 2410 2411 2254
f 2255 2412 2256
f 2411 2412 2255
f 2257 2256 2412
f 2257 2412 2413
f 2414 2409 2407
f 2407 2253 2414
f 2253 2415 2414
f 2253 2259 2415
f 2413 2416 2257
f 2257 2416 2260
f 2262 2260 2416
f 2262 2416 2417
f 2259 2263 2418
f 2419 2259 2418
f 2415 2259 2419
f 2264 2418 2263
f 2422 2421 2420
f 2265 2266 2420
f 2266 2422 2420
f 2266 2423 2422
f 2266 2262 2417
f 2266 2417 2423
f 2424 2419 2418
f 2418 2264 2424
f 2264 2425 2424
f 2264 2268 2425
f 2427 2426 2271
f 2271 2426 2270
f 2428 2271 2272
f 2428 2427 2271
f 2273 2420 2421
f 2428 2273 2421
f 2272 2273 2428
f 2420 2273 2265
f 2429 2425 2268
f 2429 2268 2274
f 2430 2274 2275
f 2430 2429 2274
f 2431 2275 2276
f 2431 2430 2275
f 2432 2276 2277
f 2432 2431 2276
f 2434 2433 2279
f 2433 2277 2279
f 2433 2432 2277
f 2281 2282 2434
f 2282 2433 2434
f 2282 2435 2433
f 2436 2282 2283
f 2436 2435 2282
f 2437 2283 2284
f 2437 2436 2283
f 2438 2284 2285
f 2438 2437 2284
f 2439 2285 2286
f 2439 2438 2285
f 2286 2270 2426
f 2286 2426 2439
f 2287 2434 2279
f 2434 2287 2281
f 2442 2441 2440
f 2444 2443 2440
f 2444 2440 2441
f 2446 2445 2443
f 2446 2443 2444
f 2448 2447 2445
f 2448 2445 2446
f 2449 2447 2448
f 2442 2440 2450
f 2442 2450 2451
f 2290 2450 2289
f 2450 2443 2289
f 2450 2440 2443
f 2289 2443 2291
f 2443 2452 2291
f 2443 2445 2452
f 2453 2445 2447
f 2452 2445 2453
f 2447 2449 2454
f 2455 2447 2454
f 2453 2447 2455
f 2456 2455 2454
f 2451 2450 2293
f 2294 2451 2293
f 2457 2451 2294
f 2293 2450 2290
f 2452 2296 2291
f 2296 2452 2298
f 2298 2452 2453
f 2298 2453 2299
f 2453 2458 2299
f 2453 2455 2458
f 2455 2456 2459
f 2460 2455 2459
f 2458 2455 2460
f 2461 2460 2459
f 2301 2457 2294
f 2301 2462 2457
f 2458 2303 2299
f 2303 2458 2304
f 2458 2463 2304
f 2458 2460 2463
f 2460 2461 2464
f 2460 2464 2463
f 2306 2465 2307
f 2466 2308 2307
f 2466 2307 2465
f 2466 2467 2308
f 2467 2301 2308
f 2467 2462 2301
f 2463 2310 2304
f 2469 2468 2311
f 2469 2311 2310
f 2464 2469 2310
f 2463 2464 2310
f 2470 2468 2469
f 2313 2471 2465
f 2313 2465 2306
f 2473 2466 2472
f 2466 2471 2472
f 2466 2465 2471
f 2466 2473 2467
f 2468 2314 2311
f 2470 2474 2468
f 2474 2314 2468
f 2474 2316 2314
f 2317 2316 2474
f 2317 2474 2475
f 2319 2476 2471
f 2319 2471 2313
f 2472 2471 2477
f 2471 2478 2477
f 2471 2476 2478
f 2478 2479 2477
f 2475 2320 2317
f 2480 2320 2475
f 2323 2481 2476
f 2323 2476 2319
f 2483 2478 2482
f 2478 2481 2482
f 2478 2476 2481
f 2478 2483 2479
f 2480 2324 2320
f 2484 2324 2480
f 2331 2485 2332
f 2481 2323 2332
f 2485 2481 2332
f 2486 2481 2485
f 2482 2481 2487
f 2487 2481 2486
f 2484 2333 2324
f 2488 2333 2484
f 2335 2489 2336
f 2336 2489 2490
f 2491 2336 2490
f 2337 2336 2491
f 2337 2492 2338
f 2491 2492 2337
f 2338 2493 2339
f 2492 2493 2338
f 2339 2494 2340
f 2493 2494 2339
f 2340 2495 2341
f 2494 2495 2340
f 2331 2341 2485
f 2341 2496 2485
f 2341 2495 2496
f 2485 2496 2486
f 2486 2496 2497
f 2486 2497 2487
f 2488 2343 2333
f 2498 2343 2488
f 2345 2499 2344
f 2499 2500 2344
f 2344 2500 2335
f 2500 2501 2335
f 2501 2489 2335
f 2489 2501 2490
f 2498 2347 2343
f 2502 2347 2498
f 2348 2499 2345
f 2348 2350 2499
f 2350 2500 2499
f 2350 2503 2500
f 2502 2504 2347
f 2347 2504 2351
f 2351 2505 2352
f 2504 2505 2351
f 2507 2506 2353
f 2352 2507 2353
f 2505 2507 2352
f 2508 2506 2507
f 2509 2503 2350
f 2509 2350 2354
f 2354 2356 2509
f 2509 2356 2510
f 2506 2357 2353
f 2508 2511 2506
f 2511 2357 2506
f 2511 2358 2357
f 2359 2358 2511
f 2359 2511 2512
f 2515 2514 2513
f 2514 2510 2513
f 2510 2360 2513
f 2510 2356 2360
f 2517 2516 2362
f 2362 2516 2361
f 2362 2359 2512
f 2362 2512 2517
f 2515 2513 2518
f 2515 2518 2519
f 2363 2518 2360
f 2360 2518 2513
f 2516 2365 2361
f 2520 2365 2516
f 2521 2519 2518
f 2521 2518 2363
f 2366 2521 2363
f 2522 2521 2366
f 2524 2522 2523
f 2522 2367 2523
f 2522 2366 2367
f 2368 2523 2367
f 2525 2370 2371
f 2525 2371 2526
f 2371 2527 2526
f 2371 2372 2527
f 2528 2372 2373
f 2528 2527 2372
f 2373 2365 2520
f 2373 2520 2528
f 2529 2524 2523
f 2529 2523 2368
f 2374 2529 2368
f 2530 2529 2374
f 2531 2374 2375
f 2531 2530 2374
f 2532 2375 2376
f 2532 2531 2375
f 2533 2376 2377
f 2533 2532 2376
f 2534 2377 2378
f 2534 2533 2377
f 2535 2378 2379
f 2535 2534 2378
f 2536 2379 2380
f 2536 2535 2379
f 2380 2382 2536
f 2536 2382 2537
f 2539 2538 2384
f 2384 2538 2383
f 2540 2384 2385
f 2540 2539 2384
f 2541 2385 2386
f 2541 2540 2385
f 2542 2386 2387
f 2542 2541 2386
f 2387 2370 2525
f 2543 2387 2525
f 2542 2387 2543
f 2543 2525 2526
f 2545 2544 2389
f 2545 2389 2390
f 2389 2546 2391
f 2544 2546 2389
f 2391 2547 2392
f 2546 2547 2391
f 2392 2548 2393
f 2547 2548 2392
f 2393 2549 2394
f 2548 2549 2393
f 2395 2394 2549
f 2395 2549 2550
f 2551 2537 2382
f 2551 2382 2396
f 2552 2396 2397
f 2552 2551 2396
f 2553 2397 2398
f 2553 2552 2397
f 2398 2383 2538
f 2398 2538 2553
f 2556 2555 2554
f 2399 2400 2554
f 2555 2399 2554
f 2557 2399 2555
f 2390 2399 2545
f 2545 2399 2557
f 2550 2558 2395
f 2395 2558 2401
f 2401 2559 2402
f 2558 2559 2401
f 2402 2560 2403
f 2559 2560 2402
f 2403 2561 2404
f 2560 2561 2403
f 2404 2562 2405
f 2561 2562 2404
f 2406 2405 2562
f 2406 2562 2563
f 2556 2554 2408
f 2409 2556 2408
f 2564 2556 2409
f 2408 2554 2400
f 2563 2565 2406
f 2406 2565 2410
f 2410 2566 2411
f 2565 2566 2410
f 2411 2567 2412
f 2566 2567 2411
f 2569 2568 2413
f 2412 2569 2413
f 2567 2569 2412
f 2570 2568 2569
f 2409 2414 2571
f 2572 2409 2571
f 2564 2409 2572
f 2415 2571 2414
f 2574 2416 2573
f 2416 2413 2573
f 2573 2413 2568
f 2575 2573 2568
f 2568 2570 2575
f 2416 2574 2417
f 2576 2572 2571
f 2571 2415 2576
f 2415 2577 2576
f 2415 2419 2577
f 2579 2578 2422
f 2422 2578 2421
f 2423 2574 2573
f 2579 2423 2573
f 2422 2423 2579
f 2574 2423 2417
f 2580 2577 2419
f 2580 2419 2424
f 2424 2425 2580
f 2580 2425 2581
f 2584 2583 2582
f 2426 2427 2582
f 2427 2584 2582
f 2427 2585 2584
f 2586 2427 2428
f 2586 2585 2427
f 2428 2421 2578
f 2428 2578 2586
f 2587 2581 2425
f 2587 2425 2429
f 2588 2429 2430
f 2588 2587 2429
f 2589 2430 2431
f 2589 2588 2430
f 2590 2431 2432
f 2590 2589 2431
f 2591 2432 2433
f 2591 2590 2432
f 2592 2433 2435
f 2592 2591 2433
f 2593 2435 2436
f 2593 2592 2435
f 2594 2436 2437
f 2594 2593 2436
f 2595 2437 2438
f 2595 2594 2437
f 2439 2582 2583
f 2595 2439 2583
f 2438 2439 2595
f 2582 2439 2426
f 2597 2596 2441
f 2597 2441 2442
f 2441 2598 2444
f 2596 2598 2441
f 2444 2599 2446
f 2598 2599 2444
f 2446 2600 2448
f 2599 2600 2446
f 2602 2601 2449
f 2448 2602 2449
f 2600 2602 2448
f 2603 2601 2602
f 2606 2605 2604
f 2605 2597 2604
f 2597 2451 2604
f 2597 2442 2451
f 2601 2454 2449
f 2608 2607 2456
f 2608 2456 2454
f 2603 2608 2454
f 2601 2603 2454
f 2609 2607 2608
f 2610 2606 2604
f 2604 2451 2610
f 2451 2611 2610
f 2451 2457 2611
f 2607 2459 2456
f 2461 2459 2607
f 2609 2461 2607
f 2612 2461 2609
f 2462 2611 2457
f 2462 2613 2611
f 2615 2464 2614
f 2464 2612 2614
f 2464 2461 2612
f 2616 2615 2614
f 2467 2613 2462
f 2467 2617 2613
f 2615 2469 2464
f 2470 2469 2615
f 2616 2470 2615
f 2618 2470 2616
f 2472 2619 2473
f 2617 2467 2620
f 2467 2619 2620
f 2619 2621 2620
f 2467 2473 2619
f 2621 2622 2620
f 2618 2623 2470
f 2470 2623 2474
f 2475 2474 2623
f 2475 2623 2624
f 2477 2619 2472
f 2619 2477 2479
f 2625 2619 2479
f 2621 2619 2625
f 2622 2621 2626
f 2626 2621 2625
f 2628 2480 2627
f 2480 2624 2627
f 2480 2475 2624
f 2629 2628 2627
f 2482 2630 2483
f 2625 2479 2483
f 2630 2625 2483
f 2631 2625 2630
f 2626 2625 2632
f 2632 2625 2631
f 2633 2484 2628
f 2628 2484 2480
f 2628 2629 2634
f 2628 2634 2633
f 2487 2635 2630
f 2487 2630 2482
f 2637 2631 2636
f 2631 2635 2636
f 2631 2630 2635
f 2631 2637 2632
f 2639 2638 2633
f 2638 2484 2633
f 2638 2488 2484
f 2639 2633 2634
f 2490 2640 2491
f 2491 2640 2641
f 2642 2491 2641
f 2492 2491 2642
f 2492 2643 2493
f 2642 2643 2492
f 2493 2644 2494
f 2643 2644 2493
f 2494 2645 2495
f 2644 2645 2494
f 2495 2646 2496
f 2645 2646 2495
f 2496 2647 2497
f 2646 2647 2496
f 2487 2497 2635
f 2497 2648 2635
f 2497 2647 2648
f 2635 2648 2636
f 2650 2498 2649
f 2498 2638 2649
f 2498 2488 2638
f 2651 2650 2649
f 2653 2652 2501
f 2653 2501 2500
f 2490 2501 2640
f 2501 2654 2640
f 2501 2652 2654
f 2640 2654 2641
f 2655 2502 2650
f 2650 2502 2498
f 2650 2651 2656
f 2650 2656 2655
f 2503 2653 2500
f 2503 2657 2653
f 2655 2504 2502
f 2656 2658 2655
f 2658 2504 2655
f 2658 2505 2504
f 2505 2659 2507
f 2658 2659 2505
f 2508 2507 2659
f 2508 2659 2660
f 2503 2509 2661
f 2662 2503 2661
f 2657 2503 2662
f 2510 2661 2509
f 2660 2663 2508
f 2508 2663 2511
f 2512 2511 2663
f 2512 2663 2664
f 2662 2661 2514
f 2515 2662 2514
f 2665 2662 2515
f 2514 2661 2510
f 2666 2516 2517
f 2667 2666 2517
f 2512 2667 2517
f 2664 2667 2512
f 2519 2665 2515
f 2519 2668 2665
f 2670 2669 2666
f 2669 2516 2666
f 2669 2520 2516
f 2670 2666 2667
f 2671 2668 2519
f 2671 2519 2521
f 2672 2521 2522
f 2672 2671 2521
f 2522 2524 2672
f 2672 2524 2673
f 2674 2526 2527
f 2674 2527 2675
f 2527 2676 2675
f 2527 2528 2676
f 2528 2520 2669
f 2528 2669 2676
f 2677 2673 2524
f 2677 2524 2529
f 2678 2529 2530
f 2678 2677 2529
f 2679 2530 2531
f 2679 2678 2530
f 2680 2531 2532
f 2680 2679 2531
f 2682 2680 2681
f 2680 2533 2681
f 2680 2532 2533
f 2534 2683 2533
f 2533 2683 2681
f 2535 2684 2534
f 2534 2684 2683
f 2536 2685 2535
f 2535 2685 2684
f 2537 2685 2536
f 2686 2538 2539
f 2686 2539 2687
f 2539 2688 2687
f 2539 2540 2688
f 2689 2540 2541
f 2689 2688 2540
f 2690 2541 2542
f 2690 2689 2541
f 2691 2542 2543
f 2691 2690 2542
f 2543 2526 2674
f 2692 2543 2674
f 2691 2543 2692
f 2692 2674 2675
f 2695 2694 2693
f 2544 2545 2693
f 2694 2544 2693
f 2696 2544 2694
f 2544 2697 2546
f 2696 2697 2544
f 2546 2698 2547
f 2697 2698 2546
f 2547 2699 2548
f 2698 2699 2547
f 2548 2700 2549
f 2699 2700 2548
f 2550 2549 2700
f 2550 2700 2701
f 2702 2682 2681
f 2702 2681 2683
f 2702 2683 2703
f 2703 2683 2684
f 2703 2684 2704
f 2704 2684 2685
f 2704 2685 2705
f 2705 2685 2537
f 2551 2705 2537
f 2706 2705 2551
f 2707 2551 2552
f 2707 2706 2551
f 2708 2552 2553
f 2708 2707 2552
f 2553 2538 2686
f 2709 2553 2686
f 2708 2553 2709
f 2709 2686 2687
f 2712 2711 2710
f 2555 2556 2710
f 2711 2555 2710
f 2713 2555 2711
f 2693 2557 2695
f 2557 2713 2695
f 2557 2555 2713
f 2557 2693 2545
f 2701 2714 2550
f 2550 2714 2558
f 2558 2715 2559
f 2714 2715 2558
f 2559 2716 2560
f 2715 2716 2559
f 2560 2717 2561
f 2716 2717 2560
f 2561 2718 2562
f 2717 2718 2561
f 2563 2562 2718
f 2563 2718 2719
f 2720 2712 2710
f 2710 2556 2720
f 2556 2721 2720
f 2556 2564 2721
f 2719 2722 2563
f 2563 2722 2565
f 2565 2723 2566
f 2722 2723 2565
f 2566 2724 2567
f 2723 2724 2566
f 2567 2725 2569
f 2724 2725 2567
f 2570 2569 2725
f 2570 2725 2726
f 2572 2721 2564
f 2572 2727 2721
f 2729 2728 2575
f 2575 2728 2573
f 2575 2570 2726
f 2575 2726 2729
f 2730 2727 2572
f 2730 2572 2576
f 2576 2577 2730
f 2730 2577 2731
f 2733 2732 2579
f 2579 2732 2578
f 2579 2573 2728
f 2579 2728 2733
f 2577 2580 2734
f 2735 2577 2734
f 2731 2577 2735
f 2581 2734 2580
f 2737 2736 2584
f 2584 2736 2583
f 2738 2584 2585
f 2738 2737 2584
f 2739 2585 2586
f 2739 2738 2585
f 2586 2578 2732
f 2586 2732 2739
f 2740 2735 2734
f 2740 2734 2581
f 2587 2740 2581
f 2741 2740 2587
f 2742 2587 2588
f 2742 2741 2587
f 2743 2588 2589
f 2743 2742 2588
f 2744 2589 2590
f 2744 2743 2589
f 2745 2590 2591
f 2745 2744 2590
f 2746 2591 2592
f 2746 2745 2591
f 2747 2592 2593
f 2747 2746 2592
f 2748 2593 2594
f 2748 2747 2593
f 2749 2594 2595
f 2749 2748 2594
f 2595 2583 2736
f 2595 2736 2749
f 2597 2750 2596
f 2751 2598 2596
f 2751 2596 2750
f 2598 2751 2752
f 2753 2598 2752
f 2599 2598 2753
f 2599 2754 2600
f 2753 2754 2599
f 2600 2755 2602
f 2754 2755 2600
f 2603 2602 2755
f 2603 2755 2756
f 2758 2757 2605
f 2758 2605 2606
f 2597 2605 2750
f 2605 2759 2750
f 2605 2757 2759
f 2750 2759 2751
f 2751 2759 2760
f 2751 2760 2752
f 2756 2761 2603
f 2603 2761 2608
f 2609 2608 2761
f 2609 2761 2762
f 2763 2758 2606
f 2763 2606 2610
f 2610 2611 2763
f 2763 2611 2764
f 2762 2612 2609
f 2765 2612 2762
f 2613 2764 2611
f 2613 2766 2764
f 2765 2767 2612
f 2612 2767 2614
f 2616 2614 2767
f 2616 2767 2768
f 2617 2766 2613
f 2617 2769 2766
f 2771 2618 2770
f 2618 2768 2770
f 2618 2616 2768
f 2772 2771 2770
f 2773 2769 2617
f 2773 2617 2620
f 2620 2622 2773
f 2773 2622 2774
f 2771 2623 2618
f 2624 2623 2771
f 2772 2624 2771
f 2775 2624 2772
f 2626 2774 2622
f 2626 2776 2774
f 2775 2777 2624
f 2624 2777 2627
f 2629 2627 2777
f 2629 2777 2778
f 2632 2780 2779
f 2776 2632 2779
f 2626 2632 2776
f 2780 2781 2779
f 2778 2634 2629
f 2782 2634 2778
f 2636 2783 2637
f 2783 2784 2637
f 2637 2784 2632
f 2784 2785 2632
f 2785 2780 2632
f 2780 2785 2781
f 2786 2638 2639
f 2787 2786 2639
f 2634 2787 2639
f 2782 2787 2634
f 2641 2788 2642
f 2642 2788 2789
f 2790 2642 2789
f 2643 2642 2790
f 2643 2791 2644
f 2790 2791 2643
f 2644 2792 2645
f 2791 2792 2644
f 2645 2793 2646
f 2792 2793 2645
f 2646 2794 2647
f 2793 2794 2646
f 2647 2795 2648
f 2794 2795 2647
f 2636 2648 2783
f 2648 2796 2783
f 2648 2795 2796
f 2783 2796 2784
f 2786 2649 2638
f 2651 2649 2786
f 2787 2651 2786
f 2797 2651 2787
f 2653 2798 2652
f 2652 2798 2799
f 2800 2652 2799
f 2654 2652 2800
f 2641 2654 2788
f 2654 2801 2788
f 2654 2800 2801
f 2788 2801 2789
f 2803 2656 2802
f 2656 2797 2802
f 2656 2651 2797
f 2804 2803 2802
f 2806 2805 2798
f 2653 2806 2798
f 2657 2806 2653
f 2798 2805 2799
f 2803 2658 2656
f 2804 2807 2803
f 2807 2658 2803
f 2807 2659 2658
f 2809 2808 2660
f 2659 2809 2660
f 2807 2809 2659
f 2810 2808 2809
f 2813 2812 2811
f 2812 2806 2811
f 2806 2662 2811
f 2806 2657 2662
f 2808 2663 2660
f 2664 2663 2808
f 2810 2664 2808
f 2814 2664 2810
f 2813 2811 2815
f 2813 2815 2816
f 2665 2815 2662
f 2662 2815 2811
f 2814 2667 2664
f 2817 2667 2814
f 2816 2815 2818
f 2816 2818 2819
f 2668 2818 2665
f 2665 2818 2815
f 2820 2669 2670
f 2821 2820 2670
f 2667 2821 2670
f 2817 2821 2667
f 2822 2819 2818
f 2822 2818 2668
f 2671 2822 2668
f 2823 2822 2671
f 2825 2823 2824
f 2823 2672 2824
f 2823 2671 2672
f 2673 2824 2672
f 2826 2675 2676
f 2827 2826 2676
f 2827 2676 2669
f 2828 2827 2669
f 2820 2828 2669
f 2828 2820 2821
f 2829 2825 2824
f 2829 2824 2673
f 2677 2829 2673
f 2830 2829 2677
f 2831 2677 2678
f 2831 2830 2677
f 2832 2678 2679
f 2832 2831 2678
f 2834 2832 2833
f 2832 2680 2833
f 2832 2679 2680
f 2682 2833 2680
f 2835 2687 2688
f 2689 2836 2688
f 2688 2836 2835
f 2690 2837 2689
f 2689 2837 2836
f 2837 2690 2838
f 2690 2839 2838
f 2690 2691 2839
f 2840 2691 2692
f 2840 2839 2691
f 2692 2675 2826
f 2841 2692 2826
f 2840 2692 2841
f 2841 2826 2827
f 2844 2843 2842
f 2694 2695 2842
f 2843 2694 2842
f 2845 2694 2843
f 2694 2846 2696
f 2845 2846 2694
f 2696 2847 2697
f 2846 2847 2696
f 2697 2848 2698
f 2847 2848 2697
f 2698 2849 2699
f 2848 2849 2698
f 2699 2850 2700
f 2849 2850 2699
f 2701 2700 2850
f 2701 2850 2851
f 2852 2834 2833
f 2852 2833 2682
f 2702 2852 2682
f 2853 2852 2702
f 2854 2702 2703
f 2854 2853 2702
f 2855 2703 2704
f 2855 2854 2703
f 2856 2704 2705
f 2856 2855 2704
f 2857 2705 2706
f 2857 2856 2705
f 2858 2706 2707
f 2858 2857 2706
f 2859 2707 2708
f 2859 2858 2707
f 2860 2708 2709
f 2860 2859 2708
f 2709 2687 2835
f 2861 2709 2835
f 2860 2709 2861
f 2861 2835 2836
f 2861 2836 2862
f 2862 2836 2837
f 2862 2837 2863
f 2863 2837 2838
f 2865 2864 2711
f 2865 2711 2712
f 2842 2713 2844
f 2713 2864 2844
f 2713 2711 2864
f 2713 2842 2695
f 2851 2866 2701
f 2701 2866 2714
f 2714 2867 2715
f 2866 2867 2714
f 2715 2868 2716
f 2867 2868 2715
f 2716 2869 2717
f 2868 2869 2716
f 2717 2870 2718
f 2869 2870 2717
f 2719 2718 2870
f 2719 2870 2871
f 2712 2720 2872
f 2873 2712 2872
f 2865 2712 2873
f 2721 2872 2720
f 2871 2874 2719
f 2719 2874 2722
f 2722 2875 2723
f 2874 2875 2722
f 2723 2876 2724
f 2875 2876 2723
f 2876 2878 2877
f 2725 2876 2877
f 2724 2876 2725
f 2877 2726 2725
f 2873 2872 2879
f 2873 2879 2880
f 2727 2879 2721
f 2721 2879 2872
f 2877 2878 2729
f 2878 2728 2729
f 2878 2881 2728
f 2877 2729 2726
f 2882 2880 2879
f 2884 2882 2883
f 2883 2882 2730
f 2882 2879 2730
f 2879 2727 2730
f 2731 2883 2730
f 2886 2885 2733
f 2733 2885 2732
f 2733 2728 2881
f 2733 2881 2886
f 2887 2884 2883
f 2883 2731 2887
f 2731 2888 2887
f 2731 2735 2888
f 2890 2889 2737
f 2737 2889 2736
f 2891 2737 2738
f 2891 2890 2737
f 2892 2738 2739
f 2892 2891 2738
f 2739 2732 2885
f 2739 2885 2892
f 2893 2888 2735
f 2893 2735 2740
f 2894 2740 2741
f 2894 2893 2740
f 2895 2741 2742
f 2895 2894 2741
f 2896 2742 2743
f 2896 2895 2742
f 2897 2743 2744
f 2897 2896 2743
f 2898 2744 2745
f 2898 2897 2744
f 2899 2745 2746
f 2899 2898 2745
f 2900 2746 2747
f 2900 2899 2746
f 2901 2747 2748
f 2901 2900 2747
f 2902 2748 2749
f 2902 2901 2748
f 2749 2736 2889
f 2749 2889 2902
f 2752 2903 2753
f 2904 2754 2753
f 2904 2753 2903
f 2905 2755 2754
f 2905 2754 2904
f 2905 2756 2755
f 2758 2906 2757
f 2907 2759 2757
f 2907 2757 2906
f 2759 2907 2908
f 2909 2759 2908
f 2760 2759 2909
f 2752 2760 2903
f 2760 2910 2903
f 2760 2909 2910
f 2903 2910 2904
f 2904 2910 2911
f 2904 2911 2905
f 2905 2911 2912
f 2905 2912 2756
f 2912 2761 2756
f 2912 2913 2761
f 2762 2761 2913
f 2762 2913 2914
f 2763 2906 2758
f 2906 2763 2764
f 2915 2906 2764
f 2907 2906 2915
f 2908 2907 2916
f 2916 2907 2915
f 2918 2765 2917
f 2765 2914 2917
f 2765 2762 2914
f 2919 2918 2917
f 2766 2920 2915
f 2766 2915 2764
f 2916 2915 2921
f 2921 2915 2920
f 2918 2767 2765
f 2768 2767 2918
f 2919 2768 2918
f 2922 2768 2919
f 2769 2923 2920
f 2769 2920 2766
f 2921 2920 2924
f 2924 2920 2923
f 2922 2925 2768
f 2768 2925 2770
f 2772 2770 2925
f 2772 2925 2926
f 2773 2923 2769
f 2773 2774 2923
f 2774 2924 2923
f 2774 2927 2924
f 2929 2775 2928
f 2775 2926 2928
f 2775 2772 2926
f 2930 2929 2928
f 2776 2932 2931
f 2927 2776 2931
f 2774 2776 2927
f 2932 2933 2931
f 2929 2777 2775
f 2778 2777 2929
f 2930 2778 2929
f 2934 2778 2930
f 2779 2932 2776
f 2779 2781 2932
f 2781 2933 2932
f 2781 2935 2933
f 2934 2782 2778
f 2936 2782 2934
f 2938 2937 2785
f 2938 2785 2784
f 2781 2785 2935
f 2935 2785 2937
f 2936 2787 2782
f 2939 2787 2936
f 2789 2940 2790
f 2790 2940 2941
f 2942 2790 2941
f 2791 2790 2942
f 2791 2943 2792
f 2942 2943 2791
f 2792 2944 2793
f 2943 2944 2792
f 2793 2945 2794
f 2944 2945 2793
f 2794 2946 2795
f 2945 2946 2794
f 2795 2947 2796
f 2946 2947 2795
f 2784 2796 2938
f 2938 2796 2947
f 2949 2797 2948
f 2797 2939 2948
f 2797 2787 2939
f 2950 2949 2948
f 2952 2951 2800
f 2952 2800 2799
f 2800 2953 2801
f 2951 2953 2800
f 2789 2801 2940
f 2801 2954 2940
f 2801 2953 2954
f 2940 2954 2941
f 2949 2802 2797
f 2804 2802 2949
f 2950 2804 2949
f 2955 2804 2950
f 2958 2957 2956
f 2805 2806 2956
f 2957 2805 2956
f 2959 2805 2957
f 2799 2805 2952
f 2952 2805 2959
f 2955 2960 2804
f 2804 2960 2807
f 2807 2961 2809
f 2960 2961 2807
f 2810 2809 2961
f 2810 2961 2962
f 2958 2956 2812
f 2813 2958 2812
f 2963 2958 2813
f 2812 2956 2806
f 2965 2814 2964
f 2814 2962 2964
f 2814 2810 2962
f 2966 2965 2964
f 2969 2968 2967
f 2971 2970 2967
f 2971 2967 2968
f 2971 2963 2970
f 2963 2816 2970
f 2963 2813 2816
f 2973 2972 2965
f 2972 2814 2965
f 2972 2817 2814
f 2973 2965 2966
f 2976 2975 2974
f 2978 2977 2974
f 2978 2974 2975
f 2980 2979 2977
f 2980 2977 2978
f 2982 2981 2979
f 2982 2979 2980
f 2984 2983 2981
f 2984 2981 2982
f 2986 2985 2983
f 2986 2983 2984
f 2988 2987 2985
f 2988 2985 2986
f 2990 2989 2987
f 2990 2987 2988
f 2992 2991 2989
f 2992 2989 2990
f 2994 2993 2991
f 2994 2991 2992
f 2996 2995 2993
f 2996 2993 2994
f 2998 2997 2995
f 2998 2995 2996
f 2997 2998 2969
f 2967 2997 2969
f 2999 2997 2967
f 3000 2967 2970
f 2999 2967 3000
f 2819 3000 2816
f 2816 3000 2970
f 2972 2821 2817
f 3001 2821 2972
f 3004 3003 3002
f 3006 3005 3002
f 3006 3002 3003
f 3005 3006 2976
f 2974 3005 2976
f 3007 3005 2974
f 3008 2974 2977
f 3007 2974 3008
f 3009 2977 2979
f 3008 2977 3009
f 3010 2979 2981
f 3009 2979 3010
f 3011 2981 2983
f 3010 2981 3011
f 3012 2983 2985
f 3011 2983 3012
f 3013 2985 2987
f 3012 2985 3013
f 3014 2987 2989
f 3013 2987 3014
f 3015 2989 2991
f 3014 2989 3015
f 3016 2991 2993
f 3015 2991 3016
f 3017 2993 2995
f 3016 2993 3017
f 3018 2995 2997
f 3017 2995 3018
f 3019 2997 2999
f 3018 2997 3019
f 3020 2999 3000
f 3019 2999 3020
f 2822 3021 2819
f 3021 3000 2819
f 3021 3020 3000
f 2823 3022 2822
f 2822 3022 3021
f 2825 3022 2823
f 3023 2827 2828
f 3024 3023 2828
f 2821 3024 2828
f 3001 3024 2821
f 3025 3004 3002
f 3027 3026 3025
f 3002 3027 3025
f 3005 3027 3002
f 3028 3005 3007
f 3027 3005 3028
f 3029 3007 3008
f 3028 3007 3029
f 3030 3008 3009
f 3029 3008 3030
f 3031 3009 3010
f 3030 3009 3031
f 3032 3010 3011
f 3031 3010 3032
f 3033 3011 3012
f 3032 3011 3033
f 3034 3012 3013
f 3033 3012 3034
f 3035 3013 3014
f 3034 3013 3035
f 3036 3014 3015
f 3035 3014 3036
f 3037 3015 3016
f 3036 3015 3037
f 3038 3016 3017
f 3037 3016 3038
f 3039 3017 3018
f 3038 3017 3039
f 3040 3018 3019
f 3039 3018 3040
f 3041 3019 3020
f 3040 3019 3041
f 3042 3020 3021
f 3041 3020 3042
f 3043 3021 3022
f 3042 3021 3043
f 2829 3044 2825
f 3044 3022 2825
f 3044 3043 3022
f 2830 3045 2829
f 2829 3045 3044
f 2831 3046 2830
f 2830 3046 3045
f 2832 3047 2831
f 2831 3047 3046
f 2834 3047 2832
f 3048 2838 2839
f 2840 3049 2839
f 2839 3049 3048
f 2841 3050 2840
f 2840 3050 3049
f 2827 3023 2841
f 3023 3050 2841
f 3023 3051 3050
f 3023 3024 3052
f 3023 3052 3051
f 3055 3054 3053
f 3057 3056 3053
f 3057 3053 3054
f 3059 3058 3056
f 3059 3056 3057
f 3061 3060 3058
f 3061 3058 3059
f 3063 3062 3060
f 3063 3060 3061
f 3065 3064 3062
f 3065 3062 3063
f 3067 3066 3064
f 3067 3064 3065
f 3068 3066 3067
f 3070 3069 2843
f 3070 2843 2844
f 2843 3071 2845
f 3069 3071 2843
f 2845 3072 2846
f 3071 3072 2845
f 2846 3073 2847
f 3072 3073 2846
f 2847 3074 2848
f 3073 3074 2847
f 2848 3075 2849
f 3074 3075 2848
f 2849 3076 2850
f 3075 3076 2849
f 3078 3077 2851
f 2850 3078 2851
f 3076 3078 2850
f 3079 3077 3078
f 3080 3026 3027
f 3082 3081 3080
f 3027 3082 3080
f 3028 3082 3027
f 3083 3028 3029
f 3082 3028 3083
f 3084 3029 3030
f 3083 3029 3084
f 3085 3030 3031
f 3084 3030 3085
f 3086 3031 3032
f 3085 3031 3086
f 3087 3032 3033
f 3086 3032 3087
f 3088 3033 3034
f 3087 3033 3088
f 3089 3034 3035
f 3088 3034 3089
f 3090 3035 3036
f 3089 3035 3090
f 3091 3036 3037
f 3090 3036 3091
f 3092 3037 3038
f 3091 3037 3092
f 3093 3038 3039
f 3092 3038 3093
f 3094 3039 3040
f 3093 3039 3094
f 3095 3040 3041
f 3094 3040 3095
f 3096 3041 3042
f 3095 3041 3096
f 3097 3042 3043
f 3096 3042 3097
f 3098 3043 3044
f 3097 3043 3098
f 3099 3044 3045
f 3098 3044 3099
f 3100 3045 3046
f 3099 3045 3100
f 3101 3046 3047
f 3100 3046 3101
f 2852 3102 2834
f 3102 3047 2834
f 3102 3101 3047
f 2853 3103 2852
f 2852 3103 3102
f 2854 3104 2853
f 2853 3104 3103
f 2855 3105 2854
f 2854 3105 3104
f 2856 3106 2855
f 2855 3106 3105
f 2857 3107 2856
f 2856 3107 3106
f 2858 3108 2857
f 2857 3108 3107
f 2859 3109 2858
f 2858 3109 3108
f 2860 3110 2859
f 2859 3110 3109
f 2861 3111 2860
f 2860 3111 3110
f 2862 3112 2861
f 2861 3112 3111
f 2863 3113 2862
f 2862 3113 3112
f 2838 3048 2863
f 3048 3113 2863
f 3048 3114 3113
f 3115 3048 3049
f 3114 3048 3115
f 3050 3117 3116
f 3115 3050 3116
f 3049 3050 3115
f 3117 3050 3051
f 3117 3051 3118
f 3118 3051 3052
f 3121 3120 3119
f 3123 3122 3119
f 3123 3119 3120
f 3122 3123 3055
f 3053 3122 3055
f 3124 3122 3053
f 3125 3053 3056
f 3124 3053 3125
f 3126 3056 3058
f 3125 3056 3126
f 3127 3058 3060
f 3126 3058 3127
f 3128 3060 3062
f 3127 3060 3128
f 3129 3062 3064
f 3128 3062 3129
f 3130 3064 3066
f 3129 3064 3130
f 3066 3068 3131
f 3132 3066 3131
f 3130 3066 3132
f 3133 3132 3131
f 3136 3135 3134
f 2864 2865 3134
f 3135 2864 3134
f 3137 2864 3135
f 2844 2864 3070
f 3070 2864 3137
f 3077 2866 2851
f 3079 3138 3077
f 3138 2866 3077
f 3138 2867 2866
f 2867 3139 2868
f 3138 3139 2867
f 2868 3140 2869
f 3139 3140 2868
f 2869 3141 2870
f 3140 3141 2869
f 3143 3142 2871
f 2870 3143 2871
f 3141 3143 2870
f 3144 3142 3143
f 3145 3081 3082
f 3145 3082 3083
f 3145 3083 3146
f 3148 3147 3146
f 3083 3148 3146
f 3084 3148 3083
f 3149 3084 3085
f 3148 3084 3149
f 3150 3085 3086
f 3149 3085 3150
f 3151 3086 3087
f 3150 3086 3151
f 3152 3087 3088
f 3151 3087 3152
f 3153 3088 3089
f 3152 3088 3153
f 3154 3089 3090
f 3153 3089 3154
f 3155 3090 3091
f 3154 3090 3155
f 3156 3091 3092
f 3155 3091 3156
f 3157 3092 3093
f 3156 3092 3157
f 3158 3093 3094
f 3157 3093 3158
f 3159 3094 3095
f 3158 3094 3159
f 3160 3095 3096
f 3159 3095 3160
f 3161 3096 3097
f 3160 3096 3161
f 3162 3097 3098
f 3161 3097 3162
f 3163 3098 3099
f 3162 3098 3163
f 3164 3099 3100
f 3163 3099 3164
f 3165 3100 3101
f 3164 3100 3165
f 3166 3101 3102
f 3165 3101 3166
f 3103 3168 3167
f 3166 3103 3167
f 3102 3103 3166
f 3168 3103 3104
f 3168 3104 3169
f 3169 3104 3105
f 3169 3105 3170
f 3170 3105 3106
f 3170 3106 3171
f 3171 3106 3107
f 3171 3107 3172
f 3172 3107 3108
f 3172 3108 3173
f 3173 3108 3109
f 3173 3109 3174
f 3174 3109 3110
f 3174 3110 3175
f 3175 3110 3111
f 3175 3111 3176
f 3176 3111 3112
f 3176 3112 3177
f 3177 3112 3113
f 3177 3113 3178
f 3178 3113 3114
f 3178 3114 3179
f 3179 3114 3115
f 3179 3115 3180
f 3180 3115 3116
f 3181 3121 3119
f 3183 3182 3181
f 3119 3183 3181
f 3122 3183 3119
f 3184 3122 3124
f 3183 3122 3184
f 3185 3124 3125
f 3184 3124 3185
f 3186 3125 3126
f 3185 3125 3186
f 3187 3126 3127
f 3186 3126 3187
f 3188 3127 3128
f 3187 3127 3188
f 3189 3128 3129
f 3188 3128 3189
f 3190 3129 3130
f 3189 3129 3190
f 3191 3130 3132
f 3190 3130 3191
f 3132 3133 3192
f 3132 3192 3191
f 3136 3134 3193
f 3136 3193 3194
f 2873 3193 2865
f 2865 3193 3134
f 3142 2874 2871
f 3144 3195 3142
f 3195 2874 3142
f 3195 2875 2874
f 2875 3196 2876
f 3195 3196 2875
f 2878 2876 3196
f 2878 3196 3197
f 3198 3147 3148
f 3198 3148 3149
f 3198 3149 3199
f 3199 3149 3150
f 3199 3150 3200
f 3200 3150 3151
f 3200 3151 3201
f 3203 3202 3201
f 3151 3203 3201
f 3152 3203 3151
f 3204 3152 3153
f 3203 3152 3204
f 3205 3153 3154
f 3204 3153 3205
f 3206 3154 3155
f 3205 3154 3206
f 3207 3155 3156
f 3206 3155 3207
f 3157 3209 3208
f 3207 3157 3208
f 3156 3157 3207
f 3209 3157 3158
f 3209 3158 3210
f 3212 3211 3210
f 3158 3212 3210
f 3159 3212 3158
f 3213 3159 3160
f 3212 3159 3213
f 3214 3160 3161
f 3213 3160 3214
f 3215 3161 3162
f 3214 3161 3215
f 3216 3162 3163
f 3215 3162 3216
f 3164 3218 3217
f 3216 3164 3217
f 3163 3164 3216
f 3218 3164 3165
f 3218 3165 3219
f 3219 3165 3166
f 3219 3166 3220
f 3220 3166 3167
f 3221 3182 3183
f 3221 3183 3184
f 3221 3184 3222
f 3222 3184 3185
f 3222 3185 3223
f 3223 3185 3186
f 3223 3186 3224
f 3224 3186 3187
f 3224 3187 3225
f 3225 3187 3188
f 3225 3188 3226
f 3226 3188 3189
f 3226 3189 3227
f 3227 3189 3190
f 3227 3190 3228
f 3228 3190 3191
f 3228 3191 3229
f 3229 3191 3192
f 3230 3194 3193
f 3193 2873 3230
f 2873 3231 3230
f 2873 2880 3231
f 3197 2881 2878
f 3232 2881 3197
f 3233 3202 3203
f 3233 3203 3204
f 3233 3204 3234
f 3234 3204 3205
f 3234 3205 3235
f 3235 3205 3206
f 3235 3206 3236
f 3236 3206 3207
f 3236 3207 3237
f 3237 3207 3208
f 3238 3211 3212
f 3238 3212 3213
f 3238 3213 3239
f 3239 3213 3214
f 3239 3214 3240
f 3240 3214 3215
f 3240 3215 3241
f 3241 3215 3216
f 3241 3216 3242
f 3242 3216 3217
f 3243 3231 2880
f 3243 2880 2882
f 2882 2884 3243
f 3243 2884 3244
f 3246 3245 2886
f 2886 3245 2885
f 2886 2881 3232
f 2886 3232 3246
f 3247 3244 2884
f 3247 2884 2887
f 2887 2888 3247
f 3247 2888 3248
f 3250 3249 2890
f 2890 3249 2889
f 3251 2890 2891
f 3251 3250 2890
f 3252 2891 2892
f 3252 3251 2891
f 2892 2885 3245
f 2892 3245 3252
f 3253 3248 2888
f 3253 2888 2893
f 3254 2893 2894
f 3254 3253 2893
f 3255 2894 2895
f 3255 3254 2894
f 3256 2895 2896
f 3256 3255 2895
f 3257 2896 2897
f 3257 3256 2896
f 3258 2897 2898
f 3258 3257 2897
f 3259 2898 2899
f 3259 3258 2898
f 3260 2899 2900
f 3260 3259 2899
f 3261 2900 2901
f 3261 3260 2900
f 3262 2901 2902
f 3262 3261 2901
f 2902 2889 3249
f 2902 3249 3262
f 2908 3263 2909
f 3264 2910 2909
f 3264 2909 3263
f 3265 2911 2910
f 3265 2910 3264
f 2911 3265 3266
f 3267 2911 3266
f 2912 2911 3267
f 2912 3268 2913
f 3267 3268 2912
f 2914 2913 3268
f 2914 3268 3269
f 2916 3270 3263
f 2916 3263 2908
f 3272 3264 3271
f 3264 3270 3271
f 3264 3263 3270
f 3264 3272 3265
f 3265 3272 3273
f 3265 3273 3266
f 3269 3274 2914
f 2914 3274 2917
f 2919 2917 3274
f 2919 3274 3275
f 2921 3276 3270
f 2921 3270 2916
f 3271 3270 3277
f 3277 3270 3276
f 3279 2922 3278
f 2922 3275 3278
f 2922 2919 3275
f 3280 3279 3278
f 2924 3281 3276
f 2924 3276 2921
f 3277 3276 3282
f 3282 3276 3281
f 3279 2925 2922
f 2926 2925 3279
f 3280 2926 3279
f 3283 2926 3280
f 2927 3284 3281
f 2927 3281 2924
f 3282 3281 3285
f 3285 3281 3284
f 3283 3286 2926
f 2926 3286 2928
f 2930 2928 3286
f 2930 3286 3287
f 2931 3284 2927
f 3289 3288 2933
f 2933 3288 2931
f 3288 3285 2931
f 3285 3284 2931
f 3289 3290 3288
f 3287 2934 2930
f 3291 2934 3287
f 3293 3292 3289
f 2933 3293 3289
f 2935 3293 2933
f 3289 3292 3290
f 3291 2936 2934
f 3294 2936 3291
f 3296 3295 2937
f 3296 2937 2938
f 2935 2937 3293
f 3293 2937 3295
f 3298 2939 3297
f 2939 3294 3297
f 2939 2936 3294
f 3299 3298 3297
f 3301 3300 2942
f 3301 2942 2941
f 2942 3302 2943
f 3300 3302 2942
f 2943 3303 2944
f 3302 3303 2943
f 2944 3304 2945
f 3303 3304 2944
f 2945 3305 2946
f 3304 3305 2945
f 2946 3306 2947
f 3305 3306 2946
f 2938 2947 3296
f 3296 2947 3306
f 3298 2948 2939
f 2950 2948 3298
f 3299 2950 3298
f 3307 2950 3299
f 3310 3309 3308
f 2951 2952 3308
f 3309 2951 3308
f 3311 2951 3309
f 2951 3312 2953
f 3311 3312 2951
f 2953 3313 2954
f 3312 3313 2953
f 2941 2954 3301
f 3301 2954 3313
f 3315 2955 3314
f 2955 3307 3314
f 2955 2950 3307
f 3316 3315 3314
f 3318 3317 2957
f 3318 2957 2958
f 3308 2959 3310
f 2959 3317 3310
f 2959 2957 3317
f 2959 3308 2952
f 3315 2960 2955
f 3316 3319 3315
f 3319 2960 3315
f 3319 2961 2960
f 3321 3320 2962
f 2961 3321 2962
f 3319 3321 2961
f 3322 3320 3321
f 3325 3324 3323
f 3327 3326 3323
f 3327 3323 3324
f 3327 3318 3326
f 3318 2963 3326
f 3318 2958 2963
f 3320 2964 2962
f 2966 2964 3320
f 3322 2966 3320
f 3328 2966 3322
f 3331 3330 3329
f 3333 3332 3329
f 3333 3329 3330
f 3335 3334 3332
f 3335 3332 3333
f 3337 3336 3334
f 3337 3334 3335
f 3339 3338 3336
f 3339 3336 3337
f 3341 3340 3338
f 3341 3338 3339
f 3343 3342 3340
f 3343 3340 3341
f 3345 3344 3342
f 3345 3342 3343
f 3347 3346 3344
f 3347 3344 3345
f 3349 3348 3346
f 3349 3346 3347
f 3351 3350 3348
f 3351 3348 3349
f 3353 3352 3350
f 3353 3350 3351
f 3355 3354 3352
f 3355 3352 3353
f 3357 3356 3354
f 3357 3354 3355
f 3359 3358 3356
f 3359 3356 3357
f 3361 3360 3358
f 3361 3358 3359
f 3360 3361 3325
f 3360 3325 3323
f 2969 3360 3323
f 2968 2969 3323
f 2968 3323 2971
f 2971 3323 3326
f 2971 3326 2963
f 3362 2972 2973
f 3363 3362 2973
f 2966 3363 2973
f 3328 3363 2966
f 3366 3365 3364
f 3364 3365 3331
f 3329 3364 3331
f 3367 3364 3329
f 3368 3329 3332
f 3367 3329 3368
f 3369 3332 3334
f 3368 3332 3369
f 3370 3334 3336
f 3369 3334 3370
f 2976 3370 2975
f 3370 3338 2975
f 3370 3336 3338
f 2975 3338 2978
f 2978 3338 3340
f 2978 3340 2980
f 2980 3340 3342
f 2980 3342 2982
f 2982 3342 3344
f 2982 3344 2984
f 2984 3344 3346
f 2984 3346 2986
f 2986 3346 3348
f 2986 3348 2988
f 2988 3348 3350
f 2988 3350 2990
f 2990 3350 3352
f 2990 3352 2992
f 2992 3352 3354
f 2992 3354 2994
f 2994 3354 3356
f 2994 3356 2996
f 2996 3356 3358
f 2996 3358 2998
f 2998 3358 3360
f 2998 3360 2969
f 3371 3001 3362
f 3362 3001 2972
f 3362 3363 3372
f 3373 3362 3372
f 3371 3362 3373
f 3375 3374 3373
f 3375 3373 3372
f 3377 3376 3374
f 3377 3374 3375
f 3379 3378 3376
f 3379 3376 3377
f 3381 3380 3378
f 3381 3378 3379
f 3383 3382 3380
f 3383 3380 3381
f 3385 3384 3382
f 3385 3382 3383
f 3387 3386 3384
f 3387 3384 3385
f 3389 3388 3386
f 3389 3386 3387
f 3391 3390 3388
f 3391 3388 3389
f 3393 3392 3390
f 3393 3390 3391
f 3395 3394 3392
f 3395 3392 3393
f 3397 3396 3394
f 3397 3394 3395
f 3399 3398 3396
f 3399 3396 3397
f 3401 3400 3398
f 3401 3398 3399
f 3403 3402 3400
f 3403 3400 3401
f 3404 3402 3403
f 3366 3364 3405
f 3366 3405 3406
f 3407 3364 3367
f 3405 3364 3407
f 3408 3367 3368
f 3407 3367 3408
f 3004 3408 3003
f 3408 3369 3003
f 3408 3368 3369
f 3003 3369 3006
f 3006 3369 3370
f 3006 3370 2976
f 3409 3024 3371
f 3371 3024 3001
f 3410 3371 3373
f 3409 3371 3410
f 3411 3373 3374
f 3410 3373 3411
f 3412 3374 3376
f 3411 3374 3412
f 3413 3376 3378
f 3412 3376 3413
f 3414 3378 3380
f 3413 3378 3414
f 3415 3380 3382
f 3414 3380 3415
f 3416 3382 3384
f 3415 3382 3416
f 3417 3384 3386
f 3416 3384 3417
f 3418 3386 3388
f 3417 3386 3418
f 3419 3388 3390
f 3418 3388 3419
f 3420 3390 3392
f 3419 3390 3420
f 3421 3392 3394
f 3420 3392 3421
f 3422 3394 3396
f 3421 3394 3422
f 3423 3396 3398
f 3422 3396 3423
f 3424 3398 3400
f 3423 3398 3424
f 3425 3400 3402
f 3424 3400 3425
f 3402 3404 3426
f 3427 3402 3426
f 3425 3402 3427
f 3429 3428 3427
f 3429 3427 3426
f 3431 3430 3428
f 3431 3428 3429
f 3432 3430 3431
f 3406 3405 3433
f 3406 3433 3434
f 3435 3405 3407
f 3433 3405 3435
f 3436 3407 3408
f 3435 3407 3436
f 3025 3437 3004
f 3437 3408 3004
f 3437 3436 3408
f 3026 3437 3025
f 3438 3052 3409
f 3409 3052 3024
f 3439 3409 3410
f 3438 3409 3439
f 3440 3410 3411
f 3439 3410 3440
f 3441 3411 3412
f 3440 3411 3441
f 3442 3412 3413
f 3441 3412 3442
f 3443 3413 3414
f 3442 3413 3443
f 3444 3414 3415
f 3443 3414 3444
f 3445 3415 3416
f 3444 3415 3445
f 3446 3416 3417
f 3445 3416 3446
f 3447 3417 3418
f 3446 3417 3447
f 3055 3447 3054
f 3447 3419 3054
f 3447 3418 3419
f 3054 3419 3057
f 3057 3419 3420
f 3057 3420 3059
f 3059 3420 3421
f 3059 3421 3061
f 3061 3421 3422
f 3061 3422 3063
f 3063 3422 3423
f 3063 3423 3065
f 3065 3423 3424
f 3065 3424 3067
f 3067 3424 3425
f 3067 3425 3068
f 3425 3448 3068
f 3425 3427 3448
f 3449 3427 3428
f 3448 3427 3449
f 3450 3428 3430
f 3449 3428 3450
f 3430 3432 3451
f 3452 3430 3451
f 3450 3430 3452
f 3454 3453 3452
f 3454 3452 3451
f 3456 3455 3453
f 3456 3453 3454
f 3458 3457 3455
f 3458 3455 3456
f 3460 3459 3457
f 3460 3457 3458
f 3462 3461 3459
f 3462 3459 3460
f 3464 3463 3461
f 3464 3461 3462
f 3466 3465 3463
f 3466 3463 3464
f 3069 3070 3465
f 3466 3069 3465
f 3467 3069 3466
f 3069 3468 3071
f 3467 3468 3069
f 3071 3469 3072
f 3468 3469 3071
f 3072 3470 3073
f 3469 3470 3072
f 3073 3471 3074
f 3470 3471 3073
f 3074 3472 3075
f 3471 3472 3074
f 3075 3473 3076
f 3472 3473 3075
f 3076 3474 3078
f 3473 3474 3076
f 3476 3475 3079
f 3078 3476 3079
f 3474 3476 3078
f 3477 3475 3476
f 3478 3434 3433
f 3480 3479 3478
f 3433 3480 3478
f 3435 3480 3433
f 3481 3435 3436
f 3480 3435 3481
f 3482 3436 3437
f 3481 3436 3482
f 3080 3483 3026
f 3483 3437 3026
f 3483 3482 3437
f 3081 3483 3080
f 3484 3116 3117
f 3118 3485 3117
f 3117 3485 3484
f 3052 3438 3118
f 3438 3485 3118
f 3438 3486 3485
f 3487 3438 3439
f 3486 3438 3487
f 3488 3439 3440
f 3487 3439 3488
f 3489 3440 3441
f 3488 3440 3489
f 3490 3441 3442
f 3489 3441 3490
f 3491 3442 3443
f 3490 3442 3491
f 3492 3443 3444
f 3491 3443 3492
f 3493 3444 3445
f 3492 3444 3493
f 3121 3493 3120
f 3493 3446 3120
f 3493 3445 3446
f 3120 3446 3123
f 3123 3446 3447
f 3123 3447 3055
f 3448 3131 3068
f 3131 3448 3133
f 3448 3494 3133
f 3448 3449 3494
f 3495 3449 3450
f 3494 3449 3495
f 3496 3450 3452
f 3495 3450 3496
f 3497 3452 3453
f 3496 3452 3497
f 3498 3453 3455
f 3497 3453 3498
f 3499 3455 3457
f 3498 3455 3499
f 3500 3457 3459
f 3499 3457 3500
f 3501 3459 3461
f 3500 3459 3501
f 3136 3501 3135
f 3501 3463 3135
f 3501 3461 3463
f 3135 3463 3137
f 3137 3463 3465
f 3137 3465 3070
f 3475 3138 3079
f 3477 3502 3475
f 3502 3138 3475
f 3502 3139 3138
f 3139 3503 3140
f 3502 3503 3139
f 3140 3504 3141
f 3503 3504 3140
f 3141 3505 3143
f 3504 3505 3141
f 3507 3506 3144
f 3143 3507 3144
f 3505 3507 3143
f 3508 3506 3507
f 3509 3479 3480
f 3511 3510 3509
f 3480 3511 3509
f 3481 3511 3480
f 3512 3481 3482
f 3511 3481 3512
f 3513 3482 3483
f 3512 3482 3513
f 3145 3514 3081
f 3514 3483 3081
f 3514 3513 3483
f 3146 3515 3145
f 3145 3515 3514
f 3147 3515 3146
f 3516 3167 3168
f 3169 3517 3168
f 3168 3517 3516
f 3170 3518 3169
f 3169 3518 3517
f 3171 3519 3170
f 3170 3519 3518
f 3172 3520 3171
f 3171 3520 3519
f 3173 3521 3172
f 3172 3521 3520
f 3174 3522 3173
f 3173 3522 3521
f 3175 3523 3174
f 3174 3523 3522
f 3176 3524 3175
f 3175 3524 3523
f 3177 3525 3176
f 3176 3525 3524
f 3178 3526 3177
f 3177 3526 3525
f 3179 3527 3178
f 3178 3527 3526
f 3180 3528 3179
f 3179 3528 3527
f 3116 3484 3180
f 3484 3528 3180
f 3484 3529 3528
f 3530 3484 3485
f 3529 3484 3530
f 3531 3485 3486
f 3530 3485 3531
f 3532 3486 3487
f 3531 3486 3532
f 3533 3487 3488
f 3532 3487 3533
f 3534 3488 3489
f 3533 3488 3534
f 3535 3489 3490
f 3534 3489 3535
f 3536 3490 3491
f 3535 3490 3536
f 3537 3491 3492
f 3536 3491 3537
f 3538 3492 3493
f 3537 3492 3538
f 3181 3539 3121
f 3539 3493 3121
f 3539 3538 3493
f 3182 3539 3181
f 3540 3192 3494
f 3494 3192 3133
f 3541 3494 3495
f 3540 3494 3541
f 3542 3495 3496
f 3541 3495 3542
f 3543 3496 3497
f 3542 3496 3543
f 3544 3497 3498
f 3543 3497 3544
f 3545 3498 3499
f 3544 3498 3545
f 3546 3499 3500
f 3545 3499 3546
f 3547 3500 3501
f 3546 3500 3547
f 3194 3547 3136
f 3136 3547 3501
f 3506 3195 3144
f 3508 3548 3506
f 3548 3195 3506
f 3548 3196 3195
f 3550 3549 3197
f 3196 3550 3197
f 3548 3550 3196
f 3551 3549 3550
f 3552 3510 3511
f 3554 3553 3552
f 3511 3554 3552
f 3512 3554 3511
f 3555 3512 3513
f 3554 3512 3555
f 3556 3513 3514
f 3555 3513 3556
f 3557 3514 3515
f 3556 3514 3557
f 3198 3558 3147
f 3558 3515 3147
f 3558 3557 3515
f 3199 3559 3198
f 3198 3559 3558
f 3200 3560 3199
f 3199 3560 3559
f 3201 3561 3200
f 3200 3561 3560
f 3202 3561 3201
f 3562 3208 3209
f 3210 3563 3209
f 3209 3563 3562
f 3211 3563 3210
f 3564 3217 3218
f 3219 3565 3218
f 3218 3565 3564
f 3220 3566 3219
f 3219 3566 3565
f 3167 3516 3220
f 3516 3566 3220
f 3516 3567 3566
f 3568 3516 3517
f 3567 3516 3568
f 3569 3517 3518
f 3568 3517 3569
f 3570 3518 3519
f 3569 3518 3570
f 3571 3519 3520
f 3570 3519 3571
f 3572 3520 3521
f 3571 3520 3572
f 3573 3521 3522
f 3572 3521 3573
f 3574 3522 3523
f 3573 3522 3574
f 3575 3523 3524
f 3574 3523 3575
f 3576 3524 3525
f 3575 3524 3576
f 3577 3525 3526
f 3576 3525 3577
f 3578 3526 3527
f 3577 3526 3578
f 3579 3527 3528
f 3578 3527 3579
f 3580 3528 3529
f 3579 3528 3580
f 3581 3529 3530
f 3580 3529 3581
f 3582 3530 3531
f 3581 3530 3582
f 3583 3531 3532
f 3582 3531 3583
f 3584 3532 3533
f 3583 3532 3584
f 3585 3533 3534
f 3584 3533 3585
f 3586 3534 3535
f 3585 3534 3586
f 3587 3535 3536
f 3586 3535 3587
f 3588 3536 3537
f 3587 3536 3588
f 3589 3537 3538
f 3588 3537 3589
f 3590 3538 3539
f 3589 3538 3590
f 3221 3591 3182
f 3591 3539 3182
f 3591 3590 3539
f 3222 3592 3221
f 3221 3592 3591
f 3223 3593 3222
f 3222 3593 3592
f 3224 3594 3223
f 3223 3594 3593
f 3225 3595 3224
f 3224 3595 3594
f 3226 3596 3225
f 3225 3596 3595
f 3227 3597 3226
f 3226 3597 3596
f 3228 3598 3227
f 3227 3598 3597
f 3229 3599 3228
f 3228 3599 3598
f 3192 3540 3229
f 3540 3599 3229
f 3540 3600 3599
f 3601 3540 3541
f 3600 3540 3601
f 3602 3541 3542
f 3601 3541 3602
f 3603 3542 3543
f 3602 3542 3603
f 3604 3543 3544
f 3603 3543 3604
f 3605 3544 3545
f 3604 3544 3605
f 3606 3545 3546
f 3605 3545 3606
f 3607 3546 3547
f 3606 3546 3607
f 3230 3608 3194
f 3608 3547 3194
f 3608 3607 3547
f 3231 3608 3230
f 3610 3609 3549
f 3609 3197 3549
f 3609 3232 3197
f 3610 3549 3551
f 3611 3553 3554
f 3611 3554 3555
f 3611 3555 3612
f 3612 3555 3556
f 3612 3556 3613
f 3615 3614 3613
f 3556 3615 3613
f 3557 3615 3556
f 3616 3557 3558
f 3615 3557 3616
f 3617 3558 3559
f 3616 3558 3617
f 3618 3559 3560
f 3617 3559 3618
f 3619 3560 3561
f 3618 3560 3619
f 3233 3620 3202
f 3620 3561 3202
f 3620 3619 3561
f 3234 3621 3233
f 3233 3621 3620
f 3235 3622 3234
f 3234 3622 3621
f 3236 3623 3235
f 3235 3623 3622
f 3237 3624 3236
f 3236 3624 3623
f 3208 3562 3237
f 3562 3624 3237
f 3562 3625 3624
f 3626 3562 3563
f 3625 3562 3626
f 3238 3627 3211
f 3627 3563 3211
f 3627 3626 3563
f 3239 3628 3238
f 3238 3628 3627
f 3240 3629 3239
f 3239 3629 3628
f 3241 3630 3240
f 3240 3630 3629
f 3242 3631 3241
f 3241 3631 3630
f 3217 3564 3242
f 3564 3631 3242
f 3564 3632 3631
f 3633 3564 3565
f 3632 3564 3633
f 3634 3565 3566
f 3633 3565 3634
f 3635 3566 3567
f 3634 3566 3635
f 3636 3567 3568
f 3635 3567 3636
f 3637 3568 3569
f 3636 3568 3637
f 3638 3569 3570
f 3637 3569 3638
f 3639 3570 3571
f 3638 3570 3639
f 3640 3571 3572
f 3639 3571 3640
f 3641 3572 3573
f 3640 3572 3641
f 3642 3573 3574
f 3641 3573 3642
f 3643 3574 3575
f 3642 3574 3643
f 3644 3575 3576
f 3643 3575 3644
f 3645 3576 3577
f 3644 3576 3645
f 3646 3577 3578
f 3645 3577 3646
f 3647 3578 3579
f 3646 3578 3647
f 3648 3579 3580
f 3647 3579 3648
f 3649 3580 3581
f 3648 3580 3649
f 3650 3581 3582
f 3649 3581 3650
f 3651 3582 3583
f 3650 3582 3651
f 3652 3583 3584
f 3651 3583 3652
f 3653 3584 3585
f 3652 3584 3653
f 3654 3585 3586
f 3653 3585 3654
f 3655 3586 3587
f 3654 3586 3655
f 3656 3587 3588
f 3655 3587 3656
f 3657 3588 3589
f 3656 3588 3657
f 3658 3589 3590
f 3657 3589 3658
f 3659 3590 3591
f 3658 3590 3659
f 3660 3591 3592
f 3659 3591 3660
f 3661 3592 3593
f 3660 3592 3661
f 3662 3593 3594
f 3661 3593 3662
f 3663 3594 3595
f 3662 3594 3663
f 3664 3595 3596
f 3663 3595 3664
f 3665 3596 3597
f 3664 3596 3665
f 3598 3667 3666
f 3665 3598 3666
f 3597 3598 3665
f 3667 3598 3599
f 3667 3599 3668
f 3668 3599 3600
f 3668 3600 3669
f 3669 3600 3601
f 3669 3601 3670
f 3670 3601 3602
f 3670 3602 3671
f 3671 3602 3603
f 3671 3603 3672
f 3672 3603 3604
f 3672 3604 3673
f 3673 3604 3605
f 3673 3605 3674
f 3674 3605 3606
f 3674 3606 3675
f 3675 3606 3607
f 3675 3607 3676
f 3676 3607 3608
f 3676 3608 3677
f 3679 3677 3678
f 3678 3677 3243
f 3677 3608 3243
f 3608 3231 3243
f 3244 3678 3243
f 3680 3245 3246
f 3681 3680 3246
f 3232 3681 3246
f 3609 3681 3232
f 3682 3614 3615
f 3682 3615 3616
f 3682 3616 3683
f 3683 3616 3617
f 3683 3617 3684
f 3684 3617 3618
f 3684 3618 3685
f 3685 3618 3619
f 3685 3619 3686
f 3686 3619 3620
f 3686 3620 3687
f 3687 3620 3621
f 3687 3621 3688
f 3688 3621 3622
f 3688 3622 3689
f 3691 3690 3689
f 3622 3691 3689
f 3623 3691 3622
f 3692 3623 3624
f 3691 3623 3692
f 3693 3624 3625
f 3692 3624 3693
f 3694 3625 3626
f 3693 3625 3694
f 3695 3626 3627
f 3694 3626 3695
f 3696 3627 3628
f 3695 3627 3696
f 3697 3628 3629
f 3696 3628 3697
f 3698 3629 3630
f 3697 3629 3698
f 3699 3630 3631
f 3698 3630 3699
f 3700 3631 3632
f 3699 3631 3700
f 3701 3632 3633
f 3700 3632 3701
f 3702 3633 3634
f 3701 3633 3702
f 3703 3634 3635
f 3702 3634 3703
f 3636 3705 3704
f 3703 3636 3704
f 3635 3636 3703
f 3705 3636 3637
f 3705 3637 3706
f 3706 3637 3638
f 3706 3638 3707
f 3707 3638 3639
f 3707 3639 3708
f 3708 3639 3640
f 3708 3640 3709
f 3709 3640 3641
f 3709 3641 3710
f 3710 3641 3642
f 3710 3642 3711
f 3711 3642 3643
f 3711 3643 3712
f 3712 3643 3644
f 3712 3644 3713
f 3713 3644 3645
f 3713 3645 3714
f 3714 3645 3646
f 3714 3646 3715
f 3715 3646 3647
f 3715 3647 3716
f 3716 3647 3648
f 3716 3648 3717
f 3717 3648 3649
f 3717 3649 3718
f 3718 3649 3650
f 3718 3650 3719
f 3719 3650 3651
f 3719 3651 3720
f 3720 3651 3652
f 3720 3652 3721
f 3721 3652 3653
f 3721 3653 3722
f 3722 3653 3654
f 3722 3654 3723
f 3723 3654 3655
f 3723 3655 3724
f 3724 3655 3656
f 3724 3656 3725
f 3725 3656 3657
f 3725 3657 3726
f 3726 3657 3658
f 3726 3658 3727
f 3727 3658 3659
f 3727 3659 3728
f 3728 3659 3660
f 3728 3660 3729
f 3729 3660 3661
f 3729 3661 3730
f 3730 3661 3662
f 3730 3662 3731
f 3731 3662 3663
f 3731 3663 3732
f 3732 3663 3664
f 3732 3664 3733
f 3733 3664 3665
f 3733 3665 3734
f 3734 3665 3666
f 3735 3679 3678
f 3737 3735 3736
f 3736 3735 3247
f 3735 3678 3247
f 3678 3244 3247
f 3248 3736 3247
f 3738 3249 3250
f 3738 3250 3739
f 3250 3740 3739
f 3250 3251 3740
f 3741 3251 3252
f 3741 3740 3251
f 3252 3245 3680
f 3742 3252 3680
f 3741 3252 3742
f 3742 3680 3681
f 3743 3690 3691
f 3743 3691 3692
f 3743 3692 3744
f 3744 3692 3693
f 3744 3693 3745
f 3745 3693 3694
f 3745 3694 3746
f 3746 3694 3695
f 3746 3695 3747
f 3747 3695 3696
f 3747 3696 3748
f 3748 3696 3697
f 3748 3697 3749
f 3749 3697 3698
f 3749 3698 3750
f 3750 3698 3699
f 3750 3699 3751
f 3751 3699 3700
f 3751 3700 3752
f 3752 3700 3701
f 3752 3701 3753
f 3753 3701 3702
f 3753 3702 3754
f 3754 3702 3703
f 3754 3703 3755
f 3755 3703 3704
f 3756 3737 3736
f 3756 3736 3248
f 3253 3756 3248
f 3757 3756 3253
f 3758 3253 3254
f 3758 3757 3253
f 3759 3254 3255
f 3759 3758 3254
f 3760 3255 3256
f 3760 3759 3255
f 3761 3256 3257
f 3761 3760 3256
f 3762 3257 3258
f 3762 3761 3257
f 3763 3258 3259
f 3763 3762 3258
f 3764 3259 3260
f 3764 3763 3259
f 3765 3260 3261
f 3765 3764 3260
f 3766 3261 3262
f 3766 3765 3261
f 3262 3249 3738
f 3767 3262 3738
f 3766 3262 3767
f 3767 3738 3739
f 3266 3768 3267
f 3769 3268 3267
f 3769 3267 3768
f 3769 3269 3268
f 3271 3770 3272
f 3771 3273 3272
f 3771 3272 3770
f 3771 3772 3273
f 3273 3772 3266
f 3772 3773 3266
f 3773 3768 3266
f 3768 3773 3769
f 3769 3773 3774
f 3769 3774 3269
f 3774 3274 3269
f 3774 3775 3274
f 3275 3274 3775
f 3275 3775 3776
f 3277 3777 3770
f 3277 3770 3271
f 3770 3778 3771
f 3770 3777 3778
f 3772 3771 3779
f 3779 3771 3778
f 3776 3780 3275
f 3275 3780 3278
f 3280 3278 3780
f 3280 3780 3781
f 3282 3782 3777
f 3282 3777 3277
f 3784 3778 3783
f 3778 3782 3783
f 3778 3777 3782
f 3778 3784 3779
f 3781 3283 3280
f 3785 3283 3781
f 3285 3786 3782
f 3285 3782 3282
f 3783 3782 3787
f 3787 3782 3786
f 3785 3788 3283
f 3283 3788 3286
f 3287 3286 3788
f 3287 3788 3789
f 3288 3786 3285
f 3288 3290 3786
f 3290 3787 3786
f 3290 3790 3787
f 3792 3291 3791
f 3291 3789 3791
f 3291 3287 3789
f 3793 3792 3791
f 3795 3794 3292
f 3795 3292 3293
f 3290 3292 3790
f 3790 3292 3794
f 3796 3294 3792
f 3792 3294 3291
f 3792 3793 3797
f 3792 3797 3796
f 3799 3798 3295
f 3799 3295 3296
f 3293 3295 3795
f 3795 3295 3798
f 3796 3297 3294
f 3299 3297 3796
f 3797 3299 3796
f 3800 3299 3797
f 3301 3801 3300
f 3300 3801 3802
f 3803 3300 3802
f 3302 3300 3803
f 3302 3804 3303
f 3803 3804 3302
f 3303 3805 3304
f 3804 3805 3303
f 3304 3806 3305
f 3805 3806 3304
f 3305 3807 3306
f 3806 3807 3305
f 3296 3306 3799
f 3799 3306 3807
f 3809 3307 3808
f 3307 3800 3808
f 3307 3299 3800
f 3810 3809 3808
f 3812 3811 3309
f 3812 3309 3310
f 3309 3813 3311
f 3811 3813 3309
f 3311 3814 3312
f 3813 3814 3311
f 3312 3815 3313
f 3814 3815 3312
f 3301 3313 3801
f 3313 3816 3801
f 3313 3815 3816
f 3801 3816 3802
f 3809 3314 3307
f 3818 3817 3316
f 3818 3316 3314
f 3810 3818 3314
f 3809 3810 3314
f 3819 3817 3818
f 3822 3821 3820
f 3824 3823 3820
f 3824 3820 3821
f 3826 3825 3823
f 3826 3823 3824
f 3828 3827 3825
f 3828 3825 3826
f 3830 3829 3827
f 3830 3827 3828
f 3832 3831 3829
f 3832 3829 3830
f 3834 3833 3831
f 3834 3831 3832
f 3835 3833 3834
f 3838 3837 3836
f 3317 3318 3836
f 3837 3317 3836
f 3839 3317 3837
f 3310 3317 3812
f 3812 3317 3839
f 3817 3319 3316
f 3819 3840 3817
f 3840 3319 3817
f 3840 3321 3319
f 3842 3841 3322
f 3321 3842 3322
f 3840 3842 3321
f 3843 3841 3842
f 3846 3845 3844
f 3848 3847 3844
f 3848 3844 3845
f 3850 3849 3847
f 3850 3847 3848
f 3849 3850 3822
f 3820 3849 3822
f 3851 3849 3820
f 3852 3820 3823
f 3851 3820 3852
f 3853 3823 3825
f 3852 3823 3853
f 3854 3825 3827
f 3853 3825 3854
f 3855 3827 3829
f 3854 3827 3855
f 3856 3829 3831
f 3855 3829 3856
f 3857 3831 3833
f 3856 3831 3857
f 3833 3835 3858
f 3859 3833 3858
f 3857 3833 3859
f 3861 3860 3859
f 3861 3859 3858
f 3863 3862 3860
f 3863 3860 3861
f 3865 3864 3862
f 3865 3862 3863
f 3867 3866 3864
f 3867 3864 3865
f 3869 3868 3866
f 3869 3866 3867
f 3871 3870 3868
f 3871 3868 3869
f 3873 3872 3870
f 3873 3870 3871
f 3324 3325 3872
f 3873 3324 3872
f 3874 3324 3873
f 3836 3327 3838
f 3327 3874 3838
f 3327 3324 3874
f 3327 3836 3318
f 3875 3328 3841
f 3841 3328 3322
f 3841 3843 3876
f 3877 3841 3876
f 3875 3841 3877
f 3879 3878 3877
f 3879 3877 3876
f 3881 3880 3878
f 3881 3878 3879
f 3883 3882 3880
f 3883 3880 3881
f 3884 3882 3883
f 3887 3886 3885
f 3885 3886 3846
f 3844 3885 3846
f 3888 3885 3844
f 3889 3844 3847
f 3888 3844 3889
f 3331 3889 3330
f 3889 3849 3330
f 3889 3847 3849
f 3330 3849 3333
f 3333 3849 3851
f 3333 3851 3335
f 3335 3851 3852
f 3335 3852 3337
f 3337 3852 3853
f 3337 3853 3339
f 3339 3853 3854
f 3339 3854 3341
f 3341 3854 3855
f 3341 3855 3343
f 3343 3855 3856
f 3343 3856 3345
f 3345 3856 3857
f 3345 3857 3347
f 3347 3857 3859
f 3347 3859 3349
f 3349 3859 3860
f 3349 3860 3351
f 3351 3860 3862
f 3351 3862 3353
f 3353 3862 3864
f 3353 3864 3355
f 3355 3864 3866
f 3355 3866 3357
f 3357 3866 3868
f 3357 3868 3359
f 3359 3868 3870
f 3359 3870 3361
f 3361 3870 3872
f 3361 3872 3325
f 3890 3363 3875
f 3875 3363 3328
f 3891 3875 3877
f 3890 3875 3891
f 3892 3877 3878
f 3891 3877 3892
f 3893 3878 3880
f 3892 3878 3893
f 3894 3880 3882
f 3893 3880 3894
f 3882 3884 3895
f 3896 3882 3895
f 3894 3882 3896
f 3898 3897 3896
f 3898 3896 3895
f 3900 3899 3897
f 3900 3897 3898
f 3902 3901 3899
f 3902 3899 3900
f 3904 3903 3901
f 3904 3901 3902
f 3906 3905 3903
f 3906 3903 3904
f 3908 3907 3905
f 3908 3905 3906
f 3910 3909 3907
f 3910 3907 3908
f 3912 3911 3909
f 3912 3909 3910
f 3914 3913 3911
f 3914 3911 3912
f 3916 3915 3913
f 3916 3913 3914
f 3917 3915 3916
f 3920 3919 3918
f 3918 3919 3887
f 3885 3918 3887
f 3921 3918 3885
f 3922 3885 3888
f 3921 3885 3922
f 3366 3922 3365
f 3922 3889 3365
f 3922 3888 3889
f 3365 3889 3331
f 3890 3372 3363
f 3372 3890 3375
f 3375 3890 3891
f 3375 3891 3377
f 3377 3891 3892
f 3377 3892 3379
f 3379 3892 3893
f 3379 3893 3381
f 3381 3893 3894
f 3381 3894 3383
f 3383 3894 3896
f 3383 3896 3385
f 3385 3896 3897
f 3385 3897 3387
f 3387 3897 3899
f 3387 3899 3389
f 3389 3899 3901
f 3389 3901 3391
f 3391 3901 3903
f 3391 3903 3393
f 3393 3903 3905
f 3393 3905 3395
f 3395 3905 3907
f 3395 3907 3397
f 3397 3907 3909
f 3397 3909 3399
f 3399 3909 3911
f 3399 3911 3401
f 3401 3911 3913
f 3401 3913 3403
f 3403 3913 3915
f 3924 3923 3404
f 3924 3404 3403
f 3917 3924 3403
f 3915 3917 3403
f 3926 3925 3923
f 3926 3923 3924
f 3928 3927 3925
f 3928 3925 3926
f 3930 3929 3927
f 3930 3927 3928
f 3932 3931 3929
f 3932 3929 3930
f 3934 3933 3931
f 3934 3931 3932
f 3935 3933 3934
f 3920 3918 3936
f 3920 3936 3937
f 3938 3918 3921
f 3936 3918 3938
f 3939 3921 3922
f 3938 3921 3939
f 3406 3939 3366
f 3366 3939 3922
f 3923 3426 3404
f 3426 3923 3429
f 3429 3923 3925
f 3429 3925 3431
f 3431 3925 3927
f 3431 3927 3432
f 3927 3940 3432
f 3927 3929 3940
f 3941 3929 3931
f 3940 3929 3941
f 3942 3931 3933
f 3941 3931 3942
f 3933 3935 3943
f 3944 3933 3943
f 3942 3933 3944
f 3946 3945 3944
f 3946 3944 3943
f 3948 3947 3945
f 3948 3945 3946
f 3950 3949 3947
f 3950 3947 3948
f 3952 3951 3949
f 3952 3949 3950
f 3953 3951 3952
f 3954 3937 3936
f 3956 3955 3954
f 3936 3956 3954
f 3938 3956 3936
f 3957 3938 3939
f 3956 3938 3957
f 3434 3957 3406
f 3406 3957 3939
f 3940 3451 3432
f 3451 3940 3454
f 3454 3940 3941
f 3454 3941 3456
f 3456 3941 3942
f 3456 3942 3458
f 3458 3942 3944
f 3458 3944 3460
f 3460 3944 3945
f 3460 3945 3462
f 3462 3945 3947
f 3462 3947 3464
f 3464 3947 3949
f 3464 3949 3466
f 3466 3949 3951
f 3953 3958 3951
f 3958 3466 3951
f 3958 3467 3466
f 3467 3959 3468
f 3958 3959 3467
f 3468 3960 3469
f 3959 3960 3468
f 3469 3961 3470
f 3960 3961 3469
f 3470 3962 3471
f 3961 3962 3470
f 3471 3963 3472
f 3962 3963 3471
f 3472 3964 3473
f 3963 3964 3472
f 3473 3965 3474
f 3964 3965 3473
f 3474 3966 3476
f 3965 3966 3474
f 3968 3967 3477
f 3476 3968 3477
f 3966 3968 3476
f 3969 3967 3968
f 3955 3956 3970
f 3955 3970 3971
f 3972 3956 3957
f 3970 3956 3972
f 3478 3973 3434
f 3973 3957 3434
f 3973 3972 3957
f 3479 3973 3478
f 3967 3502 3477
f 3969 3974 3967
f 3974 3502 3967
f 3974 3503 3502
f 3503 3975 3504
f 3974 3975 3503
f 3504 3976 3505
f 3975 3976 3504
f 3505 3977 3507
f 3976 3977 3505
f 3508 3507 3977
f 3508 3977 3978
f 3979 3971 3970
f 3981 3980 3979
f 3970 3981 3979
f 3972 3981 3970
f 3982 3972 3973
f 3981 3972 3982
f 3509 3983 3479
f 3983 3973 3479
f 3983 3982 3973
f 3510 3983 3509
f 3978 3984 3508
f 3508 3984 3548
f 3548 3985 3550
f 3984 3985 3548
f 3551 3550 3985
f 3551 3985 3986
f 3987 3980 3981
f 3989 3988 3987
f 3981 3989 3987
f 3982 3989 3981
f 3990 3982 3983
f 3989 3982 3990
f 3552 3991 3510
f 3991 3983 3510
f 3991 3990 3983
f 3553 3991 3552
f 3992 3609 3610
f 3993 3992 3610
f 3551 3993 3610
f 3986 3993 3551
f 3994 3988 3989
f 3994 3989 3990
f 3994 3990 3995
f 3997 3996 3995
f 3990 3997 3995
f 3991 3997 3990
f 3611 3998 3553
f 3998 3991 3553
f 3998 3997 3991
f 3612 3999 3611
f 3611 3999 3998
f 3613 4000 3612
f 3612 4000 3999
f 3614 4000 3613
f 4001 3666 3667
f 3668 4002 3667
f 3667 4002 4001
f 3669 4003 3668
f 3668 4003 4002
f 3670 4004 3669
f 3669 4004 4003
f 3671 4005 3670
f 3670 4005 4004
f 3672 4006 3671
f 3671 4006 4005
f 3673 4007 3672
f 3672 4007 4006
f 3674 4008 3673
f 3673 4008 4007
f 3675 4009 3674
f 3674 4009 4008
f 3676 4010 3675
f 3675 4010 4009
f 3677 4011 3676
f 3676 4011 4010
f 3679 4011 3677
f 4013 4012 3992
f 4012 3609 3992
f 4012 3681 3609
f 4013 3992 3993
f 4014 3996 3997
f 4014 3997 3998
f 4014 3998 4015
f 4015 3998 3999
f 4015 3999 4016
f 4018 4017 4016
f 3999 4018 4016
f 4000 4018 3999
f 3682 4019 3614
f 4019 4000 3614
f 4019 4018 4000
f 3683 4020 3682
f 3682 4020 4019
f 3684 4021 3683
f 3683 4021 4020
f 3685 4022 3684
f 3684 4022 4021
f 3686 4023 3685
f 3685 4023 4022
f 3687 4024 3686
f 3686 4024 4023
f 3688 4025 3687
f 3687 4025 4024
f 3689 4026 3688
f 3688 4026 4025
f 3690 4026 3689
f 4027 3704 3705
f 3706 4028 3705
f 3705 4028 4027
f 3707 4029 3706
f 3706 4029 4028
f 3708 4030 3707
f 3707 4030 4029
f 3709 4031 3708
f 3708 4031 4030
f 3710 4032 3709
f 3709 4032 4031
f 3711 4033 3710
f 3710 4033 4032
f 3712 4034 3711
f 3711 4034 4033
f 3713 4035 3712
f 3712 4035 4034
f 3714 4036 3713
f 3713 4036 4035
f 3715 4037 3714
f 3714 4037 4036
f 3716 4038 3715
f 3715 4038 4037
f 3717 4039 3716
f 3716 4039 4038
f 3718 4040 3717
f 3717 4040 4039
f 3719 4041 3718
f 3718 4041 4040
f 3720 4042 3719
f 3719 4042 4041
f 3721 4043 3720
f 3720 4043 4042
f 3722 4044 3721
f 3721 4044 4043
f 3723 4045 3722
f 3722 4045 4044
f 3724 4046 3723
f 3723 4046 4045
f 3725 4047 3724
f 3724 4047 4046
f 3726 4048 3725
f 3725 4048 4047
f 3727 4049 3726
f 3726 4049 4048
f 3728 4050 3727
f 3727 4050 4049
f 3729 4051 3728
f 3728 4051 4050
f 3730 4052 3729
f 3729 4052 4051
f 3731 4053 3730
f 3730 4053 4052
f 3732 4054 3731
f 3731 4054 4053
f 3733 4055 3732
f 3732 4055 4054
f 3734 4056 3733
f 3733 4056 4055
f 3666 4001 3734
f 4001 4056 3734
f 4001 4057 4056
f 4058 4001 4002
f 4057 4001 4058
f 4059 4002 4003
f 4058 4002 4059
f 4060 4003 4004
f 4059 4003 4060
f 4005 4062 4061
f 4060 4005 4061
f 4004 4005 4060
f 4062 4005 4006
f 4062 4006 4063
f 4063 4006 4007
f 4063 4007 4064
f 4064 4007 4008
f 4064 4008 4065
f 4065 4008 4009
f 4065 4009 4066
f 4066 4009 4010
f 4066 4010 4067
f 4067 4010 4011
f 4067 4011 4068
f 4070 4068 4069
f 4069 4068 3735
f 4068 4011 3735
f 4011 3679 3735
f 3737 4069 3735
f 4071 3739 3740
f 4071 3740 4072
f 3740 4073 4072
f 3740 3741 4073
f 4074 3741 3742
f 4074 4073 3741
f 3742 3681 4012
f 3742 4012 4074
f 4075 4017 4018
f 4075 4018 4019
f 4075 4019 4076
f 4076 4019 4020
f 4076 4020 4077
f 4077 4020 4021
f 4077 4021 4078
f 4078 4021 4022
f 4078 4022 4079
f 4079 4022 4023
f 4079 4023 4080
f 4080 4023 4024
f 4080 4024 4081
f 4081 4024 4025
f 4081 4025 4082
f 4082 4025 4026
f 4082 4026 4083
f 4083 4026 3690
f 3743 4083 3690
f 4084 4083 3743
f 4085 3743 3744
f 4085 4084 3743
f 4086 3744 3745
f 4086 4085 3744
f 4087 3745 3746
f 4087 4086 3745
f 4089 4087 4088
f 4087 3747 4088
f 4087 3746 3747
f 3748 4090 3747
f 3747 4090 4088
f 3749 4091 3748
f 3748 4091 4090
f 3750 4092 3749
f 3749 4092 4091
f 3751 4093 3750
f 3750 4093 4092
f 3752 4094 3751
f 3751 4094 4093
f 4094 3752 4095
f 3752 4096 4095
f 3752 3753 4096
f 4097 3753 3754
f 4097 4096 3753
f 4098 3754 3755
f 4098 4097 3754
f 3755 3704 4027
f 4099 3755 4027
f 4098 3755 4099
f 4099 4027 4028
f 4099 4028 4100
f 4100 4028 4029
f 4100 4029 4101
f 4101 4029 4030
f 4101 4030 4102
f 4102 4030 4031
f 4102 4031 4103
f 4103 4031 4032
f 4103 4032 4104
f 4104 4032 4033
f 4104 4033 4105
f 4105 4033 4034
f 4105 4034 4106
f 4106 4034 4035
f 4106 4035 4107
f 4107 4035 4036
f 4107 4036 4108
f 4108 4036 4037
f 4108 4037 4109
f 4109 4037 4038
f 4109 4038 4110
f 4110 4038 4039
f 4110 4039 4111
f 4111 4039 4040
f 4111 4040 4112
f 4112 4040 4041
f 4112 4041 4113
f 4113 4041 4042
f 4113 4042 4114
f 4114 4042 4043
f 4114 4043 4115
f 4115 4043 4044
f 4115 4044 4116
f 4116 4044 4045
f 4116 4045 4117
f 4117 4045 4046
f 4117 4046 4118
f 4118 4046 4047
f 4118 4047 4119
f 4119 4047 4048
f 4119 4048 4120
f 4120 4048 4049
f 4120 4049 4121
f 4121 4049 4050
f 4121 4050 4122
f 4122 4050 4051
f 4122 4051 4123
f 4123 4051 4052
f 4123 4052 4124
f 4124 4052 4053
f 4124 4053 4125
f 4125 4053 4054
f 4125 4054 4126
f 4126 4054 4055
f 4126 4055 4127
f 4127 4055 4056
f 4127 4056 4128
f 4128 4056 4057
f 4128 4057 4129
f 4129 4057 4058
f 4129 4058 4130
f 4130 4058 4059
f 4130 4059 4131
f 4131 4059 4060
f 4131 4060 4132
f 4132 4060 4061
f 4133 4070 4069
f 4133 4069 3737
f 3756 4133 3737
f 4134 4133 3756
f 4135 3756 3757
f 4135 4134 3756
f 4136 3757 3758
f 4136 4135 3757
f 4137 3758 3759
f 4137 4136 3758
f 4138 3759 3760
f 4138 4137 3759
f 4139 3760 3761
f 4139 4138 3760
f 4140 3761 3762
f 4140 4139 3761
f 4141 3762 3763
f 4141 4140 3762
f 4142 3763 3764
f 4142 4141 3763
f 4143 3764 3765
f 4143 4142 3764
f 4144 3765 3766
f 4144 4143 3765
f 4145 3766 3767
f 4145 4144 3766
f 3767 3739 4071
f 4146 3767 4071
f 4145 3767 4146
f 4146 4071 4072
f 4147 4089 4088
f 4147 4088 4090
f 4147 4090 4148
f 4148 4090 4091
f 4148 4091 4149
f 4149 4091 4092
f 4149 4092 4150
f 4150 4092 4093
f 4150 4093 4151
f 4151 4093 4094
f 4151 4094 4152
f 4152 4094 4095
f 3772 4153 3773
f 3773 4153 4154
f 4155 3773 4154
f 3774 3773 4155
f 3774 4156 3775
f 4155 4156 3774
f 4158 4157 3776
f 3775 4158 3776
f 4156 4158 3775
f 4159 4157 4158
f 4161 4160 4153
f 3772 4161 4153
f 3779 4161 3772
f 4153 4160 4154
f 4157 3780 3776
f 3781 3780 4157
f 4159 3781 4157
f 4162 3781 4159
f 3783 4163 3784
f 4163 4164 3784
f 4164 3779 3784
f 4164 4161 3779
f 4166 3785 4165
f 3785 4162 4165
f 3785 3781 4162
f 4167 4166 4165
f 4169 4168 4163
f 3783 4169 4163
f 3787 4169 3783
f 4163 4168 4164
f 4166 3788 3785
f 3789 3788 4166
f 4167 3789 4166
f 4170 3789 4167
f 3790 4169 3787
f 3790 4171 4169
f 4170 4172 3789
f 3789 4172 3791
f 3793 3791 4172
f 3793 4172 4173
f 3795 4174 3794
f 4174 4175 3794
f 4175 3790 3794
f 4175 4171 3790
f 4173 3797 3793
f 4176 3797 4173
f 4178 4177 3798
f 4178 3798 3799
f 3795 3798 4174
f 3798 4179 4174
f 3798 4177 4179
f 4174 4179 4175
f 4181 3800 4180
f 3800 4176 4180
f 3800 3797 4176
f 4182 4181 4180
f 3802 4183 3803
f 4184 3804 3803
f 4184 3803 4183
f 3804 4184 4185
f 4186 3804 4185
f 3805 3804 4186
f 3805 4187 3806
f 4186 4187 3805
f 3806 4188 3807
f 4187 4188 3806
f 3799 3807 4178
f 4178 3807 4188
f 4181 3808 3800
f 4190 4189 3810
f 4190 3810 3808
f 4182 4190 3808
f 4181 4182 3808
f 4191 4189 4190
f 4194 4193 4192
f 4196 4195 4192
f 4196 4192 4193
f 4198 4197 4195
f 4198 4195 4196
f 4200 4199 4197
f 4200 4197 4198
f 4202 4201 4199
f 4202 4199 4200
f 4204 4203 4201
f 4204 4201 4202
f 4206 4205 4203
f 4206 4203 4204
f 4208 4207 4205
f 4208 4205 4206
f 4210 4209 4207
f 4210 4207 4208
f 4211 4209 4210
f 4214 4213 4212
f 3811 3812 4212
f 4213 3811 4212
f 4215 3811 4213
f 3811 4216 3813
f 4215 4216 3811
f 3813 4217 3814
f 4216 4217 3813
f 3814 4218 3815
f 4217 4218 3814
f 3815 4219 3816
f 4218 4219 3815
f 3802 3816 4183
f 3816 4220 4183
f 3816 4219 4220
f 4183 4220 4184
f 4184 4220 4221
f 4184 4221 4185
f 4189 3818 3810
f 4223 4222 3819
f 4223 3819 3818
f 4191 4223 3818
f 4189 4191 3818
f 4225 4224 4222
f 4225 4222 4223
f 4226 4224 4225
f 4229 4228 4227
f 4231 4230 4227
f 4231 4227 4228
f 4233 4232 4230
f 4233 4230 4231
f 4232 4233 4194
f 4192 4232 4194
f 4234 4232 4192
f 3822 4234 3821
f 4234 4195 3821
f 4234 4192 4195
f 3821 4195 3824
f 3824 4195 4197
f 3824 4197 3826
f 3826 4197 4199
f 3826 4199 3828
f 3828 4199 4201
f 3828 4201 3830
f 3830 4201 4203
f 3830 4203 3832
f 3832 4203 4205
f 3832 4205 3834
f 3834 4205 4207
f 3834 4207 3835
f 4207 4235 3835
f 4207 4209 4235
f 4209 4211 4236
f 4237 4209 4236
f 4235 4209 4237
f 4239 4238 4237
f 4239 4237 4236
f 4241 4240 4238
f 4241 4238 4239
f 4243 4242 4240
f 4243 4240 4241
f 4245 4244 4242
f 4245 4242 4243
f 4247 4246 4244
f 4247 4244 4245
f 4249 4248 4246
f 4249 4246 4247
f 4251 4250 4248
f 4251 4248 4249
f 3837 3838 4250
f 4251 3837 4250
f 4252 3837 4251
f 4212 3839 4214
f 3839 4252 4214
f 3839 3837 4252
f 3839 4212 3812
f 4222 3840 3819
f 3840 4222 3842
f 3842 4222 4224
f 4254 4253 3843
f 4254 3843 3842
f 4226 4254 3842
f 4224 4226 3842
f 4256 4255 4253
f 4256 4253 4254
f 4258 4257 4255
f 4258 4255 4256
f 4260 4259 4257
f 4260 4257 4258
f 4262 4261 4259
f 4262 4259 4260
f 4264 4263 4261
f 4264 4261 4262
f 4265 4263 4264
f 4268 4267 4266
f 4270 4269 4266
f 4270 4266 4267
f 4272 4271 4269
f 4272 4269 4270
f 4271 4272 4229
f 4227 4271 4229
f 4273 4271 4227
f 3846 4273 3845
f 4273 4230 3845
f 4273 4227 4230
f 3845 4230 3848
f 3848 4230 4232
f 3848 4232 3850
f 3850 4232 4234
f 3850 4234 3822
f 4235 3858 3835
f 3858 4235 3861
f 3861 4235 4237
f 3861 4237 3863
f 3863 4237 4238
f 3863 4238 3865
f 3865 4238 4240
f 3865 4240 3867
f 3867 4240 4242
f 3867 4242 3869
f 3869 4242 4244
f 3869 4244 3871
f 3871 4244 4246
f 3871 4246 3873
f 3873 4246 4248
f 3873 4248 3874
f 3874 4248 4250
f 3874 4250 3838
f 4253 3876 3843
f 3876 4253 3879
f 3879 4253 4255
f 3879 4255 3881
f 3881 4255 4257
f 3881 4257 3883
f 3883 4257 4259
f 3883 4259 3884
f 4259 4274 3884
f 4259 4261 4274
f 4275 4261 4263
f 4274 4261 4275
f 4263 4265 4276
f 4277 4263 4276
f 4275 4263 4277
f 4279 4278 4277
f 4279 4277 4276
f 4281 4280 4278
f 4281 4278 4279
f 4283 4282 4280
f 4283 4280 4281
f 4285 4284 4282
f 4285 4282 4283
f 4287 4286 4284
f 4287 4284 4285
f 4289 4288 4286
f 4289 4286 4287
f 4291 4290 4288
f 4291 4288 4289
f 4293 4292 4290
f 4293 4290 4291
f 4295 4294 4292
f 4295 4292 4293
f 4297 4296 4294
f 4297 4294 4295
f 4299 4298 4296
f 4299 4296 4297
f 4300 4298 4299
f 4303 4302 4301
f 4305 4304 4301
f 4305 4301 4302
f 4304 4305 4268
f 4266 4304 4268
f 4306 4304 4266
f 4307 4266 4269
f 4306 4266 4307
f 4308 4269 4271
f 4307 4269 4308
f 3887 4308 3886
f 4308 4273 3886
f 4308 4271 4273
f 3886 4273 3846
f 4274 3895 3884
f 3895 4274 3898
f 3898 4274 4275
f 3898 4275 3900
f 3900 4275 4277
f 3900 4277 3902
f 3902 4277 4278
f 3902 4278 3904
f 3904 4278 4280
f 3904 4280 3906
f 3906 4280 4282
f 3906 4282 3908
f 3908 4282 4284
f 3908 4284 3910
f 3910 4284 4286
f 3910 4286 3912
f 3912 4286 4288
f 3912 4288 3914
f 3914 4288 4290
f 3914 4290 3916
f 3916 4290 4292
f 3916 4292 3917
f 4292 4309 3917
f 4292 4294 4309
f 4310 4294 4296
f 4309 4294 4310
f 4311 4296 4298
f 4310 4296 4311
f 4298 4300 4312
f 4313 4298 4312
f 4311 4298 4313
f 4315 4314 4313
f 4315 4313 4312
f 4317 4316 4314
f 4317 4314 4315
f 4319 4318 4316
f 4319 4316 4317
f 4320 4318 4319
f 4303 4301 4321
f 4303 4321 4322
f 4323 4301 4304
f 4321 4301 4323
f 4324 4304 4306
f 4323 4304 4324
f 4325 4306 4307
f 4324 4306 4325
f 3920 4325 3919
f 4325 4308 3919
f 4325 4307 4308
f 3919 4308 3887
f 4309 3924 3917
f 3924 4309 3926
f 3926 4309 4310
f 3926 4310 3928
f 3928 4310 4311
f 3928 4311 3930
f 3930 4311 4313
f 3930 4313 3932
f 3932 4313 4314
f 3932 4314 3934
f 3934 4314 4316
f 3934 4316 3935
f 4316 4326 3935
f 4316 4318 4326
f 4318 4320 4327
f 4328 4318 4327
f 4326 4318 4328
f 4330 4329 4328
f 4330 4328 4327
f 4332 4331 4329
f 4332 4329 4330
f 4333 4331 4332
f 4322 4321 4334
f 4322 4334 4335
f 4336 4321 4323
f 4334 4321 4336
f 4337 4323 4324
f 4336 4323 4337
f 4338 4324 4325
f 4337 4324 4338
f 3937 4338 3920
f 3920 4338 4325
f 4326 3943 3935
f 3943 4326 3946
f 3946 4326 4328
f 3946 4328 3948
f 3948 4328 4329
f 3948 4329 3950
f 3950 4329 4331
f 4333 4339 4331
f 4339 3950 4331
f 4339 3952 3950
f 4341 4340 3953
f 3952 4341 3953
f 4339 4341 3952
f 4343 4342 4340
f 4343 4340 4341
f 4345 4344 4342
f 4345 4342 4343
f 4347 4346 4344
f 4347 4344 4345
f 4349 4348 4346
f 4349 4346 4347
f 4351 4350 4348
f 4351 4348 4349
f 4352 4350 4351
f 4353 4335 4334
f 4353 4334 4336
f 4353 4336 4354
f 4356 4355 4354
f 4336 4356 4354
f 4337 4356 4336
f 4357 4337 4338
f 4356 4337 4357
f 3954 4358 3937
f 4358 4338 3937
f 4358 4357 4338
f 3955 4358 3954
f 4340 3958 3953
f 3958 4340 3959
f 3959 4340 4342
f 3959 4342 3960
f 3960 4342 4344
f 3960 4344 3961
f 3961 4344 4346
f 3961 4346 3962
f 3962 4346 4348
f 3962 4348 3963
f 3963 4348 4350
f 4352 4359 4350
f 4359 3963 4350
f 4359 3964 3963
f 3964 4360 3965
f 4359 4360 3964
f 3965 4361 3966
f 4360 4361 3965
f 3966 4362 3968
f 4361 4362 3966
f 4364 4363 3969
f 3968 4364 3969
f 4362 4364 3968
f 4366 4365 4363
f 4366 4363 4364
f 4367 4365 4366
f 4368 4355 4356
f 4370 4369 4368
f 4356 4370 4368
f 4357 4370 4356
f 4371 4357 4358
f 4370 4357 4371
f 3971 4371 3955
f 3955 4371 4358
f 4363 3974 3969
f 3974 4363 3975
f 3975 4363 4365
f 4367 4372 4365
f 4372 3975 4365
f 4372 3976 3975
f 3976 4373 3977
f 4372 4373 3976
f 4375 4374 3978
f 3977 4375 3978
f 4373 4375 3977
f 4376 4374 4375
f 4377 4369 4370
f 4379 4378 4377
f 4370 4379 4377
f 4371 4379 4370
f 3979 4380 3971
f 4380 4371 3971
f 4380 4379 4371
f 3980 4380 3979
f 4374 3984 3978
f 4376 4381 4374
f 4381 3984 4374
f 4381 3985 3984
f 3986 3985 4381
f 3986 4381 4382
f 4383 4378 4379
f 4383 4379 4380
f 4383 4380 4384
f 4386 4384 4385
f 4385 4384 3987
f 4384 4380 3987
f 4380 3980 3987
f 3988 4385 3987
f 4382 3993 3986
f 4387 3993 4382
f 4388 4386 4385
f 4388 4385 3988
f 3994 4388 3988
f 4389 4388 3994
f 4391 4389 4390
f 4389 3995 4390
f 4389 3994 3995
f 3996 4390 3995
f 4392 4012 4013
f 4393 4392 4013
f 3993 4393 4013
f 4387 4393 3993
f 4394 4391 4390
f 4394 4390 3996
f 4014 4394 3996
f 4395 4394 4014
f 4397 4395 4396
f 4395 4015 4396
f 4395 4014 4015
f 4016 4398 4015
f 4015 4398 4396
f 4017 4398 4016
f 4399 4061 4062
f 4063 4400 4062
f 4062 4400 4399
f 4064 4401 4063
f 4063 4401 4400
f 4065 4402 4064
f 4064 4402 4401
f 4066 4403 4065
f 4065 4403 4402
f 4067 4404 4066
f 4066 4404 4403
f 4068 4405 4067
f 4067 4405 4404
f 4070 4405 4068
f 4406 4072 4073
f 4074 4407 4073
f 4073 4407 4406
f 4408 4407 4074
f 4408 4074 4012
f 4409 4408 4012
f 4392 4409 4012
f 4409 4392 4393
f 4410 4397 4396
f 4410 4396 4398
f 4410 4398 4411
f 4411 4398 4017
f 4075 4411 4017
f 4412 4411 4075
f 4413 4075 4076
f 4413 4412 4075
f 4415 4413 4414
f 4413 4077 4414
f 4413 4076 4077
f 4078 4416 4077
f 4077 4416 4414
f 4079 4417 4078
f 4078 4417 4416
f 4080 4418 4079
f 4079 4418 4417
f 4081 4419 4080
f 4080 4419 4418
f 4082 4420 4081
f 4081 4420 4419
f 4083 4421 4082
f 4082 4421 4420
f 4084 4422 4083
f 4083 4422 4421
f 4085 4423 4084
f 4084 4423 4422
f 4086 4424 4085
f 4085 4424 4423
f 4087 4425 4086
f 4086 4425 4424
f 4089 4425 4087
f 4426 4095 4096
f 4097 4427 4096
f 4096 4427 4426
f 4098 4428 4097
f 4097 4428 4427
f 4099 4429 4098
f 4098 4429 4428
f 4100 4430 4099
f 4099 4430 4429
f 4101 4431 4100
f 4100 4431 4430
f 4102 4432 4101
f 4101 4432 4431
f 4103 4433 4102
f 4102 4433 4432
f 4104 4434 4103
f 4103 4434 4433
f 4105 4435 4104
f 4104 4435 4434
f 4106 4436 4105
f 4105 4436 4435
f 4107 4437 4106
f 4106 4437 4436
f 4108 4438 4107
f 4107 4438 4437
f 4109 4439 4108
f 4108 4439 4438
f 4110 4440 4109
f 4109 4440 4439
f 4111 4441 4110
f 4110 4441 4440
f 4112 4442 4111
f 4111 4442 4441
f 4113 4443 4112
f 4112 4443 4442
f 4114 4444 4113
f 4113 4444 4443
f 4115 4445 4114
f 4114 4445 4444
f 4116 4446 4115
f 4115 4446 4445
f 4117 4447 4116
f 4116 4447 4446
f 4118 4448 4117
f 4117 4448 4447
f 4119 4449 4118
f 4118 4449 4448
f 4120 4450 4119
f 4119 4450 4449
f 4121 4451 4120
f 4120 4451 4450
f 4122 4452 4121
f 4121 4452 4451
f 4123 4453 4122
f 4122 4453 4452
f 4124 4454 4123
f 4123 4454 4453
f 4125 4455 4124
f 4124 4455 4454
f 4126 4456 4125
f 4125 4456 4455
f 4127 4457 4126
f 4126 4457 4456
f 4457 4127 4458
f 4127 4459 4458
f 4127 4128 4459
f 4460 4128 4129
f 4460 4459 4128
f 4462 4460 4461
f 4460 4130 4461
f 4460 4129 4130
f 4131 4463 4130
f 4130 4463 4461
f 4132 4464 4131
f 4131 4464 4463
f 4465 4464 4132
f 4465 4132 4061
f 4466 4465 4061
f 4399 4466 4061
f 4466 4399 4400
f 4466 4400 4467
f 4467 4400 4401
f 4467 4401 4468
f 4468 4401 4402
f 4468 4402 4469
f 4469 4402 4403
f 4469 4403 4470
f 4470 4403 4404
f 4470 4404 4471
f 4471 4404 4405
f 4471 4405 4472
f 4472 4405 4070
f 4133 4472 4070
f 4473 4472 4133
f 4474 4133 4134
f 4474 4473 4133
f 4475 4134 4135
f 4475 4474 4134
f 4477 4475 4476
f 4475 4136 4476
f 4475 4135 4136
f 4137 4478 4136
f 4136 4478 4476
f 4138 4479 4137
f 4137 4479 4478
f 4139 4480 4138
f 4138 4480 4479
f 4140 4481 4139
f 4139 4481 4480
f 4481 4140 4482
f 4140 4483 4482
f 4140 4141 4483
f 4484 4141 4142
f 4484 4483 4141
f 4485 4142 4143
f 4485 4484 4142
f 4486 4143 4144
f 4486 4485 4143
f 4487 4144 4145
f 4487 4486 4144
f 4488 4145 4146
f 4488 4487 4145
f 4146 4072 4406
f 4489 4146 4406
f 4488 4146 4489
f 4489 4406 4407
f 4489 4407 4490
f 4490 4407 4408
f 4491 4415 4414
f 4491 4414 4416
f 4491 4416 4492
f 4492 4416 4417
f 4492 4417 4493
f 4493 4417 4418
f 4493 4418 4494
f 4494 4418 4419
f 4494 4419 4495
f 4495 4419 4420
f 4495 4420 4496
f 4496 4420 4421
f 4496 4421 4497
f 4497 4421 4422
f 4497 4422 4498
f 4498 4422 4423
f 4498 4423 4499
f 4499 4423 4424
f 4499 4424 4500
f 4500 4424 4425
f 4500 4425 4501
f 4501 4425 4089
f 4147 4501 4089
f 4502 4501 4147
f 4503 4147 4148
f 4503 4502 4147
f 4504 4148 4149
f 4504 4503 4148
f 4505 4149 4150
f 4505 4504 4149
f 4506 4150 4151
f 4506 4505 4150
f 4507 4151 4152
f 4507 4506 4151
f 4152 4095 4426
f 4508 4152 4426
f 4507 4152 4508
f 4508 4426 4427
f 4508 4427 4509
f 4509 4427 4428
f 4509 4428 4510
f 4510 4428 4429
f 4510 4429 4511
f 4511 4429 4430
f 4511 4430 4512
f 4512 4430 4431
f 4512 4431 4513
f 4513 4431 4432
f 4513 4432 4514
f 4514 4432 4433
f 4514 4433 4515
f 4515 4433 4434
f 4515 4434 4516
f 4516 4434 4435
f 4516 4435 4517
f 4517 4435 4436
f 4517 4436 4518
f 4518 4436 4437
f 4518 4437 4519
f 4519 4437 4438
f 4519 4438 4520
f 4520 4438 4439
f 4520 4439 4521
f 4521 4439 4440
f 4521 4440 4522
f 4522 4440 4441
f 4522 4441 4523
f 4523 4441 4442
f 4523 4442 4524
f 4524 4442 4443
f 4524 4443 4525
f 4525 4443 4444
f 4525 4444 4526
f 4526 4444 4445
f 4526 4445 4527
f 4527 4445 4446
f 4527 4446 4528
f 4528 4446 4447
f 4528 4447 4529
f 4529 4447 4448
f 4529 4448 4530
f 4530 4448 4449
f 4530 4449 4531
f 4531 4449 4450
f 4531 4450 4532
f 4532 4450 4451
f 4532 4451 4533
f 4533 4451 4452
f 4533 4452 4534
f 4534 4452 4453
f 4534 4453 4535
f 4535 4453 4454
f 4535 4454 4536
f 4536 4454 4455
f 4536 4455 4537
f 4537 4455 4456
f 4537 4456 4538
f 4538 4456 4457
f 4538 4457 4539
f 4539 4457 4458
f 4540 4462 4461
f 4540 4461 4463
f 4540 4463 4541
f 4541 4463 4464
f 4541 4464 4542
f 4542 4464 4465
f 4543 4477 4476
f 4543 4476 4478
f 4543 4478 4544
f 4544 4478 4479
f 4544 4479 4545
f 4545 4479 4480
f 4545 4480 4546
f 4546 4480 4481
f 4546 4481 4547
f 4547 4481 4482
f 4154 4548 4155
f 4155 4548 4549
f 4550 4155 4549
f 4156 4155 4550
f 4156 4551 4158
f 4550 4551 4156
f 4159 4158 4551
f 4159 4551 4552
f 4161 4553 4160
f 4553 4554 4160
f 4160 4554 4154
f 4554 4555 4154
f 4555 4548 4154
f 4548 4555 4549
f 4552 4162 4159
f 4556 4162 4552
f 4558 4557 4553
f 4161 4558 4553
f 4164 4558 4161
f 4553 4557 4554
f 4556 4559 4162
f 4162 4559 4165
f 4167 4165 4559
f 4167 4559 4560
f 4562 4561 4168
f 4562 4168 4169
f 4164 4168 4558
f 4558 4168 4561
f 4560 4170 4167
f 4563 4170 4560
f 4566 4565 4564
f 4568 4567 4564
f 4568 4564 4565
f 4570 4569 4567
f 4570 4567 4568
f 4571 4569 4570
f 4171 4562 4169
f 4171 4572 4562
f 4563 4573 4170
f 4170 4573 4172
f 4173 4172 4573
f 4173 4573 4574
f 4577 4576 4575
f 4579 4578 4575
f 4579 4575 4576
f 4578 4579 4566
f 4564 4578 4566
f 4580 4578 4564
f 4581 4564 4567
f 4580 4564 4581
f 4582 4567 4569
f 4581 4567 4582
f 4569 4571 4583
f 4584 4569 4583
f 4582 4569 4584
f 4586 4585 4584
f 4586 4584 4583
f 4587 4585 4586
f 4175 4572 4171
f 4175 4588 4572
f 4574 4176 4173
f 4589 4176 4574
f 4592 4591 4590
f 4590 4591 4577
f 4575 4590 4577
f 4593 4590 4575
f 4594 4575 4578
f 4593 4575 4594
f 4595 4578 4580
f 4594 4578 4595
f 4596 4580 4581
f 4595 4580 4596
f 4597 4581 4582
f 4596 4581 4597
f 4598 4582 4584
f 4597 4582 4598
f 4599 4584 4585
f 4598 4584 4599
f 4585 4587 4600
f 4601 4585 4600
f 4599 4585 4601
f 4602 4601 4600
f 4604 4603 4177
f 4604 4177 4178
f 4177 4605 4179
f 4603 4605 4177
f 4175 4179 4588
f 4588 4179 4605
f 4589 4606 4176
f 4176 4606 4180
f 4182 4180 4606
f 4182 4606 4607
f 4610 4609 4608
f 4608 4609 4592
f 4590 4608 4592
f 4611 4608 4590
f 4612 4590 4593
f 4611 4590 4612
f 4613 4593 4594
f 4612 4593 4613
f 4614 4594 4595
f 4613 4594 4614
f 4615 4595 4596
f 4614 4595 4615
f 4616 4596 4597
f 4615 4596 4616
f 4617 4597 4598
f 4616 4597 4617
f 4618 4598 4599
f 4617 4598 4618
f 4619 4599 4601
f 4618 4599 4619
f 4601 4602 4620
f 4621 4601 4620
f 4619 4601 4621
f 4623 4622 4621
f 4623 4621 4620
f 4625 4624 4622
f 4625 4622 4623
f 4626 4624 4625
f 4185 4627 4186
f 4186 4627 4628
f 4629 4186 4628
f 4187 4186 4629
f 4187 4630 4188
f 4629 4630 4187
f 4178 4188 4604
f 4604 4188 4630
f 4607 4631 4182
f 4182 4631 4190
f 4633 4632 4191
f 4190 4633 4191
f 4631 4633 4190
f 4634 4632 4633
f 4637 4636 4635
f 4639 4638 4635
f 4639 4635 4636
f 4638 4639 4610
f 4608 4638 4610
f 4640 4638 4608
f 4641 4608 4611
f 4640 4608 4641
f 4642 4611 4612
f 4641 4611 4642
f 4643 4612 4613
f 4642 4612 4643
f 4194 4643 4193
f 4643 4614 4193
f 4643 4613 4614
f 4193 4614 4196
f 4196 4614 4615
f 4196 4615 4198
f 4198 4615 4616
f 4198 4616 4200
f 4200 4616 4617
f 4200 4617 4202
f 4202 4617 4618
f 4202 4618 4204
f 4204 4618 4619
f 4204 4619 4206
f 4206 4619 4621
f 4206 4621 4208
f 4208 4621 4622
f 4208 4622 4210
f 4210 4622 4624
f 4645 4644 4211
f 4645 4211 4210
f 4626 4645 4210
f 4624 4626 4210
f 4647 4646 4644
f 4647 4644 4645
f 4649 4648 4646
f 4649 4646 4647
f 4651 4650 4648
f 4651 4648 4649
f 4653 4652 4650
f 4653 4650 4651
f 4654 4652 4653
f 4656 4655 4213
f 4656 4213 4214
f 4213 4657 4215
f 4655 4657 4213
f 4215 4658 4216
f 4657 4658 4215
f 4216 4659 4217
f 4658 4659 4216
f 4217 4660 4218
f 4659 4660 4217
f 4218 4661 4219
f 4660 4661 4218
f 4219 4662 4220
f 4661 4662 4219
f 4220 4663 4221
f 4662 4663 4220
f 4185 4221 4627
f 4221 4664 4627
f 4221 4663 4664
f 4627 4664 4628
f 4632 4223 4191
f 4634 4665 4632
f 4665 4223 4632
f 4665 4225 4223
f 4667 4666 4226
f 4225 4667 4226
f 4665 4667 4225
f 4669 4668 4666
f 4669 4666 4667
f 4671 4670 4668
f 4671 4668 4669
f 4672 4670 4671
f 4675 4674 4673
f 4677 4676 4673
f 4677 4673 4674
f 4676 4677 4637
f 4635 4676 4637
f 4678 4676 4635
f 4679 4635 4638
f 4678 4635 4679
f 4680 4638 4640
f 4679 4638 4680
f 4229 4680 4228
f 4680 4641 4228
f 4680 4640 4641
f 4228 4641 4231
f 4231 4641 4642
f 4231 4642 4233
f 4233 4642 4643
f 4233 4643 4194
f 4644 4236 4211
f 4236 4644 4239
f 4239 4644 4646
f 4239 4646 4241
f 4241 4646 4648
f 4241 4648 4243
f 4243 4648 4650
f 4243 4650 4245
f 4245 4650 4652
f 4654 4681 4652
f 4681 4245 4652
f 4681 4247 4245
f 4247 4682 4249
f 4681 4682 4247
f 4249 4683 4251
f 4682 4683 4249
f 4251 4684 4252
f 4683 4684 4251
f 4214 4252 4656
f 4656 4252 4684
f 4666 4254 4226
f 4254 4666 4256
f 4256 4666 4668
f 4256 4668 4258
f 4258 4668 4670
f 4672 4685 4670
f 4685 4258 4670
f 4685 4260 4258
f 4260 4686 4262
f 4685 4686 4260
f 4262 4687 4264
f 4686 4687 4262
f 4689 4688 4265
f 4264 4689 4265
f 4687 4689 4264
f 4691 4690 4688
f 4691 4688 4689
f 4693 4692 4690
f 4693 4690 4691
f 4695 4694 4692
f 4695 4692 4693
f 4697 4696 4694
f 4697 4694 4695
f 4699 4698 4696
f 4699 4696 4697
f 4701 4700 4698
f 4701 4698 4699
f 4703 4702 4700
f 4703 4700 4701
f 4705 4704 4702
f 4705 4702 4703
f 4706 4704 4705
f 4709 4708 4707
f 4707 4708 4675
f 4673 4707 4675
f 4710 4707 4673
f 4711 4673 4676
f 4710 4673 4711
f 4268 4711 4267
f 4711 4678 4267
f 4711 4676 4678
f 4267 4678 4270
f 4270 4678 4679
f 4270 4679 4272
f 4272 4679 4680
f 4272 4680 4229
f 4688 4276 4265
f 4276 4688 4279
f 4279 4688 4690
f 4279 4690 4281
f 4281 4690 4692
f 4281 4692 4283
f 4283 4692 4694
f 4283 4694 4285
f 4285 4694 4696
f 4285 4696 4287
f 4287 4696 4698
f 4287 4698 4289
f 4289 4698 4700
f 4289 4700 4291
f 4291 4700 4702
f 4291 4702 4293
f 4293 4702 4704
f 4706 4712 4704
f 4712 4293 4704
f 4712 4295 4293
f 4295 4713 4297
f 4712 4713 4295
f 4297 4714 4299
f 4713 4714 4297
f 4716 4715 4300
f 4299 4716 4300
f 4714 4716 4299
f 4718 4717 4715
f 4718 4715 4716
f 4720 4719 4717
f 4720 4717 4718
f 4722 4721 4719
f 4722 4719 4720
f 4723 4721 4722
f 4726 4725 4724
f 4724 4725 4709
f 4707 4724 4709
f 4727 4724 4707
f 4303 4727 4302
f 4727 4710 4302
f 4727 4707 4710
f 4302 4710 4305
f 4305 4710 4711
f 4305 4711 4268
f 4715 4312 4300
f 4312 4715 4315
f 4315 4715 4717
f 4315 4717 4317
f 4317 4717 4719
f 4317 4719 4319
f 4319 4719 4721
f 4729 4728 4320
f 4729 4320 4319
f 4723 4729 4319
f 4721 4723 4319
f 4731 4730 4728
f 4731 4728 4729
f 4733 4732 4730
f 4733 4730 4731
f 4734 4732 4733
f 4737 4736 4735
f 4735 4736 4726
f 4724 4735 4726
f 4738 4735 4724
f 4739 4724 4727
f 4738 4724 4739
f 4322 4739 4303
f 4303 4739 4727
f 4728 4327 4320
f 4327 4728 4330
f 4330 4728 4730
f 4330 4730 4332
f 4332 4730 4732
f 4741 4740 4333
f 4741 4333 4332
f 4734 4741 4332
f 4732 4734 4332
f 4743 4742 4740
f 4743 4740 4741
f 4745 4744 4742
f 4745 4742 4743
f 4747 4746 4744
f 4747 4744 4745
f 4748 4746 4747
f 4749 4737 4735
f 4751 4750 4749
f 4735 4751 4749
f 4738 4751 4735
f 4752 4738 4739
f 4751 4738 4752
f 4335 4752 4322
f 4322 4752 4739
f 4740 4339 4333
f 4339 4740 4341
f 4341 4740 4742
f 4341 4742 4343
f 4343 4742 4744
f 4343 4744 4345
f 4345 4744 4746
f 4748 4753 4746
f 4753 4345 4746
f 4753 4347 4345
f 4347 4754 4349
f 4753 4754 4347
f 4349 4755 4351
f 4754 4755 4349
f 4757 4756 4352
f 4351 4757 4352
f 4755 4757 4351
f 4759 4758 4756
f 4759 4756 4757
f 4761 4760 4758
f 4761 4758 4759
f 4762 4760 4761
f 4763 4750 4751
f 4763 4751 4752
f 4763 4752 4764
f 4766 4764 4765
f 4765 4764 4353
f 4764 4752 4353
f 4752 4335 4353
f 4354 4767 4353
f 4353 4767 4765
f 4355 4767 4354
f 4756 4359 4352
f 4359 4756 4360
f 4360 4756 4758
f 4360 4758 4361
f 4361 4758 4760
f 4762 4768 4760
f 4768 4361 4760
f 4768 4362 4361
f 4362 4769 4364
f 4768 4769 4362
f 4364 4770 4366
f 4769 4770 4364
f 4772 4771 4367
f 4366 4772 4367
f 4770 4772 4366
f 4773 4771 4772
f 4774 4766 4765
f 4774 4765 4767
f 4774 4767 4775
f 4777 4775 4776
f 4776 4775 4368
f 4775 4767 4368
f 4767 4355 4368
f 4369 4776 4368
f 4771 4372 4367
f 4773 4778 4771
f 4778 4372 4771
f 4778 4373 4372
f 4373 4779 4375
f 4778 4779 4373
f 4376 4375 4779
f 4376 4779 4780
f 4781 4777 4776
f 4783 4781 4782
f 4782 4781 4377
f 4781 4776 4377
f 4776 4369 4377
f 4378 4782 4377
f 4780 4784 4376
f 4376 4784 4381
f 4786 4785 4382
f 4381 4786 4382
f 4784 4786 4381
f 4787 4785 4786
f 4788 4783 4782
f 4788 4782 4378
f 4383 4788 4378
f 4789 4788 4383
f 4791 4789 4790
f 4789 4384 4790
f 4789 4383 4384
f 4386 4790 4384
f 4793 4792 4785
f 4792 4382 4785
f 4792 4387 4382
f 4793 4785 4787
f 4794 4791 4790
f 4794 4790 4386
f 4388 4794 4386
f 4795 4794 4388
f 4797 4795 4796
f 4795 4389 4796
f 4795 4388 4389
f 4391 4796 4389
f 4792 4393 4387
f 4798 4393 4792
f 4799 4797 4796
f 4799 4796 4391
f 4394 4799 4391
f 4800 4799 4394
f 4801 4394 4395
f 4801 4800 4394
f 4395 4397 4801
f 4801 4397 4802
f 4803 4408 4409
f 4804 4803 4409
f 4393 4804 4409
f 4798 4804 4393
f 4805 4802 4397
f 4805 4397 4410
f 4806 4410 4411
f 4806 4805 4410
f 4807 4411 4412
f 4807 4806 4411
f 4809 4807 4808
f 4807 4413 4808
f 4807 4412 4413
f 4415 4808 4413
f 4810 4458 4459
f 4460 4811 4459
f 4459 4811 4810
f 4462 4811 4460
f 4812 4465 4466
f 4467 4813 4466
f 4466 4813 4812
f 4468 4814 4467
f 4467 4814 4813
f 4469 4815 4468
f 4468 4815 4814
f 4470 4816 4469
f 4469 4816 4815
f 4471 4817 4470
f 4470 4817 4816
f 4472 4818 4471
f 4471 4818 4817
f 4473 4819 4472
f 4472 4819 4818
f 4474 4820 4473
f 4473 4820 4819
f 4475 4821 4474
f 4474 4821 4820
f 4477 4821 4475
f 4822 4482 4483
f 4484 4823 4483
f 4483 4823 4822
f 4485 4824 4484
f 4484 4824 4823
f 4486 4825 4485
f 4485 4825 4824
f 4487 4826 4486
f 4486 4826 4825
f 4826 4487 4827
f 4487 4828 4827
f 4487 4488 4828
f 4829 4488 4489
f 4829 4828 4488
f 4830 4489 4490
f 4830 4829 4489
f 4490 4408 4803
f 4831 4490 4803
f 4830 4490 4831
f 4831 4803 4804
f 4832 4809 4808
f 4832 4808 4415
f 4491 4832 4415
f 4833 4832 4491
f 4834 4491 4492
f 4834 4833 4491
f 4835 4492 4493
f 4835 4834 4492
f 4836 4493 4494
f 4836 4835 4493
f 4837 4494 4495
f 4837 4836 4494
f 4838 4495 4496
f 4838 4837 4495
f 4839 4496 4497
f 4839 4838 4496
f 4840 4497 4498
f 4840 4839 4497
f 4841 4498 4499
f 4841 4840 4498
f 4842 4499 4500
f 4842 4841 4499
f 4843 4500 4501
f 4843 4842 4500
f 4844 4501 4502
f 4844 4843 4501
f 4845 4502 4503
f 4845 4844 4502
f 4846 4503 4504
f 4846 4845 4503
f 4847 4504 4505
f 4847 4846 4504
f 4848 4505 4506
f 4848 4847 4505
f 4849 4506 4507
f 4849 4848 4506
f 4850 4507 4508
f 4850 4849 4507
f 4851 4508 4509
f 4851 4850 4508
f 4852 4509 4510
f 4852 4851 4509
f 4853 4510 4511
f 4853 4852 4510
f 4854 4511 4512
f 4854 4853 4511
f 4855 4512 4513
f 4855 4854 4512
f 4856 4513 4514
f 4856 4855 4513
f 4857 4514 4515
f 4857 4856 4514
f 4859 4857 4858
f 4857 4516 4858
f 4857 4515 4516
f 4517 4860 4516
f 4516 4860 4858
f 4518 4861 4517
f 4517 4861 4860
f 4519 4862 4518
f 4518 4862 4861
f 4520 4863 4519
f 4519 4863 4862
f 4521 4864 4520
f 4520 4864 4863
f 4522 4865 4521
f 4521 4865 4864
f 4523 4866 4522
f 4522 4866 4865
f 4524 4867 4523
f 4523 4867 4866
f 4525 4868 4524
f 4524 4868 4867
f 4868 4525 4869
f 4525 4870 4869
f 4525 4526 4870
f 4871 4526 4527
f 4871 4870 4526
f 4872 4527 4528
f 4872 4871 4527
f 4873 4528 4529
f 4873 4872 4528
f 4874 4529 4530
f 4874 4873 4529
f 4875 4530 4531
f 4875 4874 4530
f 4876 4531 4532
f 4876 4875 4531
f 4877 4532 4533
f 4877 4876 4532
f 4878 4533 4534
f 4878 4877 4533
f 4879 4534 4535
f 4879 4878 4534
f 4880 4535 4536
f 4880 4879 4535
f 4881 4536 4537
f 4881 4880 4536
f 4882 4537 4538
f 4882 4881 4537
f 4883 4538 4539
f 4883 4882 4538
f 4539 4458 4810
f 4884 4539 4810
f 4883 4539 4884
f 4884 4810 4811
f 4884 4811 4885
f 4885 4811 4462
f 4540 4885 4462
f 4886 4885 4540
f 4887 4540 4541
f 4887 4886 4540
f 4888 4541 4542
f 4888 4887 4541
f 4542 4465 4812
f 4889 4542 4812
f 4888 4542 4889
f 4889 4812 4813
f 4889 4813 4890
f 4890 4813 4814
f 4890 4814 4891
f 4891 4814 4815
f 4891 4815 4892
f 4892 4815 4816
f 4892 4816 4893
f 4893 4816 4817
f 4893 4817 4894
f 4894 4817 4818
f 4894 4818 4895
f 4895 4818 4819
f 4895 4819 4896
f 4896 4819 4820
f 4896 4820 4897
f 4897 4820 4821
f 4897 4821 4898
f 4900 4898 4899
f 4899 4898 4543
f 4898 4821 4543
f 4821 4477 4543
f 4544 4901 4543
f 4543 4901 4899
f 4545 4902 4544
f 4544 4902 4901
f 4546 4903 4545
f 4545 4903 4902
f 4547 4904 4546
f 4546 4904 4903
f 4905 4904 4547
f 4905 4547 4482
f 4906 4905 4482
f 4822 4906 4482
f 4906 4822 4823
f 4906 4823 4907
f 4907 4823 4824
f 4907 4824 4908
f 4908 4824 4825
f 4908 4825 4909
f 4909 4825 4826
f 4909 4826 4910
f 4910 4826 4827
f 4911 4859 4858
f 4911 4858 4860
f 4911 4860 4912
f 4912 4860 4861
f 4912 4861 4913
f 4913 4861 4862
f 4913 4862 4914
f 4914 4862 4863
f 4914 4863 4915
f 4915 4863 4864
f 4915 4864 4916
f 4916 4864 4865
f 4916 4865 4917
f 4917 4865 4866
f 4917 4866 4918
f 4918 4866 4867
f 4918 4867 4919
f 4919 4867 4868
f 4919 4868 4920
f 4920 4868 4869
f 4921 4900 4899
f 4921 4899 4901
f 4921 4901 4922
f 4922 4901 4902
f 4922 4902 4923
f 4923 4902 4903
f 4923 4903 4924
f 4924 4903 4904
f 4924 4904 4925
f 4925 4904 4905
f 4927 4926 4550
f 4927 4550 4549
f 4550 4928 4551
f 4926 4928 4550
f 4552 4551 4928
f 4552 4928 4929
f 4931 4930 4555
f 4931 4555 4554
f 4549 4555 4927
f 4927 4555 4930
f 4929 4556 4552
f 4932 4556 4929
f 4935 4934 4933
f 4937 4936 4933
f 4937 4933 4934
f 4939 4938 4936
f 4939 4936 4937
f 4941 4940 4938
f 4941 4938 4939
f 4942 4940 4941
f 4944 4943 4557
f 4944 4557 4558
f 4554 4557 4931
f 4931 4557 4943
f 4932 4945 4556
f 4556 4945 4559
f 4560 4559 4945
f 4560 4945 4946
f 4949 4948 4947
f 4951 4950 4947
f 4951 4947 4948
f 4950 4951 4935
f 4933 4950 4935
f 4952 4950 4933
f 4953 4933 4936
f 4952 4933 4953
f 4954 4936 4938
f 4953 4936 4954
f 4955 4938 4940
f 4954 4938 4955
f 4940 4942 4956
f 4957 4940 4956
f 4955 4940 4957
f 4959 4958 4957
f 4959 4957 4956
f 4960 4958 4959
f 4962 4961 4561
f 4962 4561 4562
f 4558 4561 4944
f 4944 4561 4961
f 4946 4563 4560
f 4963 4563 4946
f 4966 4965 4964
f 4964 4965 4949
f 4947 4964 4949
f 4967 4964 4947
f 4968 4947 4950
f 4967 4947 4968
f 4566 4968 4565
f 4968 4952 4565
f 4968 4950 4952
f 4565 4952 4568
f 4568 4952 4953
f 4568 4953 4570
f 4570 4953 4954
f 4570 4954 4571
f 4954 4969 4571
f 4954 4955 4969
f 4970 4955 4957
f 4969 4955 4970
f 4971 4957 4958
f 4970 4957 4971
f 4958 4960 4972
f 4958 4972 4971
f 4572 4962 4562
f 4572 4973 4962
f 4963 4974 4563
f 4563 4974 4573
f 4574 4573 4974
f 4574 4974 4975
f 4978 4977 4976
f 4976 4977 4966
f 4964 4976 4966
f 4979 4976 4964
f 4577 4979 4576
f 4979 4967 4576
f 4979 4964 4967
f 4576 4967 4579
f 4579 4967 4968
f 4579 4968 4566
f 4969 4583 4571
f 4583 4969 4586
f 4586 4969 4970
f 4586 4970 4587
f 4970 4980 4587
f 4970 4971 4980
f 4971 4972 4981
f 4982 4971 4981
f 4980 4971 4982
f 4983 4982 4981
f 4588 4973 4572
f 4588 4984 4973
f 4975 4589 4574
f 4985 4589 4975
f 4988 4987 4986
f 4986 4987 4978
f 4976 4986 4978
f 4989 4986 4976
f 4592 4989 4591
f 4989 4979 4591
f 4989 4976 4979
f 4591 4979 4577
f 4980 4600 4587
f 4600 4980 4602
f 4980 4990 4602
f 4980 4982 4990
f 4982 4983 4991
f 4992 4982 4991
f 4990 4982 4992
f 4994 4993 4992
f 4994 4992 4991
f 4995 4993 4994
f 4997 4996 4603
f 4997 4603 4604
f 4603 4998 4605
f 4996 4998 4603
f 4588 4605 4984
f 4984 4605 4998
f 4985 4999 4589
f 4589 4999 4606
f 4607 4606 4999
f 4607 4999 5000
f 5003 5002 5001
f 5001 5002 4988
f 4986 5001 4988
f 5004 5001 4986
f 4610 5004 4609
f 5004 4989 4609
f 5004 4986 4989
f 4609 4989 4592
f 4990 4620 4602
f 4620 4990 4623
f 4623 4990 4992
f 4623 4992 4625
f 4625 4992 4993
f 5006 5005 4626
f 5006 4626 4625
f 4995 5006 4625
f 4993 4995 4625
f 5007 5005 5006
f 5009 5008 4629
f 5009 4629 4628
f 4629 5010 4630
f 5008 5010 4629
f 4604 4630 4997
f 4997 4630 5010
f 5000 5011 4607
f 4607 5011 4631
f 4631 5012 4633
f 5011 5012 4631
f 4634 4633 5012
f 4634 5012 5013
f 5016 5015 5014
f 5018 5017 5014
f 5018 5014 5015
f 5017 5018 5003
f 5017 5003 5001
f 4637 5017 5001
f 4636 4637 5001
f 4636 5001 4639
f 4639 5001 5004
f 4639 5004 4610
f 5005 4645 4626
f 5007 5019 5005
f 5019 4645 5005
f 5019 4647 4645
f 4647 5020 4649
f 5019 5020 4647
f 4649 5021 4651
f 5020 5021 4649
f 4651 5022 4653
f 5021 5022 4651
f 5024 5023 4654
f 4653 5024 4654
f 5022 5024 4653
f 5025 5023 5024
f 5028 5027 5026
f 4655 4656 5026
f 5027 4655 5026
f 5029 4655 5027
f 4655 5030 4657
f 5029 5030 4655
f 4657 5031 4658
f 5030 5031 4657
f 4658 5032 4659
f 5031 5032 4658
f 4659 5033 4660
f 5032 5033 4659
f 4660 5034 4661
f 5033 5034 4660
f 4661 5035 4662
f 5034 5035 4661
f 4662 5036 4663
f 5035 5036 4662
f 4663 5037 4664
f 5036 5037 4663
f 4628 4664 5009
f 5009 4664 5037
f 5013 5038 4634
f 4634 5038 4665
f 4665 5039 4667
f 5038 5039 4665
f 4667 5040 4669
f 5039 5040 4667
f 4669 5041 4671
f 5040 5041 4669
f 5043 5042 4672
f 4671 5043 4672
f 5041 5043 4671
f 5044 5042 5043
f 5047 5046 5045
f 5045 5046 5016
f 5045 5016 5014
f 4675 5045 5014
f 4674 4675 5014
f 4674 5014 4677
f 4677 5014 5017
f 4677 5017 4637
f 5023 4681 4654
f 5025 5048 5023
f 5048 4681 5023
f 5048 4682 4681
f 4682 5049 4683
f 5048 5049 4682
f 5026 4684 5028
f 4684 5049 5028
f 4684 4683 5049
f 4684 5026 4656
f 5042 4685 4672
f 5044 5050 5042
f 5050 4685 5042
f 5050 4686 4685
f 4686 5051 4687
f 5050 5051 4686
f 4687 5052 4689
f 5051 5052 4687
f 4689 5053 4691
f 5052 5053 4689
f 4691 5054 4693
f 5053 5054 4691
f 4693 5055 4695
f 5054 5055 4693
f 4695 5056 4697
f 5055 5056 4695
f 4697 5057 4699
f 5056 5057 4697
f 4699 5058 4701
f 5057 5058 4699
f 4701 5059 4703
f 5058 5059 4701
f 4703 5060 4705
f 5059 5060 4703
f 5062 5061 4706
f 4705 5062 4706
f 5060 5062 4705
f 5064 5063 5061
f 5064 5061 5062
f 5065 5063 5064
f 5068 5067 5066
f 5070 5069 5066
f 5070 5066 5067
f 5069 5070 5047
f 5069 5047 5045
f 4709 5069 5045
f 4708 4709 5045
f 4708 5045 4675
f 5061 4712 4706
f 4712 5061 4713
f 4713 5061 5063
f 5065 5071 5063
f 5071 4713 5063
f 5071 4714 4713
f 4714 5072 4716
f 5071 5072 4714
f 4716 5073 4718
f 5072 5073 4716
f 4718 5074 4720
f 5073 5074 4718
f 4720 5075 4722
f 5074 5075 4720
f 5077 5076 4723
f 4722 5077 4723
f 5075 5077 4722
f 5079 5078 5076
f 5079 5076 5077
f 5081 5080 5078
f 5081 5078 5079
f 5082 5080 5081
f 5085 5084 5083
f 5083 5084 5068
f 5066 5083 5068
f 5086 5083 5066
f 4726 5086 4725
f 5086 5069 4725
f 5086 5066 5069
f 4725 5069 4709
f 5076 4729 4723
f 4729 5076 4731
f 4731 5076 5078
f 4731 5078 4733
f 4733 5078 5080
f 5088 5087 4734
f 5088 4734 4733
f 5082 5088 4733
f 5080 5082 4733
f 5090 5089 5087
f 5090 5087 5088
f 5092 5091 5089
f 5092 5089 5090
f 5094 5093 5091
f 5094 5091 5092
f 5095 5093 5094
f 5085 5083 5096
f 5085 5096 5097
f 4737 5096 4736
f 5096 5086 4736
f 5096 5083 5086
f 4736 5086 4726
f 5087 4741 4734
f 4741 5087 4743
f 4743 5087 5089
f 4743 5089 4745
f 4745 5089 5091
f 4745 5091 4747
f 4747 5091 5093
f 5099 5098 4748
f 5099 4748 4747
f 5095 5099 4747
f 5093 5095 4747
f 5101 5100 5098
f 5101 5098 5099
f 5103 5102 5100
f 5103 5100 5101
f 5105 5104 5102
f 5105 5102 5103
f 5106 5104 5105
f 5107 5097 5096
f 5109 5107 5108
f 5108 5107 4749
f 5107 5096 4749
f 5096 4737 4749
f 4750 5108 4749
f 5098 4753 4748
f 4753 5098 4754
f 4754 5098 5100
f 4754 5100 4755
f 4755 5100 5102
f 4755 5102 4757
f 4757 5102 5104
f 5106 5110 5104
f 5110 4757 5104
f 5110 4759 4757
f 4759 5111 4761
f 5110 5111 4759
f 5113 5112 4762
f 4761 5113 4762
f 5111 5113 4761
f 5115 5114 5112
f 5115 5112 5113
f 5117 5116 5114
f 5117 5114 5115
f 5118 5116 5117
f 5119 5109 5108
f 5119 5108 4750
f 4763 5119 4750
f 5120 5119 4763
f 5122 5120 5121
f 5120 4764 5121
f 5120 4763 4764
f 4766 5121 4764
f 5112 4768 4762
f 4768 5112 4769
f 4769 5112 5114
f 4769 5114 4770
f 4770 5114 5116
f 5118 5123 5116
f 5123 4770 5116
f 5123 4772 4770
f 5125 5124 4773
f 4772 5125 4773
f 5123 5125 4772
f 5126 5124 5125
f 5127 5122 5121
f 5127 5121 4766
f 4774 5127 4766
f 5128 5127 4774
f 5130 5128 5129
f 5128 4775 5129
f 5128 4774 4775
f 4777 5129 4775
f 5124 4778 4773
f 5126 5131 5124
f 5131 4778 5124
f 5131 4779 4778
f 5133 5132 4780
f 4779 5133 4780
f 5131 5133 4779
f 5134 5132 5133
f 5135 5130 5129
f 5135 5129 4777
f 4781 5135 4777
f 5136 5135 4781
f 4781 4783 5136
f 5136 4783 5137
f 5132 4784 4780
f 5134 5138 5132
f 5138 4784 5132
f 5138 4786 4784
f 4787 4786 5138
f 4787 5138 5139
f 5140 5137 4783
f 5140 4783 4788
f 5141 4788 4789
f 5141 5140 4788
f 4789 4791 5141
f 5141 4791 5142
f 5143 4792 4793
f 5144 5143 4793
f 4787 5144 4793
f 5139 5144 4787
f 5145 5142 4791
f 5145 4791 4794
f 5146 4794 4795
f 5146 5145 4794
f 4795 4797 5146
f 5146 4797 5147
f 5148 4798 5143
f 5143 4798 4792
f 5143 5144 5149
f 5143 5149 5148
f 5150 5147 4797
f 5150 4797 4799
f 5151 4799 4800
f 5151 5150 4799
f 5152 4800 4801
f 5152 5151 4800
f 4801 4802 5152
f 5152 4802 5153
f 5154 4804 5148
f 5148 4804 4798
f 5148 5149 5155
f 5148 5155 5154
f 5156 5153 4802
f 5156 4802 4805
f 5157 4805 4806
f 5157 5156 4805
f 5158 4806 4807
f 5158 5157 4806
f 4807 4809 5158
f 5158 4809 5159
f 5160 4827 4828
f 4829 5161 4828
f 4828 5161 5160
f 4830 5162 4829
f 4829 5162 5161
f 4831 5163 4830
f 4830 5163 5162
f 5164 5163 4831
f 5164 4831 4804
f 5165 5164 4804
f 5154 5165 4804
f 5165 5154 5155
f 5166 5159 4809
f 5166 4809 4832
f 5167 4832 4833
f 5167 5166 4832
f 5168 4833 4834
f 5168 5167 4833
f 5169 4834 4835
f 5169 5168 4834
f 5170 4835 4836
f 5170 5169 4835
f 5171 4836 4837
f 5171 5170 4836
f 5172 4837 4838
f 5172 5171 4837
f 5173 4838 4839
f 5173 5172 4838
f 5174 4839 4840
f 5174 5173 4839
f 5175 4840 4841
f 5175 5174 4840
f 5176 4841 4842
f 5176 5175 4841
f 5177 4842 4843
f 5177 5176 4842
f 5178 4843 4844
f 5178 5177 4843
f 5179 4844 4845
f 5179 5178 4844
f 5180 4845 4846
f 5180 5179 4845
f 5181 4846 4847
f 5181 5180 4846
f 5182 4847 4848
f 5182 5181 4847
f 5183 4848 4849
f 5183 5182 4848
f 5184 4849 4850
f 5184 5183 4849
f 5185 4850 4851
f 5185 5184 4850
f 5186 4851 4852
f 5186 5185 4851
f 5187 4852 4853
f 5187 5186 4852
f 5188 4853 4854
f 5188 5187 4853
f 5189 4854 4855
f 5189 5188 4854
f 5190 4855 4856
f 5190 5189 4855
f 5192 5190 5191
f 5190 4857 5191
f 5190 4856 4857
f 4859 5191 4857
f 5194 5193 4870
f 4870 5193 4869
f 5195 4870 4871
f 5195 5194 4870
f 5196 4871 4872
f 5196 5195 4871
f 5197 4872 4873
f 5197 5196 4872
f 5198 4873 4874
f 5198 5197 4873
f 5199 4874 4875
f 5199 5198 4874
f 5200 4875 4876
f 5200 5199 4875
f 5201 4876 4877
f 5201 5200 4876
f 5202 4877 4878
f 5202 5201 4877
f 5203 4878 4879
f 5203 5202 4878
f 5204 4879 4880
f 5204 5203 4879
f 5205 4880 4881
f 5205 5204 4880
f 5206 4881 4882
f 5206 5205 4881
f 5207 4882 4883
f 5207 5206 4882
f 5208 4883 4884
f 5208 5207 4883
f 5209 4884 4885
f 5209 5208 4884
f 5210 4885 4886
f 5210 5209 4885
f 5211 4886 4887
f 5211 5210 4886
f 5212 4887 4888
f 5212 5211 4887
f 5213 4888 4889
f 5213 5212 4888
f 5214 4889 4890
f 5214 5213 4889
f 5215 4890 4891
f 5215 5214 4890
f 5217 5215 5216
f 5215 4892 5216
f 5215 4891 4892
f 4893 5218 4892
f 4892 5218 5216
f 4894 5219 4893
f 4893 5219 5218
f 4895 5220 4894
f 4894 5220 5219
f 4896 5221 4895
f 4895 5221 5220
f 4897 5222 4896
f 4896 5222 5221
f 4898 5223 4897
f 4897 5223 5222
f 4900 5223 4898
f 5224 4905 4906
f 4907 5225 4906
f 4906 5225 5224
f 4908 5226 4907
f 4907 5226 5225
f 4909 5227 4908
f 4908 5227 5226
f 4910 5228 4909
f 4909 5228 5227
f 5229 5228 4910
f 5229 4910 4827
f 5230 5229 4827
f 5160 5230 4827
f 5230 5160 5161
f 5230 5161 5231
f 5231 5161 5162
f 5231 5162 5232
f 5232 5162 5163
f 5232 5163 5233
f 5233 5163 5164
f 5234 5192 5191
f 5234 5191 4859
f 4911 5234 4859
f 5235 5234 4911
f 5236 4911 4912
f 5236 5235 4911
f 5237 4912 4913
f 5237 5236 4912
f 5238 4913 4914
f 5238 5237 4913
f 5239 4914 4915
f 5239 5238 4914
f 5240 4915 4916
f 5240 5239 4915
f 5241 4916 4917
f 5241 5240 4916
f 5242 4917 4918
f 5242 5241 4917
f 5243 4918 4919
f 5243 5242 4918
f 5244 4919 4920
f 5244 5243 4919
f 4920 4869 5193
f 4920 5193 5244
f 5245 5217 5216
f 5245 5216 5218
f 5245 5218 5246
f 5246 5218 5219
f 5246 5219 5247
f 5249 5248 5247
f 5219 5249 5247
f 5220 5249 5219
f 5250 5220 5221
f 5249 5220 5250
f 5251 5221 5222
f 5250 5221 5251
f 5252 5222 5223
f 5251 5222 5252
f 4921 5253 4900
f 5253 5223 4900
f 5253 5252 5223
f 4922 5254 4921
f 4921 5254 5253
f 4923 5255 4922
f 4922 5255 5254
f 4924 5256 4923
f 4923 5256 5255
f 4925 5257 4924
f 4924 5257 5256
f 4905 5224 4925
f 5224 5257 4925
f 5224 5258 5257
f 5259 5224 5225
f 5258 5224 5259
f 5260 5225 5226
f 5259 5225 5260
f 5227 5262 5261
f 5260 5227 5261
f 5226 5227 5260
f 5262 5227 5228
f 5262 5228 5263
f 5263 5228 5229
f 5264 5248 5249
f 5264 5249 5250
f 5264 5250 5265
f 5267 5266 5265
f 5250 5267 5265
f 5251 5267 5250
f 5268 5251 5252
f 5267 5251 5268
f 5269 5252 5253
f 5268 5252 5269
f 5270 5253 5254
f 5269 5253 5270
f 5271 5254 5255
f 5270 5254 5271
f 5272 5255 5256
f 5271 5255 5272
f 5273 5256 5257
f 5272 5256 5273
f 5274 5257 5258
f 5273 5257 5274
f 5275 5258 5259
f 5274 5258 5275
f 5260 5277 5276
f 5275 5260 5276
f 5259 5260 5275
f 5277 5260 5261
f 5278 5266 5267
f 5280 5279 5278
f 5267 5280 5278
f 5268 5280 5267
f 5281 5268 5269
f 5280 5268 5281
f 5282 5269 5270
f 5281 5269 5282
f 5283 5270 5271
f 5282 5270 5283
f 5284 5271 5272
f 5283 5271 5284
f 5285 5272 5273
f 5284 5272 5285
f 5286 5273 5274
f 5285 5273 5286
f 5287 5274 5275
f 5286 5274 5287
f 5275 5276 5288
f 5275 5288 5287
f 5289 5279 5280
f 5291 5290 5289
f 5280 5291 5289
f 5281 5291 5280
f 5292 5281 5282
f 5291 5281 5292
f 5293 5282 5283
f 5292 5282 5293
f 5294 5283 5284
f 5293 5283 5294
f 5295 5284 5285
f 5294 5284 5295
f 5296 5285 5286
f 5295 5285 5296
f 5297 5286 5287
f 5296 5286 5297
f 5287 5288 5298
f 5287 5298 5297
f 5299 5290 5291
f 5301 5300 5299
f 5291 5301 5299
f 5292 5301 5291
f 5302 5292 5293
f 5301 5292 5302
f 5303 5293 5294
f 5302 5293 5303
f 5304 5294 5295
f 5303 5294 5304
f 5305 5295 5296
f 5304 5295 5305
f 5306 5296 5297
f 5305 5296 5306
f 5297 5298 5307
f 5308 5297 5307
f 5306 5297 5308
f 5309 5308 5307
f 5310 5300 5301
f 5312 5311 5310
f 5301 5312 5310
f 5302 5312 5301
f 5313 5302 5303
f 5312 5302 5313
f 5314 5303 5304
f 5313 5303 5314
f 5315 5304 5305
f 5314 5304 5315
f 5316 5305 5306
f 5315 5305 5316
f 5308 5318 5317
f 5316 5308 5317
f 5306 5308 5316
f 5318 5308 5309
f 5319 5311 5312
f 5319 5312 5313
f 5319 5313 5320
f 5320 5313 5314
f 5320 5314 5321
f 5323 5322 5321
f 5314 5323 5321
f 5315 5323 5314
f 5316 5325 5324
f 5323 5316 5324
f 5315 5316 5323
f 5325 5316 5317
f 5326 5322 5323
f 5326 5323 5324
f 4927 5327 4926
f 5328 4928 4926
f 5328 4926 5327
f 5328 4929 4928
f 5330 5329 4930
f 5330 4930 4931
f 4927 4930 5327
f 4930 5331 5327
f 4930 5329 5331
f 5327 5331 5328
f 5328 5331 5332
f 4929 5328 5332
f 5333 4929 5332
f 4932 4929 5333
f 5335 5334 4934
f 5335 4934 4935
f 4934 5336 4937
f 5334 5336 4934
f 4937 5337 4939
f 5336 5337 4937
f 4939 5338 4941
f 5337 5338 4939
f 4942 4941 5338
f 4942 5338 5339
f 5341 5340 4943
f 5341 4943 4944
f 4931 4943 5330
f 5330 4943 5340
f 5333 5342 4932
f 4932 5342 4945
f 4946 4945 5342
f 4946 5342 5343
f 5345 5344 4948
f 5345 4948 4949
f 4948 5346 4951
f 5344 5346 4948
f 4935 4951 5335
f 5335 4951 5346
f 5339 5347 4942
f 4942 5347 4956
f 4956 5348 4959
f 5347 5348 4956
f 4960 4959 5348
f 4960 5348 5349
f 4962 5350 4961
f 5350 5351 4961
f 5351 4944 4961
f 5351 5341 4944
f 5343 4963 4946
f 5352 4963 5343
f 5354 5353 4965
f 5354 4965 4966
f 4949 4965 5345
f 5345 4965 5353
f 5356 4972 5355
f 4972 5349 5355
f 4972 4960 5349
f 5357 5356 5355
f 5359 5358 5350
f 4962 5359 5350
f 4973 5359 4962
f 5350 5358 5351
f 4974 4963 5360
f 4963 5361 5360
f 4963 5352 5361
f 5360 4975 4974
f 5363 5362 4977
f 5363 4977 4978
f 4966 4977 5354
f 5354 4977 5362
f 5356 4981 4972
f 4983 4981 5356
f 5357 4983 5356
f 5364 4983 5357
f 4984 5359 4973
f 4984 5365 5359
f 5361 5366 5360
f 4975 5360 5366
f 5367 4975 5366
f 4985 4975 5367
f 5369 5368 4987
f 5369 4987 4988
f 4978 4987 5363
f 5363 4987 5368
f 5364 5370 4983
f 4983 5370 4991
f 4991 5371 4994
f 5370 5371 4991
f 4995 4994 5371
f 4995 5371 5372
f 4997 5373 4996
f 4996 5373 5374
f 5375 4996 5374
f 4998 4996 5375
f 4984 4998 5365
f 5365 4998 5375
f 5367 5376 4985
f 4985 5376 4999
f 5000 4999 5376
f 5000 5376 5377
f 5379 5378 5002
f 5379 5002 5003
f 4988 5002 5369
f 5369 5002 5378
f 5372 5380 4995
f 4995 5380 5006
f 5007 5006 5380
f 5007 5380 5381
f 5383 5382 5008
f 5383 5008 5009
f 5008 5384 5010
f 5382 5384 5008
f 4997 5010 5373
f 5010 5385 5373
f 5010 5384 5385
f 5373 5385 5374
f 5377 5386 5000
f 5000 5386 5011
f 5011 5387 5012
f 5386 5387 5011
f 5013 5012 5387
f 5013 5387 5388
f 5390 5389 5015
f 5390 5015 5016
f 5015 5391 5018
f 5389 5391 5015
f 5003 5018 5379
f 5379 5018 5391
f 5381 5392 5007
f 5007 5392 5019
f 5019 5393 5020
f 5392 5393 5019
f 5020 5394 5021
f 5393 5394 5020
f 5021 5395 5022
f 5394 5395 5021
f 5022 5396 5024
f 5395 5396 5022
f 5025 5024 5396
f 5025 5396 5397
f 5399 5398 5027
f 5399 5027 5028
f 5027 5400 5029
f 5398 5400 5027
f 5029 5401 5030
f 5400 5401 5029
f 5030 5402 5031
f 5401 5402 5030
f 5031 5403 5032
f 5402 5403 5031
f 5032 5404 5033
f 5403 5404 5032
f 5033 5405 5034
f 5404 5405 5033
f 5034 5406 5035
f 5405 5406 5034
f 5035 5407 5036
f 5406 5407 5035
f 5036 5408 5037
f 5407 5408 5036
f 5009 5037 5383
f 5383 5037 5408
f 5388 5409 5013
f 5013 5409 5038
f 5038 5410 5039
f 5409 5410 5038
f 5039 5411 5040
f 5410 5411 5039
f 5040 5412 5041
f 5411 5412 5040
f 5041 5413 5043
f 5412 5413 5041
f 5044 5043 5413
f 5044 5413 5414
f 5416 5415 5046
f 5416 5046 5047
f 5016 5046 5390
f 5390 5046 5415
f 5397 5417 5025
f 5025 5417 5048
f 5048 5418 5049
f 5417 5418 5048
f 5028 5049 5399
f 5399 5049 5418
f 5414 5419 5044
f 5044 5419 5050
f 5050 5420 5051
f 5419 5420 5050
f 5051 5421 5052
f 5420 5421 5051
f 5052 5422 5053
f 5421 5422 5052
f 5053 5423 5054
f 5422 5423 5053
f 5054 5424 5055
f 5423 5424 5054
f 5055 5425 5056
f 5424 5425 5055
f 5056 5426 5057
f 5425 5426 5056
f 5057 5427 5058
f 5426 5427 5057
f 5058 5428 5059
f 5427 5428 5058
f 5059 5429 5060
f 5428 5429 5059
f 5060 5430 5062
f 5429 5430 5060
f 5062 5431 5064
f 5430 5431 5062
f 5065 5064 5431
f 5065 5431 5432
f 5434 5433 5067
f 5434 5067 5068
f 5067 5435 5070
f 5433 5435 5067
f 5047 5070 5416
f 5416 5070 5435
f 5432 5436 5065
f 5065 5436 5071
f 5071 5437 5072
f 5436 5437 5071
f 5072 5438 5073
f 5437 5438 5072
f 5073 5439 5074
f 5438 5439 5073
f 5074 5440 5075
f 5439 5440 5074
f 5075 5441 5077
f 5440 5441 5075
f 5077 5442 5079
f 5441 5442 5077
f 5079 5443 5081
f 5442 5443 5079
f 5445 5444 5082
f 5081 5445 5082
f 5443 5445 5081
f 5446 5444 5445
f 5448 5447 5084
f 5448 5084 5085
f 5068 5084 5434
f 5434 5084 5447
f 5444 5088 5082
f 5446 5449 5444
f 5449 5088 5444
f 5449 5090 5088
f 5090 5450 5092
f 5449 5450 5090
f 5092 5451 5094
f 5450 5451 5092
f 5453 5452 5095
f 5094 5453 5095
f 5451 5453 5094
f 5455 5454 5452
f 5455 5452 5453
f 5456 5454 5455
f 5097 5448 5085
f 5097 5457 5448
f 5452 5099 5095
f 5099 5452 5101
f 5101 5452 5454
f 5456 5458 5454
f 5458 5101 5454
f 5458 5103 5101
f 5103 5459 5105
f 5458 5459 5103
f 5461 5460 5106
f 5105 5461 5106
f 5459 5461 5105
f 5462 5460 5461
f 5463 5457 5097
f 5463 5097 5107
f 5465 5464 5109
f 5464 5107 5109
f 5464 5463 5107
f 5465 5466 5464
f 5460 5110 5106
f 5462 5467 5460
f 5467 5110 5460
f 5467 5111 5110
f 5111 5468 5113
f 5467 5468 5111
f 5113 5469 5115
f 5468 5469 5113
f 5115 5470 5117
f 5469 5470 5115
f 5472 5471 5118
f 5117 5472 5118
f 5470 5472 5117
f 5473 5471 5472
f 5119 5465 5109
f 5474 5466 5465
f 5119 5474 5465
f 5120 5474 5119
f 5120 5122 5474
f 5474 5122 5475
f 5471 5123 5118
f 5473 5476 5471
f 5476 5123 5471
f 5476 5125 5123
f 5126 5125 5476
f 5126 5476 5477
f 5478 5475 5122
f 5478 5122 5127
f 5479 5127 5128
f 5479 5478 5127
f 5128 5130 5479
f 5479 5130 5480
f 5477 5481 5126
f 5126 5481 5131
f 5131 5482 5133
f 5481 5482 5131
f 5134 5133 5482
f 5134 5482 5483
f 5484 5480 5130
f 5484 5130 5135
f 5485 5135 5136
f 5485 5484 5135
f 5136 5137 5485
f 5485 5137 5486
f 5483 5487 5134
f 5134 5487 5138
f 5139 5138 5487
f 5139 5487 5488
f 5489 5486 5137
f 5489 5137 5140
f 5490 5140 5141
f 5490 5489 5140
f 5141 5142 5490
f 5490 5142 5491
f 5488 5144 5139
f 5492 5144 5488
f 5493 5491 5142
f 5493 5142 5145
f 5494 5145 5146
f 5494 5493 5145
f 5146 5147 5494
f 5494 5147 5495
f 5492 5149 5144
f 5496 5149 5492
f 5497 5495 5147
f 5497 5147 5150
f 5498 5150 5151
f 5498 5497 5150
f 5499 5151 5152
f 5499 5498 5151
f 5152 5153 5499
f 5499 5153 5500
f 5496 5155 5149
f 5501 5155 5496
f 5502 5500 5153
f 5502 5153 5156
f 5503 5156 5157
f 5503 5502 5156
f 5504 5157 5158
f 5504 5503 5157
f 5158 5159 5504
f 5504 5159 5505
f 5507 5506 5165
f 5165 5506 5164
f 5165 5155 5501
f 5165 5501 5507
f 5508 5505 5159
f 5508 5159 5166
f 5509 5166 5167
f 5509 5508 5166
f 5510 5167 5168
f 5510 5509 5167
f 5511 5168 5169
f 5511 5510 5168
f 5512 5169 5170
f 5512 5511 5169
f 5513 5170 5171
f 5513 5512 5170
f 5514 5171 5172
f 5514 5513 5171
f 5515 5172 5173
f 5515 5514 5172
f 5516 5173 5174
f 5516 5515 5173
f 5517 5174 5175
f 5517 5516 5174
f 5518 5175 5176
f 5518 5517 5175
f 5519 5176 5177
f 5519 5518 5176
f 5520 5177 5178
f 5520 5519 5177
f 5521 5178 5179
f 5521 5520 5178
f 5522 5179 5180
f 5522 5521 5179
f 5523 5180 5181
f 5523 5522 5180
f 5524 5181 5182
f 5524 5523 5181
f 5525 5182 5183
f 5525 5524 5182
f 5526 5183 5184
f 5526 5525 5183
f 5527 5184 5185
f 5527 5526 5184
f 5528 5185 5186
f 5528 5527 5185
f 5529 5186 5187
f 5529 5528 5186
f 5530 5187 5188
f 5530 5529 5187
f 5531 5188 5189
f 5531 5530 5188
f 5533 5531 5532
f 5531 5190 5532
f 5531 5189 5190
f 5192 5532 5190
f 5535 5534 5194
f 5194 5534 5193
f 5536 5194 5195
f 5536 5535 5194
f 5537 5195 5196
f 5537 5536 5195
f 5538 5196 5197
f 5538 5537 5196
f 5539 5197 5198
f 5539 5538 5197
f 5540 5198 5199
f 5540 5539 5198
f 5541 5199 5200
f 5541 5540 5199
f 5542 5200 5201
f 5542 5541 5200
f 5543 5201 5202
f 5543 5542 5201
f 5544 5202 5203
f 5544 5543 5202
f 5545 5203 5204
f 5545 5544 5203
f 5546 5204 5205
f 5546 5545 5204
f 5547 5205 5206
f 5547 5546 5205
f 5548 5206 5207
f 5548 5547 5206
f 5549 5207 5208
f 5549 5548 5207
f 5550 5208 5209
f 5550 5549 5208
f 5551 5209 5210
f 5551 5550 5209
f 5552 5210 5211
f 5552 5551 5210
f 5553 5211 5212
f 5553 5552 5211
f 5554 5212 5213
f 5554 5553 5212
f 5555 5213 5214
f 5555 5554 5213
f 5557 5555 5556
f 5555 5215 5556
f 5555 5214 5215
f 5217 5556 5215
f 5558 5229 5230
f 5558 5230 5559
f 5230 5560 5559
f 5230 5231 5560
f 5561 5231 5232
f 5561 5560 5231
f 5562 5232 5233
f 5562 5561 5232
f 5233 5164 5506
f 5233 5506 5562
f 5563 5533 5532
f 5563 5532 5192
f 5234 5563 5192
f 5564 5563 5234
f 5565 5234 5235
f 5565 5564 5234
f 5566 5235 5236
f 5566 5565 5235
f 5567 5236 5237
f 5567 5566 5236
f 5568 5237 5238
f 5568 5567 5237
f 5569 5238 5239
f 5569 5568 5238
f 5570 5239 5240
f 5570 5569 5239
f 5571 5240 5241
f 5571 5570 5240
f 5572 5241 5242
f 5572 5571 5241
f 5573 5242 5243
f 5573 5572 5242
f 5574 5243 5244
f 5574 5573 5243
f 5244 5193 5534
f 5244 5534 5574
f 5575 5557 5556
f 5575 5556 5217
f 5245 5575 5217
f 5576 5575 5245
f 5578 5576 5577
f 5576 5246 5577
f 5576 5245 5246
f 5247 5579 5246
f 5246 5579 5577
f 5248 5579 5247
f 5580 5261 5262
f 5263 5581 5262
f 5262 5581 5580
f 5229 5558 5263
f 5558 5581 5263
f 5558 5582 5581
f 5558 5559 5583
f 5558 5583 5582
f 5584 5578 5577
f 5586 5585 5584
f 5577 5586 5584
f 5579 5586 5577
f 5264 5587 5248
f 5587 5579 5248
f 5587 5586 5579
f 5265 5588 5264
f 5264 5588 5587
f 5266 5588 5265
f 5589 5276 5277
f 5261 5580 5277
f 5580 5589 5277
f 5580 5590 5589
f 5591 5580 5581
f 5590 5580 5591
f 5582 5593 5592
f 5591 5582 5592
f 5581 5582 5591
f 5593 5582 5583
f 5594 5585 5586
f 5596 5595 5594
f 5586 5596 5594
f 5587 5596 5586
f 5597 5587 5588
f 5596 5587 5597
f 5278 5598 5266
f 5598 5588 5266
f 5598 5597 5588
f 5279 5598 5278
f 5599 5288 5589
f 5589 5288 5276
f 5600 5589 5590
f 5599 5589 5600
f 5601 5590 5591
f 5600 5590 5601
f 5591 5592 5602
f 5591 5602 5601
f 5595 5596 5603
f 5595 5603 5604
f 5605 5596 5597
f 5603 5596 5605
f 5606 5597 5598
f 5605 5597 5606
f 5289 5607 5279
f 5607 5598 5279
f 5607 5606 5598
f 5290 5607 5289
f 5608 5298 5599
f 5599 5298 5288
f 5609 5599 5600
f 5608 5599 5609
f 5610 5600 5601
f 5609 5600 5610
f 5601 5602 5611
f 5612 5601 5611
f 5610 5601 5612
f 5613 5612 5611
f 5614 5604 5603
f 5614 5603 5605
f 5614 5605 5615
f 5617 5616 5615
f 5605 5617 5615
f 5606 5617 5605
f 5618 5606 5607
f 5617 5606 5618
f 5299 5619 5290
f 5619 5607 5290
f 5619 5618 5607
f 5300 5619 5299
f 5608 5307 5298
f 5307 5608 5309
f 5608 5620 5309
f 5608 5609 5620
f 5621 5609 5610
f 5620 5609 5621
f 5622 5610 5612
f 5621 5610 5622
f 5612 5613 5623
f 5612 5623 5622
f 5624 5616 5617
f 5626 5625 5624
f 5617 5626 5624
f 5618 5626 5617
f 5627 5618 5619
f 5626 5618 5627
f 5310 5628 5300
f 5628 5619 5300
f 5628 5627 5619
f 5311 5628 5310
f 5629 5317 5318
f 5309 5620 5318
f 5620 5629 5318
f 5620 5630 5629
f 5631 5620 5621
f 5630 5620 5631
f 5632 5621 5622
f 5631 5621 5632
f 5622 5623 5633
f 5622 5633 5632
f 5634 5625 5626
f 5636 5635 5634
f 5626 5636 5634
f 5627 5636 5626
f 5637 5627 5628
f 5636 5627 5637
f 5319 5638 5311
f 5638 5628 5311
f 5638 5637 5628
f 5320 5639 5319
f 5319 5639 5638
f 5321 5640 5320
f 5320 5640 5639
f 5322 5640 5321
f 5641 5324 5325
f 5317 5629 5325
f 5629 5641 5325
f 5629 5642 5641
f 5643 5629 5630
f 5642 5629 5643
f 5644 5630 5631
f 5643 5630 5644
f 5645 5631 5632
f 5644 5631 5645
f 5632 5633 5646
f 5647 5632 5646
f 5645 5632 5647
f 5648 5647 5646
f 5649 5635 5636
f 5651 5650 5649
f 5636 5651 5649
f 5637 5651 5636
f 5652 5637 5638
f 5651 5637 5652
f 5653 5638 5639
f 5652 5638 5653
f 5654 5639 5640
f 5653 5639 5654
f 5326 5655 5322
f 5655 5640 5322
f 5655 5654 5640
f 5324 5641 5326
f 5641 5655 5326
f 5641 5656 5655
f 5657 5641 5642
f 5656 5641 5657
f 5658 5642 5643
f 5657 5642 5658
f 5659 5643 5644
f 5658 5643 5659
f 5660 5644 5645
f 5659 5644 5660
f 5661 5645 5647
f 5660 5645 5661
f 5647 5648 5662
f 5647 5662 5661
f 5663 5650 5651
f 5665 5664 5663
f 5651 5665 5663
f 5652 5665 5651
f 5666 5652 5653
f 5665 5652 5666
f 5667 5653 5654
f 5666 5653 5667
f 5668 5654 5655
f 5667 5654 5668
f 5669 5655 5656
f 5668 5655 5669
f 5670 5656 5657
f 5669 5656 5670
f 5671 5657 5658
f 5670 5657 5671
f 5672 5658 5659
f 5671 5658 5672
f 5673 5659 5660
f 5672 5659 5673
f 5674 5660 5661
f 5673 5660 5674
f 5661 5662 5675
f 5676 5661 5675
f 5674 5661 5676
f 5678 5677 5676
f 5678 5676 5675
f 5679 5677 5678
f 5664 5665 5680
f 5664 5680 5681
f 5682 5665 5666
f 5680 5665 5682
f 5683 5666 5667
f 5682 5666 5683
f 5684 5667 5668
f 5683 5667 5684
f 5685 5668 5669
f 5684 5668 5685
f 5686 5669 5670
f 5685 5669 5686
f 5687 5670 5671
f 5686 5670 5687
f 5688 5671 5672
f 5687 5671 5688
f 5689 5672 5673
f 5688 5672 5689
f 5690 5673 5674
f 5689 5673 5690
f 5691 5674 5676
f 5690 5674 5691
f 5692 5676 5677
f 5691 5676 5692
f 5677 5679 5693
f 5694 5677 5693
f 5692 5677 5694
f 5695 5694 5693
f 5681 5680 5696
f 5681 5696 5697
f 5698 5680 5682
f 5696 5680 5698
f 5699 5682 5683
f 5698 5682 5699
f 5700 5683 5684
f 5699 5683 5700
f 5701 5684 5685
f 5700 5684 5701
f 5702 5685 5686
f 5701 5685 5702
f 5703 5686 5687
f 5702 5686 5703
f 5704 5687 5688
f 5703 5687 5704
f 5705 5688 5689
f 5704 5688 5705
f 5706 5689 5690
f 5705 5689 5706
f 5707 5690 5691
f 5706 5690 5707
f 5708 5691 5692
f 5707 5691 5708
f 5709 5692 5694
f 5708 5692 5709
f 5694 5695 5710
f 5694 5710 5709
f 5711 5697 5696
f 5713 5712 5711
f 5696 5713 5711
f 5698 5713 5696
f 5714 5698 5699
f 5713 5698 5714
f 5715 5699 5700
f 5714 5699 5715
f 5716 5700 5701
f 5715 5700 5716
f 5717 5701 5702
f 5716 5701 5717
f 5718 5702 5703
f 5717 5702 5718
f 5719 5703 5704
f 5718 5703 5719
f 5720 5704 5705
f 5719 5704 5720
f 5721 5705 5706
f 5720 5705 5721
f 5722 5706 5707
f 5721 5706 5722
f 5723 5707 5708
f 5722 5707 5723
f 5709 5725 5724
f 5723 5709 5724
f 5708 5709 5723
f 5725 5709 5710
f 5712 5713 5726
f 5712 5726 5727
f 5728 5713 5714
f 5726 5713 5728
f 5729 5714 5715
f 5728 5714 5729
f 5730 5715 5716
f 5729 5715 5730
f 5731 5716 5717
f 5730 5716 5731
f 5732 5717 5718
f 5731 5717 5732
f 5733 5718 5719
f 5732 5718 5733
f 5734 5719 5720
f 5733 5719 5734
f 5735 5720 5721
f 5734 5720 5735
f 5736 5721 5722
f 5735 5721 5736
f 5737 5722 5723
f 5736 5722 5737
f 5723 5724 5738
f 5723 5738 5737
f 5739 5727 5726
f 5741 5740 5739
f 5726 5741 5739
f 5728 5741 5726
f 5742 5728 5729
f 5741 5728 5742
f 5743 5729 5730
f 5742 5729 5743
f 5744 5730 5731
f 5743 5730 5744
f 5745 5731 5732
f 5744 5731 5745
f 5746 5732 5733
f 5745 5732 5746
f 5747 5733 5734
f 5746 5733 5747
f 5748 5734 5735
f 5747 5734 5748
f 5749 5735 5736
f 5748 5735 5749
f 5750 5736 5737
f 5749 5736 5750
f 5737 5738 5751
f 5737 5751 5750
f 5740 5741 5752
f 5740 5752 5753
f 5754 5741 5742
f 5752 5741 5754
f 5755 5742 5743
f 5754 5742 5755
f 5756 5743 5744
f 5755 5743 5756
f 5757 5744 5745
f 5756 5744 5757
f 5758 5745 5746
f 5757 5745 5758
f 5759 5746 5747
f 5758 5746 5759
f 5760 5747 5748
f 5759 5747 5760
f 5761 5748 5749
f 5760 5748 5761
f 5762 5749 5750
f 5761 5749 5762
f 5750 5751 5763
f 5750 5763 5762
f 5764 5753 5752
f 5766 5765 5764
f 5752 5766 5764
f 5754 5766 5752
f 5767 5754 5755
f 5766 5754 5767
f 5768 5755 5756
f 5767 5755 5768
f 5769 5756 5757
f 5768 5756 5769
f 5770 5757 5758
f 5769 5757 5770
f 5771 5758 5759
f 5770 5758 5771
f 5772 5759 5760
f 5771 5759 5772
f 5773 5760 5761
f 5772 5760 5773
f 5774 5761 5762
f 5773 5761 5774
f 5762 5763 5775
f 5762 5775 5774
f 5765 5766 5776
f 5765 5776 5777
f 5778 5766 5767
f 5776 5766 5778
f 5779 5767 5768
f 5778 5767 5779
f 5780 5768 5769
f 5779 5768 5780
f 5781 5769 5770
f 5780 5769 5781
f 5782 5770 5771
f 5781 5770 5782
f 5783 5771 5772
f 5782 5771 5783
f 5784 5772 5773
f 5783 5772 5784
f 5785 5773 5774
f 5784 5773 5785
f 5774 5775 5786
f 5774 5786 5785
f 5787 5777 5776
f 5789 5788 5787
f 5776 5789 5787
f 5778 5789 5776
f 5790 5778 5779
f 5789 5778 5790
f 5791 5779 5780
f 5790 5779 5791
f 5792 5780 5781
f 5791 5780 5792
f 5793 5781 5782
f 5792 5781 5793
f 5794 5782 5783
f 5793 5782 5794
f 5795 5783 5784
f 5794 5783 5795
f 5796 5784 5785
f 5795 5784 5796
f 5785 5786 5797
f 5785 5797 5796
f 5798 5788 5789
f 5800 5799 5798
f 5789 5800 5798
f 5790 5800 5789
f 5801 5790 5791
f 5800 5790 5801
f 5802 5791 5792
f 5801 5791 5802
f 5803 5792 5793
f 5802 5792 5803
f 5804 5793 5794
f 5803 5793 5804
f 5805 5794 5795
f 5804 5794 5805
f 5806 5795 5796
f 5805 5795 5806
f 5796 5797 5807
f 5796 5807 5806
f 5808 5799 5800
f 5810 5809 5808
f 5800 5810 5808
f 5801 5810 5800
f 5811 5801 5802
f 5810 5801 5811
f 5812 5802 5803
f 5811 5802 5812
f 5813 5803 5804
f 5812 5803 5813
f 5814 5804 5805
f 5813 5804 5814
f 5806 5816 5815
f 5814 5806 5815
f 5805 5806 5814
f 5816 5806 5807
f 5817 5809 5810
f 5819 5818 5817
f 5810 5819 5817
f 5811 5819 5810
f 5820 5811 5812
f 5819 5811 5820
f 5821 5812 5813
f 5820 5812 5821
f 5822 5813 5814
f 5821 5813 5822
f 5814 5815 5823
f 5814 5823 5822
f 5824 5818 5819
f 5826 5825 5824
f 5819 5826 5824
f 5820 5826 5819
f 5827 5820 5821
f 5826 5820 5827
f 5828 5821 5822
f 5827 5821 5828
f 5822 5823 5829
f 5822 5829 5828
f 5830 5825 5826
f 5830 5826 5827
f 5830 5827 5831
f 5831 5827 5828
f 5831 5828 5832
f 5832 5828 5829
f 5834 5833 5329
f 5834 5329 5330
f 5329 5835 5331
f 5833 5835 5329
f 5331 5836 5332
f 5835 5836 5331
f 5333 5332 5836
f 5333 5836 5837
f 5335 5838 5334
f 5839 5336 5334
f 5839 5334 5838
f 5840 5337 5336
f 5840 5336 5839
f 5841 5338 5337
f 5841 5337 5840
f 5841 5339 5338
f 5341 5842 5340
f 5842 5843 5340
f 5843 5330 5340
f 5843 5834 5330
f 5837 5844 5333
f 5333 5844 5342
f 5343 5342 5844
f 5343 5844 5845
f 5345 5846 5344
f 5847 5346 5344
f 5847 5344 5846
f 5847 5848 5346
f 5346 5848 5335
f 5848 5849 5335
f 5849 5838 5335
f 5838 5849 5839
f 5839 5849 5850
f 5839 5850 5840
f 5840 5850 5851
f 5840 5851 5841
f 5841 5851 5852
f 5852 5854 5853
f 5852 5853 5347
f 5841 5852 5347
f 5339 5841 5347
f 5855 5348 5347
f 5855 5347 5853
f 5855 5349 5348
f 5857 5856 5842
f 5341 5857 5842
f 5351 5857 5341
f 5842 5856 5843
f 5845 5352 5343
f 5858 5352 5845
f 5354 5859 5353
f 5859 5860 5353
f 5353 5860 5345
f 5860 5861 5345
f 5861 5846 5345
f 5846 5861 5847
f 5847 5861 5862
f 5847 5862 5848
f 5854 5863 5853
f 5865 5864 5863
f 5864 5853 5863
f 5864 5855 5853
f 5866 5355 5349
f 5855 5866 5349
f 5864 5866 5855
f 5866 5357 5355
f 5868 5867 5358
f 5868 5358 5359
f 5351 5358 5857
f 5857 5358 5867
f 5858 5361 5352
f 5869 5361 5858
f 5363 5870 5362
f 5870 5871 5362
f 5362 5871 5354
f 5871 5872 5354
f 5872 5859 5354
f 5859 5872 5860
f 5865 5873 5864
f 5864 5873 5866
f 5866 5873 5874
f 5357 5866 5874
f 5875 5357 5874
f 5364 5357 5875
f 5365 5868 5359
f 5365 5876 5868
f 5869 5877 5361
f 5361 5877 5366
f 5367 5366 5877
f 5367 5877 5878
f 5369 5879 5368
f 5879 5880 5368
f 5368 5880 5363
f 5880 5881 5363
f 5881 5870 5363
f 5870 5881 5871
f 5875 5882 5364
f 5364 5882 5370
f 5882 5884 5883
f 5371 5882 5883
f 5370 5882 5371
f 5883 5372 5371
f 5886 5885 5375
f 5886 5375 5374
f 5365 5375 5876
f 5876 5375 5885
f 5878 5887 5367
f 5367 5887 5376
f 5377 5376 5887
f 5377 5887 5888
f 5379 5889 5378
f 5889 5890 5378
f 5378 5890 5369
f 5890 5891 5369
f 5891 5879 5369
f 5879 5891 5880
f 5884 5892 5883
f 5883 5892 5372
f 5892 5380 5372
f 5892 5893 5380
f 5381 5380 5893
f 5381 5893 5894
f 5896 5895 5382
f 5896 5382 5383
f 5382 5897 5384
f 5895 5897 5382
f 5384 5898 5385
f 5897 5898 5384
f 5374 5385 5886
f 5886 5385 5898
f 5888 5899 5377
f 5377 5899 5386
f 5386 5900 5387
f 5899 5900 5386
f 5388 5387 5900
f 5388 5900 5901
f 5390 5902 5389
f 5389 5902 5903
f 5904 5389 5903
f 5391 5389 5904
f 5379 5391 5889
f 5391 5905 5889
f 5391 5904 5905
f 5889 5905 5890
f 5894 5906 5381
f 5381 5906 5392
f 5392 5907 5393
f 5906 5907 5392
f 5393 5908 5394
f 5907 5908 5393
f 5394 5909 5395
f 5908 5909 5394
f 5395 5910 5396
f 5909 5910 5395
f 5397 5396 5910
f 5397 5910 5911
f 5913 5912 5398
f 5913 5398 5399
f 5398 5914 5400
f 5912 5914 5398
f 5400 5915 5401
f 5914 5915 5400
f 5401 5916 5402
f 5915 5916 5401
f 5402 5917 5403
f 5916 5917 5402
f 5403 5918 5404
f 5917 5918 5403
f 5404 5919 5405
f 5918 5919 5404
f 5405 5920 5406
f 5919 5920 5405
f 5406 5921 5407
f 5920 5921 5406
f 5407 5922 5408
f 5921 5922 5407
f 5383 5408 5896
f 5896 5408 5922
f 5901 5923 5388
f 5388 5923 5409
f 5409 5924 5410
f 5923 5924 5409
f 5410 5925 5411
f 5924 5925 5410
f 5411 5926 5412
f 5925 5926 5411
f 5412 5927 5413
f 5926 5927 5412
f 5414 5413 5927
f 5414 5927 5928
f 5416 5929 5415
f 5929 5930 5415
f 5415 5930 5390
f 5930 5931 5390
f 5931 5902 5390
f 5902 5931 5903
f 5911 5932 5397
f 5397 5932 5417
f 5417 5933 5418
f 5932 5933 5417
f 5399 5418 5913
f 5913 5418 5933
f 5928 5934 5414
f 5414 5934 5419
f 5419 5935 5420
f 5934 5935 5419
f 5420 5936 5421
f 5935 5936 5420
f 5421 5937 5422
f 5936 5937 5421
f 5422 5938 5423
f 5937 5938 5422
f 5423 5939 5424
f 5938 5939 5423
f 5424 5940 5425
f 5939 5940 5424
f 5425 5941 5426
f 5940 5941 5425
f 5426 5942 5427
f 5941 5942 5426
f 5427 5943 5428
f 5942 5943 5427
f 5428 5944 5429
f 5943 5944 5428
f 5429 5945 5430
f 5944 5945 5429
f 5945 5947 5946
f 5431 5945 5946
f 5430 5945 5431
f 5946 5432 5431
f 5434 5948 5433
f 5949 5435 5433
f 5949 5433 5948
f 5949 5950 5435
f 5435 5950 5416
f 5950 5951 5416
f 5951 5929 5416
f 5929 5951 5930
f 5947 5952 5946
f 5946 5952 5432
f 5952 5436 5432
f 5952 5953 5436
f 5436 5954 5437
f 5953 5954 5436
f 5437 5955 5438
f 5954 5955 5437
f 5438 5956 5439
f 5955 5956 5438
f 5439 5957 5440
f 5956 5957 5439
f 5440 5958 5441
f 5957 5958 5440
f 5441 5959 5442
f 5958 5959 5441
f 5959 5961 5960
f 5443 5959 5960
f 5442 5959 5443
f 5962 5445 5443
f 5962 5443 5960
f 5962 5446 5445
f 5448 5963 5447
f 5948 5434 5447
f 5963 5948 5447
f 5964 5948 5963
f 5966 5949 5965
f 5949 5964 5965
f 5949 5948 5964
f 5949 5966 5950
f 5961 5967 5960
f 5960 5967 5962
f 5962 5967 5968
f 5962 5968 5446
f 5968 5449 5446
f 5968 5969 5449
f 5449 5970 5450
f 5969 5970 5449
f 5450 5971 5451
f 5970 5971 5450
f 5971 5973 5972
f 5453 5971 5972
f 5451 5971 5453
f 5974 5455 5453
f 5974 5453 5972
f 5974 5456 5455
f 5457 5975 5963
f 5457 5963 5448
f 5963 5976 5964
f 5963 5975 5976
f 5965 5964 5977
f 5977 5964 5976
f 5973 5978 5972
f 5972 5978 5974
f 5974 5978 5979
f 5974 5979 5456
f 5979 5458 5456
f 5979 5980 5458
f 5980 5982 5981
f 5459 5980 5981
f 5458 5980 5459
f 5983 5461 5459
f 5983 5459 5981
f 5983 5462 5461
f 5463 5975 5457
f 5975 5463 5464
f 5975 5464 5976
f 5464 5466 5976
f 5466 5977 5976
f 5466 5984 5977
f 5982 5985 5981
f 5981 5985 5983
f 5983 5985 5986
f 5983 5986 5462
f 5986 5467 5462
f 5986 5987 5467
f 5467 5988 5468
f 5987 5988 5467
f 5988 5990 5989
f 5469 5988 5989
f 5468 5988 5469
f 5991 5470 5469
f 5991 5469 5989
f 5992 5472 5470
f 5992 5470 5991
f 5992 5473 5472
f 5993 5984 5466
f 5993 5466 5474
f 5995 5994 5475
f 5994 5474 5475
f 5994 5993 5474
f 5995 5996 5994
f 5990 5997 5989
f 5989 5997 5991
f 5991 5997 5998
f 5991 5998 5992
f 5992 5998 5999
f 5999 6001 6000
f 5999 6000 5476
f 5992 5999 5476
f 5473 5992 5476
f 6000 5477 5476
f 5478 5995 5475
f 6002 5996 5995
f 5478 6002 5995
f 5479 6002 5478
f 6004 6003 5480
f 6003 5479 5480
f 6003 6002 5479
f 6004 6005 6003
f 6001 6006 6000
f 6000 6006 5477
f 6006 5481 5477
f 6006 6007 5481
f 6007 6009 6008
f 5482 6007 6008
f 5481 6007 5482
f 6008 5483 5482
f 5484 6004 5480
f 6010 6005 6004
f 5484 6010 6004
f 5485 6010 5484
f 5485 5486 6010
f 6010 5486 6011
f 6009 6012 6008
f 6012 6014 6013
f 6012 6013 5487
f 6008 6012 5487
f 5483 6008 5487
f 6013 5488 5487
f 6015 6011 5486
f 6015 5486 5489
f 6016 5489 5490
f 6016 6015 5489
f 5490 5491 6016
f 6016 5491 6017
f 6013 6014 6018
f 6018 6014 6019
f 6018 5492 5488
f 6018 5488 6013
f 6020 6017 5491
f 6020 5491 5493
f 6021 5493 5494
f 6021 6020 5493
f 5494 5495 6021
f 6021 5495 6022
f 6018 6019 6023
f 6023 6019 6024
f 6023 5496 5492
f 6023 5492 6018
f 6025 6022 5495
f 6025 5495 5497
f 6026 5497 5498
f 6026 6025 5497
f 6027 5498 5499
f 6027 6026 5498
f 5499 5500 6027
f 6027 5500 6028
f 6031 6030 6029
f 6031 6029 6024
f 6029 6023 6024
f 6029 6032 6023
f 6032 5501 5496
f 6032 5496 6023
f 6033 6028 5500
f 6033 5500 5502
f 6034 5502 5503
f 6034 6033 5502
f 6035 5503 5504
f 6035 6034 5503
f 5504 5505 6035
f 6035 5505 6036
f 6039 6038 6037
f 6041 6040 6037
f 6037 6040 6039
f 6043 6042 6041
f 6041 6042 6040
f 6045 6044 6043
f 6043 6044 6042
f 6044 6045 6030
f 6045 6029 6030
f 6045 6046 6029
f 6046 5506 5507
f 6032 6046 5507
f 6029 6046 6032
f 6032 5507 5501
f 6047 6036 5505
f 6047 5505 5508
f 6048 5508 5509
f 6048 6047 5508
f 6049 5509 5510
f 6049 6048 5509
f 6050 5510 5511
f 6050 6049 5510
f 6051 5511 5512
f 6051 6050 5511
f 6052 5512 5513
f 6052 6051 5512
f 6053 5513 5514
f 6053 6052 5513
f 6054 5514 5515
f 6054 6053 5514
f 6055 5515 5516
f 6055 6054 5515
f 6056 5516 5517
f 6056 6055 5516
f 6057 5517 5518
f 6057 6056 5517
f 6058 5518 5519
f 6058 6057 5518
f 6059 5519 5520
f 6059 6058 5519
f 6060 5520 5521
f 6060 6059 5520
f 6061 5521 5522
f 6061 6060 5521
f 6062 5522 5523
f 6062 6061 5522
f 6063 5523 5524
f 6063 6062 5523
f 6064 5524 5525
f 6064 6063 5524
f 6065 5525 5526
f 6065 6064 5525
f 6066 5526 5527
f 6066 6065 5526
f 6067 5527 5528
f 6067 6066 5527
f 6068 5528 5529
f 6068 6067 5528
f 6070 6068 6069
f 6068 5530 6069
f 6068 5529 5530
f 5531 6071 5530
f 5530 6071 6069
f 5533 6071 5531
f 6073 6072 5535
f 5535 6072 5534
f 6074 5535 5536
f 6074 6073 5535
f 6075 5536 5537
f 6075 6074 5536
f 6076 5537 5538
f 6076 6075 5537
f 6077 5538 5539
f 6077 6076 5538
f 6078 5539 5540
f 6078 6077 5539
f 6079 5540 5541
f 6079 6078 5540
f 6080 5541 5542
f 6080 6079 5541
f 6081 5542 5543
f 6081 6080 5542
f 6082 5543 5544
f 6082 6081 5543
f 6083 5544 5545
f 6083 6082 5544
f 6084 5545 5546
f 6084 6083 5545
f 6085 5546 5547
f 6085 6084 5546
f 6086 5547 5548
f 6086 6085 5547
f 6087 5548 5549
f 6087 6086 5548
f 6088 5549 5550
f 6088 6087 5549
f 6089 5550 5551
f 6089 6088 5550
f 6090 5551 5552
f 6090 6089 5551
f 6091 5552 5553
f 6091 6090 5552
f 6092 5553 5554
f 6092 6091 5553
f 6093 5554 5555
f 6093 6092 5554
f 6095 6094 5557
f 6094 5555 5557
f 6094 6093 5555
f 6095 6096 6094
f 6099 6098 6097
f 6101 6100 6097
f 6097 6100 6099
f 6103 6102 6101
f 6101 6102 6100
f 6102 6103 6038
f 6103 6037 6038
f 6103 6104 6037
f 6037 6105 6041
f 6037 6104 6105
f 6105 5559 5560
f 6043 6105 5560
f 6041 6105 6043
f 6043 5560 5561
f 6043 5561 6045
f 6045 5561 5562
f 6045 5562 6046
f 6046 5562 5506
f 6106 6070 6069
f 6106 6069 6071
f 6106 6071 6107
f 6107 6071 5533
f 5563 6107 5533
f 6108 6107 5563
f 6109 5563 5564
f 6109 6108 5563
f 6110 5564 5565
f 6110 6109 5564
f 6111 5565 5566
f 6111 6110 5565
f 6112 5566 5567
f 6112 6111 5566
f 6113 5567 5568
f 6113 6112 5567
f 6114 5568 5569
f 6114 6113 5568
f 6115 5569 5570
f 6115 6114 5569
f 6116 5570 5571
f 6116 6115 5570
f 6117 5571 5572
f 6117 6116 5571
f 6118 5572 5573
f 6118 6117 5572
f 6119 5573 5574
f 6119 6118 5573
f 5574 5534 6072
f 5574 6072 6119
f 5575 6095 5557
f 6120 6096 6095
f 5575 6120 6095
f 5576 6120 5575
f 6122 6121 5578
f 6121 5576 5578
f 6121 6120 5576
f 6122 6123 6121
f 6097 6098 6124
f 6124 6098 6125
f 6097 6126 6101
f 6097 6124 6126
f 6101 6127 6103
f 6101 6126 6127
f 6103 6128 6104
f 6103 6127 6128
f 6104 6129 6105
f 6104 6128 6129
f 6129 5583 5559
f 6129 5559 6105
f 5584 6122 5578
f 6131 6130 5585
f 5585 6130 5584
f 6130 6123 5584
f 6123 6122 5584
f 6133 6132 6131
f 6131 6132 6130
f 6133 6134 6132
f 6125 6135 6124
f 6137 6136 6135
f 6136 6124 6135
f 6136 6126 6124
f 6126 6138 6127
f 6126 6136 6138
f 6127 6139 6128
f 6127 6138 6139
f 6139 5592 5593
f 6129 6139 5593
f 6128 6139 6129
f 6129 5593 5583
f 5594 6131 5585
f 6131 5594 5595
f 6140 6131 5595
f 6133 6131 6140
f 6134 6133 6141
f 6133 6142 6141
f 6133 6140 6142
f 6142 6143 6141
f 6136 6137 6144
f 6144 6137 6145
f 6136 6146 6138
f 6136 6144 6146
f 6138 6147 6139
f 6138 6146 6147
f 6147 5602 5592
f 6147 5592 6139
f 5604 6148 6140
f 5604 6140 5595
f 6140 6149 6142
f 6140 6148 6149
f 6143 6142 6150
f 6142 6151 6150
f 6142 6149 6151
f 6151 6152 6150
f 6145 6153 6144
f 6155 6154 6153
f 6154 6144 6153
f 6154 6146 6144
f 6146 6156 6147
f 6146 6154 6156
f 6157 5611 5602
f 6147 6157 5602
f 6156 6157 6147
f 6157 5613 5611
f 5614 6148 5604
f 6148 5614 5615
f 6148 5615 6149
f 6149 5615 5616
f 6158 6149 5616
f 6151 6149 6158
f 6152 6151 6159
f 6159 6151 6158
f 6155 6160 6154
f 6162 6161 6160
f 6161 6154 6160
f 6161 6156 6154
f 6156 6163 6157
f 6156 6161 6163
f 6163 5623 5613
f 6163 5613 6157
f 5624 6158 5616
f 6165 6164 5625
f 5625 6164 5624
f 6164 6159 5624
f 6159 6158 5624
f 6167 6166 6165
f 6165 6166 6164
f 6167 6168 6166
f 6161 6162 6169
f 6169 6162 6170
f 6161 6171 6163
f 6161 6169 6171
f 6171 5633 5623
f 6171 5623 6163
f 5634 6165 5625
f 6165 5634 5635
f 6172 6165 5635
f 6167 6165 6172
f 6168 6167 6173
f 6167 6174 6173
f 6167 6172 6174
f 6174 6175 6173
f 6178 6177 6176
f 6178 6176 6170
f 6176 6169 6170
f 6176 6179 6169
f 6169 6180 6171
f 6169 6179 6180
f 6181 5646 5633
f 6171 6181 5633
f 6180 6181 6171
f 6181 5648 5646
f 5649 6172 5635
f 6172 5649 5650
f 6182 6172 5650
f 6174 6172 6182
f 6175 6174 6183
f 6174 6184 6183
f 6174 6182 6184
f 6184 6185 6183
f 6176 6177 6186
f 6186 6177 6187
f 6176 6188 6179
f 6176 6186 6188
f 6179 6189 6180
f 6179 6188 6189
f 6180 6190 6181
f 6180 6189 6190
f 6190 5662 5648
f 6190 5648 6181
f 5663 6182 5650
f 6182 5663 5664
f 6191 6182 5664
f 6184 6182 6191
f 6185 6184 6192
f 6184 6193 6192
f 6184 6191 6193
f 6193 6194 6192
f 6197 6196 6195
f 6199 6198 6195
f 6195 6198 6197
f 6198 6199 6187
f 6199 6186 6187
f 6199 6200 6186
f 6186 6201 6188
f 6186 6200 6201
f 6188 6202 6189
f 6188 6201 6202
f 6189 6203 6190
f 6189 6202 6203
f 6204 5675 5662
f 6190 6204 5662
f 6203 6204 6190
f 6205 5678 5675
f 6205 5675 6204
f 6205 5679 5678
f 5681 6206 6191
f 5681 6191 5664
f 6191 6207 6193
f 6191 6206 6207
f 6194 6193 6208
f 6193 6209 6208
f 6193 6207 6209
f 6211 6210 6209
f 6209 6210 6208
f 6210 6211 6196
f 6211 6195 6196
f 6211 6212 6195
f 6195 6213 6199
f 6195 6212 6213
f 6199 6214 6200
f 6199 6213 6214
f 6200 6215 6201
f 6200 6214 6215
f 6201 6216 6202
f 6201 6215 6216
f 6202 6217 6203
f 6202 6216 6217
f 6203 6218 6204
f 6203 6217 6218
f 6204 6219 6205
f 6204 6218 6219
f 6220 5693 5679
f 6205 6220 5679
f 6219 6220 6205
f 6220 5695 5693
f 5697 6221 6206
f 5697 6206 5681
f 6206 6222 6207
f 6206 6221 6222
f 6207 6223 6209
f 6207 6222 6223
f 6209 6224 6211
f 6209 6223 6224
f 6211 6225 6212
f 6211 6224 6225
f 6212 6226 6213
f 6212 6225 6226
f 6213 6227 6214
f 6213 6226 6227
f 6214 6228 6215
f 6214 6227 6228
f 6215 6229 6216
f 6215 6228 6229
f 6216 6230 6217
f 6216 6229 6230
f 6217 6231 6218
f 6217 6230 6231
f 6218 6232 6219
f 6218 6231 6232
f 6219 6233 6220
f 6219 6232 6233
f 6233 5710 5695
f 6233 5695 6220
f 5711 6221 5697
f 6221 5711 5712
f 6234 6221 5712
f 6222 6221 6234
f 6222 6235 6223
f 6222 6234 6235
f 6223 6236 6224
f 6223 6235 6236
f 6224 6237 6225
f 6224 6236 6237
f 6225 6238 6226
f 6225 6237 6238
f 6226 6239 6227
f 6226 6238 6239
f 6227 6240 6228
f 6227 6239 6240
f 6228 6241 6229
f 6228 6240 6241
f 6229 6242 6230
f 6229 6241 6242
f 6230 6243 6231
f 6230 6242 6243
f 6231 6244 6232
f 6231 6243 6244
f 6244 5724 5725
f 6233 6244 5725
f 6232 6244 6233
f 6233 5725 5710
f 5727 6245 6234
f 5727 6234 5712
f 6234 6246 6235
f 6234 6245 6246
f 6235 6247 6236
f 6235 6246 6247
f 6236 6248 6237
f 6236 6247 6248
f 6237 6249 6238
f 6237 6248 6249
f 6238 6250 6239
f 6238 6249 6250
f 6239 6251 6240
f 6239 6250 6251
f 6240 6252 6241
f 6240 6251 6252
f 6241 6253 6242
f 6241 6252 6253
f 6242 6254 6243
f 6242 6253 6254
f 6243 6255 6244
f 6243 6254 6255
f 6255 5738 5724
f 6255 5724 6244
f 5739 6245 5727
f 6245 5739 5740
f 6256 6245 5740
f 6246 6245 6256
f 6246 6257 6247
f 6246 6256 6257
f 6259 6248 6258
f 6248 6257 6258
f 6248 6247 6257
f 6261 6260 6259
f 6260 6248 6259
f 6260 6249 6248
f 6249 6262 6250
f 6249 6260 6262
f 6250 6263 6251
f 6250 6262 6263
f 6251 6264 6252
f 6251 6263 6264
f 6252 6265 6253
f 6252 6264 6265
f 6253 6266 6254
f 6253 6265 6266
f 6254 6267 6255
f 6254 6266 6267
f 6267 5751 5738
f 6267 5738 6255
f 5753 6268 6256
f 5753 6256 5740
f 6256 6269 6257
f 6256 6268 6269
f 6258 6257 6270
f 6270 6257 6269
f 6261 6271 6260
f 6273 6272 6271
f 6272 6260 6271
f 6272 6262 6260
f 6262 6274 6263
f 6262 6272 6274
f 6263 6275 6264
f 6263 6274 6275
f 6264 6276 6265
f 6264 6275 6276
f 6265 6277 6266
f 6265 6276 6277
f 6266 6278 6267
f 6266 6277 6278
f 6278 5763 5751
f 6278 5751 6267
f 5764 6268 5753
f 6268 5764 5765
f 6279 6268 5765
f 6269 6268 6279
f 6270 6269 6280
f 6269 6281 6280
f 6269 6279 6281
f 6281 6282 6280
f 6272 6273 6283
f 6283 6273 6284
f 6272 6285 6274
f 6272 6283 6285
f 6274 6286 6275
f 6274 6285 6286
f 6275 6287 6276
f 6275 6286 6287
f 6276 6288 6277
f 6276 6287 6288
f 6277 6289 6278
f 6277 6288 6289
f 6289 5775 5763
f 6289 5763 6278
f 5777 6290 6279
f 5777 6279 5765
f 6279 6291 6281
f 6279 6290 6291
f 6282 6281 6292
f 6281 6293 6292
f 6281 6291 6293
f 6295 6294 6293
f 6294 6283 6293
f 6284 6292 6293
f 6284 6293 6283
f 6297 6296 6294
f 6296 6283 6294
f 6296 6285 6283
f 6285 6298 6286
f 6285 6296 6298
f 6286 6299 6287
f 6286 6298 6299
f 6287 6300 6288
f 6287 6299 6300
f 6288 6301 6289
f 6288 6300 6301
f 6301 5786 5775
f 6301 5775 6289
f 5787 6290 5777
f 6290 5787 5788
f 6302 6290 5788
f 6291 6290 6302
f 6291 6303 6293
f 6291 6302 6303
f 6295 6293 6304
f 6293 6305 6304
f 6293 6303 6305
f 6304 6305 6297
f 6305 6296 6297
f 6305 6306 6296
f 6296 6307 6298
f 6296 6306 6307
f 6298 6308 6299
f 6298 6307 6308
f 6299 6309 6300
f 6299 6308 6309
f 6300 6310 6301
f 6300 6309 6310
f 6310 5797 5786
f 6310 5786 6301
f 5798 6302 5788
f 6302 5798 5799
f 6311 6302 5799
f 6303 6302 6311
f 6303 6312 6305
f 6303 6311 6312
f 6305 6313 6306
f 6305 6312 6313
f 6306 6314 6307
f 6306 6313 6314
f 6307 6315 6308
f 6307 6314 6315
f 6308 6316 6309
f 6308 6315 6316
f 6309 6317 6310
f 6309 6316 6317
f 6317 5807 5797
f 6317 5797 6310
f 5808 6311 5799
f 6311 5808 5809
f 6318 6311 5809
f 6312 6311 6318
f 6312 6319 6313
f 6312 6318 6319
f 6313 6320 6314
f 6313 6319 6320
f 6314 6321 6315
f 6314 6320 6321
f 6315 6322 6316
f 6315 6321 6322
f 6322 5815 5816
f 6317 6322 5816
f 6316 6322 6317
f 6317 5816 5807
f 5817 6318 5809
f 6318 5817 5818
f 6323 6318 5818
f 6319 6318 6323
f 6319 6324 6320
f 6319 6323 6324
f 6320 6325 6321
f 6320 6324 6325
f 6321 6326 6322
f 6321 6325 6326
f 6326 5823 5815
f 6326 5815 6322
f 5824 6323 5818
f 6323 5824 5825
f 6327 6323 5825
f 6324 6323 6327
f 6324 6328 6325
f 6324 6327 6328
f 6325 6329 6326
f 6325 6328 6329
f 6329 5829 5823
f 6329 5823 6326
f 5830 6327 5825
f 6327 5830 5831
f 6327 5831 6328
f 6328 5831 5832
f 6328 5832 6329
f 6329 5832 5829
f 6331 6330 5833
f 6331 5833 5834
f 5833 6332 5835
f 6330 6332 5833
f 5835 6333 5836
f 6332 6333 5835
f 5837 5836 6333
f 5837 6333 6334
f 5843 6331 5834
f 5843 6335 6331
f 5844 5837 6336
f 5837 6337 6336
f 5837 6334 6337
f 6336 5845 5844
f 5848 6338 5849
f 6339 5850 5849
f 6339 5849 6338
f 6340 5851 5850
f 6340 5850 6339
f 6341 5852 5851
f 6341 5851 6340
f 6341 5854 5852
f 6343 6342 5856
f 6343 5856 5857
f 5843 5856 6335
f 6335 5856 6342
f 6337 6344 6336
f 5845 6336 6344
f 6345 5845 6344
f 5858 5845 6345
f 5860 6346 5861
f 6347 5862 5861
f 6347 5861 6346
f 6338 5848 5862
f 6347 6338 5862
f 6348 6338 6347
f 6338 6349 6339
f 6338 6348 6349
f 6339 6350 6340
f 6339 6349 6350
f 6340 6351 6341
f 6340 6350 6351
f 6352 5863 5854
f 6341 6352 5854
f 6351 6352 6341
f 6352 5865 5863
f 6354 6353 5867
f 6354 5867 5868
f 5857 5867 6343
f 6343 5867 6353
f 6345 5869 5858
f 6355 5869 6345
f 5871 6356 5872
f 6346 5860 5872
f 6356 6346 5872
f 6357 6346 6356
f 6346 6358 6347
f 6346 6357 6358
f 6347 6359 6348
f 6347 6358 6359
f 6348 6360 6349
f 6348 6359 6360
f 6349 6361 6350
f 6349 6360 6361
f 6350 6362 6351
f 6350 6361 6362
f 6351 6363 6352
f 6351 6362 6363
f 6364 5873 5865
f 6352 6364 5865
f 6363 6364 6352
f 6365 5874 5873
f 6365 5873 6364
f 6365 5875 5874
f 5876 6354 5868
f 5876 6366 6354
f 5877 5869 6367
f 5869 6368 6367
f 5869 6355 6368
f 6367 5878 5877
f 5880 6369 5881
f 6356 5871 5881
f 6369 6356 5881
f 6370 6356 6369
f 6356 6371 6357
f 6356 6370 6371
f 6373 6358 6372
f 6358 6371 6372
f 6358 6357 6371
f 6358 6373 6359
f 6359 6373 6374
f 6359 6374 6360
f 6360 6374 6375
f 6360 6375 6361
f 6361 6375 6376
f 6361 6376 6362
f 6362 6376 6377
f 6362 6377 6363
f 6363 6377 6378
f 6380 6379 6378
f 6379 6363 6378
f 6379 6364 6363
f 6364 6381 6365
f 6364 6379 6381
f 6382 5882 5875
f 6365 6382 5875
f 6381 6382 6365
f 6382 5884 5882
f 6384 6383 5885
f 6384 5885 5886
f 5876 5885 6366
f 6366 5885 6383
f 6368 6385 6367
f 6367 6385 5878
f 6385 5887 5878
f 6385 6386 5887
f 5888 5887 6386
f 5888 6386 6387
f 5890 6388 5891
f 6369 5880 5891
f 6388 6369 5891
f 6389 6369 6388
f 6391 6370 6390
f 6370 6389 6390
f 6370 6369 6389
f 6370 6391 6371
f 6371 6391 6392
f 6371 6392 6372
f 6380 6393 6379
f 6379 6393 6381
f 6381 6393 6394
f 6381 6394 6382
f 6382 6394 6395
f 6382 6395 5884
f 6395 5892 5884
f 6395 6396 5892
f 6396 6398 6397
f 5893 6396 6397
f 5892 6396 5893
f 6397 5894 5893
f 6401 6400 6399
f 6402 6399 6400
f 6405 6404 6403
f 5895 5896 6403
f 6404 5895 6403
f 6406 5895 6404
f 5895 6407 5897
f 6406 6407 5895
f 5897 6408 5898
f 6407 6408 5897
f 5886 5898 6384
f 6384 5898 6408
f 6387 6409 5888
f 5888 6409 5899
f 6409 6411 6410
f 5900 6409 6410
f 5899 6409 5900
f 6410 5901 5900
f 5903 6412 5904
f 6413 5905 5904
f 6413 5904 6412
f 6413 6414 5905
f 5905 6414 5890
f 6414 6415 5890
f 6415 6388 5890
f 6388 6415 6389
f 6389 6415 6416
f 6389 6416 6390
f 6398 6417 6397
f 6397 6417 5894
f 6417 5906 5894
f 6417 6418 5906
f 5906 6419 5907
f 6418 6419 5906
f 5907 6420 5908
f 6419 6420 5907
f 5908 6421 5909
f 6420 6421 5908
f 6421 6423 6422
f 5910 6421 6422
f 5909 6421 5910
f 6422 5911 5910
f 6425 6424 5912
f 6425 5912 5913
f 5912 6426 5914
f 6424 6426 5912
f 5914 6427 5915
f 6426 6427 5914
f 5915 6428 5916
f 6427 6428 5915
f 5916 6429 5917
f 6428 6429 5916
f 5917 6430 5918
f 6429 6430 5917
f 5918 6431 5919
f 6430 6431 5918
f 6399 5920 6401
f 5920 6431 6401
f 5920 5919 6431
f 6402 6432 6399
f 6432 5920 6399
f 6432 5921 5920
f 6403 5922 6405
f 5922 6432 6405
f 5922 5921 6432
f 5922 6403 5896
f 6411 6433 6410
f 6410 6433 5901
f 6433 5923 5901
f 6433 6434 5923
f 5923 6435 5924
f 6434 6435 5923
f 5924 6436 5925
f 6435 6436 5924
f 5925 6437 5926
f 6436 6437 5925
f 6437 6439 6438
f 5927 6437 6438
f 5926 6437 5927
f 6438 5928 5927
f 5930 6440 5931
f 6412 5903 5931
f 6440 6412 5931
f 6441 6412 6440
f 6443 6413 6442
f 6413 6441 6442
f 6413 6412 6441
f 6413 6443 6414
f 6423 6444 6422
f 6422 6444 5911
f 6444 5932 5911
f 6444 6445 5932
f 5932 6446 5933
f 6445 6446 5932
f 5913 5933 6425
f 6425 5933 6446
f 6439 6447 6438
f 6438 6447 5928
f 6447 5934 5928
f 6447 6448 5934
f 5934 6449 5935
f 6448 6449 5934
f 5935 6450 5936
f 6449 6450 5935
f 5936 6451 5937
f 6450 6451 5936
f 5937 6452 5938
f 6451 6452 5937
f 5938 6453 5939
f 6452 6453 5938
f 5939 6454 5940
f 6453 6454 5939
f 5940 6455 5941
f 6454 6455 5940
f 5941 6456 5942
f 6455 6456 5941
f 5942 6457 5943
f 6456 6457 5942
f 6457 6459 6458
f 5944 6457 6458
f 5943 6457 5944
f 6460 5945 5944
f 6460 5944 6458
f 6460 5947 5945
f 5950 6461 5951
f 6440 5930 5951
f 6461 6440 5951
f 6462 6440 6461
f 6464 6441 6463
f 6441 6462 6463
f 6441 6440 6462
f 6441 6464 6442
f 6459 6465 6458
f 6458 6465 6460
f 6460 6465 6466
f 6460 6466 5947
f 6466 5952 5947
f 6466 6467 5952
f 5952 6468 5953
f 6467 6468 5952
f 5953 6469 5954
f 6468 6469 5953
f 5954 6470 5955
f 6469 6470 5954
f 5955 6471 5956
f 6470 6471 5955
f 5956 6472 5957
f 6471 6472 5956
f 6472 6474 6473
f 5958 6472 6473
f 5957 6472 5958
f 6475 5959 5958
f 6475 5958 6473
f 6475 5961 5959
f 5965 6476 5966
f 6476 6477 5966
f 5966 6477 5950
f 6477 6478 5950
f 6478 6461 5950
f 6461 6478 6462
f 6462 6478 6479
f 6462 6479 6463
f 6474 6480 6473
f 6473 6480 6475
f 6475 6480 6481
f 6475 6481 5961
f 6481 5967 5961
f 6481 6482 5967
f 6482 6484 6483
f 5968 6482 6483
f 5967 6482 5968
f 6485 5969 5968
f 6485 5968 6483
f 6486 5970 5969
f 6486 5969 6485
f 6487 5971 5970
f 6487 5970 6486
f 6487 5973 5971
f 5977 6488 6476
f 5977 6476 5965
f 6477 6476 6489
f 6489 6476 6488
f 6484 6490 6483
f 6483 6490 6485
f 6485 6490 6491
f 6485 6491 6486
f 6486 6491 6492
f 6486 6492 6487
f 6487 6492 6493
f 6493 6495 6494
f 6493 6494 5978
f 6487 6493 5978
f 5973 6487 5978
f 6496 5979 5978
f 6496 5978 6494
f 6497 5980 5979
f 6497 5979 6496
f 6497 5982 5980
f 5984 6498 6488
f 5984 6488 5977
f 6489 6488 6499
f 6499 6488 6498
f 6495 6500 6494
f 6494 6500 6496
f 6496 6500 6501
f 6496 6501 6497
f 6497 6501 6502
f 6497 6502 5982
f 6502 5985 5982
f 6502 6503 5985
f 6503 6505 6504
f 5986 6503 6504
f 5985 6503 5986
f 6506 5987 5986
f 6506 5986 6504
f 6507 5988 5987
f 6507 5987 6506
f 6507 5990 5988
f 5993 6498 5984
f 6508 6499 6498
f 5993 6508 6498
f 5994 6508 5993
f 6510 6509 5996
f 6509 5994 5996
f 6509 6508 5994
f 6510 6511 6509
f 6505 6512 6504
f 6504 6512 6506
f 6506 6512 6513
f 6506 6513 6507
f 6507 6513 6514
f 6507 6514 5990
f 6514 5997 5990
f 6514 6515 5997
f 6515 6517 6516
f 5998 6515 6516
f 5997 6515 5998
f 6518 5999 5998
f 6518 5998 6516
f 6518 6001 5999
f 6002 6510 5996
f 6519 6511 6510
f 6002 6519 6510
f 6003 6519 6002
f 6521 6520 6005
f 6520 6003 6005
f 6520 6519 6003
f 6521 6522 6520
f 6517 6523 6516
f 6516 6523 6518
f 6518 6523 6524
f 6518 6524 6001
f 6524 6006 6001
f 6524 6525 6006
f 6525 6527 6526
f 6007 6525 6526
f 6006 6525 6007
f 6526 6009 6007
f 6010 6521 6005
f 6529 6528 6011
f 6011 6528 6010
f 6528 6522 6010
f 6522 6521 6010
f 6529 6530 6528
f 6527 6531 6526
f 6526 6531 6009
f 6531 6012 6009
f 6531 6532 6012
f 6014 6012 6532
f 6014 6532 6533
f 6015 6529 6011
f 6534 6530 6529
f 6015 6534 6529
f 6016 6534 6015
f 6016 6017 6534
f 6534 6017 6535
f 6538 6537 6536
f 6533 6538 6536
f 6019 6533 6536
f 6014 6533 6019
f 6539 6535 6017
f 6539 6017 6020
f 6540 6020 6021
f 6540 6539 6020
f 6542 6541 6022
f 6541 6021 6022
f 6541 6540 6021
f 6542 6543 6541
f 6546 6545 6544
f 6546 6544 6537
f 6544 6536 6537
f 6544 6547 6536
f 6547 6024 6019
f 6547 6019 6536
f 6025 6542 6022
f 6548 6543 6542
f 6025 6548 6542
f 6026 6548 6025
f 6549 6026 6027
f 6549 6548 6026
f 6027 6028 6549
f 6549 6028 6550
f 6553 6552 6551
f 6555 6554 6551
f 6551 6554 6553
f 6554 6555 6545
f 6555 6544 6545
f 6555 6556 6544
f 6556 6030 6031
f 6547 6556 6031
f 6544 6556 6547
f 6547 6031 6024
f 6557 6550 6028
f 6557 6028 6033
f 6558 6033 6034
f 6558 6557 6033
f 6559 6034 6035
f 6559 6558 6034
f 6561 6560 6036
f 6560 6035 6036
f 6560 6559 6035
f 6561 6562 6560
f 6565 6564 6563
f 6567 6566 6563
f 6563 6566 6565
f 6569 6568 6567
f 6567 6568 6566
f 6571 6570 6569
f 6569 6570 6568
f 6573 6572 6571
f 6571 6572 6570
f 6038 6039 6573
f 6039 6572 6573
f 6039 6574 6572
f 6040 6551 6552
f 6574 6040 6552
f 6039 6040 6574
f 6551 6040 6042
f 6551 6042 6555
f 6555 6042 6044
f 6555 6044 6556
f 6556 6044 6030
f 6047 6561 6036
f 6575 6562 6561
f 6047 6575 6561
f 6048 6575 6047
f 6576 6048 6049
f 6576 6575 6048
f 6577 6049 6050
f 6577 6576 6049
f 6578 6050 6051
f 6578 6577 6050
f 6579 6051 6052
f 6579 6578 6051
f 6580 6052 6053
f 6580 6579 6052
f 6581 6053 6054
f 6581 6580 6053
f 6582 6054 6055
f 6582 6581 6054
f 6583 6055 6056
f 6583 6582 6055
f 6584 6056 6057
f 6584 6583 6056
f 6585 6057 6058
f 6585 6584 6057
f 6586 6058 6059
f 6586 6585 6058
f 6587 6059 6060
f 6587 6586 6059
f 6588 6060 6061
f 6588 6587 6060
f 6589 6061 6062
f 6589 6588 6061
f 6590 6062 6063
f 6590 6589 6062
f 6591 6063 6064
f 6591 6590 6063
f 6592 6064 6065
f 6592 6591 6064
f 6593 6065 6066
f 6593 6592 6065
f 6594 6066 6067
f 6594 6593 6066
f 6595 6067 6068
f 6595 6594 6067
f 6597 6596 6070
f 6596 6068 6070
f 6596 6595 6068
f 6599 6598 6597
f 6597 6598 6596
f 6601 6600 6599
f 6599 6600 6598
f 6603 6602 6601
f 6601 6602 6600
f 6603 6604 6602
f 6606 6605 6073
f 6073 6605 6072
f 6607 6073 6074
f 6607 6606 6073
f 6608 6074 6075
f 6608 6607 6074
f 6609 6075 6076
f 6609 6608 6075
f 6610 6076 6077
f 6610 6609 6076
f 6611 6077 6078
f 6611 6610 6077
f 6612 6078 6079
f 6612 6611 6078
f 6613 6079 6080
f 6613 6612 6079
f 6614 6080 6081
f 6614 6613 6080
f 6615 6081 6082
f 6615 6614 6081
f 6616 6082 6083
f 6616 6615 6082
f 6617 6083 6084
f 6617 6616 6083
f 6618 6084 6085
f 6618 6617 6084
f 6619 6085 6086
f 6619 6618 6085
f 6620 6086 6087
f 6620 6619 6086
f 6621 6087 6088
f 6621 6620 6087
f 6622 6088 6089
f 6622 6621 6088
f 6623 6089 6090
f 6623 6622 6089
f 6624 6090 6091
f 6624 6623 6090
f 6625 6091 6092
f 6625 6624 6091
f 6626 6092 6093
f 6626 6625 6092
f 6627 6093 6094
f 6627 6626 6093
f 6629 6628 6096
f 6628 6094 6096
f 6628 6627 6094
f 6631 6630 6629
f 6629 6630 6628
f 6633 6632 6631
f 6631 6632 6630
f 6635 6634 6633
f 6633 6634 6632
f 6637 6636 6635
f 6635 6636 6634
f 6639 6638 6637
f 6637 6638 6636
f 6641 6640 6639
f 6639 6640 6638
f 6643 6642 6641
f 6641 6642 6640
f 6645 6644 6643
f 6643 6644 6642
f 6647 6646 6645
f 6645 6646 6644
f 6649 6648 6647
f 6647 6648 6646
f 6648 6649 6564
f 6649 6563 6564
f 6649 6650 6563
f 6563 6651 6567
f 6563 6650 6651
f 6651 6098 6099
f 6569 6651 6099
f 6567 6651 6569
f 6569 6099 6100
f 6569 6100 6571
f 6571 6100 6102
f 6571 6102 6573
f 6573 6102 6038
f 6106 6597 6070
f 6597 6106 6107
f 6597 6107 6599
f 6599 6107 6108
f 6599 6108 6601
f 6601 6108 6109
f 6601 6109 6603
f 6652 6604 6603
f 6109 6652 6603
f 6110 6652 6109
f 6653 6110 6111
f 6653 6652 6110
f 6654 6111 6112
f 6654 6653 6111
f 6655 6112 6113
f 6655 6654 6112
f 6656 6113 6114
f 6656 6655 6113
f 6657 6114 6115
f 6657 6656 6114
f 6658 6115 6116
f 6658 6657 6115
f 6659 6116 6117
f 6659 6658 6116
f 6660 6117 6118
f 6660 6659 6117
f 6661 6118 6119
f 6661 6660 6118
f 6119 6072 6605
f 6119 6605 6661
f 6120 6629 6096
f 6629 6120 6121
f 6629 6121 6631
f 6631 6121 6123
f 6662 6631 6123
f 6633 6631 6662
f 6633 6663 6635
f 6633 6662 6663
f 6635 6664 6637
f 6635 6663 6664
f 6637 6665 6639
f 6637 6664 6665
f 6639 6666 6641
f 6639 6665 6666
f 6641 6667 6643
f 6641 6666 6667
f 6643 6668 6645
f 6643 6667 6668
f 6645 6669 6647
f 6645 6668 6669
f 6647 6670 6649
f 6647 6669 6670
f 6649 6671 6650
f 6649 6670 6671
f 6650 6672 6651
f 6650 6671 6672
f 6672 6125 6098
f 6672 6098 6651
f 6130 6662 6123
f 6662 6130 6132
f 6662 6132 6663
f 6663 6132 6134
f 6673 6663 6134
f 6664 6663 6673
f 6664 6674 6665
f 6664 6673 6674
f 6665 6675 6666
f 6665 6674 6675
f 6666 6676 6667
f 6666 6675 6676
f 6667 6677 6668
f 6667 6676 6677
f 6668 6678 6669
f 6668 6677 6678
f 6669 6679 6670
f 6669 6678 6679
f 6670 6680 6671
f 6670 6679 6680
f 6671 6681 6672
f 6671 6680 6681
f 6682 6135 6125
f 6672 6682 6125
f 6681 6682 6672
f 6682 6137 6135
f 6141 6673 6134
f 6673 6141 6143
f 6683 6673 6143
f 6674 6673 6683
f 6674 6684 6675
f 6674 6683 6684
f 6675 6685 6676
f 6675 6684 6685
f 6676 6686 6677
f 6676 6685 6686
f 6677 6687 6678
f 6677 6686 6687
f 6678 6688 6679
f 6678 6687 6688
f 6679 6689 6680
f 6679 6688 6689
f 6680 6690 6681
f 6680 6689 6690
f 6681 6691 6682
f 6681 6690 6691
f 6691 6145 6137
f 6691 6137 6682
f 6150 6683 6143
f 6683 6150 6152
f 6692 6683 6152
f 6684 6683 6692
f 6684 6693 6685
f 6684 6692 6693
f 6685 6694 6686
f 6685 6693 6694
f 6686 6695 6687
f 6686 6694 6695
f 6687 6696 6688
f 6687 6695 6696
f 6688 6697 6689
f 6688 6696 6697
f 6689 6698 6690
f 6689 6697 6698
f 6690 6699 6691
f 6690 6698 6699
f 6700 6153 6145
f 6691 6700 6145
f 6699 6700 6691
f 6700 6155 6153
f 6159 6701 6692
f 6159 6692 6152
f 6692 6702 6693
f 6692 6701 6702
f 6693 6703 6694
f 6693 6702 6703
f 6694 6704 6695
f 6694 6703 6704
f 6695 6705 6696
f 6695 6704 6705
f 6696 6706 6697
f 6696 6705 6706
f 6697 6707 6698
f 6697 6706 6707
f 6698 6708 6699
f 6698 6707 6708
f 6699 6709 6700
f 6699 6708 6709
f 6710 6160 6155
f 6700 6710 6155
f 6709 6710 6700
f 6710 6162 6160
f 6164 6701 6159
f 6701 6164 6166
f 6701 6166 6702
f 6702 6166 6168
f 6711 6702 6168
f 6703 6702 6711
f 6703 6712 6704
f 6703 6711 6712
f 6704 6713 6705
f 6704 6712 6713
f 6705 6714 6706
f 6705 6713 6714
f 6706 6715 6707
f 6706 6714 6715
f 6707 6716 6708
f 6707 6715 6716
f 6708 6717 6709
f 6708 6716 6717
f 6709 6718 6710
f 6709 6717 6718
f 6718 6170 6162
f 6718 6162 6710
f 6173 6711 6168
f 6711 6173 6175
f 6719 6711 6175
f 6712 6711 6719
f 6712 6720 6713
f 6712 6719 6720
f 6713 6721 6714
f 6713 6720 6721
f 6714 6722 6715
f 6714 6721 6722
f 6715 6723 6716
f 6715 6722 6723
f 6716 6724 6717
f 6716 6723 6724
f 6724 6177 6178
f 6718 6724 6178
f 6717 6724 6718
f 6718 6178 6170
f 6183 6719 6175
f 6719 6183 6185
f 6725 6719 6185
f 6720 6719 6725
f 6720 6726 6721
f 6720 6725 6726
f 6721 6727 6722
f 6721 6726 6727
f 6722 6728 6723
f 6722 6727 6728
f 6723 6729 6724
f 6723 6728 6729
f 6729 6187 6177
f 6729 6177 6724
f 6192 6725 6185
f 6725 6192 6194
f 6730 6725 6194
f 6726 6725 6730
f 6726 6731 6727
f 6726 6730 6731
f 6731 6196 6197
f 6728 6731 6197
f 6727 6731 6728
f 6728 6197 6198
f 6728 6198 6729
f 6729 6198 6187
f 6208 6730 6194
f 6730 6208 6210
f 6730 6210 6731
f 6731 6210 6196
f 6258 6732 6259
f 6732 6261 6259
f 6270 6733 6732
f 6270 6732 6258
f 6734 6271 6261
f 6732 6734 6261
f 6733 6734 6732
f 6734 6273 6271
f 6280 6733 6270
f 6733 6280 6282
f 6735 6733 6282
f 6734 6733 6735
f 6735 6284 6273
f 6735 6273 6734
f 6292 6735 6282
f 6284 6735 6292
f 6294 6295 6736
f 6736 6297 6294
f 6304 6736 6295
f 6736 6304 6297
f 6738 6737 6330
f 6738 6330 6331
f 6330 6739 6332
f 6737 6739 6330
f 6332 6740 6333
f 6739 6740 6332
f 6334 6333 6740
f 6334 6740 6741
f 6744 6743 6742
f 6743 6738 6742
f 6738 6335 6742
f 6738 6331 6335
f 6741 6337 6334
f 6745 6337 6741
f 6748 6747 6746
f 6746 6747 6744
f 6746 6744 6742
f 6343 6746 6742
f 6342 6343 6742
f 6342 6742 6335
f 6745 6749 6337
f 6337 6749 6344
f 6345 6344 6749
f 6345 6749 6750
f 6748 6746 6353
f 6354 6748 6353
f 6751 6748 6354
f 6353 6746 6343
f 6750 6355 6345
f 6752 6355 6750
f 6366 6751 6354
f 6366 6753 6751
f 6752 6368 6355
f 6754 6368 6752
f 6372 6755 6373
f 6756 6374 6373
f 6756 6373 6755
f 6757 6375 6374
f 6757 6374 6756
f 6758 6376 6375
f 6758 6375 6757
f 6759 6377 6376
f 6759 6376 6758
f 6760 6378 6377
f 6760 6377 6759
f 6760 6380 6378
f 6763 6762 6761
f 6383 6384 6761
f 6762 6383 6761
f 6764 6383 6762
f 6366 6383 6753
f 6753 6383 6764
f 6754 6765 6368
f 6368 6765 6385
f 6765 6767 6766
f 6386 6765 6766
f 6385 6765 6386
f 6766 6387 6386
f 6390 6768 6391
f 6769 6392 6391
f 6769 6391 6768
f 6755 6372 6392
f 6769 6755 6392
f 6770 6755 6769
f 6755 6771 6756
f 6755 6770 6771
f 6756 6772 6757
f 6756 6771 6772
f 6757 6773 6758
f 6757 6772 6773
f 6758 6774 6759
f 6758 6773 6774
f 6759 6775 6760
f 6759 6774 6775
f 6776 6393 6380
f 6760 6776 6380
f 6775 6776 6760
f 6777 6394 6393
f 6777 6393 6776
f 6778 6395 6394
f 6778 6394 6777
f 6779 6396 6395
f 6779 6395 6778
f 6779 6398 6396
f 6781 6780 6400
f 6781 6400 6401
f 6783 6782 6402
f 6400 6783 6402
f 6780 6783 6400
f 6404 6405 6782
f 6783 6404 6782
f 6784 6404 6783
f 6404 6785 6406
f 6784 6785 6404
f 6406 6786 6407
f 6785 6786 6406
f 6761 6408 6763
f 6408 6786 6763
f 6408 6407 6786
f 6408 6761 6384
f 6767 6787 6766
f 6766 6787 6387
f 6787 6409 6387
f 6787 6788 6409
f 6411 6409 6788
f 6411 6788 6789
f 6414 6790 6415
f 6791 6416 6415
f 6791 6415 6790
f 6768 6390 6416
f 6791 6768 6416
f 6792 6768 6791
f 6768 6793 6769
f 6768 6792 6793
f 6769 6794 6770
f 6769 6793 6794
f 6770 6795 6771
f 6770 6794 6795
f 6797 6772 6796
f 6772 6795 6796
f 6772 6771 6795
f 6772 6797 6773
f 6773 6797 6798
f 6773 6798 6774
f 6774 6798 6799
f 6774 6799 6775
f 6775 6799 6800
f 6775 6800 6776
f 6776 6800 6801
f 6776 6801 6777
f 6777 6801 6802
f 6777 6802 6778
f 6778 6802 6803
f 6778 6803 6779
f 6779 6803 6804
f 6779 6804 6398
f 6804 6417 6398
f 6804 6805 6417
f 6805 6807 6806
f 6418 6805 6806
f 6417 6805 6418
f 6808 6419 6418
f 6808 6418 6806
f 6809 6420 6419
f 6809 6419 6808
f 6810 6421 6420
f 6810 6420 6809
f 6810 6423 6421
f 6425 6811 6424
f 6424 6811 6812
f 6813 6424 6812
f 6426 6424 6813
f 6426 6814 6427
f 6813 6814 6426
f 6427 6815 6428
f 6814 6815 6427
f 6428 6816 6429
f 6815 6816 6428
f 6429 6817 6430
f 6816 6817 6429
f 6430 6818 6431
f 6817 6818 6430
f 6401 6431 6781
f 6781 6431 6818
f 6782 6432 6402
f 6432 6782 6405
f 6789 6819 6411
f 6411 6819 6433
f 6819 6821 6820
f 6434 6819 6820
f 6433 6819 6434
f 6822 6435 6434
f 6822 6434 6820
f 6823 6436 6435
f 6823 6435 6822
f 6824 6437 6436
f 6824 6436 6823
f 6824 6439 6437
f 6442 6825 6443
f 6790 6414 6443
f 6825 6790 6443
f 6826 6790 6825
f 6790 6827 6791
f 6790 6826 6827
f 6791 6828 6792
f 6791 6827 6828
f 6792 6829 6793
f 6792 6828 6829
f 6831 6794 6830
f 6794 6829 6830
f 6794 6793 6829
f 6794 6831 6795
f 6795 6831 6832
f 6795 6832 6796
f 6807 6833 6806
f 6806 6833 6808
f 6808 6833 6834
f 6808 6834 6809
f 6809 6834 6835
f 6809 6835 6810
f 6810 6835 6836
f 6810 6836 6423
f 6836 6444 6423
f 6836 6837 6444
f 6444 6838 6445
f 6837 6838 6444
f 6445 6839 6446
f 6838 6839 6445
f 6425 6446 6811
f 6446 6840 6811
f 6446 6839 6840
f 6811 6840 6812
f 6821 6841 6820
f 6820 6841 6822
f 6822 6841 6842
f 6822 6842 6823
f 6823 6842 6843
f 6823 6843 6824
f 6824 6843 6844
f 6824 6844 6439
f 6844 6447 6439
f 6844 6845 6447
f 6447 6846 6448
f 6845 6846 6447
f 6846 6848 6847
f 6449 6846 6847
f 6448 6846 6449
f 6849 6450 6449
f 6849 6449 6847
f 6850 6451 6450
f 6850 6450 6849
f 6851 6452 6451
f 6851 6451 6850
f 6852 6453 6452
f 6852 6452 6851
f 6853 6454 6453
f 6853 6453 6852
f 6854 6455 6454
f 6854 6454 6853
f 6855 6456 6455
f 6855 6455 6854
f 6856 6457 6456
f 6856 6456 6855
f 6856 6459 6457
f 6463 6857 6464
f 6825 6442 6464
f 6857 6825 6464
f 6858 6825 6857
f 6825 6859 6826
f 6825 6858 6859
f 6861 6827 6860
f 6827 6859 6860
f 6827 6826 6859
f 6827 6861 6828
f 6828 6861 6862
f 6828 6862 6829
f 6829 6862 6863
f 6829 6863 6830
f 6848 6864 6847
f 6847 6864 6849
f 6849 6864 6865
f 6849 6865 6850
f 6850 6865 6866
f 6850 6866 6851
f 6851 6866 6867
f 6851 6867 6852
f 6852 6867 6868
f 6852 6868 6853
f 6853 6868 6869
f 6853 6869 6854
f 6854 6869 6870
f 6854 6870 6855
f 6855 6870 6871
f 6855 6871 6856
f 6856 6871 6872
f 6856 6872 6459
f 6872 6465 6459
f 6872 6873 6465
f 6465 6874 6466
f 6873 6874 6465
f 6466 6875 6467
f 6874 6875 6466
f 6875 6877 6876
f 6468 6875 6876
f 6467 6875 6468
f 6878 6469 6468
f 6878 6468 6876
f 6879 6470 6469
f 6879 6469 6878
f 6880 6471 6470
f 6880 6470 6879
f 6881 6472 6471
f 6881 6471 6880
f 6881 6474 6472
f 6477 6882 6478
f 6883 6479 6478
f 6883 6478 6882
f 6857 6463 6479
f 6883 6857 6479
f 6884 6857 6883
f 6857 6885 6858
f 6857 6884 6885
f 6887 6859 6886
f 6859 6885 6886
f 6859 6858 6885
f 6859 6887 6860
f 6877 6888 6876
f 6876 6888 6878
f 6878 6888 6889
f 6878 6889 6879
f 6879 6889 6890
f 6879 6890 6880
f 6880 6890 6891
f 6880 6891 6881
f 6881 6891 6892
f 6881 6892 6474
f 6892 6480 6474
f 6892 6893 6480
f 6893 6895 6894
f 6481 6893 6894
f 6480 6893 6481
f 6896 6482 6481
f 6896 6481 6894
f 6896 6484 6482
f 6489 6897 6882
f 6489 6882 6477
f 6882 6898 6883
f 6882 6897 6898
f 6883 6899 6884
f 6883 6898 6899
f 6901 6885 6900
f 6885 6899 6900
f 6885 6884 6899
f 6885 6901 6886
f 6895 6902 6894
f 6894 6902 6896
f 6896 6902 6903
f 6896 6903 6484
f 6903 6490 6484
f 6903 6904 6490
f 6904 6906 6905
f 6491 6904 6905
f 6490 6904 6491
f 6907 6492 6491
f 6907 6491 6905
f 6908 6493 6492
f 6908 6492 6907
f 6908 6495 6493
f 6499 6909 6897
f 6499 6897 6489
f 6897 6910 6898
f 6897 6909 6910
f 6898 6911 6899
f 6898 6910 6911
f 6900 6899 6912
f 6899 6913 6912
f 6899 6911 6913
f 6913 6914 6912
f 6906 6915 6905
f 6905 6915 6907
f 6907 6915 6916
f 6907 6916 6908
f 6908 6916 6917
f 6908 6917 6495
f 6917 6500 6495
f 6917 6918 6500
f 6500 6919 6501
f 6918 6919 6500
f 6919 6921 6920
f 6502 6919 6920
f 6501 6919 6502
f 6922 6503 6502
f 6922 6502 6920
f 6922 6505 6503
f 6508 6909 6499
f 6909 6508 6509
f 6909 6509 6910
f 6910 6509 6511
f 6923 6910 6511
f 6911 6910 6923
f 6911 6924 6913
f 6911 6923 6924
f 6914 6913 6925
f 6925 6913 6924
f 6921 6926 6920
f 6920 6926 6922
f 6922 6926 6927
f 6922 6927 6505
f 6927 6512 6505
f 6927 6928 6512
f 6512 6929 6513
f 6928 6929 6512
f 6929 6931 6930
f 6514 6929 6930
f 6513 6929 6514
f 6932 6515 6514
f 6932 6514 6930
f 6932 6517 6515
f 6519 6923 6511
f 6923 6519 6520
f 6923 6520 6924
f 6934 6933 6522
f 6522 6933 6520
f 6933 6925 6520
f 6925 6924 6520
f 6934 6935 6933
f 6931 6936 6930
f 6930 6936 6932
f 6932 6936 6937
f 6932 6937 6517
f 6937 6523 6517
f 6937 6938 6523
f 6523 6939 6524
f 6938 6939 6523
f 6939 6941 6940
f 6525 6939 6940
f 6524 6939 6525
f 6940 6527 6525
f 6528 6934 6522
f 6943 6942 6530
f 6530 6942 6528
f 6942 6935 6528
f 6935 6934 6528
f 6943 6944 6942
f 6941 6945 6940
f 6940 6945 6527
f 6945 6531 6527
f 6945 6946 6531
f 6946 6948 6947
f 6532 6946 6947
f 6531 6946 6532
f 6947 6533 6532
f 6534 6943 6530
f 6950 6949 6535
f 6535 6949 6534
f 6949 6944 6534
f 6944 6943 6534
f 6950 6951 6949
f 6954 6953 6952
f 6954 6952 6948
f 6948 6952 6947
f 6952 6537 6947
f 6537 6538 6947
f 6947 6538 6533
f 6539 6950 6535
f 6955 6951 6950
f 6539 6955 6950
f 6540 6955 6539
f 6956 6540 6541
f 6956 6955 6540
f 6541 6543 6956
f 6956 6543 6957
f 6960 6959 6958
f 6960 6958 6953
f 6953 6958 6952
f 6958 6545 6952
f 6545 6546 6952
f 6952 6546 6537
f 6961 6957 6543
f 6961 6543 6548
f 6962 6548 6549
f 6962 6961 6548
f 6964 6963 6550
f 6963 6549 6550
f 6963 6962 6549
f 6964 6965 6963
f 6968 6967 6966
f 6970 6969 6966
f 6966 6969 6968
f 6552 6553 6970
f 6553 6969 6970
f 6553 6971 6969
f 6554 6958 6959
f 6971 6554 6959
f 6553 6554 6971
f 6958 6554 6545
f 6557 6964 6550
f 6972 6965 6964
f 6557 6972 6964
f 6558 6972 6557
f 6973 6558 6559
f 6973 6972 6558
f 6974 6559 6560
f 6974 6973 6559
f 6976 6975 6562
f 6975 6560 6562
f 6975 6974 6560
f 6978 6977 6976
f 6976 6977 6975
f 6978 6979 6977
f 6982 6981 6980
f 6984 6983 6980
f 6980 6983 6982
f 6986 6985 6984
f 6984 6985 6983
f 6988 6987 6986
f 6986 6987 6985
f 6990 6989 6988
f 6988 6989 6987
f 6992 6991 6990
f 6990 6991 6989
f 6994 6993 6992
f 6992 6993 6991
f 6996 6995 6994
f 6994 6995 6993
f 6998 6997 6996
f 6996 6997 6995
f 7000 6999 6998
f 6998 6999 6997
f 7002 7001 7000
f 7000 7001 6999
f 7004 7003 7002
f 7002 7003 7001
f 7006 7005 7004
f 7004 7005 7003
f 7008 7007 7006
f 7006 7007 7005
f 7010 7009 7008
f 7008 7009 7007
f 7012 7011 7010
f 7010 7011 7009
f 7014 7013 7012
f 7012 7013 7011
f 7016 7015 7014
f 7014 7015 7013
f 7018 7017 7016
f 7016 7017 7015
f 7020 7019 7018
f 7018 7019 7017
f 6564 6565 7020
f 6565 7019 7020
f 6565 7021 7019
f 7022 6565 6566
f 7022 7021 6565
f 7023 6566 6568
f 7023 7022 6566
f 7024 6568 6570
f 7024 7023 6568
f 6572 6966 6967
f 7024 6572 6967
f 6570 6572 7024
f 6966 6572 6574
f 6966 6574 6970
f 6970 6574 6552
f 6575 6976 6562
f 6976 6575 6576
f 6976 6576 6978
f 7025 6979 6978
f 6576 7025 6978
f 6577 7025 6576
f 7026 6577 6578
f 7026 7025 6577
f 7027 6578 6579
f 7027 7026 6578
f 7028 6579 6580
f 7028 7027 6579
f 7029 6580 6581
f 7029 7028 6580
f 7030 6581 6582
f 7030 7029 6581
f 7031 6582 6583
f 7031 7030 6582
f 7032 6583 6584
f 7032 7031 6583
f 7033 6584 6585
f 7033 7032 6584
f 7034 6585 6586
f 7034 7033 6585
f 7035 6586 6587
f 7035 7034 6586
f 7036 6587 6588
f 7036 7035 6587
f 7037 6588 6589
f 7037 7036 6588
f 7038 6589 6590
f 7038 7037 6589
f 7039 6590 6591
f 7039 7038 6590
f 7040 6591 6592
f 7040 7039 6591
f 7041 6592 6593
f 7041 7040 6592
f 7042 6593 6594
f 7042 7041 6593
f 7043 6594 6595
f 7043 7042 6594
f 7044 6595 6596
f 7044 7043 6595
f 7045 6596 6598
f 7045 7044 6596
f 7046 6598 6600
f 7046 7045 6598
f 7047 6600 6602
f 7047 7046 6600
f 7049 7048 6604
f 7048 6602 6604
f 7048 7047 6602
f 7051 7050 7049
f 7049 7050 7048
f 7053 7052 7051
f 7051 7052 7050
f 7055 7054 7053
f 7053 7054 7052
f 7057 7056 7055
f 7055 7056 7054
f 7059 7058 7057
f 7057 7058 7056
f 7061 7060 7059
f 7059 7060 7058
f 7063 7062 7061
f 7061 7062 7060
f 7065 7064 7063
f 7063 7064 7062
f 7067 7066 7065
f 7065 7066 7064
f 6605 6606 7067
f 6606 7066 7067
f 6606 7068 7066
f 7069 6606 6607
f 7069 7068 6606
f 7070 6607 6608
f 7070 7069 6607
f 7071 6608 6609
f 7071 7070 6608
f 7072 6609 6610
f 7072 7071 6609
f 7073 6610 6611
f 7073 7072 6610
f 7074 6611 6612
f 7074 7073 6611
f 7075 6612 6613
f 7075 7074 6612
f 7076 6613 6614
f 7076 7075 6613
f 7077 6614 6615
f 7077 7076 6614
f 7078 6615 6616
f 7078 7077 6615
f 7079 6616 6617
f 7079 7078 6616
f 7080 6617 6618
f 7080 7079 6617
f 6619 6980 6981
f 7080 6619 6981
f 6618 6619 7080
f 6980 6619 6620
f 6980 6620 6984
f 6984 6620 6621
f 6984 6621 6986
f 6986 6621 6622
f 6986 6622 6988
f 6988 6622 6623
f 6988 6623 6990
f 6990 6623 6624
f 6990 6624 6992
f 6992 6624 6625
f 6992 6625 6994
f 6994 6625 6626
f 6994 6626 6996
f 6996 6626 6627
f 6996 6627 6998
f 6998 6627 6628
f 6998 6628 7000
f 7000 6628 6630
f 7000 6630 7002
f 7002 6630 6632
f 7002 6632 7004
f 7004 6632 6634
f 7004 6634 7006
f 7006 6634 6636
f 7006 6636 7008
f 7008 6636 6638
f 7008 6638 7010
f 7010 6638 6640
f 7010 6640 7012
f 7012 6640 6642
f 7012 6642 7014
f 7014 6642 6644
f 7014 6644 7016
f 7016 6644 6646
f 7016 6646 7018
f 7018 6646 6648
f 7018 6648 7020
f 7020 6648 6564
f 6652 7049 6604
f 7049 6652 6653
f 7049 6653 7051
f 7051 6653 6654
f 7051 6654 7053
f 7053 6654 6655
f 7053 6655 7055
f 7055 6655 6656
f 7055 6656 7057
f 7057 6656 6657
f 7057 6657 7059
f 7059 6657 6658
f 7059 6658 7061
f 7061 6658 6659
f 7061 6659 7063
f 7063 6659 6660
f 7063 6660 7065
f 7065 6660 6661
f 7065 6661 7067
f 7067 6661 6605
f 7082 7081 6737
f 7082 6737 6738
f 6737 7083 6739
f 7081 7083 6737
f 7083 7085 7084
f 6740 7083 7084
f 6739 7083 6740
f 7084 6741 6740
f 7087 7086 6743
f 7087 6743 6744
f 6738 6743 7082
f 7082 6743 7086
f 7085 7088 7084
f 6741 7084 7088
f 7089 6741 7088
f 6745 6741 7089
f 7091 7090 6747
f 7091 6747 6748
f 6744 6747 7087
f 7087 6747 7090
f 6749 6745 7092
f 6745 7093 7092
f 6745 7089 7093
f 7092 6750 6749
f 6751 7091 6748
f 6751 7094 7091
f 7093 7095 7092
f 6750 7092 7095
f 7096 6750 7095
f 6752 6750 7096
f 6753 7094 6751
f 6753 7097 7094
f 7096 6754 6752
f 7098 6754 7096
f 7100 7099 6762
f 7100 6762 6763
f 6762 7101 6764
f 7099 7101 6762
f 6753 6764 7097
f 7097 6764 7101
f 7098 7102 6754
f 6754 7102 6765
f 6767 6765 7102
f 6767 7102 7103
f 7105 7104 6780
f 7105 6780 6781
f 6780 7106 6783
f 7104 7106 6780
f 6783 7107 6784
f 7106 7107 6783
f 6784 7108 6785
f 7107 7108 6784
f 6785 7109 6786
f 7108 7109 6785
f 6763 6786 7100
f 7100 6786 7109
f 7103 7110 6767
f 6767 7110 6787
f 7110 7112 7111
f 6788 7110 7111
f 6787 7110 6788
f 7111 6789 6788
f 6796 7113 6797
f 7114 6798 6797
f 7114 6797 7113
f 7115 6799 6798
f 7115 6798 7114
f 7116 6800 6799
f 7116 6799 7115
f 7117 6801 6800
f 7117 6800 7116
f 7118 6802 6801
f 7118 6801 7117
f 7119 6803 6802
f 7119 6802 7118
f 7120 6804 6803
f 7120 6803 7119
f 7121 6805 6804
f 7121 6804 7120
f 7121 6807 6805
f 6812 7122 6813
f 6813 7122 7123
f 7124 6813 7123
f 6814 6813 7124
f 6814 7125 6815
f 7124 7125 6814
f 6815 7126 6816
f 7125 7126 6815
f 6816 7127 6817
f 7126 7127 6816
f 6817 7128 6818
f 7127 7128 6817
f 6781 6818 7105
f 7105 6818 7128
f 7112 7129 7111
f 7129 7131 7130
f 7129 7130 6819
f 7111 7129 6819
f 6789 7111 6819
f 7130 6821 6819
f 6830 7132 6831
f 7133 6832 6831
f 7133 6831 7132
f 7113 6796 6832
f 7133 7113 6832
f 7134 7113 7133
f 7113 7135 7114
f 7113 7134 7135
f 7114 7136 7115
f 7114 7135 7136
f 7115 7137 7116
f 7115 7136 7137
f 7116 7138 7117
f 7116 7137 7138
f 7117 7139 7118
f 7117 7138 7139
f 7118 7140 7119
f 7118 7139 7140
f 7142 7120 7141
f 7120 7140 7141
f 7120 7119 7140
f 7120 7142 7121
f 7121 7142 7143
f 7143 7145 7144
f 7143 7144 6833
f 7121 7143 6833
f 6807 7121 6833
f 7146 6834 6833
f 7146 6833 7144
f 7147 6835 6834
f 7147 6834 7146
f 7148 6836 6835
f 7148 6835 7147
f 7149 6837 6836
f 7149 6836 7148
f 6837 7149 7150
f 7151 6837 7150
f 6838 6837 7151
f 6838 7152 6839
f 7151 7152 6838
f 6839 7153 6840
f 7152 7153 6839
f 6812 6840 7122
f 6840 7154 7122
f 6840 7153 7154
f 7122 7154 7123
f 7131 7155 7130
f 7130 7155 6821
f 7155 6841 6821
f 7155 7156 6841
f 7156 7158 7157
f 6842 7156 7157
f 6841 7156 6842
f 7159 6843 6842
f 7159 6842 7157
f 7160 6844 6843
f 7160 6843 7159
f 7161 6845 6844
f 7161 6844 7160
f 7162 6846 6845
f 7162 6845 7161
f 7162 6848 6846
f 6860 7163 6861
f 7164 6862 6861
f 7164 6861 7163
f 7165 6863 6862
f 7165 6862 7164
f 7132 6830 6863
f 7165 7132 6863
f 7166 7132 7165
f 7132 7167 7133
f 7132 7166 7167
f 7169 7134 7168
f 7134 7167 7168
f 7134 7133 7167
f 7134 7169 7135
f 7135 7169 7170
f 7135 7170 7136
f 7136 7170 7171
f 7136 7171 7137
f 7137 7171 7172
f 7137 7172 7138
f 7138 7172 7173
f 7138 7173 7139
f 7139 7173 7174
f 7139 7174 7140
f 7140 7174 7175
f 7140 7175 7141
f 7145 7176 7144
f 7144 7176 7146
f 7146 7176 7177
f 7146 7177 7147
f 7147 7177 7178
f 7147 7178 7148
f 7148 7178 7179
f 7148 7179 7149
f 7149 7179 7180
f 7149 7180 7150
f 7158 7181 7157
f 7157 7181 7159
f 7159 7181 7182
f 7159 7182 7160
f 7160 7182 7183
f 7160 7183 7161
f 7161 7183 7184
f 7161 7184 7162
f 7162 7184 7185
f 7185 7187 7186
f 7185 7186 6864
f 7162 7185 6864
f 6848 7162 6864
f 7188 6865 6864
f 7188 6864 7186
f 7189 6866 6865
f 7189 6865 7188
f 7190 6867 6866
f 7190 6866 7189
f 7191 6868 6867
f 7191 6867 7190
f 7192 6869 6868
f 7192 6868 7191
f 7193 6870 6869
f 7193 6869 7192
f 7194 6871 6870
f 7194 6870 7193
f 7195 6872 6871
f 7195 6871 7194
f 7196 6873 6872
f 7196 6872 7195
f 7197 6874 6873
f 7197 6873 7196
f 7198 6875 6874
f 7198 6874 7197
f 7198 6877 6875
f 6886 7199 6887
f 7163 6860 6887
f 7199 7163 6887
f 7200 7163 7199
f 7163 7201 7164
f 7163 7200 7201
f 7164 7202 7165
f 7164 7201 7202
f 7204 7166 7203
f 7166 7202 7203
f 7166 7165 7202
f 7166 7204 7167
f 7167 7204 7205
f 7167 7205 7168
f 7187 7206 7186
f 7186 7206 7188
f 7188 7206 7207
f 7188 7207 7189
f 7189 7207 7208
f 7189 7208 7190
f 7190 7208 7209
f 7190 7209 7191
f 7191 7209 7210
f 7191 7210 7192
f 7192 7210 7211
f 7192 7211 7193
f 7193 7211 7212
f 7193 7212 7194
f 7194 7212 7213
f 7194 7213 7195
f 7195 7213 7214
f 7195 7214 7196
f 7196 7214 7215
f 7217 7216 7215
f 7216 7196 7215
f 7216 7197 7196
f 7197 7218 7198
f 7197 7216 7218
f 7219 6888 6877
f 7198 7219 6877
f 7218 7219 7198
f 7220 6889 6888
f 7220 6888 7219
f 7221 6890 6889
f 7221 6889 7220
f 7222 6891 6890
f 7222 6890 7221
f 7223 6892 6891
f 7223 6891 7222
f 7224 6893 6892
f 7224 6892 7223
f 7224 6895 6893
f 6900 7225 6901
f 7199 6886 6901
f 7225 7199 6901
f 7226 7199 7225
f 7199 7227 7200
f 7199 7226 7227
f 7200 7228 7201
f 7200 7227 7228
f 7230 7202 7229
f 7202 7228 7229
f 7202 7201 7228
f 7202 7230 7203
f 7217 7231 7216
f 7216 7231 7218
f 7218 7231 7232
f 7218 7232 7219
f 7219 7232 7233
f 7219 7233 7220
f 7220 7233 7234
f 7220 7234 7221
f 7221 7234 7235
f 7221 7235 7222
f 7222 7235 7236
f 7222 7236 7223
f 7223 7236 7237
f 7239 7238 7237
f 7238 7223 7237
f 7238 7224 7223
f 7240 6902 6895
f 7224 7240 6895
f 7238 7240 7224
f 7241 6903 6902
f 7241 6902 7240
f 7242 6904 6903
f 7242 6903 7241
f 7242 6906 6904
f 6912 7225 6900
f 7225 6912 6914
f 7243 7225 6914
f 7226 7225 7243
f 7226 7244 7227
f 7226 7243 7244
f 7227 7245 7228
f 7227 7244 7245
f 7229 7228 7246
f 7246 7228 7245
f 7239 7247 7238
f 7238 7247 7240
f 7240 7247 7248
f 7240 7248 7241
f 7241 7248 7249
f 7241 7249 7242
f 7242 7249 7250
f 7250 7252 7251
f 7250 7251 6915
f 7242 7250 6915
f 6906 7242 6915
f 7253 6916 6915
f 7253 6915 7251
f 7254 6917 6916
f 7254 6916 7253
f 7255 6918 6917
f 7255 6917 7254
f 7256 6919 6918
f 7256 6918 7255
f 7256 6921 6919
f 6925 7257 7243
f 6925 7243 6914
f 7243 7258 7244
f 7243 7257 7258
f 7244 7259 7245
f 7244 7258 7259
f 7246 7245 7260
f 7260 7245 7259
f 7252 7261 7251
f 7251 7261 7253
f 7253 7261 7262
f 7253 7262 7254
f 7254 7262 7263
f 7254 7263 7255
f 7255 7263 7264
f 7255 7264 7256
f 7256 7264 7265
f 7256 7265 6921
f 7265 6926 6921
f 7265 7266 6926
f 6926 7267 6927
f 7266 7267 6926
f 6927 7268 6928
f 7267 7268 6927
f 7268 7270 7269
f 6929 7268 7269
f 6928 7268 6929
f 7269 6931 6929
f 6933 7257 6925
f 7257 6933 6935
f 7271 7257 6935
f 7258 7257 7271
f 7258 7272 7259
f 7258 7271 7272
f 7260 7259 7273
f 7259 7274 7273
f 7259 7272 7274
f 7274 7275 7273
f 7270 7276 7269
f 7269 7276 6931
f 7276 6936 6931
f 7276 7277 6936
f 6936 7278 6937
f 7277 7278 6936
f 6937 7279 6938
f 7278 7279 6937
f 6938 7280 6939
f 7279 7280 6938
f 6941 6939 7280
f 6941 7280 7281
f 6942 7271 6935
f 7271 6942 6944
f 7282 7271 6944
f 7272 7271 7282
f 7272 7283 7274
f 7272 7282 7283
f 7275 7274 7284
f 7274 7285 7284
f 7274 7283 7285
f 7285 7286 7284
f 7281 7287 6941
f 6941 7287 6945
f 6945 7288 6946
f 7287 7288 6945
f 6948 6946 7288
f 6948 7288 7289
f 6949 7282 6944
f 7282 6949 6951
f 7290 7282 6951
f 7283 7282 7290
f 7283 7291 7285
f 7283 7290 7291
f 7286 7285 7292
f 7285 7293 7292
f 7285 7291 7293
f 7293 7294 7292
f 7296 7295 6954
f 6954 7295 6953
f 6954 6948 7289
f 6954 7289 7296
f 6955 7290 6951
f 7290 6955 6956
f 7290 6956 7291
f 7291 6956 6957
f 7297 7291 6957
f 7293 7291 7297
f 7294 7293 7298
f 7293 7299 7298
f 7293 7297 7299
f 7301 7300 7299
f 7299 7300 7298
f 7301 7302 7300
f 7304 7303 6960
f 6960 7303 6959
f 6960 6953 7295
f 6960 7295 7304
f 6961 7297 6957
f 7297 6961 6962
f 7297 6962 7299
f 7299 6962 6963
f 7299 6963 7301
f 7306 7305 6965
f 6965 7305 6963
f 7305 7302 6963
f 7302 7301 6963
f 7308 7307 7306
f 7306 7307 7305
f 7310 7309 7308
f 7308 7309 7307
f 7310 7311 7309
f 7314 7313 7312
f 7316 7315 7312
f 7312 7315 7314
f 7318 7317 7316
f 7316 7317 7315
f 7320 7319 7318
f 7318 7319 7317
f 7322 7321 7320
f 7320 7321 7319
f 7324 7323 7322
f 7322 7323 7321
f 7324 7325 7323
f 7327 7326 6968
f 6968 7326 6967
f 7328 6968 6969
f 7328 7327 6968
f 7329 6969 6971
f 7329 7328 6969
f 6971 6959 7303
f 6971 7303 7329
f 6972 7306 6965
f 7306 6972 6973
f 7306 6973 7308
f 7308 6973 6974
f 7308 6974 7310
f 7330 7311 7310
f 6974 7330 7310
f 6975 7330 6974
f 7331 6975 6977
f 7331 7330 6975
f 7333 7332 6979
f 7332 6977 6979
f 7332 7331 6977
f 7335 7334 7333
f 7333 7334 7332
f 7337 7336 7335
f 7335 7336 7334
f 7339 7338 7337
f 7337 7338 7336
f 7341 7340 7339
f 7339 7340 7338
f 7343 7342 7341
f 7341 7342 7340
f 7345 7344 7343
f 7343 7344 7342
f 7347 7346 7345
f 7345 7346 7344
f 7349 7348 7347
f 7347 7348 7346
f 7351 7350 7349
f 7349 7350 7348
f 7353 7352 7351
f 7351 7352 7350
f 7355 7354 7353
f 7353 7354 7352
f 7357 7356 7355
f 7355 7356 7354
f 7357 7358 7356
f 7361 7360 7359
f 7363 7362 7359
f 7359 7362 7361
f 7365 7364 7363
f 7363 7364 7362
f 7367 7366 7365
f 7365 7366 7364
f 7369 7368 7367
f 7367 7368 7366
f 7371 7370 7369
f 7369 7370 7368
f 7373 7372 7371
f 7371 7372 7370
f 7375 7374 7373
f 7373 7374 7372
f 7377 7376 7375
f 7375 7376 7374
f 7379 7378 7377
f 7377 7378 7376
f 7381 7380 7379
f 7379 7380 7378
f 7383 7382 7381
f 7381 7382 7380
f 7385 7384 7383
f 7383 7384 7382
f 7387 7386 7385
f 7385 7386 7384
f 7389 7388 7387
f 7387 7388 7386
f 7391 7390 7389
f 7389 7390 7388
f 7393 7392 7391
f 7391 7392 7390
f 7395 7394 7393
f 7393 7394 7392
f 7397 7396 7395
f 7395 7396 7394
f 7399 7398 7397
f 7397 7398 7396
f 7401 7400 7399
f 7399 7400 7398
f 7403 7402 7401
f 7401 7402 7400
f 7405 7404 7403
f 7403 7404 7402
f 7407 7406 7405
f 7405 7406 7404
f 7409 7408 7407
f 7407 7408 7406
f 7411 7410 7409
f 7409 7410 7408
f 7413 7412 7411
f 7411 7412 7410
f 7415 7414 7413
f 7413 7414 7412
f 7417 7416 7415
f 7415 7416 7414
f 7419 7418 7417
f 7417 7418 7416
f 7421 7420 7419
f 7419 7420 7418
f 6981 6982 7421
f 6982 7420 7421
f 6982 7422 7420
f 7423 6982 6983
f 7423 7422 6982
f 7424 6983 6985
f 7424 7423 6983
f 7425 6985 6987
f 7425 7424 6985
f 7426 6987 6989
f 7426 7425 6987
f 7427 6989 6991
f 7427 7426 6989
f 7428 6991 6993
f 7428 7427 6991
f 6995 7312 7313
f 7428 6995 7313
f 6993 6995 7428
f 7312 6995 6997
f 7312 6997 7316
f 7316 6997 6999
f 7316 6999 7318
f 7318 6999 7001
f 7318 7001 7320
f 7320 7001 7003
f 7320 7003 7322
f 7322 7003 7005
f 7322 7005 7324
f 7429 7325 7324
f 7005 7429 7324
f 7007 7429 7005
f 7430 7007 7009
f 7430 7429 7007
f 7431 7009 7011
f 7431 7430 7009
f 7432 7011 7013
f 7432 7431 7011
f 7433 7013 7015
f 7433 7432 7013
f 7434 7015 7017
f 7434 7433 7015
f 7435 7017 7019
f 7435 7434 7017
f 7436 7019 7021
f 7436 7435 7019
f 7437 7021 7022
f 7437 7436 7021
f 7438 7022 7023
f 7438 7437 7022
f 7439 7023 7024
f 7439 7438 7023
f 7024 6967 7326
f 7024 7326 7439
f 7025 7333 6979
f 7333 7025 7026
f 7333 7026 7335
f 7335 7026 7027
f 7335 7027 7337
f 7337 7027 7028
f 7337 7028 7339
f 7339 7028 7029
f 7339 7029 7341
f 7341 7029 7030
f 7341 7030 7343
f 7343 7030 7031
f 7343 7031 7345
f 7345 7031 7032
f 7345 7032 7347
f 7347 7032 7033
f 7347 7033 7349
f 7349 7033 7034
f 7349 7034 7351
f 7351 7034 7035
f 7351 7035 7353
f 7353 7035 7036
f 7353 7036 7355
f 7355 7036 7037
f 7355 7037 7357
f 7440 7358 7357
f 7037 7440 7357
f 7038 7440 7037
f 7441 7038 7039
f 7441 7440 7038
f 7040 7359 7360
f 7441 7040 7360
f 7039 7040 7441
f 7359 7040 7041
f 7359 7041 7363
f 7363 7041 7042
f 7363 7042 7365
f 7365 7042 7043
f 7365 7043 7367
f 7367 7043 7044
f 7367 7044 7369
f 7369 7044 7045
f 7369 7045 7371
f 7371 7045 7046
f 7371 7046 7373
f 7373 7046 7047
f 7373 7047 7375
f 7375 7047 7048
f 7375 7048 7377
f 7377 7048 7050
f 7377 7050 7379
f 7379 7050 7052
f 7379 7052 7381
f 7381 7052 7054
f 7381 7054 7383
f 7383 7054 7056
f 7383 7056 7385
f 7385 7056 7058
f 7385 7058 7387
f 7387 7058 7060
f 7387 7060 7389
f 7389 7060 7062
f 7389 7062 7391
f 7391 7062 7064
f 7391 7064 7393
f 7393 7064 7066
f 7393 7066 7395
f 7395 7066 7068
f 7395 7068 7397
f 7397 7068 7069
f 7397 7069 7399
f 7399 7069 7070
f 7399 7070 7401
f 7401 7070 7071
f 7401 7071 7403
f 7403 7071 7072
f 7403 7072 7405
f 7405 7072 7073
f 7405 7073 7407
f 7407 7073 7074
f 7407 7074 7409
f 7409 7074 7075
f 7409 7075 7411
f 7411 7075 7076
f 7411 7076 7413
f 7413 7076 7077
f 7413 7077 7415
f 7415 7077 7078
f 7415 7078 7417
f 7417 7078 7079
f 7417 7079 7419
f 7419 7079 7080
f 7419 7080 7421
f 7421 7080 6981
f 7444 7443 7442
f 7445 7442 7443
f 7444 7442 7081
f 7082 7444 7081
f 7446 7444 7082
f 7445 7447 7442
f 7447 7081 7442
f 7447 7083 7081
f 7085 7083 7447
f 7085 7447 7448
f 7451 7450 7449
f 7086 7087 7449
f 7450 7086 7449
f 7452 7086 7450
f 7082 7086 7446
f 7446 7086 7452
f 7088 7085 7453
f 7085 7454 7453
f 7085 7448 7454
f 7453 7089 7088
f 7451 7449 7090
f 7091 7451 7090
f 7455 7451 7091
f 7090 7449 7087
f 7454 7456 7453
f 7089 7453 7456
f 7457 7089 7456
f 7093 7089 7457
f 7094 7455 7091
f 7094 7458 7455
f 7095 7093 7459
f 7093 7460 7459
f 7093 7457 7460
f 7459 7096 7095
f 7463 7462 7461
f 7462 7458 7461
f 7458 7097 7461
f 7458 7094 7097
f 7460 7464 7459
f 7096 7459 7464
f 7465 7096 7464
f 7098 7096 7465
f 7467 7466 7099
f 7467 7099 7100
f 7461 7101 7463
f 7101 7466 7463
f 7101 7099 7466
f 7101 7461 7097
f 7102 7098 7468
f 7098 7469 7468
f 7098 7465 7469
f 7468 7103 7102
f 7472 7471 7470
f 7104 7105 7470
f 7471 7104 7470
f 7473 7104 7471
f 7104 7474 7106
f 7473 7474 7104
f 7106 7475 7107
f 7474 7475 7106
f 7107 7476 7108
f 7475 7476 7107
f 7108 7477 7109
f 7476 7477 7108
f 7100 7109 7467
f 7467 7109 7477
f 7469 7478 7468
f 7478 7480 7479
f 7478 7479 7110
f 7468 7478 7110
f 7103 7468 7110
f 7479 7112 7110
f 7482 7481 7124
f 7482 7124 7123
f 7124 7483 7125
f 7481 7483 7124
f 7125 7484 7126
f 7483 7484 7125
f 7126 7485 7127
f 7484 7485 7126
f 7470 7128 7472
f 7128 7485 7472
f 7128 7127 7485
f 7128 7470 7105
f 7480 7486 7479
f 7486 7488 7487
f 7486 7487 7129
f 7479 7486 7129
f 7112 7479 7129
f 7487 7131 7129
f 7141 7489 7142
f 7490 7143 7142
f 7490 7142 7489
f 7490 7145 7143
f 7150 7491 7151
f 7492 7152 7151
f 7492 7151 7491
f 7152 7492 7493
f 7494 7152 7493
f 7153 7152 7494
f 7153 7495 7154
f 7494 7495 7153
f 7123 7154 7482
f 7482 7154 7495
f 7488 7496 7487
f 7487 7496 7131
f 7496 7155 7131
f 7496 7497 7155
f 7497 7499 7498
f 7156 7497 7498
f 7155 7497 7156
f 7498 7158 7156
f 7168 7500 7169
f 7501 7170 7169
f 7501 7169 7500
f 7502 7171 7170
f 7502 7170 7501
f 7503 7172 7171
f 7503 7171 7502
f 7504 7173 7172
f 7504 7172 7503
f 7505 7174 7173
f 7505 7173 7504
f 7506 7175 7174
f 7506 7174 7505
f 7489 7141 7175
f 7506 7489 7175
f 7507 7489 7506
f 7489 7508 7490
f 7489 7507 7508
f 7509 7176 7145
f 7490 7509 7145
f 7508 7509 7490
f 7510 7177 7176
f 7510 7176 7509
f 7511 7178 7177
f 7511 7177 7510
f 7512 7179 7178
f 7512 7178 7511
f 7513 7180 7179
f 7513 7179 7512
f 7513 7514 7180
f 7180 7514 7150
f 7514 7515 7150
f 7515 7491 7150
f 7491 7515 7492
f 7492 7515 7516
f 7492 7516 7493
f 7499 7517 7498
f 7517 7519 7518
f 7517 7518 7181
f 7498 7517 7181
f 7158 7498 7181
f 7520 7182 7181
f 7520 7181 7518
f 7521 7183 7182
f 7521 7182 7520
f 7522 7184 7183
f 7522 7183 7521
f 7523 7185 7184
f 7523 7184 7522
f 7523 7187 7185
f 7203 7524 7204
f 7525 7205 7204
f 7525 7204 7524
f 7500 7168 7205
f 7525 7500 7205
f 7526 7500 7525
f 7500 7527 7501
f 7500 7526 7527
f 7501 7528 7502
f 7501 7527 7528
f 7502 7529 7503
f 7502 7528 7529
f 7503 7530 7504
f 7503 7529 7530
f 7504 7531 7505
f 7504 7530 7531
f 7533 7506 7532
f 7506 7531 7532
f 7506 7505 7531
f 7506 7533 7507
f 7507 7533 7534
f 7507 7534 7508
f 7508 7534 7535
f 7508 7535 7509
f 7509 7535 7536
f 7509 7536 7510
f 7510 7536 7537
f 7510 7537 7511
f 7511 7537 7538
f 7511 7538 7512
f 7512 7538 7539
f 7512 7539 7513
f 7513 7539 7540
f 7513 7540 7514
f 7519 7541 7518
f 7518 7541 7520
f 7520 7541 7542
f 7520 7542 7521
f 7521 7542 7543
f 7545 7544 7543
f 7544 7521 7543
f 7544 7522 7521
f 7522 7546 7523
f 7522 7544 7546
f 7547 7206 7187
f 7523 7547 7187
f 7546 7547 7523
f 7548 7207 7206
f 7548 7206 7547
f 7549 7208 7207
f 7549 7207 7548
f 7550 7209 7208
f 7550 7208 7549
f 7551 7210 7209
f 7551 7209 7550
f 7552 7211 7210
f 7552 7210 7551
f 7553 7212 7211
f 7553 7211 7552
f 7554 7213 7212
f 7554 7212 7553
f 7555 7214 7213
f 7555 7213 7554
f 7556 7215 7214
f 7556 7214 7555
f 7556 7217 7215
f 7229 7557 7230
f 7524 7203 7230
f 7557 7524 7230
f 7558 7524 7557
f 7524 7559 7525
f 7524 7558 7559
f 7561 7526 7560
f 7526 7559 7560
f 7526 7525 7559
f 7526 7561 7527
f 7527 7561 7562
f 7527 7562 7528
f 7528 7562 7563
f 7528 7563 7529
f 7529 7563 7564
f 7529 7564 7530
f 7530 7564 7565
f 7530 7565 7531
f 7531 7565 7566
f 7531 7566 7532
f 7545 7567 7544
f 7544 7567 7546
f 7546 7567 7568
f 7546 7568 7547
f 7547 7568 7569
f 7547 7569 7548
f 7548 7569 7570
f 7548 7570 7549
f 7549 7570 7571
f 7549 7571 7550
f 7550 7571 7572
f 7550 7572 7551
f 7551 7572 7573
f 7551 7573 7552
f 7552 7573 7574
f 7552 7574 7553
f 7553 7574 7575
f 7553 7575 7554
f 7554 7575 7576
f 7554 7576 7555
f 7555 7576 7577
f 7555 7577 7556
f 7556 7577 7578
f 7556 7578 7217
f 7578 7231 7217
f 7578 7579 7231
f 7579 7581 7580
f 7232 7579 7580
f 7231 7579 7232
f 7582 7233 7232
f 7582 7232 7580
f 7583 7234 7233
f 7583 7233 7582
f 7584 7235 7234
f 7584 7234 7583
f 7585 7236 7235
f 7585 7235 7584
f 7586 7237 7236
f 7586 7236 7585
f 7586 7239 7237
f 7246 7587 7557
f 7246 7557 7229
f 7557 7588 7558
f 7557 7587 7588
f 7558 7589 7559
f 7558 7588 7589
f 7560 7559 7590
f 7590 7559 7589
f 7581 7591 7580
f 7580 7591 7582
f 7582 7591 7592
f 7582 7592 7583
f 7583 7592 7593
f 7583 7593 7584
f 7584 7593 7594
f 7584 7594 7585
f 7585 7594 7595
f 7585 7595 7586
f 7586 7595 7596
f 7596 7598 7597
f 7596 7597 7247
f 7586 7596 7247
f 7239 7586 7247
f 7599 7248 7247
f 7599 7247 7597
f 7600 7249 7248
f 7600 7248 7599
f 7601 7250 7249
f 7601 7249 7600
f 7601 7252 7250
f 7260 7602 7587
f 7260 7587 7246
f 7587 7603 7588
f 7587 7602 7603
f 7588 7604 7589
f 7588 7603 7604
f 7590 7589 7605
f 7605 7589 7604
f 7598 7606 7597
f 7597 7606 7599
f 7599 7606 7607
f 7599 7607 7600
f 7600 7607 7608
f 7600 7608 7601
f 7601 7608 7609
f 7601 7609 7252
f 7609 7261 7252
f 7609 7610 7261
f 7261 7611 7262
f 7610 7611 7261
f 7262 7612 7263
f 7611 7612 7262
f 7263 7613 7264
f 7612 7613 7263
f 7264 7614 7265
f 7613 7614 7264
f 7265 7615 7266
f 7614 7615 7265
f 7266 7616 7267
f 7615 7616 7266
f 7616 7618 7617
f 7268 7616 7617
f 7267 7616 7268
f 7617 7270 7268
f 7273 7602 7260
f 7602 7273 7275
f 7619 7602 7275
f 7603 7602 7619
f 7603 7620 7604
f 7603 7619 7620
f 7605 7604 7621
f 7604 7622 7621
f 7604 7620 7622
f 7622 7623 7621
f 7618 7624 7617
f 7617 7624 7270
f 7624 7276 7270
f 7624 7625 7276
f 7276 7626 7277
f 7625 7626 7276
f 7277 7627 7278
f 7626 7627 7277
f 7278 7628 7279
f 7627 7628 7278
f 7628 7630 7629
f 7280 7628 7629
f 7279 7628 7280
f 7629 7281 7280
f 7284 7619 7275
f 7619 7284 7286
f 7631 7619 7286
f 7620 7619 7631
f 7620 7632 7622
f 7620 7631 7632
f 7623 7622 7633
f 7622 7634 7633
f 7622 7632 7634
f 7634 7635 7633
f 7630 7636 7629
f 7629 7636 7281
f 7636 7287 7281
f 7636 7637 7287
f 7287 7638 7288
f 7637 7638 7287
f 7289 7288 7638
f 7289 7638 7639
f 7292 7631 7286
f 7631 7292 7294
f 7640 7631 7294
f 7632 7631 7640
f 7632 7641 7634
f 7632 7640 7641
f 7635 7634 7642
f 7634 7643 7642
f 7634 7641 7643
f 7645 7644 7643
f 7643 7644 7642
f 7645 7646 7644
f 7648 7647 7296
f 7296 7647 7295
f 7296 7289 7639
f 7296 7639 7648
f 7298 7640 7294
f 7640 7298 7300
f 7640 7300 7641
f 7641 7300 7302
f 7649 7641 7302
f 7643 7641 7649
f 7643 7650 7645
f 7643 7649 7650
f 7646 7645 7651
f 7645 7652 7651
f 7645 7650 7652
f 7654 7653 7652
f 7652 7653 7651
f 7656 7655 7654
f 7654 7655 7653
f 7658 7657 7656
f 7656 7657 7655
f 7660 7659 7658
f 7658 7659 7657
f 7660 7661 7659
f 7664 7663 7662
f 7666 7665 7662
f 7662 7665 7664
f 7668 7667 7666
f 7666 7667 7665
f 7670 7669 7668
f 7668 7669 7667
f 7672 7671 7670
f 7670 7671 7669
f 7674 7673 7672
f 7672 7673 7671
f 7676 7675 7674
f 7674 7675 7673
f 7678 7677 7676
f 7676 7677 7675
f 7680 7679 7678
f 7678 7679 7677
f 7682 7681 7680
f 7680 7681 7679
f 7684 7683 7682
f 7682 7683 7681
f 7684 7685 7683
f 7687 7686 7304
f 7304 7686 7303
f 7304 7295 7647
f 7304 7647 7687
f 7305 7649 7302
f 7649 7305 7307
f 7649 7307 7650
f 7650 7307 7309
f 7650 7309 7652
f 7652 7309 7311
f 7688 7652 7311
f 7654 7652 7688
f 7654 7689 7656
f 7654 7688 7689
f 7656 7690 7658
f 7656 7689 7690
f 7658 7691 7660
f 7658 7690 7691
f 7661 7660 7692
f 7660 7693 7692
f 7660 7691 7693
f 7695 7694 7693
f 7693 7694 7692
f 7697 7696 7695
f 7695 7696 7694
f 7699 7698 7697
f 7697 7698 7696
f 7701 7700 7699
f 7699 7700 7698
f 7703 7702 7701
f 7701 7702 7700
f 7703 7704 7702
f 7707 7706 7705
f 7709 7708 7705
f 7705 7708 7707
f 7711 7710 7709
f 7709 7710 7708
f 7713 7712 7711
f 7711 7712 7710
f 7715 7714 7713
f 7713 7714 7712
f 7717 7716 7715
f 7715 7716 7714
f 7719 7718 7717
f 7717 7718 7716
f 7721 7720 7719
f 7719 7720 7718
f 7723 7722 7721
f 7721 7722 7720
f 7725 7724 7723
f 7723 7724 7722
f 7727 7726 7725
f 7725 7726 7724
f 7729 7728 7727
f 7727 7728 7726
f 7731 7730 7729
f 7729 7730 7728
f 7733 7732 7731
f 7731 7732 7730
f 7735 7734 7733
f 7733 7734 7732
f 7737 7736 7735
f 7735 7736 7734
f 7739 7738 7737
f 7737 7738 7736
f 7741 7740 7739
f 7739 7740 7738
f 7743 7742 7741
f 7741 7742 7740
f 7745 7744 7743
f 7743 7744 7742
f 7747 7746 7745
f 7745 7746 7744
f 7749 7748 7747
f 7747 7748 7746
f 7751 7750 7749
f 7749 7750 7748
f 7753 7752 7751
f 7751 7752 7750
f 7755 7754 7753
f 7753 7754 7752
f 7757 7756 7755
f 7755 7756 7754
f 7759 7758 7757
f 7757 7758 7756
f 7761 7760 7759
f 7759 7760 7758
f 7763 7762 7761
f 7761 7762 7760
f 7765 7764 7763
f 7763 7764 7762
f 7767 7766 7765
f 7765 7766 7764
f 7766 7767 7663
f 7767 7662 7663
f 7767 7768 7662
f 7662 7769 7666
f 7662 7768 7769
f 7666 7770 7668
f 7666 7769 7770
f 7668 7771 7670
f 7668 7770 7771
f 7670 7772 7672
f 7670 7771 7772
f 7772 7313 7314
f 7674 7772 7314
f 7672 7772 7674
f 7674 7314 7315
f 7674 7315 7676
f 7676 7315 7317
f 7676 7317 7678
f 7678 7317 7319
f 7678 7319 7680
f 7680 7319 7321
f 7680 7321 7682
f 7682 7321 7323
f 7682 7323 7684
f 7774 7773 7325
f 7325 7773 7323
f 7773 7685 7323
f 7685 7684 7323
f 7776 7775 7774
f 7774 7775 7773
f 7776 7777 7775
f 7779 7778 7327
f 7327 7778 7326
f 7780 7327 7328
f 7780 7779 7327
f 7781 7328 7329
f 7781 7780 7328
f 7329 7303 7686
f 7329 7686 7781
f 7330 7688 7311
f 7688 7330 7331
f 7688 7331 7689
f 7689 7331 7332
f 7689 7332 7690
f 7690 7332 7334
f 7690 7334 7691
f 7691 7334 7336
f 7691 7336 7693
f 7693 7336 7338
f 7693 7338 7695
f 7695 7338 7340
f 7695 7340 7697
f 7697 7340 7342
f 7697 7342 7699
f 7699 7342 7344
f 7699 7344 7701
f 7701 7344 7346
f 7701 7346 7703
f 7782 7704 7703
f 7346 7782 7703
f 7348 7782 7346
f 7783 7348 7350
f 7783 7782 7348
f 7784 7350 7352
f 7784 7783 7350
f 7785 7352 7354
f 7785 7784 7352
f 7786 7354 7356
f 7786 7785 7354
f 7788 7787 7358
f 7787 7356 7358
f 7787 7786 7356
f 7790 7789 7788
f 7788 7789 7787
f 7360 7361 7790
f 7361 7789 7790
f 7361 7791 7789
f 7792 7361 7362
f 7792 7791 7361
f 7364 7705 7706
f 7792 7364 7706
f 7362 7364 7792
f 7705 7364 7366
f 7705 7366 7709
f 7709 7366 7368
f 7709 7368 7711
f 7711 7368 7370
f 7711 7370 7713
f 7713 7370 7372
f 7713 7372 7715
f 7715 7372 7374
f 7715 7374 7717
f 7717 7374 7376
f 7717 7376 7719
f 7719 7376 7378
f 7719 7378 7721
f 7721 7378 7380
f 7721 7380 7723
f 7723 7380 7382
f 7723 7382 7725
f 7725 7382 7384
f 7725 7384 7727
f 7727 7384 7386
f 7727 7386 7729
f 7729 7386 7388
f 7729 7388 7731
f 7731 7388 7390
f 7731 7390 7733
f 7733 7390 7392
f 7733 7392 7735
f 7735 7392 7394
f 7735 7394 7737
f 7737 7394 7396
f 7737 7396 7739
f 7739 7396 7398
f 7739 7398 7741
f 7741 7398 7400
f 7741 7400 7743
f 7743 7400 7402
f 7743 7402 7745
f 7745 7402 7404
f 7745 7404 7747
f 7747 7404 7406
f 7747 7406 7749
f 7749 7406 7408
f 7749 7408 7751
f 7751 7408 7410
f 7751 7410 7753
f 7753 7410 7412
f 7753 7412 7755
f 7755 7412 7414
f 7755 7414 7757
f 7757 7414 7416
f 7757 7416 7759
f 7759 7416 7418
f 7759 7418 7761
f 7761 7418 7420
f 7761 7420 7763
f 7763 7420 7422
f 7763 7422 7765
f 7765 7422 7423
f 7765 7423 7767
f 7767 7423 7424
f 7767 7424 7768
f 7768 7424 7425
f 7768 7425 7769
f 7769 7425 7426
f 7769 7426 7770
f 7770 7426 7427
f 7770 7427 7771
f 7771 7427 7428
f 7771 7428 7772
f 7772 7428 7313
f 7429 7774 7325
f 7774 7429 7430
f 7774 7430 7776
f 7793 7777 7776
f 7430 7793 7776
f 7431 7793 7430
f 7794 7431 7432
f 7794 7793 7431
f 7795 7432 7433
f 7795 7794 7432
f 7796 7433 7434
f 7796 7795 7433
f 7797 7434 7435
f 7797 7796 7434
f 7798 7435 7436
f 7798 7797 7435
f 7799 7436 7437
f 7799 7798 7436
f 7800 7437 7438
f 7800 7799 7437
f 7801 7438 7439
f 7801 7800 7438
f 7439 7326 7778
f 7439 7778 7801
f 7440 7788 7358
f 7788 7440 7441
f 7788 7441 7790
f 7790 7441 7360
f 7804 7803 7802
f 7806 7805 7802
f 7806 7802 7803
f 7808 7807 7805
f 7808 7805 7806
f 7810 7809 7807
f 7810 7807 7808
f 7811 7809 7810
f 7804 7802 7812
f 7804 7812 7813
f 7814 7802 7805
f 7812 7802 7814
f 7815 7805 7807
f 7814 7805 7815
f 7816 7807 7809
f 7815 7807 7816
f 7817 7443 7444
f 7809 7817 7444
f 7816 7809 7444
f 7817 7809 7811
f 7445 7443 7817
f 7445 7817 7818
f 7819 7813 7812
f 7821 7820 7819
f 7812 7821 7819
f 7814 7821 7812
f 7822 7814 7815
f 7821 7814 7822
f 7823 7815 7816
f 7822 7815 7823
f 7446 7823 7444
f 7444 7823 7816
f 7818 7824 7445
f 7445 7824 7447
f 7448 7447 7824
f 7448 7824 7825
f 7826 7820 7821
f 7451 7827 7450
f 7827 7821 7450
f 7821 7822 7450
f 7827 7826 7821
f 7450 7822 7452
f 7452 7822 7823
f 7452 7823 7446
f 7825 7454 7448
f 7828 7454 7825
f 7831 7830 7829
f 7830 7827 7829
f 7827 7455 7829
f 7827 7451 7455
f 7828 7832 7454
f 7454 7832 7456
f 7457 7456 7832
f 7457 7832 7833
f 7831 7829 7834
f 7831 7834 7835
f 7458 7834 7455
f 7455 7834 7829
f 7833 7460 7457
f 7836 7460 7833
f 7835 7834 7462
f 7463 7835 7462
f 7837 7835 7463
f 7462 7834 7458
f 7464 7460 7838
f 7460 7839 7838
f 7460 7836 7839
f 7838 7465 7464
f 7842 7841 7840
f 7466 7467 7840
f 7841 7466 7840
f 7843 7466 7841
f 7463 7466 7837
f 7837 7466 7843
f 7839 7844 7838
f 7465 7838 7844
f 7845 7465 7844
f 7469 7465 7845
f 7848 7847 7846
f 7850 7849 7846
f 7850 7846 7847
f 7471 7472 7849
f 7850 7471 7849
f 7851 7471 7850
f 7471 7852 7473
f 7851 7852 7471
f 7473 7853 7474
f 7852 7853 7473
f 7474 7854 7475
f 7853 7854 7474
f 7475 7855 7476
f 7854 7855 7475
f 7840 7477 7842
f 7477 7855 7842
f 7477 7476 7855
f 7477 7840 7467
f 7845 7856 7469
f 7469 7856 7478
f 7480 7478 7856
f 7480 7856 7857
f 7859 7858 7481
f 7859 7481 7482
f 7481 7860 7483
f 7858 7860 7481
f 7846 7484 7848
f 7484 7860 7848
f 7484 7483 7860
f 7484 7846 7485
f 7485 7846 7849
f 7485 7849 7472
f 7486 7480 7861
f 7480 7862 7861
f 7480 7857 7862
f 7861 7488 7486
f 7493 7863 7494
f 7494 7863 7864
f 7865 7494 7864
f 7495 7494 7865
f 7482 7495 7859
f 7859 7495 7865
f 7862 7866 7861
f 7861 7866 7488
f 7866 7496 7488
f 7866 7867 7496
f 7496 7868 7497
f 7867 7868 7496
f 7499 7497 7868
f 7499 7868 7869
f 7514 7870 7515
f 7871 7516 7515
f 7871 7515 7870
f 7871 7872 7516
f 7516 7872 7493
f 7872 7873 7493
f 7873 7863 7493
f 7863 7873 7864
f 7517 7499 7874
f 7499 7875 7874
f 7499 7869 7875
f 7874 7519 7517
f 7532 7876 7533
f 7877 7534 7533
f 7877 7533 7876
f 7878 7535 7534
f 7878 7534 7877
f 7879 7536 7535
f 7879 7535 7878
f 7880 7537 7536
f 7880 7536 7879
f 7881 7538 7537
f 7881 7537 7880
f 7882 7539 7538
f 7882 7538 7881
f 7883 7540 7539
f 7883 7539 7882
f 7870 7514 7540
f 7883 7870 7540
f 7884 7870 7883
f 7886 7871 7885
f 7871 7884 7885
f 7871 7870 7884
f 7871 7886 7872
f 7874 7875 7887
f 7887 7875 7888
f 7889 7541 7519
f 7874 7889 7519
f 7887 7889 7874
f 7890 7542 7541
f 7890 7541 7889
f 7891 7543 7542
f 7891 7542 7890
f 7891 7545 7543
f 7560 7892 7561
f 7893 7562 7561
f 7893 7561 7892
f 7894 7563 7562
f 7894 7562 7893
f 7895 7564 7563
f 7895 7563 7894
f 7896 7565 7564
f 7896 7564 7895
f 7897 7566 7565
f 7897 7565 7896
f 7876 7532 7566
f 7897 7876 7566
f 7898 7876 7897
f 7876 7899 7877
f 7876 7898 7899
f 7877 7900 7878
f 7877 7899 7900
f 7878 7901 7879
f 7878 7900 7901
f 7879 7902 7880
f 7879 7901 7902
f 7880 7903 7881
f 7880 7902 7903
f 7881 7904 7882
f 7881 7903 7904
f 7882 7905 7883
f 7882 7904 7905
f 7907 7884 7906
f 7884 7905 7906
f 7884 7883 7905
f 7884 7907 7885
f 7887 7888 7908
f 7908 7888 7909
f 7887 7910 7889
f 7887 7908 7910
f 7889 7911 7890
f 7889 7910 7911
f 7890 7912 7891
f 7890 7911 7912
f 7913 7567 7545
f 7891 7913 7545
f 7912 7913 7891
f 7914 7568 7567
f 7914 7567 7913
f 7915 7569 7568
f 7915 7568 7914
f 7916 7570 7569
f 7916 7569 7915
f 7917 7571 7570
f 7917 7570 7916
f 7918 7572 7571
f 7918 7571 7917
f 7919 7573 7572
f 7919 7572 7918
f 7920 7574 7573
f 7920 7573 7919
f 7921 7575 7574
f 7921 7574 7920
f 7922 7576 7575
f 7922 7575 7921
f 7923 7577 7576
f 7923 7576 7922
f 7924 7578 7577
f 7924 7577 7923
f 7925 7579 7578
f 7925 7578 7924
f 7925 7581 7579
f 7590 7926 7892
f 7590 7892 7560
f 7892 7927 7893
f 7892 7926 7927
f 7893 7928 7894
f 7893 7927 7928
f 7894 7929 7895
f 7894 7928 7929
f 7895 7930 7896
f 7895 7929 7930
f 7896 7931 7897
f 7896 7930 7931
f 7897 7932 7898
f 7897 7931 7932
f 7898 7933 7899
f 7898 7932 7933
f 7899 7934 7900
f 7899 7933 7934
f 7936 7901 7935
f 7901 7934 7935
f 7901 7900 7934
f 7901 7936 7902
f 7902 7936 7937
f 7902 7937 7903
f 7903 7937 7938
f 7903 7938 7904
f 7904 7938 7939
f 7904 7939 7905
f 7905 7939 7940
f 7905 7940 7906
f 7909 7941 7908
f 7908 7941 7910
f 7910 7941 7942
f 7910 7942 7911
f 7911 7942 7943
f 7945 7944 7943
f 7944 7911 7943
f 7944 7912 7911
f 7912 7946 7913
f 7912 7944 7946
f 7913 7947 7914
f 7913 7946 7947
f 7914 7948 7915
f 7914 7947 7948
f 7915 7949 7916
f 7915 7948 7949
f 7916 7950 7917
f 7916 7949 7950
f 7917 7951 7918
f 7917 7950 7951
f 7918 7952 7919
f 7918 7951 7952
f 7919 7953 7920
f 7919 7952 7953
f 7920 7954 7921
f 7920 7953 7954
f 7956 7922 7955
f 7922 7954 7955
f 7922 7921 7954
f 7958 7957 7956
f 7957 7922 7956
f 7957 7923 7922
f 7923 7959 7924
f 7923 7957 7959
f 7924 7960 7925
f 7924 7959 7960
f 7961 7591 7581
f 7925 7961 7581
f 7960 7961 7925
f 7962 7592 7591
f 7962 7591 7961
f 7963 7593 7592
f 7963 7592 7962
f 7964 7594 7593
f 7964 7593 7963
f 7965 7595 7594
f 7965 7594 7964
f 7966 7596 7595
f 7966 7595 7965
f 7966 7598 7596
f 7605 7967 7926
f 7605 7926 7590
f 7926 7968 7927
f 7926 7967 7968
f 7927 7969 7928
f 7927 7968 7969
f 7928 7970 7929
f 7928 7969 7970
f 7929 7971 7930
f 7929 7970 7971
f 7930 7972 7931
f 7930 7971 7972
f 7931 7973 7932
f 7931 7972 7973
f 7932 7974 7933
f 7932 7973 7974
f 7976 7934 7975
f 7934 7974 7975
f 7934 7933 7974
f 7934 7976 7935
f 7945 7977 7944
f 7944 7977 7946
f 7946 7977 7978
f 7946 7978 7947
f 7947 7978 7979
f 7947 7979 7948
f 7948 7979 7980
f 7948 7980 7949
f 7949 7980 7981
f 7949 7981 7950
f 7950 7981 7982
f 7950 7982 7951
f 7951 7982 7983
f 7951 7983 7952
f 7952 7983 7984
f 7952 7984 7953
f 7953 7984 7985
f 7953 7985 7954
f 7954 7985 7986
f 7954 7986 7955
f 7958 7987 7957
f 7957 7987 7959
f 7959 7987 7988
f 7959 7988 7960
f 7960 7988 7989
f 7960 7989 7961
f 7961 7989 7990
f 7992 7991 7990
f 7991 7961 7990
f 7991 7962 7961
f 7962 7993 7963
f 7962 7991 7993
f 7963 7994 7964
f 7963 7993 7994
f 7964 7995 7965
f 7964 7994 7995
f 7965 7996 7966
f 7965 7995 7996
f 7997 7606 7598
f 7966 7997 7598
f 7996 7997 7966
f 7998 7607 7606
f 7998 7606 7997
f 7999 7608 7607
f 7999 7607 7998
f 8000 7609 7608
f 8000 7608 7999
f 7609 8000 8001
f 8002 7609 8001
f 7610 7609 8002
f 7610 8003 7611
f 8002 8003 7610
f 7611 8004 7612
f 8003 8004 7611
f 7612 8005 7613
f 8004 8005 7612
f 7613 8006 7614
f 8005 8006 7613
f 7614 8007 7615
f 8006 8007 7614
f 7615 8008 7616
f 8007 8008 7615
f 7618 7616 8008
f 7618 8008 8009
f 7621 7967 7605
f 7967 7621 7623
f 8010 7967 7623
f 7968 7967 8010
f 7968 8011 7969
f 7968 8010 8011
f 7969 8012 7970
f 7969 8011 8012
f 7970 8013 7971
f 7970 8012 8013
f 7971 8014 7972
f 7971 8013 8014
f 7972 8015 7973
f 7972 8014 8015
f 7973 8016 7974
f 7973 8015 8016
f 7975 7974 8017
f 7974 8018 8017
f 7974 8016 8018
f 8018 8019 8017
f 7992 8020 7991
f 7991 8020 7993
f 7993 8020 8021
f 7993 8021 7994
f 7994 8021 8022
f 8024 8023 8022
f 8023 7994 8022
f 8023 7995 7994
f 7995 8025 7996
f 7995 8023 8025
f 7996 8026 7997
f 7996 8025 8026
f 7997 8027 7998
f 7997 8026 8027
f 7998 8028 7999
f 7998 8027 8028
f 8030 8000 8029
f 8000 8028 8029
f 8000 7999 8028
f 8000 8030 8001
f 8009 8031 7618
f 7618 8031 7624
f 7624 8032 7625
f 8031 8032 7624
f 7625 8033 7626
f 8032 8033 7625
f 7626 8034 7627
f 8033 8034 7626
f 7627 8035 7628
f 8034 8035 7627
f 7630 7628 8035
f 7630 8035 8036
f 7633 8010 7623
f 8010 7633 7635
f 8037 8010 7635
f 8011 8010 8037
f 8011 8038 8012
f 8011 8037 8038
f 8012 8039 8013
f 8012 8038 8039
f 8013 8040 8014
f 8013 8039 8040
f 8014 8041 8015
f 8014 8040 8041
f 8015 8042 8016
f 8015 8041 8042
f 8016 8043 8018
f 8016 8042 8043
f 8019 8018 8044
f 8018 8045 8044
f 8018 8043 8045
f 8045 8046 8044
f 8049 8048 8047
f 8051 8050 8047
f 8047 8050 8049
f 8053 8052 8051
f 8051 8052 8050
f 8055 8054 8053
f 8053 8054 8052
f 8055 8056 8054
f 8059 8058 8057
f 8061 8060 8057
f 8057 8060 8059
f 8063 8062 8061
f 8061 8062 8060
f 8065 8064 8063
f 8063 8064 8062
f 8067 8066 8065
f 8065 8066 8064
f 8069 8068 8067
f 8067 8068 8066
f 8071 8070 8069
f 8069 8070 8068
f 8073 8072 8071
f 8071 8072 8070
f 8075 8074 8073
f 8073 8074 8072
f 8077 8076 8075
f 8075 8076 8074
f 8079 8078 8077
f 8077 8078 8076
f 8081 8080 8079
f 8079 8080 8078
f 8083 8082 8081
f 8081 8082 8080
f 8085 8084 8083
f 8083 8084 8082
f 8085 8086 8084
f 8089 8088 8087
f 8089 8087 8024
f 8087 8023 8024
f 8087 8090 8023
f 8023 8091 8025
f 8023 8090 8091
f 8025 8092 8026
f 8025 8091 8092
f 8026 8093 8027
f 8026 8092 8093
f 8027 8094 8028
f 8027 8093 8094
f 8029 8028 8095
f 8095 8028 8094
f 8036 8096 7630
f 7630 8096 7636
f 7636 8097 7637
f 8096 8097 7636
f 7637 8098 7638
f 8097 8098 7637
f 7639 7638 8098
f 7639 8098 8099
f 7642 8037 7635
f 8037 7642 7644
f 8037 7644 8038
f 8038 7644 7646
f 8100 8038 7646
f 8039 8038 8100
f 8039 8101 8040
f 8039 8100 8101
f 8040 8102 8041
f 8040 8101 8102
f 8041 8103 8042
f 8041 8102 8103
f 8042 8104 8043
f 8042 8103 8104
f 8043 8105 8045
f 8043 8104 8105
f 8046 8045 8106
f 8045 8107 8106
f 8045 8105 8107
f 8109 8108 8107
f 8107 8108 8106
f 8111 8110 8109
f 8109 8110 8108
f 8110 8111 8048
f 8111 8047 8048
f 8111 8112 8047
f 8047 8113 8051
f 8047 8112 8113
f 8051 8114 8053
f 8051 8113 8114
f 8053 8115 8055
f 8053 8114 8115
f 8056 8055 8116
f 8055 8117 8116
f 8055 8115 8117
f 8119 8118 8117
f 8117 8118 8116
f 8119 8120 8118
f 8123 8122 8121
f 8125 8124 8121
f 8121 8124 8123
f 8127 8126 8125
f 8125 8126 8124
f 8129 8128 8127
f 8127 8128 8126
f 8131 8130 8129
f 8129 8130 8128
f 8133 8132 8131
f 8131 8132 8130
f 8135 8134 8133
f 8133 8134 8132
f 8137 8136 8135
f 8135 8136 8134
f 8139 8138 8137
f 8137 8138 8136
f 8141 8140 8139
f 8139 8140 8138
f 8143 8142 8141
f 8141 8142 8140
f 8145 8144 8143
f 8143 8144 8142
f 8147 8146 8145
f 8145 8146 8144
f 8149 8148 8147
f 8147 8148 8146
f 8148 8149 8058
f 8149 8057 8058
f 8149 8150 8057
f 8057 8151 8061
f 8057 8150 8151
f 8061 8152 8063
f 8061 8151 8152
f 8063 8153 8065
f 8063 8152 8153
f 8065 8154 8067
f 8065 8153 8154
f 8067 8155 8069
f 8067 8154 8155
f 8069 8156 8071
f 8069 8155 8156
f 8071 8157 8073
f 8071 8156 8157
f 8073 8158 8075
f 8073 8157 8158
f 8075 8159 8077
f 8075 8158 8159
f 8077 8160 8079
f 8077 8159 8160
f 8079 8161 8081
f 8079 8160 8161
f 8081 8162 8083
f 8081 8161 8162
f 8083 8163 8085
f 8083 8162 8163
f 8086 8085 8164
f 8085 8165 8164
f 8085 8163 8165
f 8167 8166 8165
f 8165 8166 8164
f 8169 8168 8167
f 8167 8168 8166
f 8171 8170 8169
f 8169 8170 8168
f 8173 8172 8171
f 8171 8172 8170
f 8175 8174 8173
f 8173 8174 8172
f 8177 8176 8175
f 8175 8176 8174
f 8179 8178 8177
f 8177 8178 8176
f 8178 8179 8088
f 8179 8087 8088
f 8179 8180 8087
f 8087 8181 8090
f 8087 8180 8181
f 8090 8182 8091
f 8090 8181 8182
f 8091 8183 8092
f 8091 8182 8183
f 8092 8184 8093
f 8092 8183 8184
f 8093 8185 8094
f 8093 8184 8185
f 8095 8094 8186
f 8186 8094 8185
f 8188 8187 7648
f 7648 8187 7647
f 7648 7639 8099
f 7648 8099 8188
f 7651 8100 7646
f 8100 7651 7653
f 8100 7653 8101
f 8101 7653 7655
f 8101 7655 8102
f 8102 7655 7657
f 8102 7657 8103
f 8103 7657 7659
f 8103 7659 8104
f 8104 7659 7661
f 8189 8104 7661
f 8105 8104 8189
f 8105 8190 8107
f 8105 8189 8190
f 8107 8191 8109
f 8107 8190 8191
f 8109 8192 8111
f 8109 8191 8192
f 8111 8193 8112
f 8111 8192 8193
f 8112 8194 8113
f 8112 8193 8194
f 8113 8195 8114
f 8113 8194 8195
f 8114 8196 8115
f 8114 8195 8196
f 8115 8197 8117
f 8115 8196 8197
f 8117 8198 8119
f 8117 8197 8198
f 8120 8119 8199
f 8119 8200 8199
f 8119 8198 8200
f 8202 8201 8200
f 8200 8201 8199
f 8204 8203 8202
f 8202 8203 8201
f 8206 8205 8204
f 8204 8205 8203
f 8208 8207 8206
f 8206 8207 8205
f 8207 8208 8122
f 8208 8121 8122
f 8208 8209 8121
f 8121 8210 8125
f 8121 8209 8210
f 8125 8211 8127
f 8125 8210 8211
f 8127 8212 8129
f 8127 8211 8212
f 8129 8213 8131
f 8129 8212 8213
f 8131 8214 8133
f 8131 8213 8214
f 8133 8215 8135
f 8133 8214 8215
f 8135 8216 8137
f 8135 8215 8216
f 8137 8217 8139
f 8137 8216 8217
f 8139 8218 8141
f 8139 8217 8218
f 8141 8219 8143
f 8141 8218 8219
f 8143 8220 8145
f 8143 8219 8220
f 8145 8221 8147
f 8145 8220 8221
f 8147 8222 8149
f 8147 8221 8222
f 8149 8223 8150
f 8149 8222 8223
f 8150 8224 8151
f 8150 8223 8224
f 8151 8225 8152
f 8151 8224 8225
f 8152 8226 8153
f 8152 8225 8226
f 8153 8227 8154
f 8153 8226 8227
f 8154 8228 8155
f 8154 8227 8228
f 8155 8229 8156
f 8155 8228 8229
f 8156 8230 8157
f 8156 8229 8230
f 8157 8231 8158
f 8157 8230 8231
f 8158 8232 8159
f 8158 8231 8232
f 8159 8233 8160
f 8159 8232 8233
f 8160 8234 8161
f 8160 8233 8234
f 8161 8235 8162
f 8161 8234 8235
f 8162 8236 8163
f 8162 8235 8236
f 8163 8237 8165
f 8163 8236 8237
f 8165 8238 8167
f 8165 8237 8238
f 8167 8239 8169
f 8167 8238 8239
f 8239 7663 7664
f 8171 8239 7664
f 8169 8239 8171
f 8171 7664 7665
f 8171 7665 8173
f 8173 7665 7667
f 8173 7667 8175
f 8175 7667 7669
f 8175 7669 8177
f 8177 7669 7671
f 8177 7671 8179
f 8179 7671 7673
f 8179 7673 8180
f 8180 7673 7675
f 8180 7675 8181
f 8181 7675 7677
f 8181 7677 8182
f 8182 7677 7679
f 8182 7679 8183
f 8183 7679 7681
f 8183 7681 8184
f 8184 7681 7683
f 8184 7683 8185
f 8241 8240 7685
f 7685 8240 7683
f 8240 8186 7683
f 8186 8185 7683
f 8241 8242 8240
f 8244 8243 7687
f 7687 8243 7686
f 7687 7647 8187
f 7687 8187 8244
f 7692 8189 7661
f 8189 7692 7694
f 8189 7694 8190
f 8190 7694 7696
f 8190 7696 8191
f 8191 7696 7698
f 8191 7698 8192
f 8192 7698 7700
f 8192 7700 8193
f 8193 7700 7702
f 8193 7702 8194
f 8194 7702 7704
f 8245 8194 7704
f 8195 8194 8245
f 8195 8246 8196
f 8195 8245 8246
f 8196 8247 8197
f 8196 8246 8247
f 8197 8248 8198
f 8197 8247 8248
f 8198 8249 8200
f 8198 8248 8249
f 8200 8250 8202
f 8200 8249 8250
f 8202 8251 8204
f 8202 8250 8251
f 8204 8252 8206
f 8204 8251 8252
f 8206 8253 8208
f 8206 8252 8253
f 8253 7706 7707
f 8209 8253 7707
f 8208 8253 8209
f 8209 7707 7708
f 8209 7708 8210
f 8210 7708 7710
f 8210 7710 8211
f 8211 7710 7712
f 8211 7712 8212
f 8212 7712 7714
f 8212 7714 8213
f 8213 7714 7716
f 8213 7716 8214
f 8214 7716 7718
f 8214 7718 8215
f 8215 7718 7720
f 8215 7720 8216
f 8216 7720 7722
f 8216 7722 8217
f 8217 7722 7724
f 8217 7724 8218
f 8218 7724 7726
f 8218 7726 8219
f 8219 7726 7728
f 8219 7728 8220
f 8220 7728 7730
f 8220 7730 8221
f 8221 7730 7732
f 8221 7732 8222
f 8222 7732 7734
f 8222 7734 8223
f 8223 7734 7736
f 8223 7736 8224
f 8224 7736 7738
f 8224 7738 8225
f 8225 7738 7740
f 8225 7740 8226
f 8226 7740 7742
f 8226 7742 8227
f 8227 7742 7744
f 8227 7744 8228
f 8228 7744 7746
f 8228 7746 8229
f 8229 7746 7748
f 8229 7748 8230
f 8230 7748 7750
f 8230 7750 8231
f 8231 7750 7752
f 8231 7752 8232
f 8232 7752 7754
f 8232 7754 8233
f 8233 7754 7756
f 8233 7756 8234
f 8234 7756 7758
f 8234 7758 8235
f 8235 7758 7760
f 8235 7760 8236
f 8236 7760 7762
f 8236 7762 8237
f 8237 7762 7764
f 8237 7764 8238
f 8238 7764 7766
f 8238 7766 8239
f 8239 7766 7663
f 7773 8241 7685
f 8254 8242 8241
f 7773 8254 8241
f 7775 8254 7773
f 8256 8255 7777
f 8255 7775 7777
f 8255 8254 7775
f 8256 8257 8255
f 8259 8258 7779
f 7779 8258 7778
f 8260 7779 7780
f 8260 8259 7779
f 8261 7780 7781
f 8261 8260 7780
f 7781 7686 8243
f 7781 8243 8261
f 7782 8245 7704
f 8245 7782 7783
f 8245 7783 8246
f 8246 7783 7784
f 8246 7784 8247
f 8247 7784 7785
f 8247 7785 8248
f 8248 7785 7786
f 8248 7786 8249
f 8249 7786 7787
f 8249 7787 8250
f 8250 7787 7789
f 8250 7789 8251
f 8251 7789 7791
f 8251 7791 8252
f 8252 7791 7792
f 8252 7792 8253
f 8253 7792 7706
f 7793 8256 7777
f 8262 8257 8256
f 7793 8262 8256
f 7794 8262 7793
f 8263 7794 7795
f 8263 8262 7794
f 8264 7795 7796
f 8264 8263 7795
f 8265 7796 7797
f 8265 8264 7796
f 8266 7797 7798
f 8266 8265 7797
f 8267 7798 7799
f 8267 8266 7798
f 8268 7799 7800
f 8268 8267 7799
f 8269 7800 7801
f 8269 8268 7800
f 7801 7778 8258
f 7801 8258 8269
f 8272 8271 8270
f 8274 8273 8270
f 8274 8270 8271
f 8276 8275 8273
f 8276 8273 8274
f 8277 8275 8276
f 8272 8270 7803
f 7804 8272 7803
f 8278 8272 7804
f 7803 8270 7806
f 7806 8270 8273
f 7806 8273 7808
f 7808 8273 8275
f 8277 8279 8275
f 8279 7808 8275
f 8279 7810 7808
f 7811 7810 8279
f 7811 8279 8280
f 7813 8278 7804
f 7813 8281 8278
f 8280 8282 7811
f 7811 8282 7817
f 7818 7817 8282
f 7818 8282 8283
f 7813 7819 8284
f 8285 7813 8284
f 8281 7813 8285
f 7820 8284 7819
f 8283 8286 7818
f 7818 8286 7824
f 7825 7824 8286
f 7825 8286 8287
f 8285 8284 8288
f 8285 8288 8289
f 7826 8290 7820
f 8290 8284 7820
f 8290 8288 8284
f 7827 8290 7826
f 8287 7828 7825
f 8291 7828 8287
f 8289 8288 8292
f 8289 8292 8293
f 7831 8292 7830
f 8292 8290 7830
f 8292 8288 8290
f 7830 8290 7827
f 8291 8294 7828
f 7828 8294 7832
f 7833 7832 8294
f 7833 8294 8295
f 8293 8292 8296
f 8293 8296 8297
f 7835 8296 7831
f 7831 8296 8292
f 8295 7836 7833
f 8298 7836 8295
f 8297 8296 8299
f 8297 8299 8300
f 7837 8299 7835
f 7835 8299 8296
f 8298 7839 7836
f 8301 7839 8298
f 8304 8303 8302
f 7841 7842 8302
f 8303 7841 8302
f 8305 7841 8303
f 8299 7843 8300
f 7843 8305 8300
f 7843 7841 8305
f 7843 8299 7837
f 7844 7839 8306
f 7839 8307 8306
f 7839 8301 8307
f 8306 7845 7844
f 8310 8309 8308
f 7847 7848 8308
f 8309 7847 8308
f 8311 7847 8309
f 7847 8312 7850
f 8311 8312 7847
f 7850 8313 7851
f 8312 8313 7850
f 7851 8314 7852
f 8313 8314 7851
f 7852 8315 7853
f 8314 8315 7852
f 7853 8316 7854
f 8315 8316 7853
f 8302 7855 8304
f 7855 8316 8304
f 7855 7854 8316
f 7855 8302 7842
f 8307 8317 8306
f 8317 8319 8318
f 8317 8318 7856
f 8306 8317 7856
f 7845 8306 7856
f 8318 7857 7856
f 8321 8320 7858
f 8321 7858 7859
f 8308 7860 8310
f 7860 8320 8310
f 7860 7858 8320
f 7860 8308 7848
f 8319 8322 8318
f 7857 8318 8322
f 8323 7857 8322
f 7862 7857 8323
f 7864 8324 7865
f 8324 8325 7865
f 8325 7859 7865
f 8325 8321 7859
f 8323 8326 7862
f 7862 8326 7866
f 7866 8327 7867
f 8326 8327 7866
f 8327 8329 8328
f 7868 8327 8328
f 7867 8327 7868
f 8328 7869 7868
f 7872 8330 7873
f 8330 8331 7873
f 7873 8331 7864
f 8331 8332 7864
f 8332 8324 7864
f 8324 8332 8325
f 8329 8333 8328
f 7869 8328 8333
f 8334 7869 8333
f 7875 7869 8334
f 7885 8335 7886
f 8330 7872 7886
f 8335 8330 7886
f 8336 8330 8335
f 8331 8330 8337
f 8337 8330 8336
f 8340 8339 8338
f 8334 8340 8338
f 7888 8334 8338
f 7875 8334 7888
f 7906 8341 7907
f 8335 7885 7907
f 8341 8335 7907
f 8342 8335 8341
f 8344 8336 8343
f 8336 8342 8343
f 8336 8335 8342
f 8336 8344 8337
f 8338 8339 8345
f 8345 8339 8346
f 8345 7909 7888
f 8345 7888 8338
f 7935 8347 7936
f 8348 7937 7936
f 8348 7936 8347
f 8349 7938 7937
f 8349 7937 8348
f 8350 7939 7938
f 8350 7938 8349
f 8351 7940 7939
f 8351 7939 8350
f 8341 7906 7940
f 8351 8341 7940
f 8352 8341 8351
f 8341 8353 8342
f 8341 8352 8353
f 8343 8342 8354
f 8342 8355 8354
f 8342 8353 8355
f 8357 8356 8355
f 8355 8356 8354
f 8357 8358 8356
f 8345 8346 8359
f 8359 8346 8360
f 8361 7941 7909
f 8345 8361 7909
f 8359 8361 8345
f 8362 7942 7941
f 8362 7941 8361
f 8363 7943 7942
f 8363 7942 8362
f 8363 7945 7943
f 7955 8364 7956
f 8364 7958 7956
f 7975 8365 7976
f 8347 7935 7976
f 8365 8347 7976
f 8366 8347 8365
f 8347 8367 8348
f 8347 8366 8367
f 8348 8368 8349
f 8348 8367 8368
f 8349 8369 8350
f 8349 8368 8369
f 8350 8370 8351
f 8350 8369 8370
f 8351 8371 8352
f 8351 8370 8371
f 8352 8372 8353
f 8352 8371 8372
f 8353 8373 8355
f 8353 8372 8373
f 8355 8374 8357
f 8355 8373 8374
f 8358 8357 8375
f 8357 8376 8375
f 8357 8374 8376
f 8378 8377 8376
f 8376 8377 8375
f 8380 8379 8378
f 8378 8379 8377
f 8382 8381 8380
f 8380 8381 8379
f 8384 8383 8382
f 8382 8383 8381
f 8384 8385 8383
f 8388 8387 8386
f 8390 8389 8386
f 8386 8389 8388
f 8392 8391 8390
f 8390 8391 8389
f 8391 8392 8360
f 8392 8359 8360
f 8392 8393 8359
f 8359 8394 8361
f 8359 8393 8394
f 8361 8395 8362
f 8361 8394 8395
f 8362 8396 8363
f 8362 8395 8396
f 8397 7977 7945
f 8363 8397 7945
f 8396 8397 8363
f 8398 7978 7977
f 8398 7977 8397
f 8399 7979 7978
f 8399 7978 8398
f 8400 7980 7979
f 8400 7979 8399
f 8401 7981 7980
f 8401 7980 8400
f 8402 7982 7981
f 8402 7981 8401
f 8403 7983 7982
f 8403 7982 8402
f 8404 7984 7983
f 8404 7983 8403
f 8405 7985 7984
f 8405 7984 8404
f 8406 7986 7985
f 8406 7985 8405
f 8364 7955 7986
f 8406 8364 7986
f 8407 8364 8406
f 8408 7987 7958
f 8364 8408 7958
f 8407 8408 8364
f 8409 7988 7987
f 8409 7987 8408
f 8410 7989 7988
f 8410 7988 8409
f 8411 7990 7989
f 8411 7989 8410
f 8411 7992 7990
f 8001 8412 8002
f 8002 8412 8413
f 8414 8002 8413
f 8003 8002 8414
f 8003 8415 8004
f 8414 8415 8003
f 8004 8416 8005
f 8415 8416 8004
f 8005 8417 8006
f 8416 8417 8005
f 8006 8418 8007
f 8417 8418 8006
f 8007 8419 8008
f 8418 8419 8007
f 8009 8008 8419
f 8009 8419 8420
f 8017 8365 7975
f 8365 8017 8019
f 8421 8365 8019
f 8366 8365 8421
f 8366 8422 8367
f 8366 8421 8422
f 8367 8423 8368
f 8367 8422 8423
f 8368 8424 8369
f 8368 8423 8424
f 8369 8425 8370
f 8369 8424 8425
f 8370 8426 8371
f 8370 8425 8426
f 8371 8427 8372
f 8371 8426 8427
f 8372 8428 8373
f 8372 8427 8428
f 8373 8429 8374
f 8373 8428 8429
f 8374 8430 8376
f 8374 8429 8430
f 8376 8431 8378
f 8376 8430 8431
f 8378 8432 8380
f 8378 8431 8432
f 8380 8433 8382
f 8380 8432 8433
f 8382 8434 8384
f 8382 8433 8434
f 8385 8384 8435
f 8384 8436 8435
f 8384 8434 8436
f 8438 8437 8436
f 8436 8437 8435
f 8440 8439 8438
f 8438 8439 8437
f 8442 8441 8440
f 8440 8441 8439
f 8444 8443 8442
f 8442 8443 8441
f 8446 8445 8444
f 8444 8445 8443
f 8448 8447 8446
f 8446 8447 8445
f 8450 8449 8448
f 8448 8449 8447
f 8452 8451 8450
f 8450 8451 8449
f 8454 8453 8452
f 8452 8453 8451
f 8456 8455 8454
f 8454 8455 8453
f 8458 8457 8456
f 8456 8457 8455
f 8460 8459 8458
f 8458 8459 8457
f 8459 8460 8387
f 8460 8386 8387
f 8460 8461 8386
f 8386 8462 8390
f 8386 8461 8462
f 8390 8463 8392
f 8390 8462 8463
f 8392 8464 8393
f 8392 8463 8464
f 8393 8465 8394
f 8393 8464 8465
f 8394 8466 8395
f 8394 8465 8466
f 8395 8467 8396
f 8395 8466 8467
f 8396 8468 8397
f 8396 8467 8468
f 8397 8469 8398
f 8397 8468 8469
f 8398 8470 8399
f 8398 8469 8470
f 8399 8471 8400
f 8399 8470 8471
f 8400 8472 8401
f 8400 8471 8472
f 8401 8473 8402
f 8401 8472 8473
f 8402 8474 8403
f 8402 8473 8474
f 8403 8475 8404
f 8403 8474 8475
f 8404 8476 8405
f 8404 8475 8476
f 8405 8477 8406
f 8405 8476 8477
f 8406 8478 8407
f 8406 8477 8478
f 8407 8479 8408
f 8407 8478 8479
f 8408 8480 8409
f 8408 8479 8480
f 8409 8481 8410
f 8409 8480 8481
f 8410 8482 8411
f 8410 8481 8482
f 8483 8020 7992
f 8411 8483 7992
f 8482 8483 8411
f 8484 8021 8020
f 8484 8020 8483
f 8485 8022 8021
f 8485 8021 8484
f 8485 8024 8022
f 8029 8486 8030
f 8486 8487 8030
f 8030 8487 8001
f 8487 8488 8001
f 8488 8412 8001
f 8412 8488 8413
f 8420 8489 8009
f 8009 8489 8031
f 8031 8490 8032
f 8489 8490 8031
f 8032 8491 8033
f 8490 8491 8032
f 8033 8492 8034
f 8491 8492 8033
f 8492 8494 8493
f 8035 8492 8493
f 8034 8492 8035
f 8493 8036 8035
f 8044 8421 8019
f 8421 8044 8046
f 8495 8421 8046
f 8422 8421 8495
f 8422 8496 8423
f 8422 8495 8496
f 8423 8497 8424
f 8423 8496 8497
f 8497 8048 8049
f 8425 8497 8049
f 8424 8497 8425
f 8425 8049 8050
f 8425 8050 8426
f 8426 8050 8052
f 8426 8052 8427
f 8427 8052 8054
f 8427 8054 8428
f 8428 8054 8056
f 8498 8428 8056
f 8429 8428 8498
f 8429 8499 8430
f 8429 8498 8499
f 8430 8500 8431
f 8430 8499 8500
f 8431 8501 8432
f 8431 8500 8501
f 8432 8502 8433
f 8432 8501 8502
f 8433 8503 8434
f 8433 8502 8503
f 8434 8504 8436
f 8434 8503 8504
f 8436 8505 8438
f 8436 8504 8505
f 8438 8506 8440
f 8438 8505 8506
f 8440 8507 8442
f 8440 8506 8507
f 8442 8508 8444
f 8442 8507 8508
f 8444 8509 8446
f 8444 8508 8509
f 8446 8510 8448
f 8446 8509 8510
f 8448 8511 8450
f 8448 8510 8511
f 8450 8512 8452
f 8450 8511 8512
f 8452 8513 8454
f 8452 8512 8513
f 8454 8514 8456
f 8454 8513 8514
f 8456 8515 8458
f 8456 8514 8515
f 8458 8516 8460
f 8458 8515 8516
f 8460 8517 8461
f 8460 8516 8517
f 8461 8518 8462
f 8461 8517 8518
f 8518 8058 8059
f 8463 8518 8059
f 8462 8518 8463
f 8463 8059 8060
f 8463 8060 8464
f 8464 8060 8062
f 8464 8062 8465
f 8465 8062 8064
f 8465 8064 8466
f 8466 8064 8066
f 8466 8066 8467
f 8467 8066 8068
f 8467 8068 8468
f 8468 8068 8070
f 8468 8070 8469
f 8469 8070 8072
f 8469 8072 8470
f 8470 8072 8074
f 8470 8074 8471
f 8471 8074 8076
f 8471 8076 8472
f 8472 8076 8078
f 8472 8078 8473
f 8473 8078 8080
f 8473 8080 8474
f 8474 8080 8082
f 8474 8082 8475
f 8475 8082 8084
f 8475 8084 8476
f 8476 8084 8086
f 8519 8476 8086
f 8477 8476 8519
f 8477 8520 8478
f 8477 8519 8520
f 8478 8521 8479
f 8478 8520 8521
f 8479 8522 8480
f 8479 8521 8522
f 8480 8523 8481
f 8480 8522 8523
f 8481 8524 8482
f 8481 8523 8524
f 8482 8525 8483
f 8482 8524 8525
f 8483 8526 8484
f 8483 8525 8526
f 8526 8088 8089
f 8485 8526 8089
f 8484 8526 8485
f 8485 8089 8024
f 8095 8527 8486
f 8095 8486 8029
f 8487 8486 8528
f 8528 8486 8527
f 8494 8529 8493
f 8493 8529 8036
f 8529 8096 8036
f 8529 8530 8096
f 8096 8531 8097
f 8530 8531 8096
f 8097 8532 8098
f 8531 8532 8097
f 8099 8098 8532
f 8099 8532 8533
f 8106 8495 8046
f 8495 8106 8108
f 8495 8108 8496
f 8496 8108 8110
f 8496 8110 8497
f 8497 8110 8048
f 8116 8498 8056
f 8498 8116 8118
f 8498 8118 8499
f 8499 8118 8120
f 8534 8499 8120
f 8500 8499 8534
f 8500 8535 8501
f 8500 8534 8535
f 8501 8536 8502
f 8501 8535 8536
f 8502 8537 8503
f 8502 8536 8537
f 8503 8538 8504
f 8503 8537 8538
f 8538 8122 8123
f 8505 8538 8123
f 8504 8538 8505
f 8505 8123 8124
f 8505 8124 8506
f 8506 8124 8126
f 8506 8126 8507
f 8507 8126 8128
f 8507 8128 8508
f 8508 8128 8130
f 8508 8130 8509
f 8509 8130 8132
f 8509 8132 8510
f 8510 8132 8134
f 8510 8134 8511
f 8511 8134 8136
f 8511 8136 8512
f 8512 8136 8138
f 8512 8138 8513
f 8513 8138 8140
f 8513 8140 8514
f 8514 8140 8142
f 8514 8142 8515
f 8515 8142 8144
f 8515 8144 8516
f 8516 8144 8146
f 8516 8146 8517
f 8517 8146 8148
f 8517 8148 8518
f 8518 8148 8058
f 8164 8519 8086
f 8519 8164 8166
f 8519 8166 8520
f 8520 8166 8168
f 8520 8168 8521
f 8521 8168 8170
f 8521 8170 8522
f 8522 8170 8172
f 8522 8172 8523
f 8523 8172 8174
f 8523 8174 8524
f 8524 8174 8176
f 8524 8176 8525
f 8525 8176 8178
f 8525 8178 8526
f 8526 8178 8088
f 8186 8539 8527
f 8186 8527 8095
f 8528 8527 8540
f 8540 8527 8539
f 8541 8187 8188
f 8542 8541 8188
f 8099 8542 8188
f 8533 8542 8099
f 8199 8534 8120
f 8534 8199 8201
f 8534 8201 8535
f 8535 8201 8203
f 8535 8203 8536
f 8536 8203 8205
f 8536 8205 8537
f 8537 8205 8207
f 8537 8207 8538
f 8538 8207 8122
f 8240 8539 8186
f 8544 8543 8242
f 8242 8543 8240
f 8543 8540 8240
f 8540 8539 8240
f 8544 8545 8543
f 8547 8546 8244
f 8244 8546 8243
f 8244 8187 8541
f 8548 8244 8541
f 8547 8244 8548
f 8548 8541 8542
f 8254 8544 8242
f 8549 8545 8544
f 8254 8549 8544
f 8255 8549 8254
f 8255 8257 8549
f 8549 8257 8550
f 8552 8551 8259
f 8259 8551 8258
f 8553 8259 8260
f 8553 8552 8259
f 8554 8260 8261
f 8554 8553 8260
f 8261 8243 8546
f 8261 8546 8554
f 8555 8550 8257
f 8555 8257 8262
f 8556 8262 8263
f 8556 8555 8262
f 8557 8263 8264
f 8557 8556 8263
f 8558 8264 8265
f 8558 8557 8264
f 8559 8265 8266
f 8559 8558 8265
f 8560 8266 8267
f 8560 8559 8266
f 8561 8267 8268
f 8561 8560 8267
f 8562 8268 8269
f 8562 8561 8268
f 8269 8258 8551
f 8269 8551 8562
f 8564 8563 8271
f 8564 8271 8272
f 8271 8565 8274
f 8563 8565 8271
f 8565 8567 8566
f 8276 8565 8566
f 8274 8565 8276
f 8566 8277 8276
f 8278 8564 8272
f 8278 8568 8564
f 8567 8569 8566
f 8569 8571 8570
f 8569 8570 8279
f 8566 8569 8279
f 8277 8566 8279
f 8570 8280 8279
f 8281 8568 8278
f 8281 8572 8568
f 8571 8573 8570
f 8570 8573 8280
f 8573 8282 8280
f 8573 8574 8282
f 8283 8282 8574
f 8283 8574 8575
f 8285 8572 8281
f 8285 8576 8572
f 8286 8283 8577
f 8283 8578 8577
f 8283 8575 8578
f 8577 8287 8286
f 8581 8580 8579
f 8580 8576 8579
f 8576 8289 8579
f 8576 8285 8289
f 8578 8582 8577
f 8287 8577 8582
f 8583 8287 8582
f 8291 8287 8583
f 8581 8579 8584
f 8581 8584 8585
f 8293 8584 8289
f 8289 8584 8579
f 8583 8586 8291
f 8291 8586 8294
f 8295 8294 8586
f 8295 8586 8587
f 8585 8584 8588
f 8585 8588 8589
f 8297 8588 8293
f 8293 8588 8584
f 8587 8298 8295
f 8590 8298 8587
f 8593 8592 8591
f 8591 8592 8589
f 8588 8591 8589
f 8594 8591 8588
f 8300 8594 8297
f 8297 8594 8588
f 8590 8301 8298
f 8595 8301 8590
f 8598 8597 8596
f 8600 8599 8596
f 8600 8596 8597
f 8602 8601 8599
f 8602 8599 8600
f 8604 8603 8601
f 8604 8601 8602
f 8606 8605 8603
f 8606 8603 8604
f 8605 8606 8593
f 8605 8593 8591
f 8304 8605 8591
f 8303 8304 8591
f 8303 8591 8305
f 8305 8591 8594
f 8305 8594 8300
f 8595 8307 8301
f 8607 8307 8595
f 8609 8608 8309
f 8609 8309 8310
f 8309 8610 8311
f 8608 8610 8309
f 8596 8312 8598
f 8312 8610 8598
f 8312 8311 8610
f 8312 8596 8313
f 8313 8596 8599
f 8313 8599 8314
f 8314 8599 8601
f 8314 8601 8315
f 8315 8601 8603
f 8315 8603 8316
f 8316 8603 8605
f 8316 8605 8304
f 8607 8611 8307
f 8307 8611 8317
f 8319 8317 8611
f 8319 8611 8612
f 8614 8613 8320
f 8614 8320 8321
f 8310 8320 8609
f 8609 8320 8613
f 8322 8319 8615
f 8319 8616 8615
f 8319 8612 8616
f 8615 8323 8322
f 8325 8614 8321
f 8325 8617 8614
f 8616 8618 8615
f 8615 8618 8323
f 8618 8326 8323
f 8618 8619 8326
f 8326 8620 8327
f 8619 8620 8326
f 8329 8327 8620
f 8329 8620 8621
f 8331 8622 8332
f 8622 8623 8332
f 8623 8325 8332
f 8623 8617 8325
f 8621 8624 8329
f 8329 8624 8333
f 8334 8333 8624
f 8334 8624 8625
f 8627 8626 8622
f 8331 8627 8622
f 8337 8627 8331
f 8622 8626 8623
f 8629 8628 8340
f 8340 8628 8339
f 8340 8334 8625
f 8340 8625 8629
f 8343 8630 8344
f 8627 8337 8631
f 8337 8630 8631
f 8630 8632 8631
f 8337 8344 8630
f 8632 8633 8631
f 8628 8346 8339
f 8634 8346 8628
f 8354 8630 8343
f 8630 8354 8356
f 8630 8356 8632
f 8636 8635 8358
f 8358 8635 8356
f 8635 8633 8356
f 8633 8632 8356
f 8638 8637 8636
f 8636 8637 8635
f 8638 8639 8637
f 8642 8641 8640
f 8634 8642 8640
f 8360 8634 8640
f 8346 8634 8360
f 8375 8636 8358
f 8636 8375 8377
f 8636 8377 8638
f 8643 8639 8638
f 8377 8643 8638
f 8379 8643 8377
f 8644 8379 8381
f 8644 8643 8379
f 8645 8381 8383
f 8645 8644 8381
f 8647 8646 8385
f 8646 8383 8385
f 8646 8645 8383
f 8649 8648 8647
f 8647 8648 8646
f 8651 8650 8649
f 8649 8650 8648
f 8653 8652 8651
f 8651 8652 8650
f 8655 8654 8653
f 8653 8654 8652
f 8657 8656 8655
f 8655 8656 8654
f 8657 8658 8656
f 8661 8660 8659
f 8663 8662 8659
f 8659 8662 8661
f 8665 8664 8663
f 8663 8664 8662
f 8667 8666 8665
f 8665 8666 8664
f 8387 8388 8667
f 8388 8666 8667
f 8388 8668 8666
f 8669 8388 8389
f 8669 8668 8388
f 8391 8640 8641
f 8669 8391 8641
f 8389 8391 8669
f 8640 8391 8360
f 8413 8670 8414
f 8414 8670 8671
f 8672 8414 8671
f 8415 8414 8672
f 8415 8673 8416
f 8672 8673 8415
f 8416 8674 8417
f 8673 8674 8416
f 8417 8675 8418
f 8674 8675 8417
f 8675 8677 8676
f 8419 8675 8676
f 8418 8675 8419
f 8676 8420 8419
f 8435 8647 8385
f 8647 8435 8437
f 8647 8437 8649
f 8649 8437 8439
f 8649 8439 8651
f 8651 8439 8441
f 8651 8441 8653
f 8653 8441 8443
f 8653 8443 8655
f 8655 8443 8445
f 8655 8445 8657
f 8678 8658 8657
f 8445 8678 8657
f 8447 8678 8445
f 8679 8447 8449
f 8679 8678 8447
f 8680 8449 8451
f 8680 8679 8449
f 8453 8659 8660
f 8680 8453 8660
f 8451 8453 8680
f 8659 8453 8455
f 8659 8455 8663
f 8663 8455 8457
f 8663 8457 8665
f 8665 8457 8459
f 8665 8459 8667
f 8667 8459 8387
f 8487 8681 8488
f 8681 8682 8488
f 8488 8682 8413
f 8682 8683 8413
f 8683 8670 8413
f 8670 8683 8671
f 8677 8684 8676
f 8676 8684 8420
f 8684 8489 8420
f 8684 8685 8489
f 8489 8686 8490
f 8685 8686 8489
f 8490 8687 8491
f 8686 8687 8490
f 8491 8688 8492
f 8687 8688 8491
f 8494 8492 8688
f 8494 8688 8689
f 8691 8690 8681
f 8487 8691 8681
f 8528 8691 8487
f 8681 8690 8682
f 8689 8692 8494
f 8494 8692 8529
f 8529 8693 8530
f 8692 8693 8529
f 8530 8694 8531
f 8693 8694 8530
f 8531 8695 8532
f 8694 8695 8531
f 8533 8532 8695
f 8533 8695 8696
f 8540 8698 8697
f 8691 8540 8697
f 8528 8540 8691
f 8698 8699 8697
f 8696 8542 8533
f 8700 8542 8696
f 8543 8698 8540
f 8543 8545 8698
f 8545 8699 8698
f 8545 8701 8699
f 8703 8702 8547
f 8547 8702 8546
f 8704 8547 8548
f 8704 8703 8547
f 8548 8542 8700
f 8548 8700 8704
f 8705 8701 8545
f 8705 8545 8549
f 8549 8550 8705
f 8705 8550 8706
f 8707 8551 8552
f 8707 8552 8708
f 8552 8709 8708
f 8552 8553 8709
f 8710 8553 8554
f 8710 8709 8553
f 8554 8546 8702
f 8554 8702 8710
f 8711 8706 8550
f 8711 8550 8555
f 8712 8555 8556
f 8712 8711 8555
f 8713 8556 8557
f 8713 8712 8556
f 8714 8557 8558
f 8714 8713 8557
f 8715 8558 8559
f 8715 8714 8558
f 8716 8559 8560
f 8716 8715 8559
f 8717 8560 8561
f 8717 8716 8560
f 8718 8561 8562
f 8718 8717 8561
f 8562 8551 8707
f 8719 8562 8707
f 8718 8562 8719
f 8719 8707 8708
f 8564 8720 8563
f 8721 8565 8563
f 8721 8563 8720
f 8721 8567 8565
f 8568 8722 8720
f 8568 8720 8564
f 8720 8723 8721
f 8720 8722 8723
f 8724 8569 8567
f 8721 8724 8567
f 8723 8724 8721
f 8724 8571 8569
f 8727 8726 8725
f 8726 8728 8722
f 8572 8726 8722
f 8568 8572 8722
f 8725 8726 8572
f 8722 8728 8723
f 8723 8728 8729
f 8723 8729 8724
f 8724 8729 8730
f 8730 8732 8731
f 8730 8731 8573
f 8724 8730 8573
f 8571 8724 8573
f 8733 8574 8573
f 8733 8573 8731
f 8733 8575 8574
f 8727 8725 8734
f 8727 8734 8735
f 8576 8734 8572
f 8572 8734 8725
f 8732 8736 8731
f 8738 8737 8736
f 8737 8731 8736
f 8737 8733 8731
f 8737 8578 8575
f 8737 8575 8733
f 8741 8740 8739
f 8739 8740 8735
f 8739 8735 8734
f 8581 8739 8734
f 8580 8581 8734
f 8580 8734 8576
f 8738 8742 8737
f 8737 8742 8578
f 8742 8582 8578
f 8742 8743 8582
f 8583 8582 8743
f 8583 8743 8744
f 8741 8739 8745
f 8741 8745 8746
f 8585 8745 8581
f 8581 8745 8739
f 8744 8747 8583
f 8583 8747 8586
f 8587 8586 8747
f 8587 8747 8748
f 8751 8750 8749
f 8749 8750 8746
f 8745 8749 8746
f 8752 8749 8745
f 8589 8752 8585
f 8585 8752 8745
f 8748 8590 8587
f 8753 8590 8748
f 8751 8749 8754
f 8751 8754 8755
f 8593 8754 8592
f 8754 8752 8592
f 8754 8749 8752
f 8592 8752 8589
f 8753 8595 8590
f 8756 8595 8753
f 8759 8758 8757
f 8761 8760 8757
f 8761 8757 8758
f 8597 8598 8760
f 8761 8597 8760
f 8762 8597 8761
f 8597 8763 8600
f 8762 8763 8597
f 8600 8764 8602
f 8763 8764 8600
f 8602 8765 8604
f 8764 8765 8602
f 8754 8606 8755
f 8606 8765 8755
f 8606 8604 8765
f 8606 8754 8593
f 8756 8607 8595
f 8766 8607 8756
f 8769 8768 8767
f 8767 8768 8759
f 8767 8759 8757
f 8609 8767 8757
f 8608 8609 8757
f 8608 8757 8610
f 8610 8757 8760
f 8610 8760 8598
f 8611 8607 8770
f 8607 8771 8770
f 8607 8766 8771
f 8770 8612 8611
f 8774 8773 8772
f 8772 8773 8769
f 8772 8769 8767
f 8614 8772 8767
f 8613 8614 8767
f 8613 8767 8609
f 8771 8775 8770
f 8612 8770 8775
f 8776 8612 8775
f 8616 8612 8776
f 8777 8774 8772
f 8772 8614 8777
f 8614 8778 8777
f 8614 8617 8778
f 8776 8779 8616
f 8616 8779 8618
f 8618 8780 8619
f 8779 8780 8618
f 8780 8782 8781
f 8620 8780 8781
f 8619 8780 8620
f 8781 8621 8620
f 8623 8778 8617
f 8623 8783 8778
f 8782 8784 8781
f 8781 8784 8621
f 8784 8624 8621
f 8784 8785 8624
f 8625 8624 8785
f 8625 8785 8786
f 8627 8787 8626
f 8787 8788 8626
f 8788 8623 8626
f 8788 8783 8623
f 8790 8789 8629
f 8629 8789 8628
f 8629 8625 8786
f 8629 8786 8790
f 8631 8787 8627
f 8631 8633 8787
f 8633 8788 8787
f 8633 8791 8788
f 8789 8634 8628
f 8792 8634 8789
f 8793 8791 8633
f 8793 8633 8635
f 8794 8635 8637
f 8794 8793 8635
f 8796 8795 8639
f 8795 8637 8639
f 8795 8794 8637
f 8796 8797 8795
f 8800 8799 8798
f 8641 8642 8798
f 8642 8800 8798
f 8642 8801 8800
f 8642 8634 8792
f 8642 8792 8801
f 8643 8796 8639
f 8802 8797 8796
f 8643 8802 8796
f 8644 8802 8643
f 8803 8644 8645
f 8803 8802 8644
f 8804 8645 8646
f 8804 8803 8645
f 8805 8646 8648
f 8805 8804 8646
f 8806 8648 8650
f 8806 8805 8648
f 8807 8650 8652
f 8807 8806 8650
f 8808 8652 8654
f 8808 8807 8652
f 8809 8654 8656
f 8809 8808 8654
f 8811 8810 8658
f 8810 8656 8658
f 8810 8809 8656
f 8813 8812 8811
f 8811 8812 8810
f 8815 8814 8813
f 8813 8814 8812
f 8660 8661 8815
f 8661 8814 8815
f 8661 8816 8814
f 8817 8661 8662
f 8817 8816 8661
f 8818 8662 8664
f 8818 8817 8662
f 8819 8664 8666
f 8819 8818 8664
f 8820 8666 8668
f 8820 8819 8666
f 8669 8798 8799
f 8820 8669 8799
f 8668 8669 8820
f 8798 8669 8641
f 8671 8821 8672
f 8672 8821 8822
f 8823 8672 8822
f 8673 8672 8823
f 8673 8824 8674
f 8823 8824 8673
f 8674 8825 8675
f 8824 8825 8674
f 8677 8675 8825
f 8677 8825 8826
f 8678 8811 8658
f 8811 8678 8679
f 8811 8679 8813
f 8813 8679 8680
f 8813 8680 8815
f 8815 8680 8660
f 8828 8827 8683
f 8828 8683 8682
f 8671 8683 8821
f 8683 8829 8821
f 8683 8827 8829
f 8821 8829 8822
f 8826 8830 8677
f 8677 8830 8684
f 8684 8831 8685
f 8830 8831 8684
f 8685 8832 8686
f 8831 8832 8685
f 8686 8833 8687
f 8832 8833 8686
f 8687 8834 8688
f 8833 8834 8687
f 8689 8688 8834
f 8689 8834 8835
f 8691 8836 8690
f 8836 8837 8690
f 8837 8682 8690
f 8837 8828 8682
f 8835 8838 8689
f 8689 8838 8692
f 8692 8839 8693
f 8838 8839 8692
f 8693 8840 8694
f 8839 8840 8693
f 8694 8841 8695
f 8840 8841 8694
f 8696 8695 8841
f 8696 8841 8842
f 8697 8836 8691
f 8697 8699 8836
f 8699 8837 8836
f 8699 8843 8837
f 8842 8700 8696
f 8844 8700 8842
f 8701 8846 8845
f 8843 8701 8845
f 8699 8701 8843
f 8846 8847 8845
f 8848 8702 8703
f 8848 8703 8849
f 8703 8850 8849
f 8703 8704 8850
f 8704 8700 8844
f 8704 8844 8850
f 8705 8846 8701
f 8852 8851 8706
f 8706 8851 8705
f 8851 8847 8705
f 8847 8846 8705
f 8852 8853 8851
f 8855 8854 8709
f 8709 8854 8708
f 8856 8709 8710
f 8856 8855 8709
f 8710 8702 8848
f 8857 8710 8848
f 8856 8710 8857
f 8857 8848 8849
f 8711 8852 8706
f 8858 8853 8852
f 8711 8858 8852
f 8712 8858 8711
f 8859 8712 8713
f 8859 8858 8712
f 8860 8713 8714
f 8860 8859 8713
f 8861 8714 8715
f 8861 8860 8714
f 8862 8715 8716
f 8862 8861 8715
f 8863 8716 8717
f 8863 8862 8716
f 8864 8717 8718
f 8864 8863 8717
f 8865 8718 8719
f 8865 8864 8718
f 8719 8708 8854
f 8719 8854 8865
f 8868 8867 8866
f 8869 8866 8867
f 8872 8871 8870
f 8726 8727 8870
f 8871 8726 8870
f 8873 8726 8871
f 8866 8728 8868
f 8728 8873 8868
f 8728 8726 8873
f 8869 8874 8866
f 8874 8728 8866
f 8874 8729 8728
f 8729 8875 8730
f 8874 8875 8729
f 8732 8730 8875
f 8732 8875 8876
f 8872 8870 8877
f 8872 8877 8878
f 8735 8877 8727
f 8727 8877 8870
f 8876 8879 8732
f 8732 8879 8736
f 8738 8736 8879
f 8738 8879 8880
f 8883 8882 8881
f 8881 8882 8878
f 8881 8878 8877
f 8741 8881 8877
f 8740 8741 8877
f 8740 8877 8735
f 8880 8884 8738
f 8738 8884 8742
f 8884 8886 8885
f 8743 8884 8885
f 8742 8884 8743
f 8885 8744 8743
f 8889 8888 8887
f 8887 8888 8883
f 8881 8887 8883
f 8890 8887 8881
f 8746 8890 8741
f 8741 8890 8881
f 8886 8891 8885
f 8891 8893 8892
f 8891 8892 8747
f 8885 8891 8747
f 8744 8885 8747
f 8892 8748 8747
f 8889 8887 8894
f 8889 8894 8895
f 8751 8894 8750
f 8894 8890 8750
f 8894 8887 8890
f 8750 8890 8746
f 8893 8896 8892
f 8748 8892 8896
f 8897 8748 8896
f 8753 8748 8897
f 8900 8899 8898
f 8898 8899 8895
f 8894 8898 8895
f 8901 8898 8894
f 8755 8901 8751
f 8751 8901 8894
f 8897 8756 8753
f 8902 8756 8897
f 8905 8904 8903
f 8758 8759 8903
f 8904 8758 8903
f 8906 8758 8904
f 8758 8907 8761
f 8906 8907 8758
f 8761 8908 8762
f 8907 8908 8761
f 8762 8909 8763
f 8908 8909 8762
f 8898 8764 8900
f 8764 8909 8900
f 8764 8763 8909
f 8764 8898 8765
f 8765 8898 8901
f 8765 8901 8755
f 8902 8766 8756
f 8910 8766 8902
f 8913 8912 8911
f 8911 8912 8905
f 8911 8905 8903
f 8769 8911 8903
f 8768 8769 8903
f 8768 8903 8759
f 8910 8771 8766
f 8914 8771 8910
f 8913 8911 8773
f 8774 8913 8773
f 8915 8913 8774
f 8773 8911 8769
f 8914 8916 8771
f 8771 8916 8775
f 8776 8775 8916
f 8776 8916 8917
f 8774 8777 8918
f 8919 8774 8918
f 8915 8774 8919
f 8778 8918 8777
f 8917 8920 8776
f 8776 8920 8779
f 8779 8921 8780
f 8920 8921 8779
f 8782 8780 8921
f 8782 8921 8922
f 8923 8919 8918
f 8918 8778 8923
f 8778 8924 8923
f 8778 8783 8924
f 8922 8925 8782
f 8782 8925 8784
f 8925 8927 8926
f 8785 8925 8926
f 8784 8925 8785
f 8926 8786 8785
f 8788 8924 8783
f 8788 8928 8924
f 8926 8927 8790
f 8927 8789 8790
f 8927 8929 8789
f 8926 8790 8786
f 8791 8931 8930
f 8928 8791 8930
f 8788 8791 8928
f 8931 8932 8930
f 8929 8792 8789
f 8933 8792 8929
f 8793 8931 8791
f 8934 8932 8931
f 8793 8934 8931
f 8794 8934 8793
f 8935 8794 8795
f 8935 8934 8794
f 8795 8797 8935
f 8935 8797 8936
f 8938 8937 8800
f 8800 8937 8799
f 8939 8800 8801
f 8939 8938 8800
f 8801 8792 8933
f 8801 8933 8939
f 8940 8936 8797
f 8940 8797 8802
f 8941 8802 8803
f 8941 8940 8802
f 8942 8803 8804
f 8942 8941 8803
f 8943 8804 8805
f 8943 8942 8804
f 8944 8805 8806
f 8944 8943 8805
f 8945 8806 8807
f 8945 8944 8806
f 8946 8807 8808
f 8946 8945 8807
f 8947 8808 8809
f 8947 8946 8808
f 8948 8809 8810
f 8948 8947 8809
f 8949 8810 8812
f 8949 8948 8810
f 8950 8812 8814
f 8950 8949 8812
f 8951 8814 8816
f 8951 8950 8814
f 8952 8816 8817
f 8952 8951 8816
f 8953 8817 8818
f 8953 8952 8817
f 8954 8818 8819
f 8954 8953 8818
f 8955 8819 8820
f 8955 8954 8819
f 8820 8799 8937
f 8820 8937 8955
f 8822 8956 8823
f 8957 8824 8823
f 8957 8823 8956
f 8958 8825 8824
f 8958 8824 8957
f 8958 8826 8825
f 8828 8959 8827
f 8827 8959 8960
f 8961 8827 8960
f 8829 8827 8961
f 8822 8829 8956
f 8829 8962 8956
f 8829 8961 8962
f 8956 8962 8957
f 8957 8962 8963
f 8957 8963 8958
f 8958 8963 8964
f 8958 8964 8826
f 8964 8830 8826
f 8964 8965 8830
f 8830 8966 8831
f 8965 8966 8830
f 8831 8967 8832
f 8966 8967 8831
f 8832 8968 8833
f 8967 8968 8832
f 8833 8969 8834
f 8968 8969 8833
f 8835 8834 8969
f 8835 8969 8970
f 8972 8971 8959
f 8828 8972 8959
f 8837 8972 8828
f 8959 8971 8960
f 8970 8973 8835
f 8835 8973 8838
f 8838 8974 8839
f 8973 8974 8838
f 8839 8975 8840
f 8974 8975 8839
f 8840 8976 8841
f 8975 8976 8840
f 8842 8841 8976
f 8842 8976 8977
f 8843 8979 8978
f 8972 8843 8978
f 8837 8843 8972
f 8979 8980 8978
f 8982 8844 8981
f 8844 8977 8981
f 8844 8842 8977
f 8983 8982 8981
f 8845 8979 8843
f 8845 8847 8979
f 8847 8980 8979
f 8847 8984 8980
f 8986 8985 8850
f 8850 8985 8849
f 8850 8844 8982
f 8987 8850 8982
f 8986 8850 8987
f 8987 8982 8983
f 8988 8984 8847
f 8988 8847 8851
f 8851 8853 8988
f 8988 8853 8989
f 8990 8854 8855
f 8990 8855 8991
f 8855 8992 8991
f 8855 8856 8992
f 8993 8856 8857
f 8993 8992 8856
f 8857 8849 8985
f 8857 8985 8993
f 8994 8989 8853
f 8994 8853 8858
f 8995 8858 8859
f 8995 8994 8858
f 8996 8859 8860
f 8996 8995 8859
f 8997 8860 8861
f 8997 8996 8860
f 8998 8861 8862
f 8998 8997 8861
f 8999 8862 8863
f 8999 8998 8862
f 9000 8863 8864
f 9000 8999 8863
f 9001 8864 8865
f 9001 9000 8864
f 8865 8854 8990
f 9002 8865 8990
f 9001 8865 9002
f 9002 8990 8991
f 9005 9004 9003
f 9007 9006 9003
f 9007 9003 9004
f 8867 8868 9006
f 9007 8867 9006
f 9008 8867 9007
f 9010 9009 8869
f 8867 9010 8869
f 9008 9010 8867
f 9011 9009 9010
f 9014 9013 9012
f 9012 9013 9005
f 9012 9005 9003
f 8872 9012 9003
f 8871 8872 9003
f 8871 9003 8873
f 8873 9003 9006
f 8873 9006 8868
f 9009 8874 8869
f 9011 9015 9009
f 9015 8874 9009
f 9015 8875 8874
f 8876 8875 9015
f 8876 9015 9016
f 9014 9012 9017
f 9014 9017 9018
f 8878 9017 8872
f 8872 9017 9012
f 9016 9019 8876
f 8876 9019 8879
f 8880 8879 9019
f 8880 9019 9020
f 9023 9022 9021
f 9021 9022 9018
f 9021 9018 9017
f 8883 9021 9017
f 8882 8883 9017
f 8882 9017 8878
f 9020 9024 8880
f 8880 9024 8884
f 8886 8884 9024
f 8886 9024 9025
f 9028 9027 9026
f 9026 9027 9023
f 9026 9023 9021
f 8889 9026 9021
f 8888 8889 9021
f 8888 9021 8883
f 9025 9029 8886
f 8886 9029 8891
f 8893 8891 9029
f 8893 9029 9030
f 9033 9032 9031
f 9031 9032 9028
f 9026 9031 9028
f 9034 9031 9026
f 8895 9034 8889
f 8889 9034 9026
f 8896 8893 9035
f 8893 9036 9035
f 8893 9030 9036
f 9035 8897 8896
f 9039 9038 9037
f 9041 9040 9037
f 9041 9037 9038
f 9043 9042 9040
f 9043 9040 9041
f 9042 9043 9033
f 9031 9042 9033
f 9044 9042 9031
f 8900 9044 8899
f 9044 9034 8899
f 9044 9031 9034
f 8899 9034 8895
f 9036 9045 9035
f 8897 9035 9045
f 9046 8897 9045
f 8902 8897 9046
f 9049 9048 9047
f 8904 8905 9047
f 9048 8904 9047
f 9050 8904 9048
f 9037 8906 9039
f 8906 9050 9039
f 8906 8904 9050
f 8906 9037 8907
f 8907 9037 9040
f 8907 9040 8908
f 8908 9040 9042
f 8908 9042 8909
f 8909 9042 9044
f 8909 9044 8900
f 9046 8910 8902
f 9051 8910 9046
f 9054 9053 9052
f 9052 9053 9049
f 9052 9049 9047
f 8913 9052 9047
f 8912 8913 9047
f 8912 9047 8905
f 9051 8914 8910
f 9055 8914 9051
f 9054 9052 9056
f 9054 9056 9057
f 8915 9056 8913
f 8913 9056 9052
f 8916 8914 9058
f 8914 9059 9058
f 8914 9055 9059
f 9058 8917 8916
f 9060 9057 9056
f 9056 8915 9060
f 8915 9061 9060
f 8915 8919 9061
f 9059 9062 9058
f 9058 9062 8917
f 9062 8920 8917
f 9062 9063 8920
f 8920 9064 8921
f 9063 9064 8920
f 8922 8921 9064
f 8922 9064 9065
f 8919 8923 9066
f 9067 8919 9066
f 9061 8919 9067
f 8924 9066 8923
f 9065 9068 8922
f 8922 9068 8925
f 8927 8925 9068
f 8927 9068 9069
f 9070 9067 9066
f 9066 8924 9070
f 8924 9071 9070
f 8924 8928 9071
f 9069 8929 8927
f 9072 8929 9069
f 9073 9071 8928
f 9073 8928 8930
f 8930 8932 9073
f 9073 8932 9074
f 9072 8933 8929
f 9075 8933 9072
f 9076 9074 8932
f 9076 8932 8934
f 9077 8934 8935
f 9077 9076 8934
f 8935 8936 9077
f 9077 8936 9078
f 9080 9079 8938
f 8938 9079 8937
f 9081 8938 8939
f 9081 9080 8938
f 8939 8933 9075
f 8939 9075 9081
f 9082 9078 8936
f 9082 8936 8940
f 9083 8940 8941
f 9083 9082 8940
f 9084 8941 8942
f 9084 9083 8941
f 9085 8942 8943
f 9085 9084 8942
f 9086 8943 8944
f 9086 9085 8943
f 9087 8944 8945
f 9087 9086 8944
f 9088 8945 8946
f 9088 9087 8945
f 9089 8946 8947
f 9089 9088 8946
f 9090 8947 8948
f 9090 9089 8947
f 9091 8948 8949
f 9091 9090 8948
f 9092 8949 8950
f 9092 9091 8949
f 9093 8950 8951
f 9093 9092 8950
f 9094 8951 8952
f 9094 9093 8951
f 9095 8952 8953
f 9095 9094 8952
f 9096 8953 8954
f 9096 9095 8953
f 9097 8954 8955
f 9097 9096 8954
f 8955 8937 9079
f 8955 9079 9097
f 9099 9098 8961
f 9099 8961 8960
f 8961 9100 8962
f 9098 9100 8961
f 8962 9101 8963
f 9100 9101 8962
f 8963 9102 8964
f 9101 9102 8963
f 8964 9103 8965
f 9102 9103 8964
f 8965 9104 8966
f 9103 9104 8965
f 8966 9105 8967
f 9104 9105 8966
f 8967 9106 8968
f 9105 9106 8967
f 8968 9107 8969
f 9106 9107 8968
f 8970 8969 9107
f 8970 9107 9108
f 8972 9109 8971
f 9109 9110 8971
f 9110 8960 8971
f 9110 9099 8960
f 9108 9111 8970
f 8970 9111 8973
f 8973 9112 8974
f 9111 9112 8973
f 8974 9113 8975
f 9112 9113 8974
f 8975 9114 8976
f 9113 9114 8975
f 8977 8976 9114
f 8977 9114 9115
f 8978 9109 8972
f 8978 8980 9109
f 8980 9110 9109
f 8980 9116 9110
f 9115 9117 8977
f 8977 9117 8981
f 8983 8981 9117
f 8983 9117 9118
f 8984 9120 9119
f 9116 8984 9119
f 8980 8984 9116
f 9120 9121 9119
f 9123 9122 8986
f 8986 9122 8985
f 9124 8986 8987
f 9124 9123 8986
f 8987 8983 9118
f 8987 9118 9124
f 8988 9120 8984
f 8988 8989 9120
f 8989 9121 9120
f 8989 9125 9121
f 9127 9126 8992
f 8992 9126 8991
f 9128 8992 8993
f 9128 9127 8992
f 8993 8985 9122
f 8993 9122 9128
f 9129 9125 8989
f 9129 8989 8994
f 9130 8994 8995
f 9130 9129 8994
f 9131 8995 8996
f 9131 9130 8995
f 9132 8996 8997
f 9132 9131 8996
f 9133 8997 8998
f 9133 9132 8997
f 9134 8998 8999
f 9134 9133 8998
f 9135 8999 9000
f 9135 9134 8999
f 9136 9000 9001
f 9136 9135 9000
f 9137 9001 9002
f 9137 9136 9001
f 9002 8991 9126
f 9002 9126 9137
f 9140 9139 9138
f 9142 9141 9138
f 9142 9138 9139
f 9004 9005 9141
f 9142 9004 9141
f 9143 9004 9142
f 9004 9144 9007
f 9143 9144 9004
f 9007 9145 9008
f 9144 9145 9007
f 9008 9146 9010
f 9145 9146 9008
f 9011 9010 9146
f 9011 9146 9147
f 9140 9138 9148
f 9140 9148 9149
f 9014 9148 9013
f 9148 9141 9013
f 9148 9138 9141
f 9013 9141 9005
f 9147 9150 9011
f 9011 9150 9015
f 9016 9015 9150
f 9016 9150 9151
f 9154 9153 9152
f 9152 9153 9149
f 9148 9152 9149
f 9155 9152 9148
f 9018 9155 9014
f 9014 9155 9148
f 9019 9016 9156
f 9016 9157 9156
f 9016 9151 9157
f 9156 9020 9019
f 9160 9159 9158
f 9158 9159 9154
f 9152 9158 9154
f 9161 9158 9152
f 9023 9161 9022
f 9161 9155 9022
f 9161 9152 9155
f 9022 9155 9018
f 9157 9162 9156
f 9162 9164 9163
f 9162 9163 9024
f 9156 9162 9024
f 9020 9156 9024
f 9163 9025 9024
f 9167 9166 9165
f 9165 9166 9160
f 9158 9165 9160
f 9168 9165 9158
f 9028 9168 9027
f 9168 9161 9027
f 9168 9158 9161
f 9027 9161 9023
f 9164 9169 9163
f 9169 9171 9170
f 9169 9170 9029
f 9163 9169 9029
f 9025 9163 9029
f 9170 9030 9029
f 9174 9173 9172
f 9176 9175 9172
f 9176 9172 9173
f 9178 9177 9175
f 9178 9175 9176
f 9177 9178 9167
f 9165 9177 9167
f 9179 9177 9165
f 9033 9179 9032
f 9179 9168 9032
f 9179 9165 9168
f 9032 9168 9028
f 9171 9180 9170
f 9030 9170 9180
f 9181 9030 9180
f 9036 9030 9181
f 9184 9183 9182
f 9182 9183 9174
f 9172 9182 9174
f 9185 9182 9172
f 9039 9185 9038
f 9185 9175 9038
f 9185 9172 9175
f 9038 9175 9041
f 9041 9175 9177
f 9041 9177 9043
f 9043 9177 9179
f 9043 9179 9033
f 9181 9186 9036
f 9036 9186 9045
f 9046 9045 9186
f 9046 9186 9187
f 9190 9189 9188
f 9188 9189 9184
f 9188 9184 9182
f 9049 9188 9182
f 9048 9049 9182
f 9048 9182 9050
f 9050 9182 9185
f 9050 9185 9039
f 9187 9051 9046
f 9191 9051 9187
f 9190 9188 9053
f 9054 9190 9053
f 9192 9190 9054
f 9053 9188 9049
f 9191 9055 9051
f 9193 9055 9191
f 9057 9192 9054
f 9057 9194 9192
f 9193 9059 9055
f 9195 9059 9193
f 9057 9060 9196
f 9197 9057 9196
f 9194 9057 9197
f 9061 9196 9060
f 9195 9198 9059
f 9059 9198 9062
f 9062 9199 9063
f 9198 9199 9062
f 9199 9201 9200
f 9064 9199 9200
f 9063 9199 9064
f 9200 9065 9064
f 9202 9197 9196
f 9196 9061 9202
f 9061 9203 9202
f 9061 9067 9203
f 9201 9204 9200
f 9200 9204 9065
f 9204 9068 9065
f 9204 9205 9068
f 9069 9068 9205
f 9069 9205 9206
f 9067 9070 9207
f 9208 9067 9207
f 9203 9067 9208
f 9071 9207 9070
f 9206 9072 9069
f 9209 9072 9206
f 9210 9208 9207
f 9212 9210 9211
f 9211 9210 9073
f 9210 9207 9073
f 9207 9071 9073
f 9074 9211 9073
f 9215 9214 9213
f 9209 9215 9213
f 9075 9209 9213
f 9072 9209 9075
f 9216 9212 9211
f 9216 9211 9074
f 9076 9216 9074
f 9217 9216 9076
f 9218 9076 9077
f 9218 9217 9076
f 9077 9078 9218
f 9218 9078 9219
f 9221 9220 9080
f 9080 9220 9079
f 9081 9213 9214
f 9221 9081 9214
f 9080 9081 9221
f 9213 9081 9075
f 9222 9219 9078
f 9222 9078 9082
f 9223 9082 9083
f 9223 9222 9082
f 9224 9083 9084
f 9224 9223 9083
f 9225 9084 9085
f 9225 9224 9084
f 9226 9085 9086
f 9226 9225 9085
f 9227 9086 9087
f 9227 9226 9086
f 9228 9087 9088
f 9228 9227 9087
f 9229 9088 9089
f 9229 9228 9088
f 9230 9089 9090
f 9230 9229 9089
f 9231 9090 9091
f 9231 9230 9090
f 9232 9091 9092
f 9232 9231 9091
f 9233 9092 9093
f 9233 9232 9092
f 9234 9093 9094
f 9234 9233 9093
f 9235 9094 9095
f 9235 9234 9094
f 9236 9095 9096
f 9236 9235 9095
f 9237 9096 9097
f 9237 9236 9096
f 9097 9079 9220
f 9097 9220 9237
f 9099 9238 9098
f 9098 9238 9239
f 9240 9098 9239
f 9100 9098 9240
f 9100 9241 9101
f 9240 9241 9100
f 9101 9242 9102
f 9241 9242 9101
f 9102 9243 9103
f 9242 9243 9102
f 9103 9244 9104
f 9243 9244 9103
f 9104 9245 9105
f 9244 9245 9104
f 9105 9246 9106
f 9245 9246 9105
f 9246 9248 9247
f 9107 9246 9247
f 9106 9246 9107
f 9247 9108 9107
f 9250 9249 9238
f 9099 9250 9238
f 9110 9250 9099
f 9238 9249 9239
f 9248 9251 9247
f 9247 9251 9108
f 9251 9111 9108
f 9251 9252 9111
f 9111 9253 9112
f 9252 9253 9111
f 9112 9254 9113
f 9253 9254 9112
f 9113 9255 9114
f 9254 9255 9113
f 9115 9114 9255
f 9115 9255 9256
f 9116 9250 9110
f 9116 9257 9250
f 9256 9258 9115
f 9115 9258 9117
f 9118 9117 9258
f 9118 9258 9259
f 9260 9257 9116
f 9260 9116 9119
f 9119 9121 9260
f 9260 9121 9261
f 9263 9262 9123
f 9123 9262 9122
f 9264 9123 9124
f 9264 9263 9123
f 9124 9118 9259
f 9124 9259 9264
f 9125 9266 9265
f 9261 9125 9265
f 9121 9125 9261
f 9266 9267 9265
f 9268 9126 9127
f 9268 9127 9269
f 9127 9270 9269
f 9127 9128 9270
f 9128 9122 9262
f 9128 9262 9270
f 9129 9266 9125
f 9271 9267 9266
f 9129 9271 9266
f 9130 9271 9129
f 9272 9130 9131
f 9272 9271 9130
f 9273 9131 9132
f 9273 9272 9131
f 9274 9132 9133
f 9274 9273 9132
f 9275 9133 9134
f 9275 9274 9133
f 9276 9134 9135
f 9276 9275 9134
f 9277 9135 9136
f 9277 9276 9135
f 9278 9136 9137
f 9278 9277 9136
f 9137 9126 9268
f 9279 9137 9268
f 9278 9137 9279
f 9279 9268 9269
f 9281 9280 9139
f 9281 9139 9140
f 9139 9282 9142
f 9280 9282 9139
f 9142 9283 9143
f 9282 9283 9142
f 9143 9284 9144
f 9283 9284 9143
f 9144 9285 9145
f 9284 9285 9144
f 9285 9287 9286
f 9146 9285 9286
f 9145 9285 9146
f 9286 9147 9146
f 9290 9289 9288
f 9289 9281 9288
f 9281 9149 9288
f 9281 9140 9149
f 9287 9291 9286
f 9286 9291 9147
f 9291 9150 9147
f 9291 9292 9150
f 9151 9150 9292
f 9151 9292 9293
f 9296 9295 9294
f 9294 9295 9290
f 9294 9290 9288
f 9154 9294 9288
f 9153 9154 9288
f 9153 9288 9149
f 9293 9157 9151
f 9297 9157 9293
f 9300 9299 9298
f 9298 9299 9296
f 9298 9296 9294
f 9160 9298 9294
f 9159 9160 9294
f 9159 9294 9154
f 9297 9301 9157
f 9157 9301 9162
f 9164 9162 9301
f 9164 9301 9302
f 9305 9304 9303
f 9307 9306 9303
f 9307 9303 9304
f 9309 9308 9306
f 9309 9306 9307
f 9308 9309 9300
f 9308 9300 9298
f 9167 9308 9298
f 9166 9167 9298
f 9166 9298 9160
f 9169 9164 9310
f 9164 9311 9310
f 9164 9302 9311
f 9310 9171 9169
f 9314 9313 9312
f 9316 9315 9312
f 9316 9312 9313
f 9315 9316 9305
f 9315 9305 9303
f 9174 9315 9303
f 9173 9174 9303
f 9173 9303 9176
f 9176 9303 9306
f 9176 9306 9178
f 9178 9306 9308
f 9178 9308 9167
f 9311 9317 9310
f 9317 9319 9318
f 9317 9318 9180
f 9310 9317 9180
f 9171 9310 9180
f 9318 9181 9180
f 9322 9321 9320
f 9320 9321 9314
f 9312 9320 9314
f 9323 9320 9312
f 9184 9323 9183
f 9323 9315 9183
f 9323 9312 9315
f 9183 9315 9174
f 9319 9324 9318
f 9324 9326 9325
f 9324 9325 9186
f 9318 9324 9186
f 9181 9318 9186
f 9325 9187 9186
f 9322 9320 9327
f 9322 9327 9328
f 9190 9327 9189
f 9327 9323 9189
f 9327 9320 9323
f 9189 9323 9184
f 9326 9329 9325
f 9187 9325 9329
f 9330 9187 9329
f 9191 9187 9330
f 9328 9327 9331
f 9328 9331 9332
f 9192 9331 9190
f 9190 9331 9327
f 9330 9193 9191
f 9333 9193 9330
f 9332 9331 9334
f 9332 9334 9335
f 9194 9334 9192
f 9192 9334 9331
f 9333 9195 9193
f 9336 9195 9333
f 9337 9335 9334
f 9334 9194 9337
f 9194 9338 9337
f 9194 9197 9338
f 9336 9339 9195
f 9195 9339 9198
f 9198 9340 9199
f 9339 9340 9198
f 9201 9199 9340
f 9201 9340 9341
f 9197 9202 9342
f 9343 9197 9342
f 9338 9197 9343
f 9203 9342 9202
f 9341 9344 9201
f 9201 9344 9204
f 9204 9345 9205
f 9344 9345 9204
f 9206 9205 9345
f 9206 9345 9346
f 9343 9342 9347
f 9343 9347 9348
f 9208 9347 9203
f 9203 9347 9342
f 9346 9209 9206
f 9349 9209 9346
f 9350 9348 9347
f 9352 9350 9351
f 9351 9350 9210
f 9350 9347 9210
f 9347 9208 9210
f 9212 9351 9210
f 9354 9353 9215
f 9215 9353 9214
f 9215 9209 9349
f 9215 9349 9354
f 9355 9352 9351
f 9355 9351 9212
f 9216 9355 9212
f 9356 9355 9216
f 9357 9216 9217
f 9357 9356 9216
f 9358 9217 9218
f 9358 9357 9217
f 9218 9219 9358
f 9358 9219 9359
f 9361 9360 9221
f 9221 9360 9220
f 9221 9214 9353
f 9221 9353 9361
f 9362 9359 9219
f 9362 9219 9222
f 9363 9222 9223
f 9363 9362 9222
f 9364 9223 9224
f 9364 9363 9223
f 9365 9224 9225
f 9365 9364 9224
f 9366 9225 9226
f 9366 9365 9225
f 9367 9226 9227
f 9367 9366 9226
f 9368 9227 9228
f 9368 9367 9227
f 9369 9228 9229
f 9369 9368 9228
f 9370 9229 9230
f 9370 9369 9229
f 9371 9230 9231
f 9371 9370 9230
f 9372 9231 9232
f 9372 9371 9231
f 9373 9232 9233
f 9373 9372 9232
f 9374 9233 9234
f 9374 9373 9233
f 9375 9234 9235
f 9375 9374 9234
f 9376 9235 9236
f 9376 9375 9235
f 9377 9236 9237
f 9377 9376 9236
f 9237 9220 9360
f 9237 9360 9377
f 9239 9378 9240
f 9240 9378 9379
f 9380 9240 9379
f 9241 9240 9380
f 9241 9381 9242
f 9380 9381 9241
f 9242 9382 9243
f 9381 9382 9242
f 9243 9383 9244
f 9382 9383 9243
f 9244 9384 9245
f 9383 9384 9244
f 9245 9385 9246
f 9384 9385 9245
f 9248 9246 9385
f 9248 9385 9386
f 9250 9387 9249
f 9387 9388 9249
f 9249 9388 9239
f 9388 9389 9239
f 9389 9378 9239
f 9378 9389 9379
f 9386 9390 9248
f 9248 9390 9251
f 9251 9391 9252
f 9390 9391 9251
f 9252 9392 9253
f 9391 9392 9252
f 9253 9393 9254
f 9392 9393 9253
f 9393 9395 9394
f 9255 9393 9394
f 9254 9393 9255
f 9394 9256 9255
f 9257 9396 9387
f 9257 9387 9250
f 9388 9387 9397
f 9397 9387 9396
f 9395 9398 9394
f 9394 9398 9256
f 9398 9258 9256
f 9398 9399 9258
f 9259 9258 9399
f 9259 9399 9400
f 9260 9396 9257
f 9402 9401 9261
f 9261 9401 9260
f 9401 9397 9260
f 9397 9396 9260
f 9402 9403 9401
f 9404 9262 9263
f 9404 9263 9405
f 9263 9406 9405
f 9263 9264 9406
f 9264 9259 9400
f 9264 9400 9406
f 9265 9402 9261
f 9265 9267 9402
f 9267 9403 9402
f 9267 9407 9403
f 9409 9408 9270
f 9270 9408 9269
f 9270 9262 9404
f 9410 9270 9404
f 9409 9270 9410
f 9410 9404 9405
f 9411 9407 9267
f 9411 9267 9271
f 9412 9271 9272
f 9412 9411 9271
f 9413 9272 9273
f 9413 9412 9272
f 9415 9413 9414
f 9413 9274 9414
f 9413 9273 9274
f 9275 9416 9274
f 9274 9416 9414
f 9416 9275 9417
f 9275 9418 9417
f 9275 9276 9418
f 9419 9276 9277
f 9419 9418 9276
f 9420 9277 9278
f 9420 9419 9277
f 9421 9278 9279
f 9421 9420 9278
f 9279 9269 9408
f 9279 9408 9421
f 9422 9415 9414
f 9422 9414 9416
f 9422 9416 9423
f 9423 9416 9417
f 9281 9424 9280
f 9425 9282 9280
f 9425 9280 9424
f 9426 9283 9282
f 9426 9282 9425
f 9427 9284 9283
f 9427 9283 9426
f 9428 9285 9284
f 9428 9284 9427
f 9428 9287 9285
f 9430 9429 9289
f 9430 9289 9290
f 9281 9289 9424
f 9289 9431 9424
f 9289 9429 9431
f 9424 9431 9425
f 9425 9431 9432
f 9425 9432 9426
f 9426 9432 9433
f 9426 9433 9427
f 9427 9433 9434
f 9427 9434 9428
f 9428 9434 9435
f 9428 9435 9287
f 9435 9291 9287
f 9435 9436 9291
f 9436 9438 9437
f 9292 9436 9437
f 9291 9436 9292
f 9437 9293 9292
f 9440 9439 9295
f 9440 9295 9296
f 9290 9295 9430
f 9430 9295 9439
f 9438 9441 9437
f 9293 9437 9441
f 9442 9293 9441
f 9297 9293 9442
f 9445 9444 9443
f 9299 9300 9443
f 9444 9299 9443
f 9446 9299 9444
f 9296 9299 9440
f 9440 9299 9446
f 9301 9297 9447
f 9297 9448 9447
f 9297 9442 9448
f 9447 9302 9301
f 9451 9450 9449
f 9304 9305 9449
f 9450 9304 9449
f 9452 9304 9450
f 9304 9453 9307
f 9452 9453 9304
f 9443 9309 9445
f 9309 9453 9445
f 9309 9307 9453
f 9309 9443 9300
f 9448 9454 9447
f 9302 9447 9454
f 9455 9302 9454
f 9311 9302 9455
f 9458 9457 9456
f 9313 9314 9456
f 9457 9313 9456
f 9459 9313 9457
f 9449 9316 9451
f 9316 9459 9451
f 9316 9313 9459
f 9316 9449 9305
f 9455 9460 9311
f 9311 9460 9317
f 9319 9317 9460
f 9319 9460 9461
f 9464 9463 9462
f 9462 9463 9458
f 9462 9458 9456
f 9322 9462 9456
f 9321 9322 9456
f 9321 9456 9314
f 9324 9319 9465
f 9319 9466 9465
f 9319 9461 9466
f 9465 9326 9324
f 9464 9462 9467
f 9464 9467 9468
f 9328 9467 9322
f 9322 9467 9462
f 9466 9469 9465
f 9469 9471 9470
f 9469 9470 9329
f 9465 9469 9329
f 9326 9465 9329
f 9470 9330 9329
f 9468 9467 9472
f 9468 9472 9473
f 9332 9472 9328
f 9328 9472 9467
f 9470 9471 9474
f 9474 9471 9475
f 9474 9333 9330
f 9474 9330 9470
f 9473 9472 9476
f 9473 9476 9477
f 9335 9476 9332
f 9332 9476 9472
f 9475 9478 9474
f 9333 9474 9478
f 9479 9333 9478
f 9336 9333 9479
f 9480 9477 9476
f 9482 9480 9481
f 9481 9480 9337
f 9480 9476 9337
f 9476 9335 9337
f 9338 9481 9337
f 9479 9483 9336
f 9336 9483 9339
f 9339 9484 9340
f 9483 9484 9339
f 9341 9340 9484
f 9341 9484 9485
f 9482 9481 9486
f 9482 9486 9487
f 9343 9486 9338
f 9338 9486 9481
f 9485 9488 9341
f 9341 9488 9344
f 9344 9489 9345
f 9488 9489 9344
f 9346 9345 9489
f 9346 9489 9490
f 9491 9487 9486
f 9486 9343 9491
f 9343 9492 9491
f 9343 9348 9492
f 9490 9349 9346
f 9493 9349 9490
f 9494 9492 9348
f 9494 9348 9350
f 9350 9352 9494
f 9494 9352 9495
f 9497 9496 9354
f 9354 9496 9353
f 9354 9349 9493
f 9354 9493 9497
f 9498 9495 9352
f 9498 9352 9355
f 9499 9355 9356
f 9499 9498 9355
f 9501 9499 9500
f 9499 9357 9500
f 9499 9356 9357
f 9358 9502 9357
f 9357 9502 9500
f 9359 9502 9358
f 9503 9360 9361
f 9504 9503 9361
f 9353 9504 9361
f 9496 9504 9353
f 9505 9501 9500
f 9505 9500 9502
f 9505 9502 9506
f 9506 9502 9359
f 9362 9506 9359
f 9507 9506 9362
f 9508 9362 9363
f 9508 9507 9362
f 9509 9363 9364
f 9509 9508 9363
f 9510 9364 9365
f 9510 9509 9364
f 9511 9365 9366
f 9511 9510 9365
f 9512 9366 9367
f 9512 9511 9366
f 9513 9367 9368
f 9513 9512 9367
f 9514 9368 9369
f 9514 9513 9368
f 9515 9369 9370
f 9515 9514 9369
f 9516 9370 9371
f 9516 9515 9370
f 9517 9371 9372
f 9517 9516 9371
f 9518 9372 9373
f 9518 9517 9372
f 9519 9373 9374
f 9519 9518 9373
f 9520 9374 9375
f 9520 9519 9374
f 9521 9375 9376
f 9521 9520 9375
f 9522 9376 9377
f 9522 9521 9376
f 9377 9360 9503
f 9523 9377 9503
f 9522 9377 9523
f 9523 9503 9504
f 9379 9524 9380
f 9525 9381 9380
f 9525 9380 9524
f 9381 9525 9526
f 9527 9381 9526
f 9382 9381 9527
f 9382 9528 9383
f 9527 9528 9382
f 9383 9529 9384
f 9528 9529 9383
f 9529 9531 9530
f 9385 9529 9530
f 9384 9529 9385
f 9530 9386 9385
f 9388 9532 9389
f 9532 9533 9389
f 9389 9533 9379
f 9533 9534 9379
f 9534 9524 9379
f 9524 9534 9525
f 9525 9534 9535
f 9525 9535 9526
f 9531 9536 9530
f 9530 9536 9386
f 9536 9390 9386
f 9536 9537 9390
f 9390 9538 9391
f 9537 9538 9390
f 9391 9539 9392
f 9538 9539 9391
f 9392 9540 9393
f 9539 9540 9392
f 9395 9393 9540
f 9395 9540 9541
f 9543 9542 9532
f 9388 9543 9532
f 9397 9543 9388
f 9532 9542 9533
f 9541 9544 9395
f 9395 9544 9398
f 9544 9546 9545
f 9399 9544 9545
f 9398 9544 9399
f 9545 9400 9399
f 9547 9543 9397
f 9547 9397 9401
f 9401 9403 9547
f 9547 9403 9548
f 9545 9546 9406
f 9546 9405 9406
f 9546 9549 9405
f 9545 9406 9400
f 9407 9551 9550
f 9548 9407 9550
f 9403 9407 9548
f 9551 9552 9550
f 9553 9408 9409
f 9553 9409 9554
f 9409 9555 9554
f 9409 9410 9555
f 9410 9405 9549
f 9410 9549 9555
f 9411 9551 9407
f 9556 9552 9551
f 9411 9556 9551
f 9412 9556 9411
f 9557 9412 9413
f 9557 9556 9412
f 9413 9415 9557
f 9557 9415 9558
f 9559 9417 9418
f 9559 9418 9560
f 9418 9561 9560
f 9418 9419 9561
f 9562 9419 9420
f 9562 9561 9419
f 9563 9420 9421
f 9563 9562 9420
f 9421 9408 9553
f 9564 9421 9553
f 9563 9421 9564
f 9564 9553 9554
f 9565 9558 9415
f 9565 9415 9422
f 9566 9422 9423
f 9566 9565 9422
f 9423 9417 9559
f 9567 9423 9559
f 9566 9423 9567
f 9567 9559 9560
f 9569 9568 9429
f 9569 9429 9430
f 9429 9570 9431
f 9568 9570 9429
f 9431 9571 9432
f 9570 9571 9431
f 9571 9573 9572
f 9433 9571 9572
f 9432 9571 9433
f 9574 9434 9433
f 9574 9433 9572
f 9575 9435 9434
f 9575 9434 9574
f 9576 9436 9435
f 9576 9435 9575
f 9576 9438 9436
f 9579 9578 9577
f 9439 9440 9577
f 9578 9439 9577
f 9580 9439 9578
f 9430 9439 9569
f 9569 9439 9580
f 9573 9581 9572
f 9572 9581 9574
f 9574 9581 9582
f 9574 9582 9575
f 9575 9582 9583
f 9585 9584 9583
f 9584 9575 9583
f 9584 9576 9575
f 9586 9441 9438
f 9576 9586 9438
f 9584 9586 9576
f 9586 9442 9441
f 9589 9588 9587
f 9444 9445 9587
f 9588 9444 9587
f 9590 9444 9588
f 9577 9446 9579
f 9446 9590 9579
f 9446 9444 9590
f 9446 9577 9440
f 9585 9591 9584
f 9593 9592 9591
f 9592 9584 9591
f 9592 9586 9584
f 9592 9448 9442
f 9592 9442 9586
f 9596 9595 9594
f 9450 9451 9594
f 9595 9450 9594
f 9597 9450 9595
f 9450 9598 9452
f 9597 9598 9450
f 9587 9453 9589
f 9453 9598 9589
f 9453 9452 9598
f 9453 9587 9445
f 9593 9599 9592
f 9599 9601 9600
f 9599 9600 9454
f 9592 9599 9454
f 9448 9592 9454
f 9600 9455 9454
f 9603 9602 9457
f 9603 9457 9458
f 9594 9459 9596
f 9459 9602 9596
f 9459 9457 9602
f 9459 9594 9451
f 9601 9604 9600
f 9604 9606 9605
f 9604 9605 9460
f 9600 9604 9460
f 9455 9600 9460
f 9605 9461 9460
f 9608 9607 9463
f 9608 9463 9464
f 9458 9463 9603
f 9603 9463 9607
f 9606 9609 9605
f 9461 9605 9609
f 9610 9461 9609
f 9466 9461 9610
f 9468 9608 9464
f 9468 9611 9608
f 9469 9466 9612
f 9466 9613 9612
f 9466 9610 9613
f 9612 9471 9469
f 9616 9615 9614
f 9615 9611 9614
f 9611 9473 9614
f 9611 9468 9473
f 9613 9617 9612
f 9471 9612 9617
f 9618 9471 9617
f 9475 9471 9618
f 9619 9616 9614
f 9614 9473 9619
f 9473 9620 9619
f 9473 9477 9620
f 9478 9475 9621
f 9475 9622 9621
f 9475 9618 9622
f 9621 9479 9478
f 9477 9480 9623
f 9624 9477 9623
f 9620 9477 9624
f 9482 9623 9480
f 9622 9625 9621
f 9621 9625 9479
f 9625 9483 9479
f 9625 9626 9483
f 9626 9628 9627
f 9484 9626 9627
f 9483 9626 9484
f 9627 9485 9484
f 9629 9624 9623
f 9623 9482 9629
f 9482 9630 9629
f 9482 9487 9630
f 9628 9631 9627
f 9627 9631 9485
f 9631 9488 9485
f 9631 9632 9488
f 9632 9634 9633
f 9489 9632 9633
f 9488 9632 9489
f 9633 9490 9489
f 9487 9491 9635
f 9636 9487 9635
f 9630 9487 9636
f 9492 9635 9491
f 9634 9637 9633
f 9490 9633 9637
f 9638 9490 9637
f 9493 9490 9638
f 9639 9636 9635
f 9641 9639 9640
f 9640 9639 9494
f 9639 9635 9494
f 9635 9492 9494
f 9495 9640 9494
f 9643 9642 9497
f 9497 9642 9496
f 9497 9493 9638
f 9497 9638 9643
f 9644 9641 9640
f 9644 9640 9495
f 9498 9644 9495
f 9645 9644 9498
f 9647 9645 9646
f 9645 9499 9646
f 9645 9498 9499
f 9501 9646 9499
f 9642 9504 9496
f 9648 9504 9642
f 9649 9647 9646
f 9649 9646 9501
f 9505 9649 9501
f 9650 9649 9505
f 9651 9505 9506
f 9651 9650 9505
f 9652 9506 9507
f 9652 9651 9506
f 9653 9507 9508
f 9653 9652 9507
f 9654 9508 9509
f 9654 9653 9508
f 9655 9509 9510
f 9655 9654 9509
f 9656 9510 9511
f 9656 9655 9510
f 9657 9511 9512
f 9657 9656 9511
f 9658 9512 9513
f 9658 9657 9512
f 9659 9513 9514
f 9659 9658 9513
f 9660 9514 9515
f 9660 9659 9514
f 9661 9515 9516
f 9661 9660 9515
f 9662 9516 9517
f 9662 9661 9516
f 9663 9517 9518
f 9663 9662 9517
f 9664 9518 9519
f 9664 9663 9518
f 9665 9519 9520
f 9665 9664 9519
f 9666 9520 9521
f 9666 9665 9520
f 9667 9521 9522
f 9667 9666 9521
f 9668 9522 9523
f 9668 9667 9522
f 9523 9504 9648
f 9523 9648 9668
f 9526 9669 9527
f 9670 9528 9527
f 9670 9527 9669
f 9671 9529 9528
f 9671 9528 9670
f 9671 9531 9529
f 9673 9672 9534
f 9673 9534 9533
f 9534 9674 9535
f 9672 9674 9534
f 9526 9535 9669
f 9535 9675 9669
f 9535 9674 9675
f 9669 9675 9670
f 9670 9675 9676
f 9670 9676 9671
f 9671 9676 9677
f 9671 9677 9531
f 9677 9536 9531
f 9677 9678 9536
f 9536 9679 9537
f 9678 9679 9536
f 9537 9680 9538
f 9679 9680 9537
f 9538 9681 9539
f 9680 9681 9538
f 9681 9683 9682
f 9540 9681 9682
f 9539 9681 9540
f 9682 9541 9540
f 9543 9684 9542
f 9684 9685 9542
f 9685 9533 9542
f 9685 9673 9533
f 9683 9686 9682
f 9682 9686 9541
f 9686 9544 9541
f 9686 9687 9544
f 9546 9544 9687
f 9546 9687 9688
f 9547 9684 9543
f 9547 9548 9684
f 9548 9685 9684
f 9548 9689 9685
f 9688 9549 9546
f 9690 9549 9688
f 9691 9689 9548
f 9691 9548 9550
f 9693 9692 9552
f 9692 9550 9552
f 9692 9691 9550
f 9693 9694 9692
f 9696 9695 9555
f 9555 9695 9554
f 9555 9549 9690
f 9555 9690 9696
f 9556 9693 9552
f 9697 9694 9693
f 9556 9697 9693
f 9557 9697 9556
f 9557 9558 9697
f 9697 9558 9698
f 9700 9699 9561
f 9561 9699 9560
f 9701 9561 9562
f 9701 9700 9561
f 9702 9562 9563
f 9702 9701 9562
f 9703 9563 9564
f 9703 9702 9563
f 9564 9554 9695
f 9564 9695 9703
f 9704 9698 9558
f 9704 9558 9565
f 9705 9565 9566
f 9705 9704 9565
f 9706 9566 9567
f 9706 9705 9566
f 9567 9560 9699
f 9567 9699 9706
f 9569 9707 9568
f 9708 9570 9568
f 9708 9568 9707
f 9709 9571 9570
f 9709 9570 9708
f 9709 9573 9571
f 9579 9710 9578
f 9711 9580 9578
f 9711 9578 9710
f 9711 9712 9580
f 9580 9712 9569
f 9712 9713 9569
f 9713 9707 9569
f 9707 9713 9708
f 9708 9713 9714
f 9716 9715 9714
f 9715 9708 9714
f 9715 9709 9708
f 9717 9581 9573
f 9709 9717 9573
f 9715 9717 9709
f 9718 9582 9581
f 9718 9581 9717
f 9719 9583 9582
f 9719 9582 9718
f 9719 9585 9583
f 9721 9720 9588
f 9721 9588 9589
f 9588 9722 9590
f 9720 9722 9588
f 9579 9590 9710
f 9590 9723 9710
f 9590 9722 9723
f 9710 9723 9711
f 9711 9723 9724
f 9711 9724 9712
f 9716 9725 9715
f 9715 9725 9717
f 9717 9725 9726
f 9717 9726 9718
f 9718 9726 9727
f 9729 9728 9727
f 9728 9718 9727
f 9728 9719 9718
f 9730 9591 9585
f 9719 9730 9585
f 9728 9730 9719
f 9730 9593 9591
f 9732 9731 9595
f 9732 9595 9596
f 9595 9733 9597
f 9731 9733 9595
f 9597 9734 9598
f 9733 9734 9597
f 9589 9598 9721
f 9721 9598 9734
f 9729 9735 9728
f 9737 9736 9735
f 9736 9728 9735
f 9736 9730 9728
f 9738 9599 9593
f 9730 9738 9593
f 9736 9738 9730
f 9738 9601 9599
f 9740 9739 9602
f 9740 9602 9603
f 9596 9602 9732
f 9732 9602 9739
f 9737 9741 9736
f 9736 9741 9738
f 9738 9741 9742
f 9742 9744 9743
f 9742 9743 9604
f 9738 9742 9604
f 9601 9738 9604
f 9743 9606 9604
f 9746 9745 9607
f 9746 9607 9608
f 9603 9607 9740
f 9740 9607 9745
f 9744 9747 9743
f 9747 9749 9748
f 9747 9748 9609
f 9743 9747 9609
f 9606 9743 9609
f 9748 9610 9609
f 9752 9751 9750
f 9751 9746 9750
f 9746 9611 9750
f 9746 9608 9611
f 9749 9753 9748
f 9610 9748 9753
f 9754 9610 9753
f 9613 9610 9754
f 9752 9750 9615
f 9616 9752 9615
f 9755 9752 9616
f 9615 9750 9611
f 9754 9756 9613
f 9613 9756 9617
f 9618 9617 9756
f 9618 9756 9757
f 9616 9619 9758
f 9759 9616 9758
f 9755 9616 9759
f 9620 9758 9619
f 9757 9622 9618
f 9760 9622 9757
f 9761 9759 9758
f 9758 9620 9761
f 9620 9762 9761
f 9620 9624 9762
f 9760 9763 9622
f 9622 9763 9625
f 9625 9764 9626
f 9763 9764 9625
f 9628 9626 9764
f 9628 9764 9765
f 9624 9629 9766
f 9767 9624 9766
f 9762 9624 9767
f 9630 9766 9629
f 9765 9768 9628
f 9628 9768 9631
f 9631 9769 9632
f 9768 9769 9631
f 9634 9632 9769
f 9634 9769 9770
f 9771 9767 9766
f 9766 9630 9771
f 9630 9772 9771
f 9630 9636 9772
f 9770 9773 9634
f 9634 9773 9637
f 9638 9637 9773
f 9638 9773 9774
f 9636 9639 9775
f 9776 9636 9775
f 9772 9636 9776
f 9641 9775 9639
f 9778 9777 9643
f 9643 9777 9642
f 9643 9638 9774
f 9643 9774 9778
f 9779 9776 9775
f 9779 9775 9641
f 9644 9779 9641
f 9780 9779 9644
f 9782 9780 9781
f 9780 9645 9781
f 9780 9644 9645
f 9647 9781 9645
f 9784 9648 9783
f 9648 9777 9783
f 9648 9642 9777
f 9785 9784 9783
f 9786 9782 9781
f 9786 9781 9647
f 9649 9786 9647
f 9787 9786 9649
f 9788 9649 9650
f 9788 9787 9649
f 9789 9650 9651
f 9789 9788 9650
f 9790 9651 9652
f 9790 9789 9651
f 9791 9652 9653
f 9791 9790 9652
f 9792 9653 9654
f 9792 9791 9653
f 9793 9654 9655
f 9793 9792 9654
f 9794 9655 9656
f 9794 9793 9655
f 9796 9794 9795
f 9794 9657 9795
f 9794 9656 9657
f 9658 9797 9657
f 9657 9797 9795
f 9659 9798 9658
f 9658 9798 9797
f 9798 9659 9799
f 9659 9800 9799
f 9659 9660 9800
f 9801 9660 9661
f 9801 9800 9660
f 9802 9661 9662
f 9802 9801 9661
f 9804 9802 9803
f 9802 9663 9803
f 9802 9662 9663
f 9664 9805 9663
f 9663 9805 9803
f 9665 9806 9664
f 9664 9806 9805
f 9806 9665 9807
f 9665 9808 9807
f 9665 9666 9808
f 9809 9666 9667
f 9809 9808 9666
f 9810 9667 9668
f 9810 9809 9667
f 9668 9648 9784
f 9811 9668 9784
f 9810 9668 9811
f 9811 9784 9785
f 9812 9796 9795
f 9812 9795 9797
f 9812 9797 9813
f 9813 9797 9798
f 9813 9798 9814
f 9814 9798 9799
f 9815 9804 9803
f 9815 9803 9805
f 9815 9805 9816
f 9816 9805 9806
f 9816 9806 9817
f 9817 9806 9807
f 9673 9818 9672
f 9672 9818 9819
f 9820 9672 9819
f 9674 9672 9820
f 9674 9821 9675
f 9820 9821 9674
f 9675 9822 9676
f 9821 9822 9675
f 9676 9823 9677
f 9822 9823 9676
f 9677 9824 9678
f 9823 9824 9677
f 9824 9826 9825
f 9679 9824 9825
f 9678 9824 9679
f 9827 9680 9679
f 9827 9679 9825
f 9828 9681 9680
f 9828 9680 9827
f 9828 9683 9681
f 9685 9829 9818
f 9685 9818 9673
f 9819 9818 9830
f 9830 9818 9829
f 9826 9831 9825
f 9825 9831 9827
f 9827 9831 9832
f 9827 9832 9828
f 9828 9832 9833
f 9833 9835 9834
f 9833 9834 9686
f 9828 9833 9686
f 9683 9828 9686
f 9836 9687 9686
f 9836 9686 9834
f 9836 9688 9687
f 9689 9837 9829
f 9689 9829 9685
f 9830 9829 9838
f 9838 9829 9837
f 9835 9839 9834
f 9841 9840 9839
f 9840 9834 9839
f 9840 9836 9834
f 9840 9690 9688
f 9840 9688 9836
f 9691 9837 9689
f 9842 9838 9837
f 9691 9842 9837
f 9692 9842 9691
f 9692 9694 9842
f 9842 9694 9843
f 9840 9841 9696
f 9841 9695 9696
f 9841 9844 9695
f 9840 9696 9690
f 9845 9843 9694
f 9845 9694 9697
f 9847 9846 9698
f 9846 9697 9698
f 9846 9845 9697
f 9849 9848 9847
f 9847 9848 9846
f 9849 9850 9848
f 9852 9851 9700
f 9700 9851 9699
f 9853 9700 9701
f 9853 9852 9700
f 9854 9701 9702
f 9854 9853 9701
f 9855 9702 9703
f 9855 9854 9702
f 9703 9695 9844
f 9703 9844 9855
f 9704 9847 9698
f 9847 9704 9705
f 9847 9705 9849
f 9856 9850 9849
f 9705 9856 9849
f 9706 9856 9705
f 9706 9699 9851
f 9706 9851 9856
f 9712 9857 9713
f 9858 9714 9713
f 9858 9713 9857
f 9858 9716 9714
f 9721 9859 9720
f 9860 9722 9720
f 9860 9720 9859
f 9861 9723 9722
f 9861 9722 9860
f 9862 9724 9723
f 9862 9723 9861
f 9857 9712 9724
f 9862 9857 9724
f 9863 9857 9862
f 9857 9864 9858
f 9857 9863 9864
f 9865 9725 9716
f 9858 9865 9716
f 9864 9865 9858
f 9866 9726 9725
f 9866 9725 9865
f 9867 9727 9726
f 9867 9726 9866
f 9867 9729 9727
f 9869 9868 9731
f 9869 9731 9732
f 9731 9870 9733
f 9868 9870 9731
f 9733 9871 9734
f 9870 9871 9733
f 9721 9734 9859
f 9734 9872 9859
f 9734 9871 9872
f 9859 9872 9860
f 9860 9872 9873
f 9860 9873 9861
f 9861 9873 9874
f 9861 9874 9862
f 9862 9874 9875
f 9862 9875 9863
f 9863 9875 9876
f 9863 9876 9864
f 9864 9876 9877
f 9864 9877 9865
f 9865 9877 9878
f 9865 9878 9866
f 9866 9878 9879
f 9881 9880 9879
f 9880 9866 9879
f 9880 9867 9866
f 9882 9735 9729
f 9867 9882 9729
f 9880 9882 9867
f 9882 9737 9735
f 9884 9883 9739
f 9884 9739 9740
f 9732 9739 9869
f 9869 9739 9883
f 9881 9885 9880
f 9880 9885 9882
f 9882 9885 9886
f 9882 9886 9737
f 9886 9741 9737
f 9886 9887 9741
f 9887 9889 9888
f 9742 9887 9888
f 9741 9887 9742
f 9888 9744 9742
f 9891 9890 9745
f 9891 9745 9746
f 9740 9745 9884
f 9884 9745 9890
f 9889 9892 9888
f 9892 9894 9893
f 9892 9893 9747
f 9888 9892 9747
f 9744 9888 9747
f 9893 9749 9747
f 9896 9895 9751
f 9896 9751 9752
f 9746 9751 9891
f 9891 9751 9895
f 9894 9897 9893
f 9897 9899 9898
f 9897 9898 9753
f 9893 9897 9753
f 9749 9893 9753
f 9898 9754 9753
f 9755 9896 9752
f 9755 9900 9896
f 9899 9901 9898
f 9901 9903 9902
f 9901 9902 9756
f 9898 9901 9756
f 9754 9898 9756
f 9902 9757 9756
f 9759 9900 9755
f 9759 9904 9900
f 9902 9903 9905
f 9905 9903 9906
f 9905 9760 9757
f 9905 9757 9902
f 9907 9904 9759
f 9907 9759 9761
f 9761 9762 9907
f 9907 9762 9908
f 9906 9909 9905
f 9905 9909 9760
f 9909 9763 9760
f 9909 9910 9763
f 9763 9911 9764
f 9910 9911 9763
f 9765 9764 9911
f 9765 9911 9912
f 9767 9908 9762
f 9767 9913 9908
f 9912 9914 9765
f 9765 9914 9768
f 9914 9916 9915
f 9769 9914 9915
f 9768 9914 9769
f 9915 9770 9769
f 9917 9913 9767
f 9917 9767 9771
f 9771 9772 9917
f 9917 9772 9918
f 9916 9919 9915
f 9919 9921 9920
f 9919 9920 9773
f 9915 9919 9773
f 9770 9915 9773
f 9920 9774 9773
f 9776 9923 9922
f 9918 9776 9922
f 9772 9776 9918
f 9923 9924 9922
f 9920 9921 9778
f 9921 9777 9778
f 9921 9925 9777
f 9920 9778 9774
f 9779 9923 9776
f 9926 9924 9923
f 9779 9926 9923
f 9780 9926 9779
f 9928 9927 9782
f 9927 9780 9782
f 9927 9926 9780
f 9928 9929 9927
f 9925 9930 9777
f 9777 9930 9783
f 9785 9783 9930
f 9785 9930 9931
f 9786 9928 9782
f 9932 9929 9928
f 9786 9932 9928
f 9787 9932 9786
f 9933 9787 9788
f 9933 9932 9787
f 9934 9788 9789
f 9934 9933 9788
f 9935 9789 9790
f 9935 9934 9789
f 9936 9790 9791
f 9936 9935 9790
f 9937 9791 9792
f 9937 9936 9791
f 9938 9792 9793
f 9938 9937 9792
f 9939 9793 9794
f 9939 9938 9793
f 9941 9940 9796
f 9940 9794 9796
f 9940 9939 9794
f 9941 9942 9940
f 9943 9799 9800
f 9801 9944 9800
f 9800 9944 9943
f 9802 9945 9801
f 9801 9945 9944
f 9804 9945 9802
f 9946 9807 9808
f 9809 9947 9808
f 9808 9947 9946
f 9947 9809 9948
f 9809 9949 9948
f 9809 9810 9949
f 9950 9810 9811
f 9950 9949 9810
f 9811 9785 9931
f 9811 9931 9950
f 9812 9941 9796
f 9951 9942 9941
f 9812 9951 9941
f 9813 9951 9812
f 9952 9813 9814
f 9952 9951 9813
f 9814 9799 9943
f 9953 9814 9943
f 9952 9814 9953
f 9953 9943 9944
f 9953 9944 9954
f 9954 9944 9945
f 9954 9945 9955
f 9955 9945 9804
f 9815 9955 9804
f 9956 9955 9815
f 9957 9815 9816
f 9957 9956 9815
f 9958 9816 9817
f 9958 9957 9816
f 9817 9807 9946
f 9959 9817 9946
f 9958 9817 9959
f 9959 9946 9947
f 9959 9947 9960
f 9960 9947 9948
f 9819 9961 9820
f 9962 9821 9820
f 9962 9820 9961
f 9821 9962 9963
f 9964 9821 9963
f 9822 9821 9964
f 9964 9966 9965
f 9823 9964 9965
f 9822 9964 9823
f 9967 9824 9823
f 9967 9823 9965
f 9967 9826 9824
f 9830 9968 9961
f 9830 9961 9819
f 9970 9962 9969
f 9962 9968 9969
f 9962 9961 9968
f 9962 9970 9963
f 9966 9971 9965
f 9965 9971 9967
f 9967 9971 9972
f 9967 9972 9826
f 9972 9831 9826
f 9972 9973 9831
f 9973 9975 9974
f 9832 9973 9974
f 9831 9973 9832
f 9976 9833 9832
f 9976 9832 9974
f 9976 9835 9833
f 9838 9977 9968
f 9838 9968 9830
f 9969 9968 9978
f 9978 9968 9977
f 9975 9979 9974
f 9974 9979 9976
f 9976 9979 9980
f 9980 9982 9981
f 9980 9981 9839
f 9976 9980 9839
f 9835 9976 9839
f 9981 9841 9839
f 9842 9977 9838
f 9984 9983 9843
f 9843 9983 9842
f 9983 9978 9842
f 9978 9977 9842
f 9986 9985 9984
f 9984 9985 9983
f 9986 9987 9985
f 9981 9982 9988
f 9988 9982 9989
f 9988 9844 9841
f 9988 9841 9981
f 9845 9984 9843
f 9984 9845 9846
f 9984 9846 9986
f 9990 9987 9986
f 9846 9990 9986
f 9848 9990 9846
f 9992 9991 9850
f 9991 9848 9850
f 9991 9990 9848
f 9851 9852 9992
f 9852 9991 9992
f 9852 9993 9991
f 9994 9852 9853
f 9994 9993 9852
f 9995 9853 9854
f 9995 9994 9853
f 9855 9988 9989
f 9995 9855 9989
f 9854 9855 9995
f 9988 9855 9844
f 9856 9992 9850
f 9992 9856 9851
f 9869 9996 9868
f 9868 9996 9997
f 9998 9868 9997
f 9870 9868 9998
f 9870 9999 9871
f 9998 9999 9870
f 9871 10000 9872
f 9999 10000 9871
f 10000 10002 10001
f 9873 10000 10001
f 9872 10000 9873
f 10003 9874 9873
f 10003 9873 10001
f 10004 9875 9874
f 10004 9874 10003
f 10005 9876 9875
f 10005 9875 10004
f 10006 9877 9876
f 10006 9876 10005
f 10007 9878 9877
f 10007 9877 10006
f 10008 9879 9878
f 10008 9878 10007
f 10008 9881 9879
f 10010 10009 9883
f 10010 9883 9884
f 9869 9883 9996
f 9883 10011 9996
f 9883 10009 10011
f 9996 10011 9997
f 10002 10012 10001
f 10001 10012 10003
f 10003 10012 10013
f 10003 10013 10004
f 10004 10013 10014
f 10004 10014 10005
f 10005 10014 10015
f 10005 10015 10006
f 10006 10015 10016
f 10018 10017 10016
f 10017 10006 10016
f 10017 10007 10006
f 10007 10019 10008
f 10007 10017 10019
f 10020 9885 9881
f 10008 10020 9881
f 10019 10020 10008
f 10021 9886 9885
f 10021 9885 10020
f 10022 9887 9886
f 10022 9886 10021
f 10022 9889 9887
f 10024 10023 9890
f 10024 9890 9891
f 9884 9890 10010
f 10010 9890 10023
f 10018 10025 10017
f 10017 10025 10019
f 10019 10025 10026
f 10019 10026 10020
f 10020 10026 10027
f 10020 10027 10021
f 10021 10027 10028
f 10030 10029 10028
f 10029 10021 10028
f 10029 10022 10021
f 10031 9892 9889
f 10022 10031 9889
f 10029 10031 10022
f 10031 9894 9892
f 10033 10032 9895
f 10033 9895 9896
f 9891 9895 10024
f 10024 9895 10032
f 10030 10034 10029
f 10036 10035 10034
f 10035 10029 10034
f 10035 10031 10029
f 10037 9897 9894
f 10031 10037 9894
f 10035 10037 10031
f 10037 9899 9897
f 9900 10033 9896
f 9900 10038 10033
f 10035 10036 10039
f 10039 10036 10040
f 10035 10041 10037
f 10035 10039 10041
f 10042 9901 9899
f 10037 10042 9899
f 10041 10042 10037
f 10042 9903 9901
f 9904 10044 10043
f 10038 9904 10043
f 9900 9904 10038
f 10044 10045 10043
f 10040 10046 10039
f 10048 10047 10046
f 10047 10039 10046
f 10047 10041 10039
f 10041 10049 10042
f 10041 10047 10049
f 10049 9906 9903
f 10049 9903 10042
f 9907 10044 9904
f 9907 9908 10044
f 9908 10045 10044
f 9908 10050 10045
f 10048 10051 10047
f 10047 10051 10049
f 10049 10051 10052
f 10049 10052 9906
f 10052 9909 9906
f 10052 10053 9909
f 10053 10055 10054
f 9910 10053 10054
f 9909 10053 9910
f 10056 9911 9910
f 10056 9910 10054
f 10056 9912 9911
f 9913 10050 9908
f 9913 10057 10050
f 10055 10058 10054
f 10054 10058 10056
f 10056 10058 10059
f 10059 10061 10060
f 10059 10060 9914
f 10056 10059 9914
f 9912 10056 9914
f 10060 9916 9914
f 10062 10057 9913
f 10062 9913 9917
f 9917 9918 10062
f 10062 9918 10063
f 10061 10064 10060
f 10064 10066 10065
f 10064 10065 9919
f 10060 10064 9919
f 9916 10060 9919
f 10065 9921 9919
f 10067 10063 9918
f 10067 9918 9922
f 9922 9924 10067
f 10067 9924 10068
f 10066 10069 10065
f 9921 10065 10069
f 10070 9921 10069
f 9925 9921 10070
f 10071 10068 9924
f 10071 9924 9926
f 10072 9926 9927
f 10072 10071 9926
f 10074 10073 9929
f 10073 9927 9929
f 10073 10072 9927
f 10076 10075 10074
f 10074 10075 10073
f 10078 10077 10076
f 10076 10077 10075
f 10078 10079 10077
f 10070 10080 9925
f 9925 10080 9930
f 9931 9930 10080
f 9931 10080 10081
f 9932 10074 9929
f 10074 9932 9933
f 10074 9933 10076
f 10076 9933 9934
f 10076 9934 10078
f 10082 10079 10078
f 9934 10082 10078
f 9935 10082 9934
f 10083 9935 9936
f 10083 10082 9935
f 10084 9936 9937
f 10084 10083 9936
f 10085 9937 9938
f 10085 10084 9937
f 10086 9938 9939
f 10086 10085 9938
f 10087 9939 9940
f 10087 10086 9939
f 10089 10088 9942
f 10088 9940 9942
f 10088 10087 9940
f 10089 10090 10088
f 10091 9948 9949
f 10091 9949 10092
f 9949 10093 10092
f 9949 9950 10093
f 9950 9931 10081
f 9950 10081 10093
f 9951 10089 9942
f 10094 10090 10089
f 9951 10094 10089
f 9952 10094 9951
f 10095 9952 9953
f 10095 10094 9952
f 10096 9953 9954
f 10096 10095 9953
f 10097 9954 9955
f 10097 10096 9954
f 10098 9955 9956
f 10098 10097 9955
f 10099 9956 9957
f 10099 10098 9956
f 10100 9957 9958
f 10100 10099 9957
f 10101 9958 9959
f 10101 10100 9958
f 10102 9959 9960
f 10102 10101 9959
f 9960 9948 10091
f 10103 9960 10091
f 10102 9960 10103
f 10103 10091 10092
f 9963 10104 9964
f 10104 9966 9964
f 9969 10105 9970
f 10104 9963 9970
f 10105 10104 9970
f 10106 10104 10105
f 10107 9971 9966
f 10104 10107 9966
f 10106 10107 10104
f 10108 9972 9971
f 10108 9971 10107
f 10109 9973 9972
f 10109 9972 10108
f 10109 9975 9973
f 9978 10110 10105
f 9978 10105 9969
f 10105 10111 10106
f 10105 10110 10111
f 10113 10107 10112
f 10107 10111 10112
f 10107 10106 10111
f 10107 10113 10108
f 10108 10113 10114
f 10108 10114 10109
f 10109 10114 10115
f 10109 10115 9975
f 10115 9979 9975
f 10115 10116 9979
f 10116 10118 10117
f 9980 10116 10117
f 9979 10116 9980
f 10117 9982 9980
f 9983 10110 9978
f 10110 9983 9985
f 10110 9985 10111
f 10120 10119 9987
f 9987 10119 9985
f 10119 10112 9985
f 10112 10111 9985
f 10122 10121 10120
f 10120 10121 10119
f 10124 10123 10122
f 10122 10123 10121
f 10126 10125 10124
f 10124 10125 10123
f 10125 10126 10118
f 10126 10117 10118
f 10126 10127 10117
f 10127 9989 9982
f 10127 9982 10117
f 9990 10120 9987
f 10120 9990 9991
f 10120 9991 10122
f 10122 9991 9993
f 10122 9993 10124
f 10124 9993 9994
f 10124 9994 10126
f 10126 9994 9995
f 10126 9995 10127
f 10127 9995 9989
f 9997 10128 9998
f 10129 9999 9998
f 10129 9998 10128
f 10130 10000 9999
f 10130 9999 10129
f 10130 10002 10000
f 10010 10131 10009
f 10009 10131 10132
f 10133 10009 10132
f 10011 10009 10133
f 9997 10011 10128
f 10011 10134 10128
f 10011 10133 10134
f 10128 10134 10129
f 10129 10134 10135
f 10129 10135 10130
f 10130 10135 10136
f 10130 10136 10002
f 10136 10012 10002
f 10136 10137 10012
f 10137 10139 10138
f 10013 10137 10138
f 10012 10137 10013
f 10140 10014 10013
f 10140 10013 10138
f 10141 10015 10014
f 10141 10014 10140
f 10142 10016 10015
f 10142 10015 10141
f 10142 10018 10016
f 10024 10143 10023
f 10143 10144 10023
f 10023 10144 10010
f 10144 10145 10010
f 10145 10131 10010
f 10131 10145 10132
f 10139 10146 10138
f 10138 10146 10140
f 10140 10146 10147
f 10140 10147 10141
f 10141 10147 10148
f 10150 10149 10148
f 10149 10141 10148
f 10149 10142 10141
f 10151 10025 10018
f 10142 10151 10018
f 10149 10151 10142
f 10152 10026 10025
f 10152 10025 10151
f 10153 10027 10026
f 10153 10026 10152
f 10154 10028 10027
f 10154 10027 10153
f 10154 10030 10028
f 10033 10155 10032
f 10155 10156 10032
f 10032 10156 10024
f 10156 10157 10024
f 10157 10143 10024
f 10143 10157 10144
f 10150 10158 10149
f 10149 10158 10151
f 10151 10158 10159
f 10161 10160 10159
f 10160 10151 10159
f 10160 10152 10151
f 10152 10162 10153
f 10152 10160 10162
f 10153 10163 10154
f 10153 10162 10163
f 10164 10034 10030
f 10154 10164 10030
f 10163 10164 10154
f 10164 10036 10034
f 10038 10165 10155
f 10038 10155 10033
f 10156 10155 10166
f 10166 10155 10165
f 10161 10167 10160
f 10160 10167 10162
f 10162 10167 10168
f 10170 10169 10168
f 10169 10162 10168
f 10169 10163 10162
f 10163 10171 10164
f 10163 10169 10171
f 10171 10040 10036
f 10171 10036 10164
f 10043 10165 10038
f 10043 10045 10165
f 10045 10166 10165
f 10045 10172 10166
f 10170 10173 10169
f 10169 10173 10171
f 10171 10173 10174
f 10174 10176 10175
f 10174 10175 10046
f 10171 10174 10046
f 10040 10171 10046
f 10175 10048 10046
f 10050 10178 10177
f 10172 10050 10177
f 10045 10050 10172
f 10178 10179 10177
f 10176 10180 10175
f 10175 10180 10048
f 10180 10051 10048
f 10180 10181 10051
f 10181 10183 10182
f 10052 10181 10182
f 10051 10181 10052
f 10184 10053 10052
f 10184 10052 10182
f 10184 10055 10053
f 10057 10185 10178
f 10057 10178 10050
f 10179 10178 10186
f 10178 10187 10186
f 10178 10185 10187
f 10187 10188 10186
f 10183 10189 10182
f 10182 10189 10184
f 10184 10189 10190
f 10190 10192 10191
f 10190 10191 10058
f 10184 10190 10058
f 10055 10184 10058
f 10193 10059 10058
f 10193 10058 10191
f 10193 10061 10059
f 10062 10185 10057
f 10185 10062 10063
f 10194 10185 10063
f 10187 10185 10194
f 10188 10187 10195
f 10195 10187 10194
f 10192 10196 10191
f 10191 10196 10193
f 10193 10196 10197
f 10193 10197 10061
f 10197 10064 10061
f 10197 10198 10064
f 10066 10064 10198
f 10066 10198 10199
f 10067 10194 10063
f 10201 10200 10068
f 10068 10200 10067
f 10200 10195 10067
f 10195 10194 10067
f 10203 10202 10201
f 10201 10202 10200
f 10205 10204 10203
f 10203 10204 10202
f 10207 10206 10205
f 10205 10206 10204
f 10207 10208 10206
f 10199 10209 10066
f 10066 10209 10069
f 10070 10069 10209
f 10070 10209 10210
f 10071 10201 10068
f 10201 10071 10072
f 10201 10072 10203
f 10203 10072 10073
f 10203 10073 10205
f 10205 10073 10075
f 10205 10075 10207
f 10211 10208 10207
f 10075 10211 10207
f 10077 10211 10075
f 10213 10212 10079
f 10212 10077 10079
f 10212 10211 10077
f 10215 10214 10213
f 10213 10214 10212
f 10217 10216 10215
f 10215 10216 10214
f 10217 10218 10216
f 10210 10219 10070
f 10070 10219 10080
f 10221 10220 10081
f 10080 10221 10081
f 10219 10221 10080
f 10222 10220 10221
f 10082 10213 10079
f 10213 10082 10083
f 10213 10083 10215
f 10215 10083 10084
f 10215 10084 10217
f 10223 10218 10217
f 10084 10223 10217
f 10085 10223 10084
f 10224 10085 10086
f 10224 10223 10085
f 10225 10086 10087
f 10225 10224 10086
f 10226 10087 10088
f 10226 10225 10087
f 10228 10227 10090
f 10227 10088 10090
f 10227 10226 10088
f 10228 10229 10227
f 10231 10230 10093
f 10093 10230 10092
f 10093 10081 10220
f 10232 10093 10220
f 10231 10093 10232
f 10232 10220 10222
f 10094 10228 10090
f 10233 10229 10228
f 10094 10233 10228
f 10095 10233 10094
f 10234 10095 10096
f 10234 10233 10095
f 10235 10096 10097
f 10235 10234 10096
f 10236 10097 10098
f 10236 10235 10097
f 10237 10098 10099
f 10237 10236 10098
f 10238 10099 10100
f 10238 10237 10099
f 10239 10100 10101
f 10239 10238 10100
f 10240 10101 10102
f 10240 10239 10101
f 10241 10102 10103
f 10241 10240 10102
f 10103 10092 10230
f 10103 10230 10241
f 10112 10242 10113
f 10243 10114 10113
f 10243 10113 10242
f 10244 10115 10114
f 10244 10114 10243
f 10245 10116 10115
f 10245 10115 10244
f 10245 10118 10116
f 10119 10242 10112
f 10242 10119 10121
f 10242 10121 10243
f 10243 10121 10123
f 10243 10123 10244
f 10244 10123 10125
f 10244 10125 10245
f 10245 10125 10118
f 10132 10246 10133
f 10133 10246 10247
f 10248 10133 10247
f 10134 10133 10248
f 10248 10250 10249
f 10135 10248 10249
f 10134 10248 10135
f 10251 10136 10135
f 10251 10135 10249
f 10252 10137 10136
f 10252 10136 10251
f 10252 10139 10137
f 10254 10253 10145
f 10254 10145 10144
f 10132 10145 10246
f 10145 10255 10246
f 10145 10253 10255
f 10246 10255 10247
f 10250 10256 10249
f 10249 10256 10251
f 10251 10256 10257
f 10251 10257 10252
f 10252 10257 10258
f 10252 10258 10139
f 10258 10146 10139
f 10258 10259 10146
f 10259 10261 10260
f 10147 10259 10260
f 10146 10259 10147
f 10262 10148 10147
f 10262 10147 10260
f 10262 10150 10148
f 10156 10263 10157
f 10263 10264 10157
f 10264 10144 10157
f 10264 10254 10144
f 10260 10261 10265
f 10265 10261 10266
f 10260 10267 10262
f 10260 10265 10267
f 10268 10158 10150
f 10262 10268 10150
f 10267 10268 10262
f 10269 10159 10158
f 10269 10158 10268
f 10269 10161 10159
f 10166 10270 10263
f 10166 10263 10156
f 10264 10263 10271
f 10271 10263 10270
f 10266 10272 10265
f 10265 10272 10267
f 10267 10272 10273
f 10267 10273 10268
f 10268 10273 10274
f 10276 10275 10274
f 10275 10268 10274
f 10275 10269 10268
f 10277 10167 10161
f 10269 10277 10161
f 10275 10277 10269
f 10278 10168 10167
f 10278 10167 10277
f 10278 10170 10168
f 10172 10279 10270
f 10172 10270 10166
f 10271 10270 10280
f 10270 10281 10280
f 10270 10279 10281
f 10281 10282 10280
f 10276 10283 10275
f 10275 10283 10277
f 10277 10283 10284
f 10277 10284 10278
f 10278 10284 10285
f 10285 10287 10286
f 10285 10286 10173
f 10278 10285 10173
f 10170 10278 10173
f 10288 10174 10173
f 10288 10173 10286
f 10288 10176 10174
f 10177 10279 10172
f 10279 10177 10179
f 10289 10279 10179
f 10281 10279 10289
f 10282 10281 10290
f 10281 10291 10290
f 10281 10289 10291
f 10291 10292 10290
f 10287 10293 10286
f 10295 10294 10293
f 10294 10286 10293
f 10294 10288 10286
f 10296 10180 10176
f 10288 10296 10176
f 10294 10296 10288
f 10297 10181 10180
f 10297 10180 10296
f 10297 10183 10181
f 10186 10289 10179
f 10289 10186 10188
f 10298 10289 10188
f 10291 10289 10298
f 10292 10291 10299
f 10291 10300 10299
f 10291 10298 10300
f 10302 10301 10300
f 10300 10301 10299
f 10304 10303 10302
f 10302 10303 10301
f 10306 10305 10304
f 10304 10305 10303
f 10306 10307 10305
f 10295 10308 10294
f 10310 10309 10308
f 10309 10294 10308
f 10309 10296 10294
f 10296 10311 10297
f 10296 10309 10311
f 10312 10189 10183
f 10297 10312 10183
f 10311 10312 10297
f 10313 10190 10189
f 10313 10189 10312
f 10313 10192 10190
f 10195 10314 10298
f 10195 10298 10188
f 10298 10315 10300
f 10298 10314 10315
f 10300 10316 10302
f 10300 10315 10316
f 10302 10317 10304
f 10302 10316 10317
f 10304 10318 10306
f 10304 10317 10318
f 10307 10306 10319
f 10306 10320 10319
f 10306 10318 10320
f 10322 10321 10320
f 10320 10321 10319
f 10322 10323 10321
f 10310 10324 10309
f 10309 10324 10311
f 10311 10324 10325
f 10311 10325 10312
f 10312 10325 10326
f 10312 10326 10313
f 10313 10326 10327
f 10327 10329 10328
f 10327 10328 10196
f 10313 10327 10196
f 10192 10313 10196
f 10330 10197 10196
f 10330 10196 10328
f 10331 10198 10197
f 10331 10197 10330
f 10331 10199 10198
f 10200 10314 10195
f 10314 10200 10202
f 10314 10202 10315
f 10315 10202 10204
f 10315 10204 10316
f 10316 10204 10206
f 10316 10206 10317
f 10317 10206 10208
f 10332 10317 10208
f 10318 10317 10332
f 10318 10333 10320
f 10318 10332 10333
f 10320 10334 10322
f 10320 10333 10334
f 10323 10322 10335
f 10322 10336 10335
f 10322 10334 10336
f 10338 10337 10336
f 10336 10337 10335
f 10338 10339 10337
f 10329 10340 10328
f 10328 10340 10330
f 10330 10340 10341
f 10330 10341 10331
f 10331 10341 10342
f 10331 10342 10199
f 10342 10209 10199
f 10342 10343 10209
f 10345 10344 10210
f 10209 10345 10210
f 10343 10345 10209
f 10346 10344 10345
f 10211 10332 10208
f 10332 10211 10212
f 10332 10212 10333
f 10333 10212 10214
f 10333 10214 10334
f 10334 10214 10216
f 10334 10216 10336
f 10336 10216 10218
f 10347 10336 10218
f 10338 10336 10347
f 10339 10338 10348
f 10338 10349 10348
f 10338 10347 10349
f 10351 10350 10349
f 10349 10350 10348
f 10351 10352 10350
f 10344 10219 10210
f 10346 10353 10344
f 10353 10219 10344
f 10353 10221 10219
f 10222 10221 10353
f 10222 10353 10354
f 10223 10347 10218
f 10347 10223 10224
f 10347 10224 10349
f 10349 10224 10225
f 10349 10225 10351
f 10355 10352 10351
f 10225 10355 10351
f 10226 10355 10225
f 10356 10226 10227
f 10356 10355 10226
f 10227 10229 10356
f 10356 10229 10357
f 10358 10230 10231
f 10358 10231 10359
f 10231 10360 10359
f 10231 10232 10360
f 10232 10222 10354
f 10232 10354 10360
f 10361 10357 10229
f 10361 10229 10233
f 10362 10233 10234
f 10362 10361 10233
f 10363 10234 10235
f 10363 10362 10234
f 10364 10235 10236
f 10364 10363 10235
f 10365 10236 10237
f 10365 10364 10236
f 10366 10237 10238
f 10366 10365 10237
f 10367 10238 10239
f 10367 10366 10238
f 10368 10239 10240
f 10368 10367 10239
f 10369 10240 10241
f 10369 10368 10240
f 10241 10230 10358
f 10370 10241 10358
f 10369 10241 10370
f 10370 10358 10359
f 10247 10371 10248
f 10371 10250 10248
f 10254 10372 10253
f 10373 10255 10253
f 10373 10253 10372
f 10371 10247 10255
f 10373 10371 10255
f 10374 10371 10373
f 10375 10256 10250
f 10371 10375 10250
f 10374 10375 10371
f 10376 10257 10256
f 10376 10256 10375
f 10377 10258 10257
f 10377 10257 10376
f 10378 10259 10258
f 10378 10258 10377
f 10378 10261 10259
f 10264 10379 10372
f 10264 10372 10254
f 10372 10380 10373
f 10372 10379 10380
f 10373 10381 10374
f 10373 10380 10381
f 10374 10382 10375
f 10374 10381 10382
f 10375 10383 10376
f 10375 10382 10383
f 10376 10384 10377
f 10376 10383 10384
f 10377 10385 10378
f 10377 10384 10385
f 10385 10266 10261
f 10385 10261 10378
f 10271 10386 10379
f 10271 10379 10264
f 10379 10387 10380
f 10379 10386 10387
f 10380 10388 10381
f 10380 10387 10388
f 10381 10389 10382
f 10381 10388 10389
f 10382 10390 10383
f 10382 10389 10390
f 10383 10391 10384
f 10383 10390 10391
f 10384 10392 10385
f 10384 10391 10392
f 10393 10272 10266
f 10385 10393 10266
f 10392 10393 10385
f 10394 10273 10272
f 10394 10272 10393
f 10395 10274 10273
f 10395 10273 10394
f 10395 10276 10274
f 10280 10386 10271
f 10386 10280 10282
f 10396 10386 10282
f 10387 10386 10396
f 10387 10397 10388
f 10387 10396 10397
f 10388 10398 10389
f 10388 10397 10398
f 10389 10399 10390
f 10389 10398 10399
f 10390 10400 10391
f 10390 10399 10400
f 10391 10401 10392
f 10391 10400 10401
f 10392 10402 10393
f 10392 10401 10402
f 10393 10403 10394
f 10393 10402 10403
f 10394 10404 10395
f 10394 10403 10404
f 10405 10283 10276
f 10395 10405 10276
f 10404 10405 10395
f 10406 10284 10283
f 10406 10283 10405
f 10407 10285 10284
f 10407 10284 10406
f 10407 10287 10285
f 10290 10396 10282
f 10396 10290 10292
f 10408 10396 10292
f 10397 10396 10408
f 10397 10409 10398
f 10397 10408 10409
f 10398 10410 10399
f 10398 10409 10410
f 10399 10411 10400
f 10399 10410 10411
f 10400 10412 10401
f 10400 10411 10412
f 10401 10413 10402
f 10401 10412 10413
f 10402 10414 10403
f 10402 10413 10414
f 10403 10415 10404
f 10403 10414 10415
f 10404 10416 10405
f 10404 10415 10416
f 10405 10417 10406
f 10405 10416 10417
f 10406 10418 10407
f 10406 10417 10418
f 10419 10293 10287
f 10407 10419 10287
f 10418 10419 10407
f 10419 10295 10293
f 10299 10408 10292
f 10408 10299 10301
f 10408 10301 10409
f 10409 10301 10303
f 10409 10303 10410
f 10410 10303 10305
f 10410 10305 10411
f 10411 10305 10307
f 10420 10411 10307
f 10412 10411 10420
f 10412 10421 10413
f 10412 10420 10421
f 10413 10422 10414
f 10413 10421 10422
f 10414 10423 10415
f 10414 10422 10423
f 10415 10424 10416
f 10415 10423 10424
f 10416 10425 10417
f 10416 10424 10425
f 10417 10426 10418
f 10417 10425 10426
f 10418 10427 10419
f 10418 10426 10427
f 10428 10308 10295
f 10419 10428 10295
f 10427 10428 10419
f 10428 10310 10308
f 10319 10420 10307
f 10420 10319 10321
f 10420 10321 10421
f 10421 10321 10323
f 10429 10421 10323
f 10422 10421 10429
f 10422 10430 10423
f 10422 10429 10430
f 10423 10431 10424
f 10423 10430 10431
f 10424 10432 10425
f 10424 10431 10432
f 10425 10433 10426
f 10425 10432 10433
f 10426 10434 10427
f 10426 10433 10434
f 10427 10435 10428
f 10427 10434 10435
f 10436 10324 10310
f 10428 10436 10310
f 10435 10436 10428
f 10437 10325 10324
f 10437 10324 10436
f 10438 10326 10325
f 10438 10325 10437
f 10439 10327 10326
f 10439 10326 10438
f 10439 10329 10327
f 10335 10429 10323
f 10429 10335 10337
f 10429 10337 10430
f 10430 10337 10339
f 10440 10430 10339
f 10431 10430 10440
f 10431 10441 10432
f 10431 10440 10441
f 10432 10442 10433
f 10432 10441 10442
f 10433 10443 10434
f 10433 10442 10443
f 10434 10444 10435
f 10434 10443 10444
f 10446 10436 10445
f 10436 10444 10445
f 10436 10435 10444
f 10436 10446 10437
f 10437 10446 10447
f 10437 10447 10438
f 10438 10447 10448
f 10438 10448 10439
f 10439 10448 10449
f 10439 10449 10329
f 10449 10340 10329
f 10449 10450 10340
f 10340 10451 10341
f 10450 10451 10340
f 10341 10452 10342
f 10451 10452 10341
f 10342 10453 10343
f 10452 10453 10342
f 10343 10454 10345
f 10453 10454 10343
f 10456 10455 10346
f 10345 10456 10346
f 10454 10456 10345
f 10457 10455 10456
f 10348 10440 10339
f 10440 10348 10350
f 10440 10350 10441
f 10441 10350 10352
f 10458 10441 10352
f 10442 10441 10458
f 10442 10459 10443
f 10442 10458 10459
f 10461 10444 10460
f 10444 10459 10460
f 10444 10443 10459
f 10444 10461 10445
f 10455 10353 10346
f 10463 10462 10354
f 10463 10354 10353
f 10457 10463 10353
f 10455 10457 10353
f 10464 10462 10463
f 10355 10458 10352
f 10458 10355 10356
f 10458 10356 10459
f 10466 10465 10357
f 10357 10465 10356
f 10465 10460 10356
f 10460 10459 10356
f 10466 10467 10465
f 10468 10359 10360
f 10469 10468 10360
f 10469 10360 10354
f 10470 10469 10354
f 10462 10470 10354
f 10470 10462 10464
f 10361 10466 10357
f 10471 10467 10466
f 10361 10471 10466
f 10362 10471 10361
f 10472 10362 10363
f 10472 10471 10362
f 10473 10363 10364
f 10473 10472 10363
f 10474 10364 10365
f 10474 10473 10364
f 10475 10365 10366
f 10475 10474 10365
f 10476 10366 10367
f 10476 10475 10366
f 10477 10367 10368
f 10477 10476 10367
f 10478 10368 10369
f 10478 10477 10368
f 10479 10369 10370
f 10479 10478 10369
f 10370 10359 10468
f 10480 10370 10468
f 10479 10370 10480
f 10480 10468 10469
f 10445 10481 10446
f 10446 10481 10482
f 10483 10446 10482
f 10447 10446 10483
f 10447 10484 10448
f 10483 10484 10447
f 10448 10485 10449
f 10484 10485 10448
f 10449 10486 10450
f 10485 10486 10449
f 10450 10487 10451
f 10486 10487 10450
f 10451 10488 10452
f 10487 10488 10451
f 10452 10489 10453
f 10488 10489 10452
f 10453 10490 10454
f 10489 10490 10453
f 10454 10491 10456
f 10490 10491 10454
f 10457 10456 10491
f 10457 10491 10492
f 10460 10493 10461
f 10493 10494 10461
f 10461 10494 10445
f 10494 10495 10445
f 10495 10481 10445
f 10481 10495 10482
f 10492 10496 10457
f 10457 10496 10463
f 10464 10463 10496
f 10464 10496 10497
f 10465 10493 10460
f 10465 10467 10493
f 10467 10494 10493
f 10467 10498 10494
f 10499 10469 10470
f 10500 10499 10470
f 10464 10500 10470
f 10497 10500 10464
f 10501 10498 10467
f 10501 10467 10471
f 10502 10471 10472
f 10502 10501 10471
f 10503 10472 10473
f 10503 10502 10472
f 10505 10503 10504
f 10503 10474 10504
f 10503 10473 10474
f 10475 10506 10474
f 10474 10506 10504
f 10476 10507 10475
f 10475 10507 10506
f 10507 10476 10508
f 10476 10509 10508
f 10476 10477 10509
f 10510 10477 10478
f 10510 10509 10477
f 10511 10478 10479
f 10511 10510 10478
f 10512 10479 10480
f 10512 10511 10479
f 10480 10469 10499
f 10513 10480 10499
f 10512 10480 10513
f 10513 10499 10500
f 10514 10505 10504
f 10514 10504 10506
f 10514 10506 10515
f 10515 10506 10507
f 10515 10507 10516
f 10516 10507 10508
f 10482 10517 10483
f 10483 10517 10518
f 10519 10483 10518
f 10484 10483 10519
f 10484 10520 10485
f 10519 10520 10484
f 10485 10521 10486
f 10520 10521 10485
f 10486 10522 10487
f 10521 10522 10486
f 10487 10523 10488
f 10522 10523 10487
f 10488 10524 10489
f 10523 10524 10488
f 10489 10525 10490
f 10524 10525 10489
f 10490 10526 10491
f 10525 10526 10490
f 10492 10491 10526
f 10492 10526 10527
f 10529 10528 10495
f 10529 10495 10494
f 10482 10495 10517
f 10495 10530 10517
f 10495 10528 10530
f 10517 10530 10518
f 10527 10531 10492
f 10492 10531 10496
f 10497 10496 10531
f 10497 10531 10532
f 10498 10529 10494
f 10498 10533 10529
f 10532 10500 10497
f 10534 10500 10532
f 10535 10533 10498
f 10535 10498 10501
f 10536 10501 10502
f 10536 10535 10501
f 10537 10502 10503
f 10537 10536 10502
f 10503 10505 10537
f 10537 10505 10538
f 10539 10508 10509
f 10510 10540 10509
f 10509 10540 10539
f 10540 10510 10541
f 10510 10542 10541
f 10510 10511 10542
f 10543 10511 10512
f 10543 10542 10511
f 10544 10512 10513
f 10544 10543 10512
f 10513 10500 10534
f 10513 10534 10544
f 10545 10538 10505
f 10545 10505 10514
f 10546 10514 10515
f 10546 10545 10514
f 10547 10515 10516
f 10547 10546 10515
f 10516 10508 10539
f 10548 10516 10539
f 10547 10516 10548
f 10548 10539 10540
f 10548 10540 10549
f 10549 10540 10541
f 10551 10550 10519
f 10551 10519 10518
f 10519 10552 10520
f 10550 10552 10519
f 10520 10553 10521
f 10552 10553 10520
f 10521 10554 10522
f 10553 10554 10521
f 10522 10555 10523
f 10554 10555 10522
f 10523 10556 10524
f 10555 10556 10523
f 10524 10557 10525
f 10556 10557 10524
f 10525 10558 10526
f 10557 10558 10525
f 10527 10526 10558
f 10527 10558 10559
f 10561 10560 10528
f 10561 10528 10529
f 10528 10562 10530
f 10560 10562 10528
f 10518 10530 10551
f 10551 10530 10562
f 10559 10563 10527
f 10527 10563 10531
f 10565 10564 10532
f 10531 10565 10532
f 10563 10565 10531
f 10566 10564 10565
f 10533 10568 10567
f 10561 10533 10567
f 10529 10533 10561
f 10568 10569 10567
f 10570 10534 10564
f 10564 10534 10532
f 10564 10566 10571
f 10564 10571 10570
f 10535 10568 10533
f 10572 10569 10568
f 10535 10572 10568
f 10536 10572 10535
f 10574 10572 10573
f 10572 10537 10573
f 10572 10536 10537
f 10538 10573 10537
f 10575 10541 10542
f 10575 10542 10576
f 10542 10577 10576
f 10542 10543 10577
f 10578 10543 10544
f 10578 10577 10543
f 10544 10534 10570
f 10579 10544 10570
f 10578 10544 10579
f 10579 10570 10571
f 10580 10574 10573
f 10580 10573 10538
f 10545 10580 10538
f 10581 10580 10545
f 10582 10545 10546
f 10582 10581 10545
f 10583 10546 10547
f 10583 10582 10546
f 10584 10547 10548
f 10584 10583 10547
f 10585 10548 10549
f 10585 10584 10548
f 10549 10541 10575
f 10586 10549 10575
f 10585 10549 10586
f 10586 10575 10576
f 10551 10587 10550
f 10550 10587 10588
f 10589 10550 10588
f 10552 10550 10589
f 10552 10590 10553
f 10589 10590 10552
f 10553 10591 10554
f 10590 10591 10553
f 10554 10592 10555
f 10591 10592 10554
f 10555 10593 10556
f 10592 10593 10555
f 10556 10594 10557
f 10593 10594 10556
f 10557 10595 10558
f 10594 10595 10557
f 10559 10558 10595
f 10559 10595 10596
f 10561 10597 10560
f 10560 10597 10598
f 10599 10560 10598
f 10562 10560 10599
f 10551 10562 10587
f 10562 10600 10587
f 10562 10599 10600
f 10587 10600 10588
f 10596 10601 10559
f 10559 10601 10563
f 10563 10602 10565
f 10601 10602 10563
f 10566 10565 10602
f 10566 10602 10603
f 10567 10597 10561
f 10567 10569 10597
f 10569 10598 10597
f 10569 10604 10598
f 10603 10571 10566
f 10605 10571 10603
f 10606 10604 10569
f 10606 10569 10572
f 10608 10607 10574
f 10607 10572 10574
f 10607 10606 10572
f 10608 10609 10607
f 10610 10576 10577
f 10610 10577 10611
f 10577 10612 10611
f 10577 10578 10612
f 10613 10578 10579
f 10613 10612 10578
f 10579 10571 10605
f 10579 10605 10613
f 10580 10608 10574
f 10614 10609 10608
f 10580 10614 10608
f 10581 10614 10580
f 10615 10581 10582
f 10615 10614 10581
f 10616 10582 10583
f 10616 10615 10582
f 10617 10583 10584
f 10617 10616 10583
f 10618 10584 10585
f 10618 10617 10584
f 10619 10585 10586
f 10619 10618 10585
f 10586 10576 10610
f 10620 10586 10610
f 10619 10586 10620
f 10620 10610 10611
f 10588 10621 10589
f 10589 10621 10622
f 10623 10589 10622
f 10590 10589 10623
f 10590 10624 10591
f 10623 10624 10590
f 10591 10625 10592
f 10624 10625 10591
f 10592 10626 10593
f 10625 10626 10592
f 10593 10627 10594
f 10626 10627 10593
f 10594 10628 10595
f 10627 10628 10594
f 10630 10629 10596
f 10595 10630 10596
f 10628 10630 10595
f 10631 10629 10630
f 10633 10632 10599
f 10633 10599 10598
f 10599 10634 10600
f 10632 10634 10599
f 10588 10600 10621
f 10600 10635 10621
f 10600 10634 10635
f 10621 10635 10622
f 10629 10601 10596
f 10631 10636 10629
f 10636 10601 10629
f 10636 10602 10601
f 10603 10602 10636
f 10603 10636 10637
f 10604 10633 10598
f 10604 10638 10633
f 10640 10605 10639
f 10605 10637 10639
f 10605 10603 10637
f 10641 10640 10639
f 10642 10638 10604
f 10642 10604 10606
f 10643 10606 10607
f 10643 10642 10606
f 10607 10609 10643
f 10643 10609 10644
f 10645 10611 10612
f 10645 10612 10646
f 10612 10647 10646
f 10612 10613 10647
f 10613 10605 10640
f 10648 10613 10640
f 10647 10613 10648
f 10648 10640 10641
f 10649 10644 10609
f 10649 10609 10614
f 10650 10614 10615
f 10650 10649 10614
f 10651 10615 10616
f 10651 10650 10615
f 10652 10616 10617
f 10652 10651 10616
f 10653 10617 10618
f 10653 10652 10617
f 10654 10618 10619
f 10654 10653 10618
f 10655 10619 10620
f 10655 10654 10619
f 10620 10611 10645
f 10656 10620 10645
f 10655 10620 10656
f 10656 10645 10646
f 10658 10657 10623
f 10658 10623 10622
f 10623 10659 10624
f 10657 10659 10623
f 10624 10660 10625
f 10659 10660 10624
f 10625 10661 10626
f 10660 10661 10625
f 10626 10662 10627
f 10661 10662 10626
f 10627 10663 10628
f 10662 10663 10627
f 10628 10664 10630
f 10663 10664 10628
f 10631 10630 10664
f 10631 10664 10665
f 10633 10666 10632
f 10632 10666 10667
f 10668 10632 10667
f 10634 10632 10668
f 10634 10669 10635
f 10668 10669 10634
f 10622 10635 10658
f 10658 10635 10669
f 10665 10670 10631
f 10631 10670 10636
f 10637 10636 10670
f 10637 10670 10671
f 10638 10672 10666
f 10638 10666 10633
f 10667 10666 10673
f 10673 10666 10672
f 10671 10674 10637
f 10637 10674 10639
f 10641 10639 10674
f 10641 10674 10675
f 10642 10672 10638
f 10676 10673 10672
f 10642 10676 10672
f 10643 10676 10642
f 10643 10644 10676
f 10676 10644 10677
f 10678 10646 10647
f 10678 10647 10679
f 10647 10680 10679
f 10647 10648 10680
f 10648 10641 10675
f 10648 10675 10680
f 10681 10677 10644
f 10681 10644 10649
f 10682 10649 10650
f 10682 10681 10649
f 10683 10650 10651
f 10683 10682 10650
f 10684 10651 10652
f 10684 10683 10651
f 10685 10652 10653
f 10685 10684 10652
f 10686 10653 10654
f 10686 10685 10653
f 10687 10654 10655
f 10687 10686 10654
f 10688 10655 10656
f 10688 10687 10655
f 10656 10646 10678
f 10689 10656 10678
f 10688 10656 10689
f 10689 10678 10679
f 10658 10690 10657
f 10657 10690 10691
f 10692 10657 10691
f 10659 10657 10692
f 10659 10693 10660
f 10692 10693 10659
f 10660 10694 10661
f 10693 10694 10660
f 10661 10695 10662
f 10694 10695 10661
f 10662 10696 10663
f 10695 10696 10662
f 10663 10697 10664
f 10696 10697 10663
f 10665 10664 10697
f 10665 10697 10698
f 10700 10699 10668
f 10700 10668 10667
f 10668 10701 10669
f 10699 10701 10668
f 10658 10669 10690
f 10669 10702 10690
f 10669 10701 10702
f 10690 10702 10691
f 10698 10703 10665
f 10665 10703 10670
f 10705 10704 10671
f 10670 10705 10671
f 10703 10705 10670
f 10706 10704 10705
f 10673 10700 10667
f 10673 10707 10700
f 10704 10674 10671
f 10709 10708 10675
f 10709 10675 10674
f 10706 10709 10674
f 10704 10706 10674
f 10710 10708 10709
f 10711 10707 10673
f 10711 10673 10676
f 10713 10712 10677
f 10712 10676 10677
f 10712 10711 10676
f 10713 10714 10712
f 10715 10679 10680
f 10716 10715 10680
f 10716 10680 10675
f 10717 10716 10675
f 10708 10717 10675
f 10717 10708 10710
f 10681 10713 10677
f 10718 10714 10713
f 10681 10718 10713
f 10682 10718 10681
f 10719 10682 10683
f 10719 10718 10682
f 10720 10683 10684
f 10720 10719 10683
f 10721 10684 10685
f 10721 10720 10684
f 10722 10685 10686
f 10722 10721 10685
f 10723 10686 10687
f 10723 10722 10686
f 10724 10687 10688
f 10724 10723 10687
f 10725 10688 10689
f 10725 10724 10688
f 10689 10679 10715
f 10726 10689 10715
f 10725 10689 10726
f 10726 10715 10716
f 10691 10727 10692
f 10692 10727 10728
f 10729 10692 10728
f 10693 10692 10729
f 10693 10730 10694
f 10729 10730 10693
f 10694 10731 10695
f 10730 10731 10694
f 10695 10732 10696
f 10731 10732 10695
f 10732 10734 10733
f 10697 10732 10733
f 10696 10732 10697
f 10733 10698 10697
f 10700 10735 10699
f 10699 10735 10736
f 10737 10699 10736
f 10701 10699 10737
f 10701 10738 10702
f 10737 10738 10701
f 10691 10702 10727
f 10702 10739 10727
f 10702 10738 10739
f 10727 10739 10728
f 10734 10740 10733
f 10733 10740 10698
f 10740 10703 10698
f 10740 10741 10703
f 10703 10742 10705
f 10741 10742 10703
f 10706 10705 10742
f 10706 10742 10743
f 10745 10744 10735
f 10700 10745 10735
f 10707 10745 10700
f 10735 10744 10736
f 10743 10746 10706
f 10706 10746 10709
f 10710 10709 10746
f 10710 10746 10747
f 10748 10745 10707
f 10748 10707 10711
f 10749 10711 10712
f 10749 10748 10711
f 10712 10714 10749
f 10749 10714 10750
f 10751 10716 10717
f 10752 10751 10717
f 10710 10752 10717
f 10747 10752 10710
f 10753 10750 10714
f 10753 10714 10718
f 10754 10718 10719
f 10754 10753 10718
f 10755 10719 10720
f 10755 10754 10719
f 10756 10720 10721
f 10756 10755 10720
f 10757 10721 10722
f 10757 10756 10721
f 10758 10722 10723
f 10758 10757 10722
f 10759 10723 10724
f 10759 10758 10723
f 10760 10724 10725
f 10760 10759 10724
f 10761 10725 10726
f 10761 10760 10725
f 10726 10716 10751
f 10762 10726 10751
f 10761 10726 10762
f 10762 10751 10752
f 10728 10763 10729
f 10764 10730 10729
f 10764 10729 10763
f 10730 10764 10765
f 10766 10730 10765
f 10731 10730 10766
f 10766 10768 10767
f 10732 10766 10767
f 10731 10766 10732
f 10767 10734 10732
f 10736 10769 10737
f 10737 10769 10770
f 10771 10737 10770
f 10738 10737 10771
f 10738 10772 10739
f 10771 10772 10738
f 10728 10739 10763
f 10739 10773 10763
f 10739 10772 10773
f 10763 10773 10764
f 10764 10773 10774
f 10764 10774 10765
f 10768 10775 10767
f 10767 10775 10734
f 10775 10740 10734
f 10775 10776 10740
f 10740 10777 10741
f 10776 10777 10740
f 10741 10778 10742
f 10777 10778 10741
f 10780 10779 10743
f 10742 10780 10743
f 10778 10780 10742
f 10781 10779 10780
f 10745 10782 10744
f 10782 10783 10744
f 10744 10783 10736
f 10783 10784 10736
f 10784 10769 10736
f 10769 10784 10770
f 10779 10746 10743
f 10786 10785 10747
f 10786 10747 10746
f 10781 10786 10746
f 10779 10781 10746
f 10787 10785 10786
f 10748 10782 10745
f 10788 10783 10782
f 10748 10788 10782
f 10749 10788 10748
f 10749 10750 10788
f 10788 10750 10789
f 10791 10790 10785
f 10790 10747 10785
f 10790 10752 10747
f 10791 10785 10787
f 10792 10789 10750
f 10792 10750 10753
f 10793 10753 10754
f 10793 10792 10753
f 10794 10754 10755
f 10794 10793 10754
f 10795 10755 10756
f 10795 10794 10755
f 10796 10756 10757
f 10796 10795 10756
f 10797 10757 10758
f 10797 10796 10757
f 10798 10758 10759
f 10798 10797 10758
f 10799 10759 10760
f 10799 10798 10759
f 10800 10760 10761
f 10800 10799 10760
f 10801 10761 10762
f 10801 10800 10761
f 10762 10752 10790
f 10762 10790 10801
f 10765 10802 10766
f 10802 10768 10766
f 10804 10803 10771
f 10804 10771 10770
f 10771 10805 10772
f 10803 10805 10771
f 10772 10806 10773
f 10805 10806 10772
f 10773 10807 10774
f 10806 10807 10773
f 10765 10774 10802
f 10774 10808 10802
f 10774 10807 10808
f 10802 10808 10768
f 10808 10775 10768
f 10808 10809 10775
f 10775 10810 10776
f 10809 10810 10775
f 10776 10811 10777
f 10810 10811 10776
f 10777 10812 10778
f 10811 10812 10777
f 10778 10813 10780
f 10812 10813 10778
f 10781 10780 10813
f 10781 10813 10814
f 10783 10815 10784
f 10815 10816 10784
f 10816 10770 10784
f 10816 10804 10770
f 10814 10817 10781
f 10781 10817 10786
f 10787 10786 10817
f 10787 10817 10818
f 10788 10815 10783
f 10820 10819 10789
f 10789 10819 10788
f 10819 10816 10788
f 10816 10815 10788
f 10820 10821 10819
f 10822 10790 10791
f 10823 10822 10791
f 10787 10823 10791
f 10818 10823 10787
f 10792 10820 10789
f 10824 10821 10820
f 10792 10824 10820
f 10793 10824 10792
f 10825 10793 10794
f 10825 10824 10793
f 10826 10794 10795
f 10826 10825 10794
f 10827 10795 10796
f 10827 10826 10795
f 10828 10796 10797
f 10828 10827 10796
f 10829 10797 10798
f 10829 10828 10797
f 10830 10798 10799
f 10830 10829 10798
f 10831 10799 10800
f 10831 10830 10799
f 10832 10800 10801
f 10832 10831 10800
f 10801 10790 10822
f 10833 10801 10822
f 10832 10801 10833
f 10833 10822 10823
f 10804 10834 10803
f 10803 10834 10835
f 10836 10803 10835
f 10805 10803 10836
f 10805 10837 10806
f 10836 10837 10805
f 10806 10838 10807
f 10837 10838 10806
f 10807 10839 10808
f 10838 10839 10807
f 10808 10840 10809
f 10839 10840 10808
f 10809 10841 10810
f 10840 10841 10809
f 10810 10842 10811
f 10841 10842 10810
f 10811 10843 10812
f 10842 10843 10811
f 10812 10844 10813
f 10843 10844 10812
f 10814 10813 10844
f 10814 10844 10845
f 10847 10846 10834
f 10804 10847 10834
f 10816 10847 10804
f 10834 10846 10835
f 10845 10848 10814
f 10814 10848 10817
f 10818 10817 10848
f 10818 10848 10849
f 10850 10847 10816
f 10850 10816 10819
f 10819 10821 10850
f 10850 10821 10851
f 10849 10823 10818
f 10852 10823 10849
f 10853 10851 10821
f 10853 10821 10824
f 10854 10824 10825
f 10854 10853 10824
f 10855 10825 10826
f 10855 10854 10825
f 10856 10826 10827
f 10856 10855 10826
f 10857 10827 10828
f 10857 10856 10827
f 10859 10857 10858
f 10857 10829 10858
f 10857 10828 10829
f 10830 10860 10829
f 10829 10860 10858
f 10831 10861 10830
f 10830 10861 10860
f 10861 10831 10862
f 10831 10863 10862
f 10831 10832 10863
f 10864 10832 10833
f 10864 10863 10832
f 10833 10823 10852
f 10833 10852 10864
f 10865 10859 10858
f 10865 10858 10860
f 10865 10860 10866
f 10866 10860 10861
f 10866 10861 10867
f 10867 10861 10862
f 10869 10868 10836
f 10869 10836 10835
f 10836 10870 10837
f 10868 10870 10836
f 10837 10871 10838
f 10870 10871 10837
f 10838 10872 10839
f 10871 10872 10838
f 10839 10873 10840
f 10872 10873 10839
f 10840 10874 10841
f 10873 10874 10840
f 10841 10875 10842
f 10874 10875 10841
f 10842 10876 10843
f 10875 10876 10842
f 10843 10877 10844
f 10876 10877 10843
f 10845 10844 10877
f 10845 10877 10878
f 10880 10879 10846
f 10880 10846 10847
f 10835 10846 10869
f 10869 10846 10879
f 10878 10881 10845
f 10845 10881 10848
f 10849 10848 10881
f 10849 10881 10882
f 10883 10880 10847
f 10883 10847 10850
f 10850 10851 10883
f 10883 10851 10884
f 10882 10852 10849
f 10885 10852 10882
f 10886 10884 10851
f 10886 10851 10853
f 10887 10853 10854
f 10887 10886 10853
f 10888 10854 10855
f 10888 10887 10854
f 10889 10855 10856
f 10889 10888 10855
f 10890 10856 10857
f 10890 10889 10856
f 10892 10891 10859
f 10891 10857 10859
f 10891 10890 10857
f 10892 10893 10891
f 10894 10862 10863
f 10894 10863 10895
f 10863 10896 10895
f 10863 10864 10896
f 10864 10852 10885
f 10864 10885 10896
f 10865 10892 10859
f 10897 10893 10892
f 10865 10897 10892
f 10866 10897 10865
f 10898 10866 10867
f 10898 10897 10866
f 10867 10862 10894
f 10899 10867 10894
f 10898 10867 10899
f 10899 10894 10895
f 10869 10900 10868
f 10868 10900 10901
f 10902 10868 10901
f 10870 10868 10902
f 10870 10903 10871
f 10902 10903 10870
f 10871 10904 10872
f 10903 10904 10871
f 10872 10905 10873
f 10904 10905 10872
f 10873 10906 10874
f 10905 10906 10873
f 10874 10907 10875
f 10906 10907 10874
f 10875 10908 10876
f 10907 10908 10875
f 10876 10909 10877
f 10908 10909 10876
f 10911 10910 10878
f 10877 10911 10878
f 10909 10911 10877
f 10912 10910 10911
f 10880 10913 10879
f 10913 10914 10879
f 10879 10914 10869
f 10914 10915 10869
f 10915 10900 10869
f 10900 10915 10901
f 10910 10881 10878
f 10917 10916 10882
f 10917 10882 10881
f 10912 10917 10881
f 10910 10912 10881
f 10918 10916 10917
f 10883 10913 10880
f 10920 10919 10884
f 10884 10919 10883
f 10919 10914 10883
f 10914 10913 10883
f 10920 10921 10919
f 10922 10885 10916
f 10916 10885 10882
f 10916 10918 10923
f 10916 10923 10922
f 10886 10920 10884
f 10924 10921 10920
f 10886 10924 10920
f 10887 10924 10886
f 10925 10887 10888
f 10925 10924 10887
f 10926 10888 10889
f 10926 10925 10888
f 10927 10889 10890
f 10927 10926 10889
f 10929 10927 10928
f 10927 10891 10928
f 10927 10890 10891
f 10893 10928 10891
f 10930 10895 10896
f 10931 10930 10896
f 10931 10896 10885
f 10932 10931 10885
f 10922 10932 10885
f 10932 10922 10923
f 10933 10929 10928
f 10933 10928 10893
f 10897 10933 10893
f 10934 10933 10897
f 10935 10897 10898
f 10935 10934 10897
f 10936 10898 10899
f 10936 10935 10898
f 10899 10895 10930
f 10937 10899 10930
f 10936 10899 10937
f 10937 10930 10931
f 10939 10938 10902
f 10939 10902 10901
f 10902 10940 10903
f 10938 10940 10902
f 10903 10941 10904
f 10940 10941 10903
f 10904 10942 10905
f 10941 10942 10904
f 10905 10943 10906
f 10942 10943 10905
f 10906 10944 10907
f 10943 10944 10906
f 10907 10945 10908
f 10944 10945 10907
f 10908 10946 10909
f 10945 10946 10908
f 10909 10947 10911
f 10946 10947 10909
f 10912 10911 10947
f 10912 10947 10948
f 10950 10949 10915
f 10950 10915 10914
f 10901 10915 10939
f 10939 10915 10949
f 10948 10951 10912
f 10912 10951 10917
f 10918 10917 10951
f 10918 10951 10952
f 10953 10950 10914
f 10953 10914 10919
f 10919 10921 10953
f 10953 10921 10954
f 10952 10923 10918
f 10955 10923 10952
f 10956 10954 10921
f 10956 10921 10924
f 10957 10924 10925
f 10957 10956 10924
f 10958 10925 10926
f 10958 10957 10925
f 10959 10926 10927
f 10959 10958 10926
f 10927 10929 10959
f 10959 10929 10960
f 10962 10961 10932
f 10932 10961 10931
f 10932 10923 10955
f 10932 10955 10962
f 10963 10960 10929
f 10963 10929 10933
f 10964 10933 10934
f 10964 10963 10933
f 10965 10934 10935
f 10965 10964 10934
f 10966 10935 10936
f 10966 10965 10935
f 10967 10936 10937
f 10967 10966 10936
f 10937 10931 10961
f 10937 10961 10967
f 10939 10968 10938
f 10938 10968 10969
f 10970 10938 10969
f 10940 10938 10970
f 10940 10971 10941
f 10970 10971 10940
f 10941 10972 10942
f 10971 10972 10941
f 10942 10973 10943
f 10972 10973 10942
f 10943 10974 10944
f 10973 10974 10943
f 10944 10975 10945
f 10974 10975 10944
f 10945 10976 10946
f 10975 10976 10945
f 10946 10977 10947
f 10976 10977 10946
f 10948 10947 10977
f 10948 10977 10978
f 10950 10979 10949
f 10979 10980 10949
f 10949 10980 10939
f 10980 10981 10939
f 10981 10968 10939
f 10968 10981 10969
f 10978 10982 10948
f 10948 10982 10951
f 10952 10951 10982
f 10952 10982 10983
f 10953 10979 10950
f 10985 10984 10954
f 10954 10984 10953
f 10984 10980 10953
f 10980 10979 10953
f 10985 10986 10984
f 10983 10955 10952
f 10987 10955 10983
f 10956 10985 10954
f 10988 10986 10985
f 10956 10988 10985
f 10957 10988 10956
f 10989 10957 10958
f 10989 10988 10957
f 10990 10958 10959
f 10990 10989 10958
f 10959 10960 10990
f 10990 10960 10991
f 10993 10992 10962
f 10962 10992 10961
f 10962 10955 10987
f 10962 10987 10993
f 10994 10991 10960
f 10994 10960 10963
f 10995 10963 10964
f 10995 10994 10963
f 10996 10964 10965
f 10996 10995 10964
f 10997 10965 10966
f 10997 10996 10965
f 10998 10966 10967
f 10998 10997 10966
f 10967 10961 10992
f 10967 10992 10998
f 10969 10999 10970
f 11000 10971 10970
f 11000 10970 10999
f 10971 11000 11001
f 11002 10971 11001
f 10972 10971 11002
f 10972 11003 10973
f 11002 11003 10972
f 10973 11004 10974
f 11003 11004 10973
f 10974 11005 10975
f 11004 11005 10974
f 10975 11006 10976
f 11005 11006 10975
f 10976 11007 10977
f 11006 11007 10976
f 10978 10977 11007
f 10978 11007 11008
f 11010 11009 10981
f 11010 10981 10980
f 10969 10981 10999
f 10981 11011 10999
f 10981 11009 11011
f 10999 11011 11000
f 11000 11011 11012
f 11000 11012 11001
f 11008 11013 10978
f 10978 11013 10982
f 10983 10982 11013
f 10983 11013 11014
f 11015 11010 10980
f 11015 10980 10984
f 10984 10986 11015
f 11015 10986 11016
f 11014 10987 10983
f 11017 10987 11014
f 11018 11016 10986
f 11018 10986 10988
f 11019 10988 10989
f 11019 11018 10988
f 11020 10989 10990
f 11020 11019 10989
f 10990 10991 11020
f 11020 10991 11021
f 11022 10992 10993
f 11023 11022 10993
f 10987 11023 10993
f 11017 11023 10987
f 11024 11021 10991
f 11024 10991 10994
f 11025 10994 10995
f 11025 11024 10994
f 11026 10995 10996
f 11026 11025 10995
f 11027 10996 10997
f 11027 11026 10996
f 11028 10997 10998
f 11028 11027 10997
f 10998 10992 11022
f 11029 10998 11022
f 11028 10998 11029
f 11029 11022 11023
f 11001 11030 11002
f 11002 11030 11031
f 11032 11002 11031
f 11003 11002 11032
f 11003 11033 11004
f 11032 11033 11003
f 11004 11034 11005
f 11033 11034 11004
f 11005 11035 11006
f 11034 11035 11005
f 11006 11036 11007
f 11035 11036 11006
f 11008 11007 11036
f 11008 11036 11037
f 11010 11038 11009
f 11009 11038 11039
f 11040 11009 11039
f 11011 11009 11040
f 11011 11041 11012
f 11040 11041 11011
f 11001 11012 11030
f 11012 11042 11030
f 11012 11041 11042
f 11030 11042 11031
f 11037 11043 11008
f 11008 11043 11013
f 11014 11013 11043
f 11014 11043 11044
f 11015 11038 11010
f 11046 11045 11016
f 11016 11045 11015
f 11045 11039 11015
f 11039 11038 11015
f 11046 11047 11045
f 11044 11017 11014
f 11048 11017 11044
f 11018 11046 11016
f 11049 11047 11046
f 11018 11049 11046
f 11019 11049 11018
f 11050 11019 11020
f 11050 11049 11019
f 11020 11021 11050
f 11050 11021 11051
f 11048 11023 11017
f 11052 11023 11048
f 11053 11051 11021
f 11053 11021 11024
f 11054 11024 11025
f 11054 11053 11024
f 11055 11025 11026
f 11055 11054 11025
f 11056 11026 11027
f 11056 11055 11026
f 11057 11027 11028
f 11057 11056 11027
f 11058 11028 11029
f 11058 11057 11028
f 11029 11023 11052
f 11029 11052 11058
f 11031 11059 11032
f 11032 11059 11060
f 11061 11032 11060
f 11033 11032 11061
f 11033 11062 11034
f 11061 11062 11033
f 11034 11063 11035
f 11062 11063 11034
f 11035 11064 11036
f 11063 11064 11035
f 11037 11036 11064
f 11037 11064 11065
f 11039 11066 11040
f 11040 11066 11067
f 11068 11040 11067
f 11041 11040 11068
f 11041 11069 11042
f 11068 11069 11041
f 11031 11042 11059
f 11042 11070 11059
f 11042 11069 11070
f 11059 11070 11060
f 11065 11071 11037
f 11037 11071 11043
f 11044 11043 11071
f 11044 11071 11072
f 11045 11066 11039
f 11045 11047 11066
f 11047 11067 11066
f 11047 11073 11067
f 11075 11048 11074
f 11048 11072 11074
f 11048 11044 11072
f 11076 11075 11074
f 11077 11073 11047
f 11077 11047 11049
f 11078 11049 11050
f 11078 11077 11049
f 11050 11051 11078
f 11078 11051 11079
f 11081 11080 11075
f 11080 11048 11075
f 11080 11052 11048
f 11081 11075 11076
f 11082 11079 11051
f 11082 11051 11053
f 11083 11053 11054
f 11083 11082 11053
f 11084 11054 11055
f 11084 11083 11054
f 11085 11055 11056
f 11085 11084 11055
f 11086 11056 11057
f 11086 11085 11056
f 11087 11057 11058
f 11087 11086 11057
f 11058 11052 11080
f 11058 11080 11087
f 11060 11088 11061
f 11061 11088 11089
f 11090 11061 11089
f 11062 11061 11090
f 11062 11091 11063
f 11090 11091 11062
f 11063 11092 11064
f 11091 11092 11063
f 11094 11093 11065
f 11064 11094 11065
f 11092 11094 11064
f 11095 11093 11094
f 11067 11096 11068
f 11068 11096 11097
f 11098 11068 11097
f 11069 11068 11098
f 11069 11099 11070
f 11098 11099 11069
f 11060 11070 11088
f 11070 11100 11088
f 11070 11099 11100
f 11088 11100 11089
f 11093 11071 11065
f 11072 11071 11093
f 11095 11072 11093
f 11101 11072 11095
f 11073 11102 11096
f 11073 11096 11067
f 11097 11096 11103
f 11103 11096 11102
f 11101 11104 11072
f 11072 11104 11074
f 11076 11074 11104
f 11076 11104 11105
f 11077 11102 11073
f 11106 11103 11102
f 11077 11106 11102
f 11078 11106 11077
f 11078 11079 11106
f 11106 11079 11107
f 11108 11080 11081
f 11109 11108 11081
f 11076 11109 11081
f 11105 11109 11076
f 11110 11107 11079
f 11110 11079 11082
f 11111 11082 11083
f 11111 11110 11082
f 11112 11083 11084
f 11112 11111 11083
f 11113 11084 11085
f 11113 11112 11084
f 11114 11085 11086
f 11114 11113 11085
f 11115 11086 11087
f 11115 11114 11086
f 11087 11080 11108
f 11116 11087 11108
f 11115 11087 11116
f 11116 11108 11109
f 11118 11117 11090
f 11118 11090 11089
f 11090 11119 11091
f 11117 11119 11090
f 11091 11120 11092
f 11119 11120 11091
f 11092 11121 11094
f 11120 11121 11092
f 11095 11094 11121
f 11095 11121 11122
f 11124 11123 11098
f 11124 11098 11097
f 11098 11125 11099
f 11123 11125 11098
f 11099 11126 11100
f 11125 11126 11099
f 11089 11100 11118
f 11118 11100 11126
f 11128 11101 11127
f 11101 11122 11127
f 11101 11095 11122
f 11129 11128 11127
f 11103 11124 11097
f 11103 11130 11124
f 11128 11104 11101
f 11105 11104 11128
f 11129 11105 11128
f 11131 11105 11129
f 11132 11130 11103
f 11132 11103 11106
f 11134 11133 11107
f 11133 11106 11107
f 11133 11132 11106
f 11134 11135 11133
f 11131 11109 11105
f 11136 11109 11131
f 11110 11134 11107
f 11137 11135 11134
f 11110 11137 11134
f 11111 11137 11110
f 11138 11111 11112
f 11138 11137 11111
f 11139 11112 11113
f 11139 11138 11112
f 11140 11113 11114
f 11140 11139 11113
f 11141 11114 11115
f 11141 11140 11114
f 11142 11115 11116
f 11142 11141 11115
f 11116 11109 11136
f 11116 11136 11142
f 11118 11143 11117
f 11117 11143 11144
f 11145 11117 11144
f 11119 11117 11145
f 11119 11146 11120
f 11145 11146 11119
f 11146 11148 11147
f 11121 11146 11147
f 11120 11146 11121
f 11147 11122 11121
f 11124 11149 11123
f 11123 11149 11150
f 11151 11123 11150
f 11125 11123 11151
f 11125 11152 11126
f 11151 11152 11125
f 11118 11126 11143
f 11126 11153 11143
f 11126 11152 11153
f 11143 11153 11144
f 11148 11154 11147
f 11147 11154 11122
f 11154 11127 11122
f 11154 11155 11127
f 11129 11127 11155
f 11129 11155 11156
f 11158 11157 11149
f 11124 11158 11149
f 11130 11158 11124
f 11149 11157 11150
f 11156 11131 11129
f 11159 11131 11156
f 11160 11158 11130
f 11160 11130 11132
f 11161 11132 11133
f 11161 11160 11132
f 11133 11135 11161
f 11161 11135 11162
f 11159 11136 11131
f 11163 11136 11159
f 11164 11162 11135
f 11164 11135 11137
f 11165 11137 11138
f 11165 11164 11137
f 11166 11138 11139
f 11166 11165 11138
f 11167 11139 11140
f 11167 11166 11139
f 11168 11140 11141
f 11168 11167 11140
f 11169 11141 11142
f 11169 11168 11141
f 11142 11136 11163
f 11142 11163 11169
f 11144 11170 11145
f 11145 11170 11171
f 11172 11145 11171
f 11146 11145 11172
f 11148 11146 11172
f 11148 11172 11173
f 11150 11174 11151
f 11151 11174 11175
f 11176 11151 11175
f 11152 11151 11176
f 11152 11177 11153
f 11176 11177 11152
f 11144 11153 11170
f 11153 11178 11170
f 11153 11177 11178
f 11170 11178 11171
f 11173 11179 11148
f 11148 11179 11154
f 11154 11180 11155
f 11179 11180 11154
f 11156 11155 11180
f 11156 11180 11181
f 11158 11182 11157
f 11182 11183 11157
f 11157 11183 11150
f 11183 11184 11150
f 11184 11174 11150
f 11174 11184 11175
f 11181 11159 11156
f 11185 11159 11181
f 11160 11182 11158
f 11186 11183 11182
f 11160 11186 11182
f 11161 11186 11160
f 11161 11162 11186
f 11186 11162 11187
f 11185 11163 11159
f 11188 11163 11185
f 11189 11187 11162
f 11189 11162 11164
f 11190 11164 11165
f 11190 11189 11164
f 11191 11165 11166
f 11191 11190 11165
f 11192 11166 11167
f 11192 11191 11166
f 11193 11167 11168
f 11193 11192 11167
f 11194 11168 11169
f 11194 11193 11168
f 11169 11163 11188
f 11169 11188 11194
f 11196 11195 11172
f 11196 11172 11171
f 11173 11172 11195
f 11173 11195 11197
f 11199 11198 11176
f 11199 11176 11175
f 11176 11200 11177
f 11198 11200 11176
f 11177 11201 11178
f 11200 11201 11177
f 11171 11178 11196
f 11196 11178 11201
f 11197 11202 11173
f 11173 11202 11179
f 11179 11203 11180
f 11202 11203 11179
f 11181 11180 11203
f 11181 11203 11204
f 11206 11205 11184
f 11206 11184 11183
f 11175 11184 11199
f 11199 11184 11205
f 11204 11185 11181
f 11207 11185 11204
f 11208 11206 11183
f 11208 11183 11186
f 11210 11209 11187
f 11209 11186 11187
f 11209 11208 11186
f 11210 11211 11209
f 11207 11188 11185
f 11212 11188 11207
f 11189 11210 11187
f 11213 11211 11210
f 11189 11213 11210
f 11190 11213 11189
f 11214 11190 11191
f 11214 11213 11190
f 11215 11191 11192
f 11215 11214 11191
f 11216 11192 11193
f 11216 11215 11192
f 11217 11193 11194
f 11217 11216 11193
f 11194 11188 11212
f 11194 11212 11217
f 11196 11218 11195
f 11218 11197 11195
f 11199 11219 11198
f 11198 11219 11220
f 11221 11198 11220
f 11200 11198 11221
f 11200 11222 11201
f 11221 11222 11200
f 11196 11201 11218
f 11201 11223 11218
f 11201 11222 11223
f 11218 11223 11197
f 11223 11202 11197
f 11223 11224 11202
f 11202 11225 11203
f 11224 11225 11202
f 11204 11203 11225
f 11204 11225 11226
f 11206 11227 11205
f 11227 11228 11205
f 11205 11228 11199
f 11228 11229 11199
f 11229 11219 11199
f 11219 11229 11220
f 11231 11207 11230
f 11207 11226 11230
f 11207 11204 11226
f 11232 11231 11230
f 11208 11227 11206
f 11233 11228 11227
f 11208 11233 11227
f 11209 11233 11208
f 11209 11211 11233
f 11233 11211 11234
f 11235 11212 11231
f 11231 11212 11207
f 11231 11232 11236
f 11231 11236 11235
f 11237 11234 11211
f 11237 11211 11213
f 11238 11213 11214
f 11238 11237 11213
f 11239 11214 11215
f 11239 11238 11214
f 11241 11239 11240
f 11239 11216 11240
f 11239 11215 11216
f 11240 11216 11242
f 11216 11243 11242
f 11216 11217 11243
f 11217 11212 11235
f 11244 11217 11235
f 11243 11217 11244
f 11244 11235 11236
f 11245 11241 11240
f 11245 11240 11242
f 11247 11246 11221
f 11247 11221 11220
f 11221 11248 11222
f 11246 11248 11221
f 11222 11249 11223
f 11248 11249 11222
f 11223 11250 11224
f 11249 11250 11223
f 11224 11251 11225
f 11250 11251 11224
f 11226 11225 11251
f 11226 11251 11252
f 11254 11253 11229
f 11254 11229 11228
f 11220 11229 11247
f 11247 11229 11253
f 11252 11255 11226
f 11226 11255 11230
f 11232 11230 11255
f 11232 11255 11256
f 11257 11254 11228
f 11257 11228 11233
f 11233 11234 11257
f 11257 11234 11258
f 11256 11236 11232
f 11259 11236 11256
f 11260 11258 11234
f 11260 11234 11237
f 11261 11237 11238
f 11261 11260 11237
f 11262 11238 11239
f 11262 11261 11238
f 11239 11241 11262
f 11262 11241 11263
f 11265 11264 11243
f 11243 11264 11242
f 11266 11243 11244
f 11266 11265 11243
f 11244 11236 11259
f 11244 11259 11266
f 11267 11263 11241
f 11267 11241 11245
f 11245 11242 11264
f 11245 11264 11267
f 11247 11268 11246
f 11246 11268 11269
f 11270 11246 11269
f 11248 11246 11270
f 11248 11271 11249
f 11270 11271 11248
f 11249 11272 11250
f 11271 11272 11249
f 11250 11273 11251
f 11272 11273 11250
f 11252 11251 11273
f 11252 11273 11274
f 11254 11275 11253
f 11275 11276 11253
f 11253 11276 11247
f 11276 11277 11247
f 11277 11268 11247
f 11268 11277 11269
f 11274 11278 11252
f 11252 11278 11255
f 11256 11255 11278
f 11256 11278 11279
f 11257 11275 11254
f 11257 11258 11275
f 11258 11276 11275
f 11258 11280 11276
f 11279 11259 11256
f 11281 11259 11279
f 11282 11280 11258
f 11282 11258 11260
f 11283 11260 11261
f 11283 11282 11260
f 11284 11261 11262
f 11284 11283 11261
f 11262 11263 11284
f 11284 11263 11285
f 11286 11264 11265
f 11286 11265 11287
f 11265 11288 11287
f 11265 11266 11288
f 11266 11259 11281
f 11266 11281 11288
f 11289 11285 11263
f 11289 11263 11267
f 11267 11264 11286
f 11290 11267 11286
f 11289 11267 11290
f 11290 11286 11287
f 11292 11291 11270
f 11292 11270 11269
f 11270 11293 11271
f 11291 11293 11270
f 11271 11294 11272
f 11293 11294 11271
f 11272 11295 11273
f 11294 11295 11272
f 11274 11273 11295
f 11274 11295 11296
f 11298 11297 11277
f 11298 11277 11276
f 11269 11277 11292
f 11292 11277 11297
f 11296 11299 11274
f 11274 11299 11278
f 11279 11278 11299
f 11279 11299 11300
f 11280 11298 11276
f 11280 11301 11298
f 11300 11281 11279
f 11302 11281 11300
f 11303 11301 11280
f 11303 11280 11282
f 11304 11282 11283
f 11304 11303 11282
f 11306 11304 11305
f 11304 11284 11305
f 11304 11283 11284
f 11285 11305 11284
f 11307 11287 11288
f 11308 11307 11288
f 11281 11308 11288
f 11302 11308 11281
f 11309 11306 11305
f 11309 11305 11285
f 11289 11309 11285
f 11310 11309 11289
f 11311 11289 11290
f 11311 11310 11289
f 11290 11287 11307
f 11312 11290 11307
f 11311 11290 11312
f 11312 11307 11308
f 11292 11313 11291
f 11291 11313 11314
f 11315 11291 11314
f 11293 11291 11315
f 11293 11316 11294
f 11315 11316 11293
f 11294 11317 11295
f 11316 11317 11294
f 11296 11295 11317
f 11296 11317 11318
f 11298 11319 11297
f 11319 11320 11297
f 11297 11320 11292
f 11320 11321 11292
f 11321 11313 11292
f 11313 11321 11314
f 11318 11322 11296
f 11296 11322 11299
f 11300 11299 11322
f 11300 11322 11323
f 11301 11324 11319
f 11301 11319 11298
f 11320 11319 11325
f 11325 11319 11324
f 11327 11302 11326
f 11302 11323 11326
f 11302 11300 11323
f 11328 11327 11326
f 11303 11324 11301
f 11329 11325 11324
f 11303 11329 11324
f 11304 11329 11303
f 11304 11306 11329
f 11329 11306 11330
f 11332 11331 11327
f 11331 11302 11327
f 11331 11308 11302
f 11332 11327 11328
f 11333 11330 11306
f 11333 11306 11309
f 11334 11309 11310
f 11334 11333 11309
f 11335 11310 11311
f 11335 11334 11310
f 11336 11311 11312
f 11336 11335 11311
f 11312 11308 11331
f 11312 11331 11336
f 11314 11337 11315
f 11315 11337 11338
f 11339 11315 11338
f 11316 11315 11339
f 11316 11340 11317
f 11339 11340 11316
f 11342 11341 11318
f 11317 11342 11318
f 11340 11342 11317
f 11343 11341 11342
f 11345 11344 11321
f 11345 11321 11320
f 11314 11321 11337
f 11321 11346 11337
f 11321 11344 11346
f 11337 11346 11338
f 11341 11322 11318
f 11323 11322 11341
f 11343 11323 11341
f 11347 11323 11343
f 11325 11345 11320
f 11325 11348 11345
f 11347 11349 11323
f 11323 11349 11326
f 11328 11326 11349
f 11328 11349 11350
f 11351 11348 11325
f 11351 11325 11329
f 11329 11330 11351
f 11351 11330 11352
f 11354 11353 11332
f 11332 11353 11331
f 11332 11328 11350
f 11332 11350 11354
f 11355 11352 11330
f 11355 11330 11333
f 11356 11333 11334
f 11356 11355 11333
f 11357 11334 11335
f 11357 11356 11334
f 11358 11335 11336
f 11358 11357 11335
f 11336 11331 11353
f 11336 11353 11358
f 11360 11359 11339
f 11360 11339 11338
f 11339 11361 11340
f 11359 11361 11339
f 11340 11362 11342
f 11361 11362 11340
f 11343 11342 11362
f 11343 11362 11363
f 11345 11364 11344
f 11344 11364 11365
f 11366 11344 11365
f 11346 11344 11366
f 11338 11346 11360
f 11360 11346 11366
f 11368 11347 11367
f 11347 11363 11367
f 11347 11343 11363
f 11369 11368 11367
f 11348 11370 11364
f 11348 11364 11345
f 11365 11364 11371
f 11371 11364 11370
f 11368 11349 11347
f 11350 11349 11368
f 11369 11350 11368
f 11372 11350 11369
f 11351 11370 11348
f 11351 11352 11370
f 11352 11371 11370
f 11352 11373 11371
f 11375 11374 11354
f 11354 11374 11353
f 11354 11350 11372
f 11354 11372 11375
f 11376 11373 11352
f 11376 11352 11355
f 11377 11355 11356
f 11377 11376 11355
f 11378 11356 11357
f 11378 11377 11356
f 11379 11357 11358
f 11379 11378 11357
f 11358 11353 11374
f 11358 11374 11379
f 11360 11380 11359
f 11359 11380 11381
f 11382 11359 11381
f 11361 11359 11382
f 11382 11384 11383
f 11362 11382 11383
f 11361 11382 11362
f 11383 11363 11362
f 11365 11385 11366
f 11385 11386 11366
f 11366 11386 11360
f 11386 11387 11360
f 11387 11380 11360
f 11380 11387 11381
f 11384 11388 11383
f 11383 11388 11363
f 11388 11367 11363
f 11388 11389 11367
f 11369 11367 11389
f 11369 11389 11390
f 11392 11391 11385
f 11365 11392 11385
f 11371 11392 11365
f 11385 11391 11386
f 11390 11372 11369
f 11393 11372 11390
f 11373 11395 11394
f 11392 11373 11394
f 11371 11373 11392
f 11395 11396 11394
f 11398 11397 11375
f 11375 11397 11374
f 11375 11372 11393
f 11375 11393 11398
f 11376 11395 11373
f 11399 11396 11395
f 11376 11399 11395
f 11377 11399 11376
f 11400 11377 11378
f 11400 11399 11377
f 11401 11378 11379
f 11401 11400 11378
f 11379 11374 11397
f 11379 11397 11401
f 11381 11402 11382
f 11402 11384 11382
f 11404 11403 11387
f 11404 11387 11386
f 11381 11387 11402
f 11387 11405 11402
f 11387 11403 11405
f 11402 11405 11384
f 11405 11388 11384
f 11405 11406 11388
f 11406 11408 11407
f 11389 11406 11407
f 11388 11406 11389
f 11407 11390 11389
f 11392 11409 11391
f 11404 11386 11410
f 11386 11409 11410
f 11409 11411 11410
f 11386 11391 11409
f 11411 11412 11410
f 11407 11408 11413
f 11413 11408 11414
f 11413 11393 11390
f 11413 11390 11407
f 11394 11409 11392
f 11409 11394 11396
f 11415 11409 11396
f 11411 11409 11415
f 11412 11411 11416
f 11411 11417 11416
f 11411 11415 11417
f 11419 11418 11417
f 11417 11418 11416
f 11418 11419 11414
f 11414 11419 11413
f 11419 11397 11413
f 11397 11398 11413
f 11413 11398 11393
f 11399 11415 11396
f 11415 11399 11400
f 11415 11400 11417
f 11417 11400 11401
f 11417 11401 11419
f 11419 11401 11397
f 11404 11420 11403
f 11421 11405 11403
f 11421 11403 11420
f 11422 11406 11405
f 11422 11405 11421
f 11422 11408 11406
f 11410 11420 11404
f 11420 11410 11412
f 11423 11420 11412
f 11421 11420 11423
f 11421 11424 11422
f 11421 11423 11424
f 11424 11414 11408
f 11424 11408 11422
f 11416 11423 11412
f 11423 11416 11418
f 11423 11418 11424
f 11424 11418 11414