# https://github.com/mikedh/trimesh
v -0.30474555 0.01562500 -0.03125000
v -0.30468750 0.01530325 -0.03125000
v -0.30468750 0.01562500 -0.03164536
v -0.30468750 0.01562500 -0.03122222
v -0.30468750 0.01562750 -0.03125000
v -0.30423027 0.01562500 -0.03125000
v -0.13826895 -0.03125000 -0.09375000
v -0.13281250 -0.03670645 -0.09375000
v -0.13281250 -0.03125000 -0.09958714
v -0.13597280 -0.03125000 -0.08593750
v -0.13281250 -0.03441030 -0.08593750
v -0.13281250 -0.03125000 -0.07870471
v -0.13984859 -0.03125000 -0.05468750
v -0.13281250 -0.03864700 -0.05468750
v -0.13281250 -0.03125000 -0.06172359
v -0.13978571 -0.03125000 -0.04687500
v -0.13281250 -0.03822321 -0.04687500
v -0.13903207 -0.03125000 -0.03906250
v -0.13281250 -0.03746957 -0.03906250
v -0.13281250 -0.03125000 -0.03277290
v -0.13281250 -0.02579355 -0.09375000
v -0.13281250 -0.02343750 -0.09308720
v -0.13996220 -0.02343750 -0.08593750
v -0.13281250 -0.03123474 -0.07812500
v -0.14035368 -0.02343750 -0.07812500
v -0.14042407 -0.02343750 -0.07031250
v -0.13281250 -0.03107327 -0.07031250
v -0.14045084 -0.02343750 -0.06250000
v -0.13281250 -0.03107584 -0.06250000
v -0.14046818 -0.02343750 -0.05468750
v -0.14046222 -0.02343750 -0.04687500
v -0.14046180 -0.02343750 -0.03906250
v -0.13281250 -0.03109634 -0.03125000
v -0.14046270 -0.02343750 -0.03125000
v -0.14033008 -0.02343750 -0.02343750
v -0.13281250 -0.03095508 -0.02343750
v -0.13281250 -0.02343750 -0.01591992
v -0.13281250 -0.01628780 -0.08593750
v -0.13281250 -0.01589632 -0.07812500
v -0.13281250 -0.01582593 -0.07031250
v -0.13281250 -0.01579916 -0.06250000
v -0.13281250 -0.01578182 -0.05468750
v -0.13281250 -0.01578778 -0.04687500
v -0.13281250 -0.01578820 -0.03906250
v -0.13281250 -0.01578730 -0.03125000
v -0.13281250 -0.01591992 -0.02343750
v -0.13138235 -0.04687500 -0.08593750
v -0.12500000 -0.05325735 -0.08593750
v -0.12500000 -0.04687500 -0.09231985
v -0.13227510 -0.04687500 -0.07812500
v -0.12500000 -0.05415010 -0.07812500
v -0.13243324 -0.04687500 -0.07031250
v -0.12500000 -0.05430824 -0.07031250
v -0.13250744 -0.04687500 -0.06250000
v -0.12500000 -0.05438244 -0.06250000
v -0.13248503 -0.04687500 -0.05468750
v -0.12500000 -0.05436003 -0.05468750
v -0.13240892 -0.04687500 -0.04687500
v -0.12500000 -0.05428392 -0.04687500
v -0.13215810 -0.04687500 -0.03906250
v -0.12500000 -0.05403310 -0.03906250
v -0.13134730 -0.04687500 -0.03125000
v -0.12500000 -0.05322230 -0.03125000
v -0.12500000 -0.04687500 -0.02490270
v -0.13191366 -0.03906250 -0.12500000
v -0.12500000 -0.04597616 -0.12500000
v -0.12500000 -0.03906250 -0.13191366
v -0.13204467 -0.03906250 -0.11718750
v -0.12500000 -0.04610717 -0.11718750
v -0.13182163 -0.03906250 -0.10937500
v -0.12500000 -0.04588413 -0.10937500
v -0.13229948 -0.03906250 -0.10156250
v -0.12500000 -0.04636198 -0.10156250
v -0.13247204 -0.03906250 -0.09375000
v -0.12500000 -0.04653454 -0.09375000
v -0.13257825 -0.03906250 -0.08593750
v -0.13261509 -0.03906250 -0.07812500
v -0.13263661 -0.03906250 -0.07031250
v -0.13264436 -0.03906250 -0.06250000
v -0.13272762 -0.03906250 -0.05468750
v -0.13263661 -0.03906250 -0.04687500
v -0.13260043 -0.03906250 -0.03906250
v -0.13256633 -0.03906250 -0.03125000
v -0.12500000 -0.04646254 -0.02343750
v -0.13240004 -0.03906250 -0.02343750
v -0.12500000 -0.03906250 -0.01603746
v -0.13226211 -0.03125000 -0.12500000
v -0.12500000 -0.03125000 -0.13226211
v -0.13246012 -0.03125000 -0.11718750
v -0.13247454 -0.03125000 -0.10937500
v -0.13263768 -0.03125000 -0.10156250
v -0.13280380 -0.03125000 -0.07812500
v -0.13268220 -0.03125000 -0.07031250
v -0.13268268 -0.03125000 -0.06250000
v -0.13267702 -0.03125000 -0.03125000
v -0.13263530 -0.03125000 -0.02343750
v -0.12500000 -0.03872901 -0.01562500
v -0.13247901 -0.03125000 -0.01562500
v -0.12500000 -0.03125000 -0.00814599
v -0.12920725 -0.02343750 -0.12500000
v -0.12500000 -0.02343750 -0.12920725
v -0.13186657 -0.02343750 -0.11718750
v -0.13235104 -0.02343750 -0.10937500
v -0.13251817 -0.02343750 -0.10156250
v -0.13263237 -0.02343750 -0.09375000
v -0.13256431 -0.02343750 -0.01562500
v -0.12500000 -0.02343750 -0.00806069
v -0.12500000 -0.01923025 -0.12500000
v -0.12500000 -0.01657093 -0.11718750
v -0.12500000 -0.01608646 -0.10937500
v -0.12500000 -0.01591933 -0.10156250
v -0.12500000 -0.01562500 -0.09915930
v -0.13040930 -0.01562500 -0.09375000
v -0.13219470 -0.01562500 -0.08593750
v -0.13249660 -0.01562500 -0.07812500
v -0.13260543 -0.01562500 -0.07031250
v -0.13263613 -0.01562500 -0.06250000
v -0.13264108 -0.01562500 -0.05468750
v -0.13260794 -0.01562500 -0.04687500
v -0.13258624 -0.01562500 -0.03906250
v -0.13251108 -0.01562500 -0.03125000
v -0.13202226 -0.01562500 -0.02343750
v -0.12500000 -0.01562500 -0.01641524
v -0.12500000 -0.01587319 -0.01562500
v -0.12500000 -0.01021570 -0.09375000
v -0.12500000 -0.00843030 -0.08593750
v -0.12500000 -0.00812840 -0.07812500
v -0.12500000 -0.00801957 -0.07031250
v -0.12500000 -0.00798887 -0.06250000
v -0.12500000 -0.00798392 -0.05468750
v -0.12500000 -0.00801706 -0.04687500
v -0.12500000 -0.00803876 -0.03906250
v -0.12500000 -0.00811392 -0.03125000
v -0.12500000 -0.00860274 -0.02343750
v -0.12379849 -0.05468750 -0.06250000
v -0.11718750 -0.06129849 -0.06250000
v -0.11718750 -0.05468750 -0.06911099
v -0.12416160 -0.05468750 -0.05468750
v -0.11718750 -0.06166160 -0.05468750
v -0.12428373 -0.05468750 -0.04687500
v -0.11718750 -0.06178373 -0.04687500
v -0.12412232 -0.05468750 -0.03906250
v -0.11718750 -0.06162232 -0.03906250
v -0.11718750 -0.05468750 -0.03125507
v -0.12398964 -0.04687500 -0.10937500
v -0.11718750 -0.05367714 -0.10937500
v -0.11718750 -0.04687500 -0.11617714
v -0.12460285 -0.04687500 -0.10156250
v -0.11718750 -0.05429035 -0.10156250
v -0.12476552 -0.04687500 -0.09375000
v -0.11718750 -0.05445302 -0.09375000
v -0.11718750 -0.05451506 -0.08593750
v -0.11718750 -0.05454779 -0.07812500
v -0.11718750 -0.05457467 -0.07031250
v -0.11718750 -0.05468684 -0.03125000
v -0.12486458 -0.04687500 -0.02343750
v -0.11718750 -0.05455208 -0.02343750
v -0.12479341 -0.04687500 -0.01562500
v -0.11718750 -0.05448091 -0.01562500
v -0.12436670 -0.04687500 -0.00781250
v -0.11718750 -0.05405420 -0.00781250
v -0.11718750 -0.04687500 -0.00063330
v -0.12005472 -0.03906250 -0.14843750
v -0.11718750 -0.04192972 -0.14843750
v -0.11718750 -0.03906250 -0.15130472
v -0.12462926 -0.03906250 -0.14062500
v -0.11718750 -0.04650426 -0.14062500
v -0.12479079 -0.03906250 -0.13281250
v -0.11718750 -0.04666579 -0.13281250
v -0.11718750 -0.04673284 -0.12500000
v -0.11718750 -0.04674107 -0.11718750
v -0.12481922 -0.03906250 -0.01562500
v -0.12463361 -0.03906250 -0.00781250
v -0.11718750 -0.03906250 -0.00036639
v -0.11718750 -0.03619528 -0.14843750
v -0.11718750 -0.03125000 -0.14784932
v -0.12441182 -0.03125000 -0.14062500
v -0.12472504 -0.03125000 -0.13281250
v -0.12471139 -0.03125000 -0.00781250
v -0.11718750 -0.03125000 -0.00028861
v -0.12444556 -0.02343750 -0.14062500
v -0.11718750 -0.02343750 -0.14788306
v -0.12466145 -0.02343750 -0.13281250
v -0.12476748 -0.02343750 -0.00781250
v -0.11718750 -0.02963567 0.00000000
v -0.12338567 -0.02343750 0.00000000
v -0.11718750 -0.02343750 0.00619817
v -0.11718750 -0.01617944 -0.14062500
v -0.11718750 -0.01570398 -0.13281250
v -0.12389588 -0.01562500 -0.12500000
v -0.11718750 -0.01562500 -0.13253301
v -0.12444216 -0.01562500 -0.11718750
v -0.12463748 -0.01562500 -0.10937500
v -0.12472272 -0.01562500 -0.10156250
v -0.12458766 -0.01562500 -0.01562500
v -0.12081349 -0.01562500 -0.00781250
v -0.11718750 -0.01562500 -0.00418651
v -0.11718750 -0.01723933 0.00000000
v -0.11718750 -0.00891662 -0.12500000
v -0.11718750 -0.00837034 -0.11718750
v -0.11718750 -0.00817502 -0.10937500
v -0.11718750 -0.00808978 -0.10156250
v -0.11718750 -0.00802410 -0.09375000
v -0.11718750 -0.00799018 -0.08593750
v -0.11718750 -0.00795978 -0.07812500
v -0.11718750 -0.00793713 -0.07031250
v -0.11718750 -0.00792354 -0.06250000
v -0.11718750 -0.00792319 -0.05468750
v -0.11718750 -0.00792605 -0.04687500
v -0.11718750 -0.00793040 -0.03906250
v -0.11718750 -0.00794822 -0.03125000
v -0.11718750 -0.00802720 -0.02343750
v -0.11718750 -0.00822484 -0.01562500
v -0.11718750 -0.01199901 -0.00781250
v -0.11629862 -0.05468750 -0.09375000
v -0.10937500 -0.06161112 -0.09375000
v -0.10937500 -0.05468750 -0.10067362
v -0.11673462 -0.05468750 -0.08593750
v -0.10937500 -0.06204712 -0.08593750
v -0.11684108 -0.05468750 -0.07812500
v -0.10937500 -0.06215358 -0.07812500
v -0.11690229 -0.05468750 -0.07031250
v -0.10937500 -0.06221479 -0.07031250
v -0.10937500 -0.06226254 -0.06250000
v -0.10937500 -0.06229252 -0.05468750
v -0.10937500 -0.06231487 -0.04687500
v -0.10937500 -0.06231433 -0.03906250
v -0.11718643 -0.05468750 -0.03125000
v -0.10937500 -0.06229234 -0.03125000
v -0.11694652 -0.05468750 -0.02343750
v -0.10937500 -0.06225902 -0.02343750
v -0.11670095 -0.05468750 -0.01562500
v -0.10937500 -0.06201345 -0.01562500
v -0.10937500 -0.05468750 -0.00829905
v -0.11549866 -0.04687500 -0.14062500
v -0.10937500 -0.05299866 -0.14062500
v -0.10937500 -0.04687500 -0.14674866
v -0.11685866 -0.04687500 -0.13281250
v -0.10937500 -0.05435866 -0.13281250
v -0.11697316 -0.04687500 -0.12500000
v -0.10937500 -0.05447316 -0.12500000
v -0.11700612 -0.04687500 -0.11718750
v -0.10937500 -0.05450612 -0.11718750
v -0.10937500 -0.05453569 -0.10937500
v -0.10937500 -0.05456817 -0.10156250
v -0.10937500 -0.05456680 -0.00781250
v -0.11698371 -0.04687500 0.00000000
v -0.10937500 -0.05448371 0.00000000
v -0.11644334 -0.04687500 0.00781250
v -0.10937500 -0.05394334 0.00781250
v -0.10937500 -0.04687500 0.01488090
v -0.11644828 -0.03906250 -0.15625000
v -0.10937500 -0.04613578 -0.15625000
v -0.10937500 -0.03906250 -0.16332328
v -0.10937500 -0.04672229 -0.14843750
v -0.11703104 -0.03906250 0.00000000
v -0.11651748 -0.03906250 0.00781250
v -0.10937500 -0.03906250 0.01495504
v -0.10937500 -0.03198922 -0.15625000
v -0.11667639 -0.03125000 -0.14843750
v -0.10937500 -0.03125000 -0.15573889
v -0.11691517 -0.03125000 0.00000000
v -0.10937500 -0.03125000 0.00754023
v -0.10937500 -0.03192002 0.00781250
v -0.11598808 -0.02343750 -0.14843750
v -0.10937500 -0.02343750 -0.15505058
v -0.11680490 -0.02343750 0.00781250
v -0.10937500 -0.03086740 0.00781250
v -0.10937500 -0.02343750 0.01524246
v -0.10937500 -0.01682442 -0.14843750
v -0.11614317 -0.01562500 -0.14062500
v -0.10937500 -0.01562500 -0.14739317
v -0.11709976 -0.01562500 -0.13281250
v -0.11631536 -0.01562500 0.00000000
v -0.10937500 -0.01562500 0.00694036
v -0.10937500 -0.01600760 0.00781250
v -0.10937500 -0.00885683 -0.14062500
v -0.10937500 -0.00818717 -0.13281250
v -0.10937500 -0.00804687 -0.12500000
v -0.10937500 -0.00798279 -0.11718750
v -0.11527413 -0.00781250 -0.10937500
v -0.10937500 -0.00781250 -0.11527413
v -0.11594504 -0.00781250 -0.10156250
v -0.11597961 -0.00781250 -0.09375000
v -0.11428517 -0.00781250 -0.08593750
v -0.10937500 -0.00781250 -0.07842797
v -0.10937500 -0.00781965 -0.07812500
v -0.11147559 -0.00781250 -0.07031250
v -0.10937500 -0.00781250 -0.07690209
v -0.10937500 -0.00781250 -0.06750315
v -0.10937500 -0.00787795 -0.06250000
v -0.10937500 -0.00791234 -0.05468750
v -0.10937500 -0.00791425 -0.04687500
v -0.10937500 -0.00791711 -0.03906250
v -0.10937500 -0.00792068 -0.03125000
v -0.10937500 -0.00793481 -0.02343750
v -0.10937500 -0.00797945 -0.01562500
v -0.10937500 -0.00809985 -0.00781250
v -0.10937500 -0.00868464 0.00000000
v -0.10937500 -0.00191337 -0.10937500
v -0.10937500 -0.00124246 -0.10156250
v -0.10937500 -0.00120789 -0.09375000
v -0.10937500 -0.00290233 -0.08593750
v -0.10937500 -0.00571191 -0.07031250
v -0.10838991 -0.05468750 -0.10937500
v -0.10156250 -0.06151491 -0.10937500
v -0.10156250 -0.05468750 -0.11620241
v -0.10878247 -0.05468750 -0.10156250
v -0.10156250 -0.06190747 -0.10156250
v -0.10156250 -0.06214941 -0.09375000
v -0.10156250 -0.06224507 -0.08593750
v -0.10156250 -0.06229544 -0.07812500
v -0.10156250 -0.06232357 -0.07031250
v -0.10156250 -0.06234664 -0.06250000
v -0.10156250 -0.06236088 -0.05468750
v -0.10156250 -0.06237257 -0.04687500
v -0.10156250 -0.06237006 -0.03906250
v -0.10156250 -0.06235957 -0.03125000
v -0.10156250 -0.06234139 -0.02343750
v -0.10156250 -0.06228477 -0.01562500
v -0.10884899 -0.05468750 -0.00781250
v -0.10156250 -0.06197399 -0.00781250
v -0.10156250 -0.05468750 -0.00052601
v -0.10904849 -0.04687500 -0.14843750
v -0.10156250 -0.05436099 -0.14843750
v -0.10156250 -0.04687500 -0.15592349
v -0.10156250 -0.05451190 -0.14062500
v -0.10156250 -0.05456704 -0.13281250
v -0.10156250 -0.05458695 -0.12500000
v -0.10156250 -0.05459315 -0.11718750
v -0.10156250 -0.05457681 0.00000000
v -0.10156250 -0.05447859 0.00781250
v -0.10156250 -0.04687500 0.01541603
v -0.10881096 -0.03906250 -0.16406250
v -0.10156250 -0.04631096 -0.16406250
v -0.10156250 -0.03906250 -0.17131096
v -0.10156250 -0.04668969 -0.15625000
v -0.10156250 -0.04644603 0.01562500
v -0.10894603 -0.03906250 0.01562500
v -0.10156250 -0.03906250 0.02300847
v -0.10616761 -0.03125000 -0.16406250
v -0.10156250 -0.03125000 -0.16866761
v -0.10886353 -0.03125000 -0.15625000
v -0.10913122 -0.03125000 0.00781250
v -0.10785419 -0.03125000 0.01562500
v -0.10156250 -0.03125000 0.02191663
v -0.10156250 -0.02664489 -0.16406250
v -0.10156250 -0.02394897 -0.15625000
v -0.10156250 -0.02343750 -0.15593600
v -0.10906434 -0.02343750 0.01562500
v -0.10156250 -0.03002596 0.02343750
v -0.10815096 -0.02343750 0.02343750
v -0.10156250 -0.02343750 0.03002596
v -0.10557616 -0.01562500 -0.14843750
v -0.10156250 -0.01562500 -0.15245116
v -0.10879344 -0.01562500 0.00781250
v -0.10156250 -0.01562500 0.01504338
v -0.10156250 -0.01593566 0.01562500
v -0.10156250 -0.01684904 0.02343750
v -0.10156250 -0.01161134 -0.14843750
v -0.10156250 -0.00822163 -0.14062500
v -0.10156250 -0.00804889 -0.13281250
v -0.10784566 -0.00781250 -0.12500000
v -0.10156250 -0.00781250 -0.13128316
v -0.10892010 -0.00781250 -0.11718750
v -0.10935247 -0.00781250 -0.07812500
v -0.10915577 -0.00781250 -0.06250000
v -0.10893780 -0.00781250 -0.05468750
v -0.10856897 -0.00781250 -0.04687500
v -0.10780460 -0.00781250 -0.03906250
v -0.10156250 -0.00781250 -0.03157955
v -0.10156250 -0.00783014 -0.03125000
v -0.10156250 -0.00792444 -0.02343750
v -0.10156250 -0.00793749 -0.01562500
v -0.10156250 -0.00796175 -0.00781250
v -0.10156250 -0.00803590 0.00000000
v -0.10156250 -0.00839406 0.00781250
v -0.10156250 -0.00152934 -0.12500000
v -0.10156250 -0.00045490 -0.11718750
v -0.10156250 -0.00031459 -0.10937500
v -0.10156250 -0.00029236 -0.10156250
v -0.10156250 -0.00028861 -0.09375000
v -0.10156250 -0.00031078 -0.08593750
v -0.10156250 -0.00031722 -0.07812500
v -0.10156250 -0.00030571 -0.07031250
v -0.10156250 -0.00032985 -0.06250000
v -0.10156250 -0.00043720 -0.05468750
v -0.10156250 -0.00080603 -0.04687500
v -0.10156250 -0.00157040 -0.03906250
v -0.09375000 -0.05859524 -0.10937500
v -0.09375000 -0.05468750 -0.11328274
v -0.09375000 -0.06164277 -0.10156250
v -0.09375000 -0.06211966 -0.09375000
v -0.09375000 -0.06223333 -0.08593750
v -0.09375000 -0.06229073 -0.07812500
v -0.09375000 -0.06232411 -0.07031250
v -0.09375000 -0.06234539 -0.06250000
v -0.09375000 -0.06236076 -0.05468750
v -0.09375000 -0.06237227 -0.04687500
v -0.09375000 -0.06237096 -0.03906250
v -0.09375000 -0.06235617 -0.03125000
v -0.09375000 -0.06233078 -0.02343750
v -0.09375000 -0.06226659 -0.01562500
v -0.09375000 -0.06200892 -0.00781250
v -0.09375000 -0.05468750 -0.00049108
v -0.10016435 -0.04687500 -0.15625000
v -0.09375000 -0.05328935 -0.15625000
v -0.09375000 -0.04687500 -0.16266435
v -0.09375000 -0.05447018 -0.14843750
v -0.09375000 -0.05453217 -0.14062500
v -0.09375000 -0.05457926 -0.13281250
v -0.09375000 -0.05459219 -0.12500000
v -0.09375000 -0.05459899 -0.11718750
v -0.09375000 -0.05458260 0.00000000
v -0.09375000 -0.05451667 0.00781250
v -0.10059190 -0.04687500 0.01562500
v -0.09375000 -0.05371690 0.01562500
v -0.09375000 -0.04687500 0.02246690
v -0.10121143 -0.03906250 -0.17187500
v -0.09375000 -0.04652393 -0.17187500
v -0.09375000 -0.03906250 -0.17933643
v -0.09375000 -0.04667854 -0.16406250
v -0.10068017 -0.03906250 0.02343750
v -0.09375000 -0.04599267 0.02343750
v -0.10028487 -0.03906250 0.03125000
v -0.09375000 -0.04559737 0.03125000
v -0.09375000 -0.03906250 0.03778493
v -0.10044217 -0.03125000 -0.17187500
v -0.09375000 -0.03125000 -0.17856717
v -0.10082012 -0.03125000 0.02343750
v -0.09375000 -0.03125000 0.03050756
v -0.09375000 -0.03252763 0.03125000
v -0.09375000 -0.02455783 -0.17187500
v -0.09375000 -0.02381796 -0.16406250
v -0.09375000 -0.02373320 -0.15625000
v -0.09375000 -0.02343750 -0.15602207
v -0.10095400 -0.02343750 0.03125000
v -0.09375000 -0.03064150 0.03125000
v -0.09375000 -0.02343750 0.03845394
v -0.09375000 -0.01562500 -0.15541875
v -0.09375000 -0.01562500 0.01529860
v -0.09375000 -0.01582980 0.01562500
v -0.09422296 -0.01562500 0.02343750
v -0.09375000 -0.01562500 0.02296460
v -0.09375000 -0.01562500 0.02391040
v -0.09375000 -0.01623350 0.03125000
v -0.09375000 -0.00864375 -0.14843750
v -0.09375000 -0.00813615 -0.14062500
v -0.09375000 -0.00800765 -0.13281250
v -0.09375000 -0.00781250 -0.13216943
v -0.10124540 -0.00781250 -0.03125000
v -0.09375000 -0.00781250 -0.02495819
v -0.09375000 -0.00791681 -0.02343750
v -0.09375000 -0.00792724 -0.01562500
v -0.09375000 -0.00793850 -0.00781250
v -0.09375000 -0.00798512 0.00000000
v -0.09375000 -0.00813890 0.00781250
v -0.09375000 -0.01515204 0.02343750
v -0.09375000 -0.00064307 -0.12500000
v -0.09375000 -0.00031775 -0.11718750
v -0.09375000 -0.00022376 -0.10937500
v -0.09375000 -0.00021875 -0.10156250
v -0.09375000 -0.00022656 -0.09375000
v -0.09375000 -0.00024503 -0.08593750
v -0.09375000 -0.00025207 -0.07812500
v -0.09375000 -0.00024509 -0.07031250
v -0.09375000 -0.00025159 -0.06250000
v -0.09375000 -0.00028658 -0.05468750
v -0.09375000 -0.00041056 -0.04687500
v -0.09375000 -0.00070107 -0.03906250
v -0.09375000 -0.00152069 -0.03125000
v -0.08943659 -0.05468750 -0.10937500
v -0.08593750 -0.05468750 -0.10834259
v -0.08593750 -0.06126606 -0.10156250
v -0.08593750 -0.06209624 -0.09375000
v -0.08593750 -0.06222510 -0.08593750
v -0.08593750 -0.06227744 -0.07812500
v -0.08593750 -0.06231374 -0.07031250
v -0.08593750 -0.06233400 -0.06250000
v -0.08593750 -0.06235111 -0.05468750
v -0.08593750 -0.06236464 -0.04687500
v -0.08593750 -0.06236452 -0.03906250
v -0.08593750 -0.06234252 -0.03125000
v -0.08593750 -0.06230503 -0.02343750
v -0.08593750 -0.06220132 -0.01562500
v -0.08593750 -0.06174219 -0.00781250
v -0.08593750 -0.05468750 -0.00075781
v -0.09202963 -0.04687500 -0.16406250
v -0.08593750 -0.05296713 -0.16406250
v -0.08593750 -0.04687500 -0.17015463
v -0.08593750 -0.05432123 -0.15625000
v -0.08593750 -0.05451375 -0.14843750
v -0.08593750 -0.05455339 -0.14062500
v -0.08593750 -0.05458355 -0.13281250
v -0.08593750 -0.05459601 -0.12500000
v -0.08593750 -0.05460107 -0.11718750
v -0.08593750 -0.05462086 -0.10937500
v -0.08593750 -0.05458385 0.00000000
v -0.08593750 -0.05452669 0.00781250
v -0.08593750 -0.05400503 0.01562500
v -0.08593750 -0.04687500 0.02275503
v -0.08593750 -0.04662699 -0.17187500
v -0.08593750 -0.03906250 -0.17943949
v -0.08593750 -0.04629326 0.02343750
v -0.08593750 -0.04570848 0.03125000
v -0.08593750 -0.03906250 0.03789604
v -0.08593750 -0.03125000 -0.17921567
v -0.09293574 -0.03125000 0.03125000
v -0.08593750 -0.03125000 0.03824818
v -0.08593750 -0.02390933 -0.17187500
v -0.08593750 -0.02374738 -0.16406250
v -0.09268993 -0.02343750 -0.15625000
v -0.08593750 -0.02343750 -0.16300243
v -0.08593750 -0.02343750 0.03875613
v -0.08593750 -0.01668507 -0.15625000
v -0.08593750 -0.01562500 -0.15576911
v -0.08598429 -0.01562500 0.01562500
v -0.09074783 -0.01562500 0.03125000
v -0.08593750 -0.01562500 0.03606033
v -0.08593750 -0.00829339 -0.14843750
v -0.08593750 -0.00809741 -0.14062500
v -0.08841461 -0.00781250 -0.13281250
v -0.08593750 -0.00781250 -0.13528961
v -0.08593750 -0.00781250 -0.02465427
v -0.08593750 -0.00791168 -0.02343750
v -0.08593750 -0.00792098 -0.01562500
v -0.08593750 -0.00793356 -0.00781250
v -0.08593750 -0.00797123 0.00000000
v -0.08593750 -0.00808227 0.00781250
v -0.08593750 -0.01557821 0.01562500
v -0.08593750 -0.00908279 0.02343750
v -0.08593750 -0.01081467 0.03125000
v -0.08593750 -0.00533539 -0.13281250
v -0.08593750 -0.00047010 -0.12500000
v -0.08593750 -0.00025660 -0.11718750
v -0.08593750 -0.00020081 -0.10937500
v -0.08593750 -0.00021303 -0.10156250
v -0.08593750 -0.00021130 -0.09375000
v -0.08593750 -0.00022393 -0.08593750
v -0.08593750 -0.00023329 -0.07812500
v -0.08593750 -0.00023812 -0.07031250
v -0.08593750 -0.00025338 -0.06250000
v -0.08593750 -0.00028485 -0.05468750
v -0.08593750 -0.00039417 -0.04687500
v -0.08593750 -0.00064051 -0.03906250
v -0.08593750 -0.00121677 -0.03125000
v -0.07812500 -0.06119013 -0.10156250
v -0.07812500 -0.05468750 -0.10806513
v -0.07812500 -0.06208730 -0.09375000
v -0.07812500 -0.06223583 -0.08593750
v -0.07812500 -0.06229049 -0.07812500
v -0.07812500 -0.06232101 -0.07031250
v -0.07812500 -0.06233990 -0.06250000
v -0.07812500 -0.06235415 -0.05468750
v -0.07812500 -0.06236655 -0.04687500
v -0.07812500 -0.06236428 -0.03906250
v -0.07812500 -0.06234437 -0.03125000
v -0.07812500 -0.06230867 -0.02343750
v -0.07812500 -0.06221324 -0.01562500
v -0.07812500 -0.06167030 -0.00781250
v -0.07812500 -0.05468750 -0.00082970
v -0.07812500 -0.05362844 -0.16406250
v -0.07812500 -0.04687500 -0.17081594
v -0.07812500 -0.05440885 -0.15625000
v -0.07812500 -0.05453098 -0.14843750
v -0.07812500 -0.05455142 -0.14062500
v -0.07812500 -0.05457735 -0.13281250
v -0.07812500 -0.05459052 -0.12500000
v -0.07812500 -0.05460024 -0.11718750
v -0.07812500 -0.05460453 -0.10937500
v -0.07812500 -0.05458599 0.00000000
v -0.07812500 -0.05452961 0.00781250
v -0.07812500 -0.05390954 0.01562500
v -0.07812500 -0.04687500 0.02265954
v -0.07812500 -0.04664648 -0.17187500
v -0.07812500 -0.03906250 -0.17945898
v -0.07812500 -0.04630566 0.02343750
v -0.07812500 -0.04580069 0.03125000
v -0.07812500 -0.03906250 0.03798819
v -0.07812500 -0.03125000 -0.17923361
v -0.07812500 -0.03125000 0.03872585
v -0.07812500 -0.02389139 -0.17187500
v -0.07812500 -0.02368098 -0.16406250
v -0.07812500 -0.02343750 -0.16353011
v -0.07812500 -0.02343750 0.03893530
v -0.07812500 -0.01615739 -0.15625000
v -0.07812500 -0.01562500 -0.15595013
v -0.07812500 -0.01562500 0.03867114
v -0.07812500 -0.00811237 -0.14843750
v -0.07812500 -0.00805753 -0.14062500
v -0.07812500 -0.00781250 -0.13918829
v -0.08375996 -0.00781250 -0.02343750
v -0.07812500 -0.00781250 -0.01780254
v -0.07812500 -0.00791198 -0.01562500
v -0.07812500 -0.00792038 -0.00781250
v -0.07812500 -0.00793988 0.00000000
v -0.07812500 -0.00798386 0.00781250
v -0.07812500 -0.00825858 0.01562500
v -0.07812500 -0.00824606 0.02343750
v -0.07812500 -0.00820392 0.03125000
v -0.07812500 -0.00143671 -0.13281250
v -0.07812500 -0.00039226 -0.12500000
v -0.07812500 -0.00022006 -0.11718750
v -0.07812500 -0.00017905 -0.10937500
v -0.07812500 -0.00018883 -0.10156250
v -0.07812500 -0.00018686 -0.09375000
v -0.07812500 -0.00018859 -0.08593750
v -0.07812500 -0.00018752 -0.07812500
v -0.07812500 -0.00019568 -0.07031250
v -0.07812500 -0.00021034 -0.06250000
v -0.07812500 -0.00024158 -0.05468750
v -0.07812500 -0.00031316 -0.04687500
v -0.07812500 -0.00044018 -0.03906250
v -0.07812500 -0.00057346 -0.03125000
v -0.07812500 -0.00217754 -0.02343750
v -0.07031250 -0.06076187 -0.10156250
v -0.07031250 -0.05468750 -0.10763687
v -0.07031250 -0.06202328 -0.09375000
v -0.07031250 -0.06220818 -0.08593750
v -0.07031250 -0.06227386 -0.07812500
v -0.07031250 -0.06231403 -0.07031250
v -0.07031250 -0.06233549 -0.06250000
v -0.07031250 -0.06235027 -0.05468750
v -0.07031250 -0.06236440 -0.04687500
v -0.07031250 -0.06236136 -0.03906250
v -0.07031250 -0.06234103 -0.03125000
v -0.07031250 -0.06229842 -0.02343750
v -0.07031250 -0.06219584 -0.01562500
v -0.07031250 -0.06135166 -0.00781250
v -0.07031250 -0.05468750 -0.00114834
v -0.07031250 -0.05370581 -0.16406250
v -0.07031250 -0.04687500 -0.17089331
v -0.07031250 -0.05442131 -0.15625000
v -0.07031250 -0.05453056 -0.14843750
v -0.07031250 -0.05454665 -0.14062500
v -0.07031250 -0.05456823 -0.13281250
v -0.07031250 -0.05458462 -0.12500000
v -0.07031250 -0.05459970 -0.11718750
v -0.07031250 -0.05460423 -0.10937500
v -0.07031250 -0.05458868 0.00000000
v -0.07031250 -0.05453813 0.00781250
v -0.07031250 -0.05415964 0.01562500
v -0.07031250 -0.04687500 0.02290964
v -0.07031250 -0.04662222 -0.17187500
v -0.07031250 -0.03906250 -0.17943472
v -0.07031250 -0.04650468 0.02343750
v -0.07031250 -0.04633182 0.03125000
v -0.07031250 -0.03906250 0.03851938
v -0.07031250 -0.03125000 -0.17900032
v -0.07031250 -0.03125000 0.03884530
v -0.07031250 -0.02412468 -0.17187500
v -0.07576579 -0.02343750 -0.16406250
v -0.07031250 -0.02343750 -0.16951579
v -0.07031250 -0.03069049 0.03906250
v -0.07775187 -0.02343750 0.03906250
v -0.07031250 -0.02343750 0.04631555
v -0.07031250 -0.01798421 -0.16406250
v -0.07287574 -0.01562500 -0.15625000
v -0.07031250 -0.01562500 -0.15881324
v -0.07031250 -0.01562500 0.03878403
v -0.07031250 -0.01618451 0.03906250
v -0.07031250 -0.01306176 -0.15625000
v -0.07031250 -0.00805223 -0.14843750
v -0.07031250 -0.00802940 -0.14062500
v -0.07031250 -0.00781250 -0.13964719
v -0.07031250 -0.00781250 -0.01646912
v -0.07031250 -0.00790483 -0.01562500
v -0.07031250 -0.00790858 -0.00781250
v -0.07031250 -0.00792170 0.00000000
v -0.07031250 -0.00795180 0.00781250
v -0.07031250 -0.00808817 0.01562500
v -0.07031250 -0.00816816 0.02343750
v -0.07031250 -0.00809091 0.03125000
v -0.07031250 -0.00097781 -0.13281250
v -0.07031250 -0.00034046 -0.12500000
v -0.07031250 -0.00020248 -0.11718750
v -0.07031250 -0.00016719 -0.10937500
v -0.07031250 -0.00017947 -0.10156250
v -0.07031250 -0.00017941 -0.09375000
v -0.07031250 -0.00017661 -0.08593750
v -0.07031250 -0.00017178 -0.07812500
v -0.07031250 -0.00017196 -0.07031250
v -0.07031250 -0.00018096 -0.06250000
v -0.07031250 -0.00020301 -0.05468750
v -0.07031250 -0.00026500 -0.04687500
v -0.07031250 -0.00034589 -0.03906250
v -0.07031250 -0.00040889 -0.03125000
v -0.07031250 -0.00084412 -0.02343750
v -0.06250000 -0.05811620 -0.10156250
v -0.06250000 -0.05468750 -0.10499120
v -0.06250000 -0.06194592 -0.09375000
v -0.06250000 -0.06216711 -0.08593750
v -0.06250000 -0.06225032 -0.07812500
v -0.06250000 -0.06230247 -0.07031250
v -0.06250000 -0.06232697 -0.06250000
v -0.06250000 -0.06234568 -0.05468750
v -0.06250000 -0.06235951 -0.04687500
v -0.06250000 -0.06235743 -0.03906250
v -0.06250000 -0.06233543 -0.03125000
v -0.06250000 -0.06228721 -0.02343750
v -0.06250000 -0.06214637 -0.01562500
v -0.06250000 -0.05884427 -0.00781250
v -0.06250000 -0.05468750 -0.00365573
v -0.06250000 -0.05357397 -0.16406250
v -0.06250000 -0.04687500 -0.17076147
v -0.06250000 -0.05439532 -0.15625000
v -0.06250000 -0.05452543 -0.14843750
v -0.06250000 -0.05454254 -0.14062500
v -0.06250000 -0.05456036 -0.13281250
v -0.06250000 -0.05457622 -0.12500000
v -0.06250000 -0.05459738 -0.11718750
v -0.06250000 -0.05460304 -0.10937500
v -0.06250000 -0.05458426 0.00000000
v -0.06250000 -0.05452639 0.00781250
v -0.06250000 -0.05405045 0.01562500
v -0.06250000 -0.04687500 0.02280045
v -0.06250000 -0.04652721 -0.17187500
v -0.06250000 -0.03906250 -0.17933971
v -0.06250000 -0.04649228 0.02343750
v -0.06250000 -0.04628879 0.03125000
v -0.06250000 -0.03906250 0.03847623
v -0.06250000 -0.03125000 -0.17871410
v -0.06250000 -0.03125000 0.03884363
v -0.06250000 -0.02441090 -0.17187500
v -0.06250000 -0.02343750 -0.17013055
v -0.06250000 -0.03069496 0.03906250
v -0.06250000 -0.02343750 0.04631996
v -0.06250000 -0.01736945 -0.16406250
v -0.06250000 -0.01562500 -0.15886009
v -0.06250000 -0.01562500 0.03877735
v -0.06250000 -0.01618004 0.03906250
v -0.06250000 -0.01301491 -0.15625000
v -0.06250000 -0.00805223 -0.14843750
v -0.06250000 -0.00801766 -0.14062500
v -0.06250000 -0.00781250 -0.13959497
v -0.06399798 -0.00781250 -0.01562500
v -0.06250000 -0.00781250 -0.01412702
v -0.06250000 -0.00790578 -0.00781250
v -0.06250000 -0.00791639 0.00000000
v -0.06250000 -0.00794363 0.00781250
v -0.06250000 -0.00808388 0.01562500
v -0.06250000 -0.00817329 0.02343750
v -0.06250000 -0.00809759 0.03125000
v -0.06250000 -0.00103003 -0.13281250
v -0.06250000 -0.00034064 -0.12500000
v -0.06250000 -0.00020331 -0.11718750
v -0.06250000 -0.00016862 -0.10937500
v -0.06250000 -0.00017756 -0.10156250
v -0.06250000 -0.00017893 -0.09375000
v -0.06250000 -0.00017881 -0.08593750
v -0.06250000 -0.00017214 -0.07812500
v -0.06250000 -0.00017279 -0.07031250
v -0.06250000 -0.00017649 -0.06250000
v -0.06250000 -0.00019610 -0.05468750
v -0.06250000 -0.00025439 -0.04687500
v -0.06250000 -0.00032121 -0.03906250
v -0.06250000 -0.00038391 -0.03125000
v -0.06250000 -0.00073886 -0.02343750
v -0.06250000 -0.00631452 -0.01562500
v -0.05907130 -0.05468750 -0.10156250
v -0.05468750 -0.05468750 -0.10082275
v -0.05468750 -0.06176025 -0.09375000
v -0.05468750 -0.06211698 -0.08593750
v -0.05468750 -0.06222034 -0.07812500
v -0.05468750 -0.06228334 -0.07031250
v -0.05468750 -0.06231511 -0.06250000
v -0.05468750 -0.06233788 -0.05468750
v -0.05468750 -0.06235445 -0.04687500
v -0.05468750 -0.06234926 -0.03906250
v -0.05468750 -0.06232667 -0.03125000
v -0.05468750 -0.06225872 -0.02343750
v -0.05468750 -0.06205070 -0.01562500
v -0.05834323 -0.05468750 -0.00781250
v -0.05468750 -0.05468750 -0.00826180
v -0.05468750 -0.05268091 -0.16406250
v -0.05468750 -0.04687500 -0.16986841
v -0.05468750 -0.05436093 -0.15625000
v -0.05468750 -0.05451649 -0.14843750
v -0.05468750 -0.05453819 -0.14062500
v -0.05468750 -0.05455315 -0.13281250
v -0.05468750 -0.05456948 -0.12500000
v -0.05468750 -0.05459416 -0.11718750
v -0.05468750 -0.05460089 -0.10937500
v -0.05468750 -0.05460548 -0.10156250
v -0.05468750 -0.05460840 -0.00781250
v -0.05468750 -0.05457932 0.00000000
v -0.05468750 -0.05451357 0.00781250
v -0.05468750 -0.05371761 0.01562500
v -0.05468750 -0.04687500 0.02246761
v -0.05468750 -0.04623693 -0.17187500
v -0.05468750 -0.03906250 -0.17904943
v -0.05468750 -0.04646337 0.02343750
v -0.05468750 -0.04617715 0.03125000
v -0.05468750 -0.03906250 0.03836465
v -0.05468750 -0.03125000 -0.17690629
v -0.05468750 -0.03125000 0.03884280
v -0.05468750 -0.02621871 -0.17187500
v -0.05468750 -0.02343750 -0.17072815
v -0.05468750 -0.03062344 0.03906250
v -0.05468750 -0.02343750 0.04624844
v -0.05468750 -0.01677185 -0.16406250
v -0.05468750 -0.01562500 -0.15955698
v -0.05468750 -0.01562500 0.03877032
v -0.05468750 -0.01625156 0.03906250
v -0.05468750 -0.01231802 -0.15625000
v -0.05468750 -0.00806266 -0.14843750
v -0.05468750 -0.00800979 -0.14062500
v -0.05468750 -0.00781250 -0.13942397
v -0.05468750 -0.00781250 -0.01181322
v -0.05468750 -0.00790477 -0.00781250
v -0.05468750 -0.00791305 0.00000000
v -0.05468750 -0.00794244 0.00781250
v -0.05468750 -0.00808263 0.01562500
v -0.05468750 -0.00818408 0.02343750
v -0.05468750 -0.00810462 0.03125000
v -0.05468750 -0.00120103 -0.13281250
v -0.05468750 -0.00036907 -0.12500000
v -0.05468750 -0.00021416 -0.11718750
v -0.05468750 -0.00017267 -0.10937500
v -0.05468750 -0.00017577 -0.10156250
v -0.05468750 -0.00017959 -0.09375000
v -0.05468750 -0.00017756 -0.08593750
v -0.05468750 -0.00017470 -0.07812500
v -0.05468750 -0.00017285 -0.07031250
v -0.05468750 -0.00017631 -0.06250000
v -0.05468750 -0.00019705 -0.05468750
v -0.05468750 -0.00025064 -0.04687500
v -0.05468750 -0.00031525 -0.03906250
v -0.05468750 -0.00037259 -0.03125000
v -0.05468750 -0.00069928 -0.02343750
v -0.05468750 -0.00400072 -0.01562500
v -0.04687500 -0.06150413 -0.09375000
v -0.04687500 -0.05468750 -0.10056663
v -0.04687500 -0.06205636 -0.08593750
v -0.04687500 -0.06218934 -0.07812500
v -0.04687500 -0.06225777 -0.07031250
v -0.04687500 -0.06229639 -0.06250000
v -0.04687500 -0.06232625 -0.05468750
v -0.04687500 -0.06234509 -0.04687500
v -0.04687500 -0.06233931 -0.03906250
v -0.04687500 -0.06231034 -0.03125000
v -0.04687500 -0.06222665 -0.02343750
v -0.04687500 -0.06187695 -0.01562500
v -0.04687500 -0.05468750 -0.00843555
v -0.04888159 -0.04687500 -0.16406250
v -0.04687500 -0.04687500 -0.16371852
v -0.04687500 -0.05434352 -0.15625000
v -0.04687500 -0.05451488 -0.14843750
v -0.04687500 -0.05453902 -0.14062500
v -0.04687500 -0.05454904 -0.13281250
v -0.04687500 -0.05456525 -0.12500000
v -0.04687500 -0.05459207 -0.11718750
v -0.04687500 -0.05459696 -0.10937500
v -0.04687500 -0.05460227 -0.10156250
v -0.04687500 -0.05460614 -0.00781250
v -0.04687500 -0.05457419 0.00000000
v -0.04687500 -0.05449814 0.00781250
v -0.04687500 -0.05235350 0.01562500
v -0.04687500 -0.04687500 0.02110350
v -0.04687500 -0.04582989 -0.17187500
v -0.04687500 -0.03906250 -0.17864239
v -0.04687500 -0.04665381 -0.16406250
v -0.04687500 -0.04643250 0.02343750
v -0.04687500 -0.04604226 0.03125000
v -0.04687500 -0.03906250 0.03822982
v -0.04687500 -0.03125000 -0.17600638
v -0.04687500 -0.03125000 0.03883374
v -0.04687500 -0.02711862 -0.17187500
v -0.04687500 -0.02343750 -0.17084670
v -0.04687500 -0.03052348 0.03906250
v -0.04687500 -0.02343750 0.04614854
v -0.04687500 -0.01665330 -0.16406250
v -0.04687500 -0.01562500 -0.16164696
v -0.04687500 -0.01562500 0.03875685
v -0.04687500 -0.01635152 0.03906250
v -0.04687500 -0.01022804 -0.15625000
v -0.04687500 -0.00807297 -0.14843750
v -0.04687500 -0.00800741 -0.14062500
v -0.04687500 -0.00781250 -0.13932902
v -0.04687500 -0.00781250 -0.01255208
v -0.04687500 -0.00790411 -0.00781250
v -0.04687500 -0.00791359 0.00000000
v -0.04687500 -0.00794238 0.00781250
v -0.04687500 -0.00809067 0.01562500
v -0.04687500 -0.00818396 0.02343750
v -0.04687500 -0.00811809 0.03125000
v -0.04687500 -0.00129598 -0.13281250
v -0.04687500 -0.00041044 -0.12500000
v -0.04687500 -0.00022662 -0.11718750
v -0.04687500 -0.00017667 -0.10937500
v -0.04687500 -0.00017440 -0.10156250
v -0.04687500 -0.00018060 -0.09375000
v -0.04687500 -0.00018007 -0.08593750
v -0.04687500 -0.00017756 -0.07812500
v -0.04687500 -0.00017440 -0.07031250
v -0.04687500 -0.00017828 -0.06250000
v -0.04687500 -0.00020134 -0.05468750
v -0.04687500 -0.00025219 -0.04687500
v -0.04687500 -0.00031650 -0.03906250
v -0.04687500 -0.00037801 -0.03125000
v -0.04687500 -0.00068879 -0.02343750
v -0.04687500 -0.00473958 -0.01562500
v -0.03906250 -0.06136984 -0.09375000
v -0.03906250 -0.05468750 -0.10043234
v -0.03906250 -0.06203252 -0.08593750
v -0.03906250 -0.06217992 -0.07812500
v -0.03906250 -0.06225014 -0.07031250
v -0.03906250 -0.06229240 -0.06250000
v -0.03906250 -0.06232089 -0.05468750
v -0.03906250 -0.06234074 -0.04687500
v -0.03906250 -0.06233186 -0.03906250
v -0.03906250 -0.06229514 -0.03125000
v -0.03906250 -0.06219310 -0.02343750
v -0.03906250 -0.06178516 -0.01562500
v -0.03906250 -0.05468750 -0.00852734
v -0.03906250 -0.05431646 -0.15625000
v -0.03906250 -0.04687500 -0.16369146
v -0.03906250 -0.05450743 -0.14843750
v -0.03906250 -0.05453736 -0.14062500
v -0.03906250 -0.05454701 -0.13281250
v -0.03906250 -0.05456394 -0.12500000
v -0.03906250 -0.05458969 -0.11718750
v -0.03906250 -0.05459517 -0.10937500
v -0.03906250 -0.05460030 -0.10156250
v -0.03906250 -0.05460560 -0.00781250
v -0.03906250 -0.05457461 0.00000000
v -0.03906250 -0.05449897 0.00781250
v -0.03906250 -0.05193746 0.01562500
v -0.03906250 -0.04687500 0.02068746
v -0.03941095 -0.03906250 -0.17187500
v -0.03906250 -0.03906250 -0.17180079
v -0.03906250 -0.04663473 -0.16406250
v -0.03906250 -0.04646915 0.02343750
v -0.03906250 -0.04598689 0.03125000
v -0.03906250 -0.03906250 0.03817439
v -0.04274362 -0.03125000 -0.17187500
v -0.03906250 -0.03125000 -0.17163849
v -0.03906250 -0.03125000 0.03884208
v -0.03906250 -0.02343750 -0.17090040
v -0.03906250 -0.03052151 0.03906250
v -0.03906250 -0.02343750 0.04614651
v -0.03906250 -0.01659960 -0.16406250
v -0.03906250 -0.01562500 -0.16192740
v -0.03906250 -0.01562500 0.03903711
v -0.03906250 -0.01568884 0.03906250
v -0.03906250 -0.00994760 -0.15625000
v -0.03906250 -0.00805897 -0.14843750
v -0.03906250 -0.00792158 -0.14062500
v -0.03906250 -0.00781250 -0.13981080
v -0.03906250 -0.00781250 -0.01068932
v -0.03906250 -0.00790334 -0.00781250
v -0.03906250 -0.00791276 0.00000000
v -0.03906250 -0.00793839 0.00781250
v -0.03906250 -0.00808340 0.01562500
v -0.03906250 -0.00816715 0.02343750
v -0.03906250 -0.00811750 0.03125000
v -0.03906250 -0.00131488 -0.13281250
v -0.03906250 -0.00044721 -0.12500000
v -0.03906250 -0.00024086 -0.11718750
v -0.03906250 -0.00017995 -0.10937500
v -0.03906250 -0.00017768 -0.10156250
v -0.03906250 -0.00018227 -0.09375000
v -0.03906250 -0.00018150 -0.08593750
v -0.03906250 -0.00017840 -0.07812500
v -0.03906250 -0.00017476 -0.07031250
v -0.03906250 -0.00017667 -0.06250000
v -0.03906250 -0.00020093 -0.05468750
v -0.03906250 -0.00025022 -0.04687500
v -0.03906250 -0.00031197 -0.03906250
v -0.03906250 -0.00035852 -0.03125000
v -0.03906250 -0.00063783 -0.02343750
v -0.03906250 -0.00287682 -0.01562500
v -0.03125000 -0.05945826 -0.09375000
v -0.03125000 -0.05468750 -0.09852076
v -0.03125000 -0.06180531 -0.08593750
v -0.03125000 -0.06209058 -0.07812500
v -0.03125000 -0.06221056 -0.07031250
v -0.03125000 -0.06227648 -0.06250000
v -0.03125000 -0.06231111 -0.05468750
v -0.03125000 -0.06233180 -0.04687500
v -0.03125000 -0.06232083 -0.03906250
v -0.03125000 -0.06226635 -0.03125000
v -0.03125000 -0.06212854 -0.02343750
v -0.03125000 -0.06090832 -0.01562500
v -0.03125000 -0.05468750 -0.00940418
v -0.03125000 -0.05433714 -0.15625000
v -0.03125000 -0.04687500 -0.16371214
v -0.03125000 -0.05450135 -0.14843750
v -0.03125000 -0.05453658 -0.14062500
v -0.03125000 -0.05455369 -0.13281250
v -0.03125000 -0.05456638 -0.12500000
v -0.03125000 -0.05458945 -0.11718750
v -0.03125000 -0.05459011 -0.10937500
v -0.03125000 -0.05459338 -0.10156250
v -0.03125000 -0.05459946 -0.00781250
v -0.03125000 -0.05456066 0.00000000
v -0.03125000 -0.05444920 0.00781250
v -0.03400004 -0.04687500 0.01562500
v -0.03125000 -0.04687500 0.01538670
v -0.03125000 -0.04662478 -0.16406250
v -0.03125000 -0.03906250 -0.17162478
v -0.03125000 -0.04664928 0.01562500
v -0.03125000 -0.04538703 0.02343750
v -0.03213811 -0.03906250 0.03125000
v -0.03125000 -0.03906250 0.02976203
v -0.03125000 -0.03125000 -0.17160124
v -0.03125000 -0.03877002 0.03125000
v -0.03125000 -0.03125000 0.03877008
v -0.03125000 -0.02343750 -0.17110544
v -0.03125000 -0.03080058 0.03906250
v -0.03125000 -0.02343750 0.04642558
v -0.03125000 -0.01639456 -0.16406250
v -0.03125000 -0.01562500 -0.16222918
v -0.03847778 -0.01562500 0.03906250
v -0.03125000 -0.01562500 0.04294980
v -0.03125000 -0.00964582 -0.15625000
v -0.03125000 -0.00806153 -0.14843750
v -0.03125000 -0.00800741 -0.14062500
v -0.03125000 -0.00781250 -0.13866955
v -0.03336322 -0.00781250 -0.01562500
v -0.03125000 -0.00781250 -0.01615727
v -0.03125000 -0.00786692 -0.01562500
v -0.03125000 -0.00790101 -0.00781250
v -0.03125000 -0.00791276 0.00000000
v -0.03125000 -0.00794023 0.00781250
v -0.03125000 -0.00809002 0.01562500
v -0.03125000 -0.00823277 0.02343750
v -0.03125000 -0.00835860 0.03125000
v -0.03125000 -0.01173764 0.03906250
v -0.03125000 -0.00195545 -0.13281250
v -0.03125000 -0.00056016 -0.12500000
v -0.03125000 -0.00027239 -0.11718750
v -0.03125000 -0.00019681 -0.10937500
v -0.03125000 -0.00019675 -0.10156250
v -0.03125000 -0.00019443 -0.09375000
v -0.03125000 -0.00019014 -0.08593750
v -0.03125000 -0.00018424 -0.07812500
v -0.03125000 -0.00018120 -0.07031250
v -0.03125000 -0.00018406 -0.06250000
v -0.03125000 -0.00020778 -0.05468750
v -0.03125000 -0.00026596 -0.04687500
v -0.03125000 -0.00033760 -0.03906250
v -0.03125000 -0.00041091 -0.03125000
v -0.03125000 -0.00080532 -0.02343750
v -0.02343750 -0.06192243 -0.09375000
v -0.02343750 -0.05468750 -0.10106504
v -0.02343750 -0.06220961 -0.08593750
v -0.02343750 -0.06224674 -0.07812500
v -0.02343750 -0.06227499 -0.07031250
v -0.02343750 -0.06229401 -0.06250000
v -0.02343750 -0.06229675 -0.05468750
v -0.02343750 -0.06230223 -0.04687500
v -0.02343750 -0.06228584 -0.03906250
v -0.02343750 -0.06220412 -0.03125000
v -0.02343750 -0.06185472 -0.02343750
v -0.02502918 -0.05468750 -0.01562500
v -0.02343750 -0.05468750 -0.01627028
v -0.02378786 -0.04687500 -0.15625000
v -0.02343750 -0.04687500 -0.15578622
v -0.02343750 -0.05422372 -0.14843750
v -0.02343750 -0.05448365 -0.14062500
v -0.02343750 -0.05455631 -0.13281250
v -0.02343750 -0.05456722 -0.12500000
v -0.02343750 -0.05457979 -0.11718750
v -0.02343750 -0.05458117 -0.10937500
v -0.02343750 -0.05459970 -0.10156250
v -0.02343750 -0.05459362 -0.01562500
v -0.02343750 -0.05456305 -0.00781250
v -0.02343750 -0.05450541 0.00000000
v -0.02343750 -0.05424482 0.00781250
v -0.02343750 -0.04687500 0.01518226
v -0.02368772 -0.03906250 -0.16406250
v -0.02343750 -0.03906250 -0.16380477
v -0.02343750 -0.04661727 -0.15625000
v -0.02343750 -0.04617727 0.01562500
v -0.02492547 -0.03906250 0.02343750
v -0.02343750 -0.03906250 0.02273977
v -0.02371126 -0.03125000 -0.16406250
v -0.02343750 -0.03125000 -0.16370648
v -0.02343750 -0.03878760 0.02343750
v -0.02343750 -0.03820163 0.03125000
v -0.02343750 -0.03125000 0.03820169
v -0.02343750 -0.02720213 -0.16406250
v -0.02343750 -0.02343750 -0.16782713
v -0.02343750 -0.03010678 0.03906250
v -0.02343750 -0.02343750 0.04573178
v -0.02343750 -0.01967287 -0.16406250
v -0.02343750 -0.01562500 -0.16125685
v -0.02736264 -0.01562500 0.03906250
v -0.02343750 -0.01562500 0.03566897
v -0.02343750 -0.01676822 0.03906250
v -0.02343750 -0.01061815 -0.15625000
v -0.02343750 -0.00809115 -0.14843750
v -0.02343750 -0.00803989 -0.14062500
v -0.02343750 -0.00799835 -0.13281250
v -0.02539295 -0.00781250 -0.13281250
v -0.02343750 -0.00781250 -0.13200295
v -0.02343750 -0.00781250 -0.01691145
v -0.02343750 -0.00789553 -0.01562500
v -0.02343750 -0.00790012 -0.00781250
v -0.02343750 -0.00791419 0.00000000
v -0.02343750 -0.00794894 0.00781250
v -0.02343750 -0.00811327 0.01562500
v -0.02343750 -0.00840276 0.02343750
v -0.02343750 -0.01120603 0.03125000
v -0.02343750 -0.00080955 -0.12500000
v -0.02343750 -0.00035954 -0.11718750
v -0.02343750 -0.00024706 -0.10937500
v -0.02343750 -0.00022852 -0.10156250
v -0.02343750 -0.00021887 -0.09375000
v -0.02343750 -0.00020295 -0.08593750
v -0.02343750 -0.00019467 -0.07812500
v -0.02343750 -0.00019097 -0.07031250
v -0.02343750 -0.00019312 -0.06250000
v -0.02343750 -0.00022244 -0.05468750
v -0.02343750 -0.00028175 -0.04687500
v -0.02343750 -0.00036973 -0.03906250
v -0.02343750 -0.00046080 -0.03125000
v -0.02343750 -0.00128645 -0.02343750
v -0.01620257 -0.05468750 -0.09375000
v -0.01562500 -0.05468750 -0.09317273
v -0.01562500 -0.06192273 -0.08593750
v -0.01562500 -0.06221461 -0.07812500
v -0.01562500 -0.06227523 -0.07031250
v -0.01562500 -0.06230557 -0.06250000
v -0.01562500 -0.06231570 -0.05468750
v -0.01562500 -0.06232131 -0.04687500
v -0.01562500 -0.06230086 -0.03906250
v -0.01562500 -0.06223834 -0.03125000
v -0.01562500 -0.06195855 -0.02343750
v -0.01562500 -0.05468750 -0.01616645
v -0.01562500 -0.05193347 -0.14843750
v -0.01562500 -0.04687500 -0.15349597
v -0.01562500 -0.05445051 -0.14062500
v -0.01562500 -0.05452734 -0.13281250
v -0.01562500 -0.05454093 -0.12500000
v -0.01562500 -0.05455399 -0.11718750
v -0.01562500 -0.05455452 -0.10937500
v -0.01562500 -0.05455941 -0.10156250
v -0.01562500 -0.05457693 -0.09375000
v -0.01562500 -0.05457968 -0.01562500
v -0.01562500 -0.05453587 -0.00781250
v -0.01562500 -0.05438775 0.00000000
v -0.01606768 -0.04687500 0.00781250
v -0.01562500 -0.04687500 0.00751269
v -0.01588273 -0.03906250 -0.15625000
v -0.01562500 -0.03906250 -0.15595633
v -0.01562500 -0.04662836 0.00781250
v -0.01632273 -0.03906250 0.01562500
v -0.01562500 -0.03906250 0.01537836
v -0.01598102 -0.03125000 -0.15625000
v -0.01562500 -0.03125000 -0.15588516
v -0.01562500 -0.03891313 0.01562500
v -0.01562500 -0.03865868 0.02343750
v -0.01562500 -0.03764677 0.03125000
v -0.01562500 -0.03125000 0.03764677
v -0.01967287 -0.02343750 -0.16406250
v -0.01562500 -0.02343750 -0.16364682
v -0.01562500 -0.03083432 -0.15625000
v -0.01562500 -0.02904516 0.03906250
v -0.01562500 -0.02343750 0.04467010
v -0.01562500 -0.01604068 -0.15625000
v -0.01843065 -0.01562500 -0.15625000
v -0.01562500 -0.01562500 -0.15594536
v -0.01621526 -0.01562500 0.02343750
v -0.01562500 -0.01562500 0.02302301
v -0.01562500 -0.01587903 0.02343750
v -0.01562500 -0.01592535 0.03125000
v -0.01901853 -0.01562500 0.03125000
v -0.01562500 -0.01782984 0.03906250
v -0.01562500 -0.00811714 -0.14843750
v -0.01562500 -0.00805938 -0.14062500
v -0.01562500 -0.00802022 -0.13281250
v -0.01562500 -0.00781250 -0.13111097
v -0.01562500 -0.00781250 -0.01722890
v -0.01562500 -0.00789100 -0.01562500
v -0.01562500 -0.00789726 -0.00781250
v -0.01562500 -0.00791121 0.00000000
v -0.01562500 -0.00795102 0.00781250
v -0.01562500 -0.00822699 0.01562500
v -0.01562500 -0.00170153 -0.12500000
v -0.01562500 -0.00058317 -0.11718750
v -0.01562500 -0.00034535 -0.10937500
v -0.01562500 -0.00030440 -0.10156250
v -0.01562500 -0.00026703 -0.09375000
v -0.01562500 -0.00022662 -0.08593750
v -0.01562500 -0.00020796 -0.07812500
v -0.01562500 -0.00019854 -0.07031250
v -0.01562500 -0.00020039 -0.06250000
v -0.01562500 -0.00023544 -0.05468750
v -0.01562500 -0.00030667 -0.04687500
v -0.01562500 -0.00041312 -0.03906250
v -0.01562500 -0.00051349 -0.03125000
v -0.01562500 -0.00160390 -0.02343750
v -0.00781250 -0.06189102 -0.08593750
v -0.00781250 -0.05468750 -0.09314102
v -0.00781250 -0.06221282 -0.07812500
v -0.00781250 -0.06227243 -0.07031250
v -0.00781250 -0.06230497 -0.06250000
v -0.00781250 -0.06231475 -0.05468750
v -0.00781250 -0.06232083 -0.04687500
v -0.00781250 -0.06230003 -0.03906250
v -0.00781250 -0.06222814 -0.03125000
v -0.00781250 -0.06195074 -0.02343750
v -0.00781250 -0.05468750 -0.01617426
v -0.00781250 -0.05221415 -0.14843750
v -0.00781250 -0.04687500 -0.15377665
v -0.00781250 -0.05445832 -0.14062500
v -0.00781250 -0.05452895 -0.13281250
v -0.00781250 -0.05453879 -0.12500000
v -0.00781250 -0.05455101 -0.11718750
v -0.00781250 -0.05455220 -0.10937500
v -0.00781250 -0.05455732 -0.10156250
v -0.00781250 -0.05457634 -0.09375000
v -0.00781250 -0.05457819 -0.01562500
v -0.00781250 -0.05453295 -0.00781250
v -0.00781250 -0.05437094 0.00000000
v -0.00781250 -0.04687500 0.00749588
v -0.00781250 -0.03906250 -0.15595812
v -0.00781250 -0.04661131 0.00781250
v -0.00781250 -0.03906250 0.01536131
v -0.00781250 -0.03125000 -0.15587646
v -0.00781250 -0.03891236 0.01562500
v -0.00781250 -0.03867775 0.02343750
v -0.00781250 -0.03831512 0.03125000
v -0.00781250 -0.03125000 0.03831518
v -0.00781250 -0.03083634 -0.15625000
v -0.00781250 -0.02343750 -0.16364884
v -0.00781250 -0.02974653 0.03906250
v -0.00781250 -0.02343750 0.04537153
v -0.00781250 -0.01603866 -0.15625000
v -0.00781250 -0.01562500 -0.15594661
v -0.00781250 -0.01562500 0.02301347
v -0.00781250 -0.01589876 0.02343750
v -0.00781250 -0.01589340 0.03125000
v -0.00781250 -0.01712847 0.03906250
v -0.00781250 -0.00811589 -0.14843750
v -0.00781250 -0.00805521 -0.14062500
v -0.00781250 -0.00801694 -0.13281250
v -0.00781250 -0.00781250 -0.13063049
v -0.00781250 -0.00781250 -0.01714259
v -0.00781250 -0.00789118 -0.01562500
v -0.00781250 -0.00789917 -0.00781250
v -0.00781250 -0.00791281 0.00000000
v -0.00781250 -0.00795525 0.00781250
v -0.00781250 -0.00823659 0.01562500
v -0.00781250 -0.00218201 -0.12500000
v -0.00781250 -0.00062144 -0.11718750
v -0.00781250 -0.00035888 -0.10937500
v -0.00781250 -0.00031269 -0.10156250
v -0.00781250 -0.00026309 -0.09375000
v -0.00781250 -0.00022602 -0.08593750
v -0.00781250 -0.00020719 -0.07812500
v -0.00781250 -0.00019789 -0.07031250
v -0.00781250 -0.00020075 -0.06250000
v -0.00781250 -0.00023603 -0.05468750
v -0.00781250 -0.00031310 -0.04687500
v -0.00781250 -0.00040561 -0.03906250
v -0.00781250 -0.00049913 -0.03125000
v -0.00781250 -0.00151759 -0.02343750
v 0.00000000 -0.06187230 -0.08593750
v 0.00000000 -0.05468750 -0.09312230
v 0.00000000 -0.06220734 -0.07812500
v 0.00000000 -0.06227118 -0.07031250
v 0.00000000 -0.06230587 -0.06250000
v 0.00000000 -0.06231397 -0.05468750
v 0.00000000 -0.06231999 -0.04687500
v 0.00000000 -0.06229520 -0.03906250
v 0.00000000 -0.06222284 -0.03125000
v 0.00000000 -0.06193417 -0.02343750
v 0.00000000 -0.05468750 -0.01619083
v 0.00000000 -0.05247921 -0.14843750
v 0.00000000 -0.04687500 -0.15404171
v 0.00000000 -0.05446237 -0.14062500
v 0.00000000 -0.05452985 -0.13281250
v 0.00000000 -0.05453670 -0.12500000
v 0.00000000 -0.05454910 -0.11718750
v 0.00000000 -0.05454850 -0.10937500
v 0.00000000 -0.05455589 -0.10156250
v 0.00000000 -0.05457515 -0.09375000
v 0.00000000 -0.05457640 -0.01562500
v 0.00000000 -0.05452859 -0.00781250
v 0.00000000 -0.05435342 0.00000000
v 0.00000000 -0.04687500 0.00747848
v 0.00000000 -0.03906250 -0.15595680
v 0.00000000 -0.04658908 0.00781250
v 0.00000000 -0.03906250 0.01533902
v 0.00000000 -0.03125000 -0.15586960
v 0.00000000 -0.03890687 0.01562500
v 0.00000000 -0.03865850 0.02343750
v 0.00000000 -0.03847772 0.03125000
v 0.00000000 -0.03125000 0.03847778
v 0.00000000 -0.03083736 -0.15625000
v 0.00000000 -0.02343750 -0.16364986
v 0.00000000 -0.03019947 0.03906250
v 0.00000000 -0.02343750 0.04582453
v 0.00000000 -0.01603764 -0.15625000
v 0.00000000 -0.01562500 -0.15594316
v 0.00000000 -0.01562500 0.02297211
v 0.00000000 -0.01591688 0.02343750
v 0.00000000 -0.01588792 0.03125000
v 0.00000000 -0.01667553 0.03906250
v 0.00000000 -0.00811934 -0.14843750
v 0.00000000 -0.00805610 -0.14062500
v 0.00000000 -0.00802219 -0.13281250
v 0.00000000 -0.00781250 -0.13017821
v 0.00000000 -0.00781250 -0.01698786
v 0.00000000 -0.00789154 -0.01562500
v 0.00000000 -0.00790083 -0.00781250
v 0.00000000 -0.00791520 0.00000000
v 0.00000000 -0.00795972 0.00781250
v 0.00000000 -0.00827783 0.01562500
v 0.00000000 -0.00263429 -0.12500000
v 0.00000000 -0.00066417 -0.11718750
v 0.00000000 -0.00037968 -0.10937500
v 0.00000000 -0.00030786 -0.10156250
v 0.00000000 -0.00026101 -0.09375000
v 0.00000000 -0.00022566 -0.08593750
v 0.00000000 -0.00020665 -0.07812500
v 0.00000000 -0.00019801 -0.07031250
v 0.00000000 -0.00020105 -0.06250000
v 0.00000000 -0.00023681 -0.05468750
v 0.00000000 -0.00031275 -0.04687500
v 0.00000000 -0.00040406 -0.03906250
v 0.00000000 -0.00048363 -0.03125000
v 0.00000000 -0.00136286 -0.02343750
v 0.00781250 -0.06202340 -0.08593750
v 0.00781250 -0.05468750 -0.09353763
v 0.00781250 -0.06222582 -0.07812500
v 0.00781250 -0.06227660 -0.07031250
v 0.00781250 -0.06230748 -0.06250000
v 0.00781250 -0.06231737 -0.05468750
v 0.00781250 -0.06231570 -0.04687500
v 0.00781250 -0.06229234 -0.03906250
v 0.00781250 -0.06222767 -0.03125000
v 0.00781250 -0.06199527 -0.02343750
v 0.00781250 -0.05468750 -0.01612973
v 0.00781250 -0.05325341 -0.14843750
v 0.00781250 -0.04687500 -0.15481591
v 0.00781250 -0.05448699 -0.14062500
v 0.00781250 -0.05454302 -0.13281250
v 0.00781250 -0.05454969 -0.12500000
v 0.00781250 -0.05455726 -0.11718750
v 0.00781250 -0.05455542 -0.10937500
v 0.00781250 -0.05456108 -0.10156250
v 0.00781250 -0.05464011 -0.09375000
v 0.00781250 -0.05458188 -0.01562500
v 0.00781250 -0.05453742 -0.00781250
v 0.00781250 -0.05439174 0.00000000
v 0.00781250 -0.04687500 0.00751674
v 0.00781250 -0.03906250 -0.15598297
v 0.00781250 -0.04662251 0.00781250
v 0.00781250 -0.03906250 0.01537251
v 0.00781250 -0.03125000 -0.15587342
v 0.00781250 -0.03890592 0.01562500
v 0.00781250 -0.03865290 0.02343750
v 0.00781250 -0.03849405 0.03125000
v 0.00781250 -0.03125000 0.03849411
v 0.00781250 -0.03084314 -0.15625000
v 0.00781250 -0.02343750 -0.16365564
v 0.00781250 -0.03035802 0.03906250
v 0.00781250 -0.02343750 0.04598296
v 0.00781250 -0.01603186 -0.15625000
v 0.00781250 -0.01562500 -0.15594488
v 0.00781250 -0.01562500 0.02299380
v 0.00781250 -0.01589698 0.02343750
v 0.00781250 -0.01589924 0.03125000
v 0.00781250 -0.01651698 0.03906250
v 0.00781250 -0.00811762 -0.14843750
v 0.00781250 -0.00805962 -0.14062500
v 0.00781250 -0.00802487 -0.13281250
v 0.00781250 -0.00781250 -0.12977487
v 0.00781250 -0.00781250 -0.01683420
v 0.00781250 -0.00789255 -0.01562500
v 0.00781250 -0.00790370 -0.00781250
v 0.00781250 -0.00791854 0.00000000
v 0.00781250 -0.00796020 0.00781250
v 0.00781250 -0.00825626 0.01562500
v 0.00781250 -0.00303763 -0.12500000
v 0.00781250 -0.00067317 -0.11718750
v 0.00781250 -0.00037700 -0.10937500
v 0.00781250 -0.00030124 -0.10156250
v 0.00781250 -0.00025606 -0.09375000
v 0.00781250 -0.00021946 -0.08593750
v 0.00781250 -0.00020266 -0.07812500
v 0.00781250 -0.00019586 -0.07031250
v 0.00781250 -0.00020224 -0.06250000
v 0.00781250 -0.00023413 -0.05468750
v 0.00781250 -0.00030756 -0.04687500
v 0.00781250 -0.00039774 -0.03906250
v 0.00781250 -0.00046915 -0.03125000
v 0.00781250 -0.00120920 -0.02343750
v 0.00828731 -0.05468750 -0.09375000
v 0.01562500 -0.06147832 -0.09375000
v 0.01562500 -0.05468750 -0.10054082
v 0.01562500 -0.06206149 -0.08593750
v 0.01562500 -0.06213486 -0.07812500
v 0.01562500 -0.06216204 -0.07031250
v 0.01562500 -0.06220543 -0.06250000
v 0.01562500 -0.06225717 -0.05468750
v 0.01562500 -0.06227803 -0.04687500
v 0.01562500 -0.06224924 -0.03906250
v 0.01562500 -0.06215852 -0.03125000
v 0.01562500 -0.06186849 -0.02343750
v 0.01562500 -0.05468750 -0.01625651
v 0.00845528 -0.04687500 -0.15625000
v 0.01562500 -0.05404472 -0.15625000
v 0.01562500 -0.04687500 -0.16341972
v 0.01562500 -0.05443627 -0.14843750
v 0.01562500 -0.05453455 -0.14062500
v 0.01562500 -0.05456775 -0.13281250
v 0.01562500 -0.05457127 -0.12500000
v 0.01562500 -0.05457938 -0.11718750
v 0.01562500 -0.05457938 -0.10937500
v 0.01562500 -0.05458486 -0.10156250
v 0.01562500 -0.05460674 -0.01562500
v 0.01562500 -0.05458266 -0.00781250
v 0.01562500 -0.05453742 0.00000000
v 0.00813746 -0.04687500 0.00781250
v 0.01562500 -0.05436254 0.00781250
v 0.01562500 -0.04687500 0.01530004
v 0.00840843 -0.03906250 -0.16406250
v 0.01562500 -0.04627913 -0.16406250
v 0.01562500 -0.03906250 -0.17127913
v 0.00798869 -0.03906250 -0.15625000
v 0.00814724 -0.03906250 0.01562500
v 0.01562500 -0.04654032 0.01562500
v 0.01562500 -0.03906250 0.02310276
v 0.01562500 -0.03184587 -0.16406250
v 0.01562500 -0.03125000 -0.16378826
v 0.00808680 -0.03125000 -0.15625000
v 0.01562500 -0.03883892 0.02343750
v 0.01562500 -0.03866678 0.03125000
v 0.01562500 -0.03125000 0.03866673
v 0.00916314 -0.02343750 -0.16406250
v 0.01562500 -0.02989942 -0.16406250
v 0.01562500 -0.02343750 -0.17052442
v 0.01562500 -0.03075498 0.03906250
v 0.01214671 -0.02343750 0.04687500
v 0.01562500 -0.02691579 0.04687500
v 0.01562500 -0.02343750 0.05035329
v 0.01562500 -0.01697558 -0.16406250
v 0.00901866 -0.01562500 -0.15625000
v 0.01562500 -0.01562500 -0.16285628
v 0.00819576 -0.01562500 0.02343750
v 0.00869632 -0.01562500 0.03125000
v 0.01562500 -0.01562500 0.03826797
v 0.01562500 -0.01606745 0.03906250
v 0.01562500 -0.01995921 0.04687500
v 0.01562500 -0.00901872 -0.15625000
v 0.01562500 -0.00807118 -0.14843750
v 0.01562500 -0.00802618 -0.14062500
v 0.01333439 -0.00781250 -0.13281250
v 0.01562500 -0.00781250 -0.13510317
v 0.01562500 -0.00781250 -0.01595455
v 0.01562500 -0.00784653 -0.01562500
v 0.01562500 -0.00790858 -0.00781250
v 0.01562500 -0.00792134 0.00000000
v 0.01562500 -0.00795054 0.00781250
v 0.01562500 -0.00809443 0.01562500
v 0.01562500 -0.00819576 0.02343750
v 0.01562500 -0.00869638 0.03125000
v 0.01562500 -0.00552183 -0.13281250
v 0.01562500 -0.00075501 -0.12500000
v 0.01562500 -0.00034600 -0.11718750
v 0.01562500 -0.00024199 -0.10937500
v 0.01562500 -0.00020516 -0.10156250
v 0.01562500 -0.00019431 -0.09375000
v 0.01562500 -0.00017756 -0.08593750
v 0.01562500 -0.00017929 -0.07812500
v 0.01562500 -0.00017816 -0.07031250
v 0.01562500 -0.00018466 -0.06250000
v 0.01562500 -0.00020891 -0.05468750
v 0.01562500 -0.00026053 -0.04687500
v 0.01562500 -0.00032413 -0.03906250
v 0.01562500 -0.00038165 -0.03125000
v 0.01562500 -0.00078833 -0.02343750
v 0.02343750 -0.05996704 -0.09375000
v 0.02343750 -0.05468750 -0.09902954
v 0.02343750 -0.06187850 -0.08593750
v 0.02343750 -0.06212920 -0.07812500
v 0.02343750 -0.06222868 -0.07031250
v 0.02343750 -0.06228429 -0.06250000
v 0.02343750 -0.06231356 -0.05468750
v 0.02343750 -0.06232429 -0.04687500
v 0.02343750 -0.06230539 -0.03906250
v 0.02343750 -0.06224447 -0.03125000
v 0.02343750 -0.06209624 -0.02343750
v 0.01734436 -0.05468750 -0.01562500
v 0.02343750 -0.06078070 -0.01562500
v 0.02343750 -0.05468750 -0.00953180
v 0.01646531 -0.04687500 -0.16406250
v 0.02343750 -0.05384713 -0.16406250
v 0.02343750 -0.04687500 -0.17103463
v 0.02343750 -0.05446601 -0.15625000
v 0.02343750 -0.05453926 -0.14843750
v 0.02343750 -0.05455732 -0.14062500
v 0.02343750 -0.05456710 -0.13281250
v 0.02343750 -0.05457157 -0.12500000
v 0.02343750 -0.05458856 -0.11718750
v 0.02343750 -0.05459011 -0.10937500
v 0.02343750 -0.05459595 -0.10156250
v 0.02343750 -0.05459982 -0.00781250
v 0.02343750 -0.05456710 0.00000000
v 0.02343750 -0.05447793 0.00781250
v 0.01948035 -0.04687500 0.01562500
v 0.02343750 -0.05083209 0.01562500
v 0.02343750 -0.04687500 0.01958215
v 0.01762736 -0.03906250 -0.17187500
v 0.02343750 -0.04487258 -0.17187500
v 0.02343750 -0.03906250 -0.17768508
v 0.01597476 -0.03906250 0.02343750
v 0.02343750 -0.04652518 0.02343750
v 0.01718557 -0.03906250 0.03125000
v 0.02343750 -0.04531443 0.03125000
v 0.02343750 -0.03906250 0.03750193
v 0.02040231 -0.03125000 -0.17187500
v 0.02343750 -0.03125000 -0.17491025
v 0.01584661 -0.03125000 -0.16406250
v 0.02343750 -0.03125000 0.03884304
v 0.02343750 -0.02821475 -0.17187500
v 0.02343750 -0.02343750 -0.17124254
v 0.02343750 -0.03082687 0.03906250
v 0.01910329 -0.02343750 0.04687500
v 0.02343750 -0.02343750 0.04645181
v 0.02343750 -0.01625746 -0.16406250
v 0.02343750 -0.01562500 -0.16322583
v 0.01655459 -0.01562500 0.03906250
v 0.02343750 -0.01562500 0.04584312
v 0.02343750 -0.00864917 -0.15625000
v 0.02343750 -0.00802785 -0.14843750
v 0.02343750 -0.00781769 -0.14062500
v 0.02343750 -0.00781250 -0.14059460
v 0.01630700 -0.00781250 -0.01562500
v 0.02343750 -0.00781250 -0.00934356
v 0.02343750 -0.00790870 -0.00781250
v 0.02343750 -0.00791889 0.00000000
v 0.02343750 -0.00794071 0.00781250
v 0.02343750 -0.00805914 0.01562500
v 0.02343750 -0.00807977 0.02343750
v 0.02343750 -0.00815725 0.03125000
v 0.02343750 -0.00884432 0.03906250
v 0.02343750 -0.00090683 -0.13281250
v 0.02343750 -0.00046629 -0.12500000
v 0.02343750 -0.00024432 -0.11718750
v 0.02343750 -0.00019324 -0.10937500
v 0.02343750 -0.00017345 -0.10156250
v 0.02343750 -0.00017101 -0.09375000
v 0.02343750 -0.00016481 -0.08593750
v 0.02343750 -0.00016409 -0.07812500
v 0.02343750 -0.00016612 -0.07031250
v 0.02343750 -0.00017357 -0.06250000
v 0.02343750 -0.00019276 -0.05468750
v 0.02343750 -0.00023973 -0.04687500
v 0.02343750 -0.00029087 -0.03906250
v 0.02343750 -0.00034779 -0.03125000
v 0.02343750 -0.00055951 -0.02343750
v 0.02343750 -0.00153106 -0.01562500
v 0.03125000 -0.05893683 -0.09375000
v 0.03125000 -0.05468750 -0.09799933
v 0.03125000 -0.06187218 -0.08593750
v 0.03125000 -0.06213653 -0.07812500
v 0.03125000 -0.06224185 -0.07031250
v 0.03125000 -0.06229806 -0.06250000
v 0.03125000 -0.06232500 -0.05468750
v 0.03125000 -0.06233853 -0.04687500
v 0.03125000 -0.06232136 -0.03906250
v 0.03125000 -0.06227297 -0.03125000
v 0.03125000 -0.06215584 -0.02343750
v 0.03125000 -0.06158608 -0.01562500
v 0.03125000 -0.05468750 -0.00872642
v 0.03125000 -0.05421478 -0.16406250
v 0.03125000 -0.04687500 -0.17140228
v 0.03125000 -0.05448103 -0.15625000
v 0.03125000 -0.05454433 -0.14843750
v 0.03125000 -0.05455631 -0.14062500
v 0.03125000 -0.05455899 -0.13281250
v 0.03125000 -0.05456638 -0.12500000
v 0.03125000 -0.05458552 -0.11718750
v 0.03125000 -0.05458784 -0.10937500
v 0.03125000 -0.05459428 -0.10156250
v 0.03125000 -0.05459923 -0.00781250
v 0.03125000 -0.05456394 0.00000000
v 0.03125000 -0.05446023 0.00781250
v 0.02739465 -0.04687500 0.01562500
v 0.03125000 -0.04687500 0.01539779
v 0.03125000 -0.04614449 -0.17187500
v 0.03125000 -0.03906250 -0.17895699
v 0.03125000 -0.04672170 0.01562500
v 0.03125000 -0.04652607 0.02343750
v 0.03125000 -0.04624796 0.03125000
v 0.03125000 -0.03906250 0.03843546
v 0.03125000 -0.03125000 -0.17794621
v 0.03125000 -0.03125000 0.03884685
v 0.03125000 -0.02517879 -0.17187500
v 0.03125000 -0.02343750 -0.17089897
v 0.03125000 -0.03067440 0.03906250
v 0.03125000 -0.02343750 0.04628050
v 0.03125000 -0.01660103 -0.16406250
v 0.03125000 -0.01562500 -0.16277611
v 0.03021812 -0.01562500 0.03906250
v 0.03125000 -0.01562500 0.03879035
v 0.03125000 -0.01621944 0.03906250
v 0.03125000 -0.00909889 -0.15625000
v 0.03125000 -0.00803971 -0.14843750
v 0.03125000 -0.00782269 -0.14062500
v 0.03125000 -0.00781250 -0.14056319
v 0.03125000 -0.00781250 -0.00909555
v 0.03125000 -0.00790942 -0.00781250
v 0.03125000 -0.00792015 0.00000000
v 0.03125000 -0.00794494 0.00781250
v 0.03125000 -0.00806600 0.01562500
v 0.03125000 -0.00809270 0.02343750
v 0.03125000 -0.00808460 0.03125000
v 0.03125000 -0.00094414 -0.13281250
v 0.03125000 -0.00038725 -0.12500000
v 0.03125000 -0.00022548 -0.11718750
v 0.03125000 -0.00017756 -0.10937500
v 0.03125000 -0.00016361 -0.10156250
v 0.03125000 -0.00016445 -0.09375000
v 0.03125000 -0.00015825 -0.08593750
v 0.03125000 -0.00016117 -0.07812500
v 0.03125000 -0.00016356 -0.07031250
v 0.03125000 -0.00017327 -0.06250000
v 0.03125000 -0.00019556 -0.05468750
v 0.03125000 -0.00024986 -0.04687500
v 0.03125000 -0.00028962 -0.03906250
v 0.03125000 -0.00032723 -0.03125000
v 0.03125000 -0.00051749 -0.02343750
v 0.03125000 -0.00128305 -0.01562500
v 0.03906250 -0.05925453 -0.09375000
v 0.03906250 -0.05468750 -0.09831703
v 0.03906250 -0.06199902 -0.08593750
v 0.03906250 -0.06217927 -0.07812500
v 0.03906250 -0.06226236 -0.07031250
v 0.03906250 -0.06231177 -0.06250000
v 0.03906250 -0.06233609 -0.05468750
v 0.03906250 -0.06234908 -0.04687500
v 0.03906250 -0.06233412 -0.03906250
v 0.03906250 -0.06229275 -0.03125000
v 0.03906250 -0.06221193 -0.02343750
v 0.03906250 -0.06189513 -0.01562500
v 0.03906250 -0.05468750 -0.00841737
v 0.03906250 -0.05432433 -0.16406250
v 0.03906250 -0.04687500 -0.17151183
v 0.03906250 -0.05448896 -0.15625000
v 0.03906250 -0.05454004 -0.14843750
v 0.03906250 -0.05454731 -0.14062500
v 0.03906250 -0.05454946 -0.13281250
v 0.03906250 -0.05456263 -0.12500000
v 0.03906250 -0.05458236 -0.11718750
v 0.03906250 -0.05458641 -0.10937500
v 0.03906250 -0.05459356 -0.10156250
v 0.03906250 -0.05459780 -0.00781250
v 0.03906250 -0.05456030 0.00000000
v 0.03906250 -0.05443656 0.00781250
v 0.03906250 -0.04687500 0.01537406
v 0.03906250 -0.04633635 -0.17187500
v 0.03906250 -0.03906250 -0.17914885
v 0.03906250 -0.04671192 0.01562500
v 0.03906250 -0.04646629 0.02343750
v 0.03906250 -0.04592210 0.03125000
v 0.03906250 -0.03906250 0.03810954
v 0.03906250 -0.03125000 -0.17860502
v 0.03906250 -0.03125000 0.03875518
v 0.03906250 -0.02451998 -0.17187500
v 0.03906250 -0.02343750 -0.16994363
v 0.03906250 -0.03012413 0.03906250
v 0.03906250 -0.02343750 0.04574907
v 0.03906250 -0.01755637 -0.16406250
v 0.03906250 -0.01562500 -0.16187656
v 0.03906250 -0.01562500 0.03872716
v 0.03906250 -0.01675087 0.03906250
v 0.03906250 -0.00999844 -0.15625000
v 0.03906250 -0.00806981 -0.14843750
v 0.03906250 -0.00798434 -0.14062500
v 0.03906250 -0.00781250 -0.13960356
v 0.03906250 -0.00781250 -0.00948876
v 0.03906250 -0.00791073 -0.00781250
v 0.03906250 -0.00792378 0.00000000
v 0.03906250 -0.00795287 0.00781250
v 0.03906250 -0.00811976 0.01562500
v 0.03906250 -0.00817043 0.02343750
v 0.03906250 -0.00814784 0.03125000
v 0.03906250 -0.00102144 -0.13281250
v 0.03906250 -0.00037926 -0.12500000
v 0.03906250 -0.00022340 -0.11718750
v 0.03906250 -0.00017315 -0.10937500
v 0.03906250 -0.00016564 -0.10156250
v 0.03906250 -0.00016421 -0.09375000
v 0.03906250 -0.00016242 -0.08593750
v 0.03906250 -0.00016624 -0.07812500
v 0.03906250 -0.00017303 -0.07031250
v 0.03906250 -0.00018197 -0.06250000
v 0.03906250 -0.00020838 -0.05468750
v 0.03906250 -0.00026822 -0.04687500
v 0.03906250 -0.00030875 -0.03906250
v 0.03906250 -0.00035352 -0.03125000
v 0.03906250 -0.00057054 -0.02343750
v 0.03906250 -0.00167626 -0.01562500
v 0.04687500 -0.06084728 -0.09375000
v 0.04687500 -0.05468750 -0.09990978
v 0.04687500 -0.06208479 -0.08593750
v 0.04687500 -0.06220764 -0.07812500
v 0.04687500 -0.06228095 -0.07031250
v 0.04687500 -0.06232405 -0.06250000
v 0.04687500 -0.06234527 -0.05468750
v 0.04687500 -0.06235874 -0.04687500
v 0.04687500 -0.06234759 -0.03906250
v 0.04687500 -0.06231368 -0.03125000
v 0.04687500 -0.06225491 -0.02343750
v 0.04687500 -0.06207609 -0.01562500
v 0.04687500 -0.05468750 -0.00797087
v 0.04687500 -0.05428368 -0.16406250
v 0.04687500 -0.04687500 -0.17147118
v 0.04687500 -0.05447525 -0.15625000
v 0.04687500 -0.05453354 -0.14843750
v 0.04687500 -0.05453640 -0.14062500
v 0.04687500 -0.05453759 -0.13281250
v 0.04687500 -0.05455893 -0.12500000
v 0.04687500 -0.05457950 -0.11718750
v 0.04687500 -0.05458647 -0.10937500
v 0.04687500 -0.05459553 -0.10156250
v 0.04687500 -0.05465549 -0.00781250
v 0.04687500 -0.05456144 0.00000000
v 0.04687500 -0.05442029 0.00781250
v 0.04687500 -0.04687500 0.01535773
v 0.04687500 -0.04635400 -0.17187500
v 0.04687500 -0.03906250 -0.17916650
v 0.04687500 -0.04669636 0.01562500
v 0.04687500 -0.04628789 0.02343750
v 0.04625309 -0.03906250 0.03125000
v 0.04687500 -0.03906250 0.03087378
v 0.04687500 -0.03125000 -0.17497569
v 0.04687500 -0.03877628 0.03125000
v 0.04687500 -0.03125000 0.03861284
v 0.04687500 -0.02814931 -0.17187500
v 0.04687500 -0.02379060 -0.16406250
v 0.04494369 -0.02343750 -0.16406250
v 0.04687500 -0.02343750 -0.16357768
v 0.04574907 -0.02343750 0.03906250
v 0.04687500 -0.02343750 0.03880727
v 0.04687500 -0.01610982 -0.15625000
v 0.04468906 -0.01562500 -0.15625000
v 0.04687500 -0.01562500 -0.15592498
v 0.04687500 -0.01562500 0.03852630
v 0.04687500 -0.00813752 -0.14843750
v 0.04687500 -0.00800341 -0.14062500
v 0.04687500 -0.00781250 -0.13936025
v 0.04687500 -0.00781250 -0.01103240
v 0.04687500 -0.00791472 -0.00781250
v 0.04687500 -0.00792879 0.00000000
v 0.04687500 -0.00796741 0.00781250
v 0.04687500 -0.00829613 0.01562500
v 0.04687500 -0.00832731 0.02343750
v 0.04687500 -0.00834870 0.03125000
v 0.04687500 -0.00126475 -0.13281250
v 0.04687500 -0.00041360 -0.12500000
v 0.04687500 -0.00023103 -0.11718750
v 0.04687500 -0.00018132 -0.10937500
v 0.04687500 -0.00016671 -0.10156250
v 0.04687500 -0.00017107 -0.09375000
v 0.04687500 -0.00017053 -0.08593750
v 0.04687500 -0.00017428 -0.07812500
v 0.04687500 -0.00018060 -0.07031250
v 0.04687500 -0.00019330 -0.06250000
v 0.04687500 -0.00021780 -0.05468750
v 0.04687500 -0.00028074 -0.04687500
v 0.04687500 -0.00032783 -0.03906250
v 0.04687500 -0.00037283 -0.03125000
v 0.04687500 -0.00064272 -0.02343750
v 0.04687500 -0.00321990 -0.01562500
v 0.05468750 -0.06192076 -0.09375000
v 0.05468750 -0.05468750 -0.10098326
v 0.05468750 -0.06217813 -0.08593750
v 0.05468750 -0.06225860 -0.07812500
v 0.05468750 -0.06230468 -0.07031250
v 0.05468750 -0.06233698 -0.06250000
v 0.05468750 -0.06235540 -0.05468750
v 0.05468750 -0.06236666 -0.04687500
v 0.05468750 -0.06236047 -0.03906250
v 0.05468750 -0.06233841 -0.03125000
v 0.05468750 -0.06229055 -0.02343750
v 0.05468750 -0.06216222 -0.01562500
v 0.04783535 -0.05468750 -0.00781250
v 0.05468750 -0.06031346 -0.00781250
v 0.05468750 -0.05468750 -0.00218654
v 0.05468750 -0.05121952 -0.16406250
v 0.05468750 -0.04687500 -0.16840702
v 0.05468750 -0.05441445 -0.15625000
v 0.05468750 -0.05450523 -0.14843750
v 0.05468750 -0.05451953 -0.14062500
v 0.05468750 -0.05452251 -0.13281250
v 0.05468750 -0.05455667 -0.12500000
v 0.05468750 -0.05457717 -0.11718750
v 0.05468750 -0.05458695 -0.10937500
v 0.05468750 -0.05459690 -0.10156250
v 0.05468750 -0.05456132 0.00000000
v 0.05468750 -0.05440152 0.00781250
v 0.05468750 -0.04687500 0.01533902
v 0.05468750 -0.04599231 -0.17187500
v 0.05468750 -0.03906250 -0.17880481
v 0.05468750 -0.04667413 0.01562500
v 0.05468750 -0.04599899 0.02343750
v 0.05468750 -0.03906250 0.03037405
v 0.05468750 -0.03213269 -0.17187500
v 0.04997563 -0.03125000 -0.17187500
v 0.05468750 -0.03125000 -0.17109257
v 0.05468750 -0.03809822 0.03125000
v 0.05468750 -0.03125000 0.03809822
v 0.05468750 -0.02421993 -0.16406250
v 0.05468750 -0.02343750 -0.16317570
v 0.05468750 -0.02343750 0.03861034
v 0.05468750 -0.01651180 -0.15625000
v 0.05468750 -0.01562500 -0.15580511
v 0.05468750 -0.01562500 0.03737879
v 0.05468750 -0.00825739 -0.14843750
v 0.05468750 -0.00803351 -0.14062500
v 0.05468750 -0.00781250 -0.13854408
v 0.05146766 -0.00781250 -0.01562500
v 0.05468750 -0.00781250 -0.01643509
v 0.05468750 -0.00791001 -0.01562500
v 0.05468750 -0.00792074 -0.00781250
v 0.05468750 -0.00793815 0.00000000
v 0.05468750 -0.00801373 0.00781250
v 0.05468750 -0.00876796 0.01562500
v 0.05468750 -0.00866479 0.02343750
v 0.05468750 -0.00949627 0.03125000
v 0.05468750 -0.00208092 -0.13281250
v 0.05468750 -0.00047302 -0.12500000
v 0.05468750 -0.00024092 -0.11718750
v 0.05468750 -0.00019342 -0.10937500
v 0.05468750 -0.00017452 -0.10156250
v 0.05468750 -0.00018024 -0.09375000
v 0.05468750 -0.00017917 -0.08593750
v 0.05468750 -0.00018239 -0.07812500
v 0.05468750 -0.00019300 -0.07031250
v 0.05468750 -0.00020581 -0.06250000
v 0.05468750 -0.00022888 -0.05468750
v 0.05468750 -0.00030267 -0.04687500
v 0.05468750 -0.00035000 -0.03906250
v 0.05468750 -0.00040406 -0.03125000
v 0.05468750 -0.00081009 -0.02343750
v 0.05634665 -0.05468750 -0.10156250
v 0.06250000 -0.06084090 -0.10156250
v 0.06250000 -0.05468750 -0.10771590
v 0.06250000 -0.06208527 -0.09375000
v 0.06250000 -0.06223631 -0.08593750
v 0.06250000 -0.06229067 -0.07812500
v 0.06250000 -0.06232578 -0.07031250
v 0.06250000 -0.06235325 -0.06250000
v 0.06250000 -0.06236535 -0.05468750
v 0.06250000 -0.06237441 -0.04687500
v 0.06250000 -0.06237018 -0.03906250
v 0.06250000 -0.06235242 -0.03125000
v 0.06250000 -0.06231576 -0.02343750
v 0.06250000 -0.06222093 -0.01562500
v 0.06250000 -0.06130159 -0.00781250
v 0.06250000 -0.05468750 -0.00119841
v 0.05903196 -0.04687500 -0.16406250
v 0.06250000 -0.04687500 -0.16340739
v 0.06250000 -0.05403239 -0.15625000
v 0.06250000 -0.05447048 -0.14843750
v 0.06250000 -0.05450451 -0.14062500
v 0.06250000 -0.05450952 -0.13281250
v 0.06250000 -0.05455738 -0.12500000
v 0.06250000 -0.05457741 -0.11718750
v 0.06250000 -0.05458927 -0.10937500
v 0.06250000 -0.05456257 0.00000000
v 0.06250000 -0.05443364 0.00781250
v 0.06250000 -0.04687500 0.01537120
v 0.06161726 -0.03906250 -0.17187500
v 0.06250000 -0.03906250 -0.17146540
v 0.06250000 -0.04646540 -0.16406250
v 0.06250000 -0.04667592 0.01562500
v 0.06250000 -0.04616666 0.02343750
v 0.06250000 -0.03906250 0.03054166
v 0.06250000 -0.03165960 -0.16406250
v 0.06171751 -0.03125000 -0.16406250
v 0.06250000 -0.03125000 -0.16380835
v 0.06250000 -0.03801030 0.03125000
v 0.06250000 -0.03125000 0.03801024
v 0.06250000 -0.02369165 -0.15625000
v 0.06161320 -0.02343750 -0.15625000
v 0.06250000 -0.02343750 -0.15593344
v 0.06250000 -0.02343750 0.03823376
v 0.06250000 -0.01562500 -0.15531349
v 0.06164777 -0.01562500 0.02343750
v 0.06250000 -0.01562500 0.01595092
v 0.06250000 -0.01595461 0.02343750
v 0.06250000 -0.01645380 0.03125000
v 0.06081629 -0.01562500 0.03125000
v 0.06250000 -0.00874901 -0.14843750
v 0.06250000 -0.00807899 -0.14062500
v 0.06250000 -0.00781250 -0.13730353
v 0.06250000 -0.00781250 -0.01659793
v 0.06250000 -0.00791258 -0.01562500
v 0.06250000 -0.00792783 -0.00781250
v 0.06250000 -0.00794780 0.00000000
v 0.06250000 -0.00806683 0.00781250
v 0.06250000 -0.01529908 0.01562500
v 0.06250000 -0.00332147 -0.13281250
v 0.06250000 -0.00052857 -0.12500000
v 0.06250000 -0.00024456 -0.11718750
v 0.06250000 -0.00019819 -0.10937500
v 0.06250000 -0.00017375 -0.10156250
v 0.06250000 -0.00017715 -0.09375000
v 0.06250000 -0.00017899 -0.08593750
v 0.06250000 -0.00018340 -0.07812500
v 0.06250000 -0.00019670 -0.07031250
v 0.06250000 -0.00021571 -0.06250000
v 0.06250000 -0.00023925 -0.05468750
v 0.06250000 -0.00032133 -0.04687500
v 0.06250000 -0.00037497 -0.03906250
v 0.06250000 -0.00044340 -0.03125000
v 0.06250000 -0.00097293 -0.02343750
v 0.07031250 -0.06176227 -0.10156250
v 0.07031250 -0.05468750 -0.10901803
v 0.07031250 -0.06216365 -0.09375000
v 0.07031250 -0.06226736 -0.08593750
v 0.07031250 -0.06231242 -0.07812500
v 0.07031250 -0.06234246 -0.07031250
v 0.07031250 -0.06236249 -0.06250000
v 0.07031250 -0.06237298 -0.05468750
v 0.07031250 -0.06238145 -0.04687500
v 0.07031250 -0.06237769 -0.03906250
v 0.07031250 -0.06235969 -0.03125000
v 0.07031250 -0.06233048 -0.02343750
v 0.07031250 -0.06225508 -0.01562500
v 0.07031250 -0.06167006 -0.00781250
v 0.07031250 -0.05468750 -0.00082994
v 0.06965744 -0.04687500 -0.15625000
v 0.07031250 -0.04687500 -0.15595770
v 0.07031250 -0.05439520 -0.14843750
v 0.07031250 -0.05449325 -0.14062500
v 0.07031250 -0.05450207 -0.13281250
v 0.07031250 -0.05455911 -0.12500000
v 0.07031250 -0.05457628 -0.11718750
v 0.07031250 -0.05464232 -0.10937500
v 0.07031250 -0.05456293 0.00000000
v 0.07031250 -0.05444884 0.00781250
v 0.07031250 -0.04687500 0.01538634
v 0.07031250 -0.04185057 -0.16406250
v 0.07031250 -0.03906250 -0.16685057
v 0.07031250 -0.04652762 -0.15625000
v 0.07031250 -0.04667807 0.01562500
v 0.07031250 -0.04615450 0.02343750
v 0.07031250 -0.03906250 0.03052950
v 0.07031250 -0.03627443 -0.16406250
v 0.07031250 -0.03125000 -0.16372019
v 0.07031250 -0.03762853 0.03125000
v 0.07031250 -0.03125000 0.03762853
v 0.07031250 -0.02377981 -0.15625000
v 0.07031250 -0.02343750 -0.15577400
v 0.07031250 -0.02343750 0.03820109
v 0.07031250 -0.01610100 -0.14843750
v 0.06937599 -0.01562500 -0.14843750
v 0.07031250 -0.01562500 -0.14806974
v 0.06282592 -0.01562500 0.01562500
v 0.07031250 -0.01562500 0.01537037
v 0.07031250 -0.01595879 0.01562500
v 0.07031250 -0.01600003 0.02343750
v 0.07031250 -0.01648635 0.03125000
v 0.07031250 -0.00818026 -0.14062500
v 0.07031250 -0.00800252 -0.13281250
v 0.06699109 -0.00781250 -0.13281250
v 0.07031250 -0.00781250 -0.13210636
v 0.07031250 -0.00781250 -0.01660961
v 0.07031250 -0.00791502 -0.01562500
v 0.07031250 -0.00793058 -0.00781250
v 0.07031250 -0.00795245 0.00000000
v 0.07031250 -0.00806713 0.00781250
v 0.07031250 -0.00070614 -0.12500000
v 0.07031250 -0.00031507 -0.11718750
v 0.07031250 -0.00021380 -0.10937500
v 0.07031250 -0.00018066 -0.10156250
v 0.07031250 -0.00018370 -0.09375000
v 0.07031250 -0.00018108 -0.08593750
v 0.07031250 -0.00018448 -0.07812500
v 0.07031250 -0.00019538 -0.07031250
v 0.07031250 -0.00021058 -0.06250000
v 0.07031250 -0.00023782 -0.05468750
v 0.07031250 -0.00030559 -0.04687500
v 0.07031250 -0.00035781 -0.03906250
v 0.07031250 -0.00042170 -0.03125000
v 0.07031250 -0.00098461 -0.02343750
v 0.07124913 -0.05468750 -0.10937500
v 0.07812500 -0.06071258 -0.10937500
v 0.07812500 -0.05468750 -0.11540008
v 0.07812500 -0.06192517 -0.10156250
v 0.07812500 -0.06220675 -0.09375000
v 0.07812500 -0.06228834 -0.08593750
v 0.07812500 -0.06233001 -0.07812500
v 0.07812500 -0.06235194 -0.07031250
v 0.07812500 -0.06236982 -0.06250000
v 0.07812500 -0.06237942 -0.05468750
v 0.07812500 -0.06238753 -0.04687500
v 0.07812500 -0.06238294 -0.03906250
v 0.07812500 -0.06236649 -0.03125000
v 0.07812500 -0.06234062 -0.02343750
v 0.07812500 -0.06227314 -0.01562500
v 0.07812500 -0.06180435 -0.00781250
v 0.07812500 -0.05468750 -0.00069565
v 0.07812500 -0.05420250 -0.14843750
v 0.07812500 -0.04687500 -0.15576500
v 0.07812500 -0.05446166 -0.14062500
v 0.07812500 -0.05449009 -0.13281250
v 0.07812500 -0.05455124 -0.12500000
v 0.07812500 -0.05457032 -0.11718750
v 0.07812500 -0.05456305 0.00000000
v 0.07812500 -0.05444026 0.00781250
v 0.07812500 -0.04687500 0.01537776
v 0.07310057 -0.03906250 -0.16406250
v 0.07812500 -0.03906250 -0.16312087
v 0.07812500 -0.04593337 -0.15625000
v 0.07812500 -0.04665464 0.01562500
v 0.07812500 -0.04573530 0.02343750
v 0.07812500 -0.03906250 0.03011036
v 0.07812500 -0.03125000 -0.16352302
v 0.07812500 -0.03529960 0.03125000
v 0.07812500 -0.03125000 0.03529966
v 0.07812500 -0.02397698 -0.15625000
v 0.07812500 -0.02343750 -0.15564734
v 0.07812500 -0.02343750 0.03789246
v 0.07812500 -0.01622766 -0.14843750
v 0.07812500 -0.01562500 -0.14790851
v 0.07812500 -0.01562500 0.01535892
v 0.07812500 -0.01599884 0.01562500
v 0.07812500 -0.01606637 0.02343750
v 0.07812500 -0.01679510 0.03125000
v 0.07812500 -0.00834149 -0.14062500
v 0.07812500 -0.00804830 -0.13281250
v 0.07812500 -0.00782847 -0.12500000
v 0.07805347 -0.00781250 -0.12500000
v 0.07812500 -0.00781250 -0.12494463
v 0.07812500 -0.00781250 -0.01662588
v 0.07812500 -0.00791758 -0.01562500
v 0.07812500 -0.00793707 -0.00781250
v 0.07812500 -0.00796396 0.00000000
v 0.07812500 -0.00807858 0.00781250
v 0.07812500 -0.00055707 -0.11718750
v 0.07812500 -0.00026238 -0.10937500
v 0.07812500 -0.00020093 -0.10156250
v 0.07812500 -0.00020164 -0.09375000
v 0.07812500 -0.00019515 -0.08593750
v 0.07812500 -0.00019485 -0.07812500
v 0.07812500 -0.00020641 -0.07031250
v 0.07812500 -0.00022280 -0.06250000
v 0.07812500 -0.00024891 -0.05468750
v 0.07812500 -0.00031155 -0.04687500
v 0.07812500 -0.00037932 -0.03906250
v 0.07812500 -0.00046057 -0.03125000
v 0.07812500 -0.00100088 -0.02343750
v 0.08593750 -0.06163383 -0.10937500
v 0.08593750 -0.05468750 -0.11632133
v 0.08593750 -0.06206751 -0.10156250
v 0.08593750 -0.06225318 -0.09375000
v 0.08593750 -0.06230408 -0.08593750
v 0.08593750 -0.06233937 -0.07812500
v 0.08593750 -0.06235886 -0.07031250
v 0.08593750 -0.06237370 -0.06250000
v 0.08593750 -0.06238395 -0.05468750
v 0.08593750 -0.06239140 -0.04687500
v 0.08593750 -0.06238824 -0.03906250
v 0.08593750 -0.06237346 -0.03125000
v 0.08593750 -0.06234866 -0.02343750
v 0.08593750 -0.06229186 -0.01562500
v 0.08593750 -0.06184858 -0.00781250
v 0.08593750 -0.05468750 -0.00065142
v 0.08593750 -0.05367547 -0.14843750
v 0.08593750 -0.04687500 -0.15523797
v 0.08593750 -0.05441982 -0.14062500
v 0.08593750 -0.05448312 -0.13281250
v 0.08593750 -0.05454034 -0.12500000
v 0.08593750 -0.05456454 -0.11718750
v 0.08593750 -0.05455941 0.00000000
v 0.08593750 -0.05440664 0.00781250
v 0.08593750 -0.04687500 0.01534414
v 0.08499587 -0.03906250 -0.15625000
v 0.08593750 -0.03906250 -0.15598625
v 0.08593750 -0.04662359 0.01562500
v 0.08593750 -0.04566938 0.02343750
v 0.08593750 -0.03906250 0.03004444
v 0.08539808 -0.03125000 -0.15625000
v 0.08593750 -0.03125000 -0.15596658
v 0.08593750 -0.03496897 0.03125000
v 0.08593750 -0.03125000 0.03496897
v 0.08593750 -0.02343750 -0.15552831
v 0.08593750 -0.02343750 0.03794253
v 0.08593750 -0.01634669 -0.14843750
v 0.08593750 -0.01562500 -0.14738846
v 0.08593750 -0.01562500 0.01534653
v 0.08593750 -0.01597023 0.01562500
v 0.08593750 -0.01610059 0.02343750
v 0.08113480 -0.01562500 0.03125000
v 0.08593750 -0.01562500 0.02644730
v 0.08593750 -0.01562500 0.03605270
v 0.08593750 -0.00886154 -0.14062500
v 0.08593750 -0.00810719 -0.13281250
v 0.08593750 -0.00800925 -0.12500000
v 0.08593750 -0.00781250 -0.12318212
v 0.08593750 -0.00781250 -0.01674080
v 0.08593750 -0.00791931 -0.01562500
v 0.08593750 -0.00793976 -0.00781250
v 0.08593750 -0.00797546 0.00000000
v 0.08593750 -0.00809103 0.00781250
v 0.08593750 -0.01082236 0.03125000
v 0.08593750 -0.00181788 -0.11718750
v 0.08593750 -0.00037283 -0.10937500
v 0.08593750 -0.00024128 -0.10156250
v 0.08593750 -0.00023568 -0.09375000
v 0.08593750 -0.00023097 -0.08593750
v 0.08593750 -0.00022280 -0.07812500
v 0.08593750 -0.00022721 -0.07031250
v 0.08593750 -0.00024015 -0.06250000
v 0.08593750 -0.00026631 -0.05468750
v 0.08593750 -0.00034297 -0.04687500
v 0.08593750 -0.00039285 -0.03906250
v 0.08593750 -0.00046563 -0.03125000
v 0.08593750 -0.00111580 -0.02343750
v 0.09375000 -0.06120276 -0.10937500
v 0.09375000 -0.05468750 -0.11589026
v 0.09375000 -0.06201041 -0.10156250
v 0.09375000 -0.06221592 -0.09375000
v 0.09375000 -0.06228524 -0.08593750
v 0.09375000 -0.06232369 -0.07812500
v 0.09375000 -0.06234610 -0.07031250
v 0.09375000 -0.06236398 -0.06250000
v 0.09375000 -0.06237620 -0.05468750
v 0.09375000 -0.06238329 -0.04687500
v 0.09375000 -0.06237942 -0.03906250
v 0.09375000 -0.06236291 -0.03125000
v 0.09375000 -0.06233442 -0.02343750
v 0.09375000 -0.06225890 -0.01562500
v 0.09375000 -0.06152374 -0.00781250
v 0.09375000 -0.05468750 -0.00097626
v 0.09273803 -0.04687500 -0.14843750
v 0.09375000 -0.04687500 -0.14801598
v 0.09375000 -0.05426598 -0.14062500
v 0.09375000 -0.05443615 -0.13281250
v 0.09375000 -0.05451506 -0.12500000
v 0.09375000 -0.05455303 -0.11718750
v 0.09375000 -0.05455583 0.00000000
v 0.09375000 -0.05437815 0.00781250
v 0.09375000 -0.04687500 0.01531565
v 0.09375000 -0.04639989 -0.14843750
v 0.09375000 -0.03906250 -0.15577489
v 0.09375000 -0.04660237 0.01562500
v 0.09375000 -0.04566878 0.02343750
v 0.09375000 -0.03906250 0.03004372
v 0.09375000 -0.03125000 -0.15584558
v 0.09375000 -0.03753686 0.03125000
v 0.09375000 -0.03125000 0.03753686
v 0.09375000 -0.02343750 -0.15310520
v 0.09375000 -0.02926058 0.03906250
v 0.08792698 -0.02343750 0.03906250
v 0.09375000 -0.02343750 0.04488552
v 0.09375000 -0.01876980 -0.14843750
v 0.09375000 -0.01590115 -0.14062500
v 0.09270096 -0.01562500 -0.14062500
v 0.09375000 -0.01562500 -0.14017534
v 0.09375000 -0.01562500 0.01533616
v 0.09375000 -0.01589483 0.01562500
v 0.09375000 -0.01605010 0.02343750
v 0.09375000 -0.01562500 0.02447248
v 0.09375000 -0.01562500 0.03802752
v 0.09375000 -0.01761442 0.03906250
v 0.09375000 -0.00826216 -0.13281250
v 0.09375000 -0.00805974 -0.12500000
v 0.09375000 -0.00798136 -0.11718750
v 0.09193218 -0.00781250 -0.11718750
v 0.09375000 -0.00781250 -0.11657971
v 0.09375000 -0.00781250 -0.01765501
v 0.09375000 -0.00792140 -0.01562500
v 0.09375000 -0.00794280 -0.00781250
v 0.09375000 -0.00798279 0.00000000
v 0.09375000 -0.00810134 0.00781250
v 0.09375000 -0.00884748 0.03125000
v 0.09375000 -0.00060779 -0.10937500
v 0.09375000 -0.00029337 -0.10156250
v 0.09375000 -0.00028700 -0.09375000
v 0.09375000 -0.00027692 -0.08593750
v 0.09375000 -0.00026160 -0.07812500
v 0.09375000 -0.00026333 -0.07031250
v 0.09375000 -0.00027239 -0.06250000
v 0.09375000 -0.00029784 -0.05468750
v 0.09375000 -0.00039643 -0.04687500
v 0.09375000 -0.00046718 -0.03906250
v 0.09375000 -0.00056642 -0.03125000
v 0.09375000 -0.00203001 -0.02343750
v 0.10026526 -0.05468750 -0.10937500
v 0.10156250 -0.05468750 -0.10793906
v 0.10156250 -0.06106406 -0.10156250
v 0.10156250 -0.06204498 -0.09375000
v 0.10156250 -0.06219929 -0.08593750
v 0.10156250 -0.06227666 -0.07812500
v 0.10156250 -0.06231260 -0.07031250
v 0.10156250 -0.06233847 -0.06250000
v 0.10156250 -0.06235683 -0.05468750
v 0.10156250 -0.06236768 -0.04687500
v 0.10156250 -0.06236643 -0.03906250
v 0.10156250 -0.06233865 -0.03125000
v 0.10156250 -0.06229371 -0.02343750
v 0.10156250 -0.06214124 -0.01562500
v 0.10058618 -0.05468750 -0.00781250
v 0.10156250 -0.05468750 -0.00817126
v 0.10114098 -0.04687500 -0.14062500
v 0.10156250 -0.04687500 -0.13491482
v 0.10156250 -0.04897732 -0.13281250
v 0.10156250 -0.05429071 -0.12500000
v 0.10156250 -0.05446768 -0.11718750
v 0.10156250 -0.05454630 -0.10937500
v 0.10156250 -0.05458474 -0.00781250
v 0.10156250 -0.05453467 0.00000000
v 0.10156250 -0.05420995 0.00781250
v 0.10156250 -0.04687500 0.01514745
v 0.10108745 -0.03906250 -0.14843750
v 0.10156250 -0.03906250 -0.14823908
v 0.10156250 -0.04667658 -0.14062500
v 0.10156250 -0.04629618 0.01562500
v 0.10035622 -0.03906250 0.02343750
v 0.10156250 -0.03906250 0.02285874
v 0.10115802 -0.03125000 -0.14843750
v 0.10156250 -0.03125000 -0.14820504
v 0.10156250 -0.03879386 0.02343750
v 0.10156250 -0.03824240 0.03125000
v 0.10156250 -0.03125000 0.03824246
v 0.09841776 -0.02343750 -0.14843750
v 0.10156250 -0.02343750 -0.14740694
v 0.10156250 -0.03056598 0.03906250
v 0.10156250 -0.02343750 0.04619098
v 0.10156250 -0.01665556 -0.14062500
v 0.10156250 -0.01586485 -0.13281250
v 0.10111284 -0.01562500 -0.13281250
v 0.10156250 -0.01562500 -0.13216418
v 0.10156250 -0.01562500 0.01532888
v 0.10156250 -0.01587147 0.01562500
v 0.10156250 -0.01598513 0.02343750
v 0.10156250 -0.01562500 0.02404749
v 0.09757972 -0.01562500 0.03906250
v 0.10156250 -0.01562500 0.04304528
v 0.10156250 -0.00846082 -0.12500000
v 0.10156250 -0.00809765 -0.11718750
v 0.10156250 -0.00798047 -0.10937500
v 0.10095465 -0.00781250 -0.10937500
v 0.10156250 -0.00781250 -0.10881889
v 0.09953249 -0.00781250 -0.02343750
v 0.10156250 -0.00781250 -0.02422476
v 0.10156250 -0.00792181 -0.02343750
v 0.10156250 -0.00792682 -0.01562500
v 0.10156250 -0.00795233 -0.00781250
v 0.10156250 -0.00799829 0.00000000
v 0.10156250 -0.00810862 0.00781250
v 0.10156250 -0.00842243 0.03125000
v 0.10156250 -0.01164222 0.03906250
v 0.10156250 -0.00055611 -0.10156250
v 0.10156250 -0.00041634 -0.09375000
v 0.10156250 -0.00037724 -0.08593750
v 0.10156250 -0.00033784 -0.07812500
v 0.10156250 -0.00033927 -0.07031250
v 0.10156250 -0.00031739 -0.06250000
v 0.10156250 -0.00035089 -0.05468750
v 0.10156250 -0.00049716 -0.04687500
v 0.10156250 -0.00059539 -0.03906250
v 0.10156250 -0.00078726 -0.03125000
v 0.10793900 -0.05468750 -0.10156250
v 0.10891998 -0.05468750 -0.09375000
v 0.10937500 -0.05468750 -0.09228259
v 0.10937500 -0.06103259 -0.08593750
v 0.10937500 -0.06198114 -0.07812500
v 0.10937500 -0.06217510 -0.07031250
v 0.10937500 -0.06225359 -0.06250000
v 0.10937500 -0.06229806 -0.05468750
v 0.10937500 -0.06232858 -0.04687500
v 0.10937500 -0.06233400 -0.03906250
v 0.10937500 -0.06229240 -0.03125000
v 0.10937500 -0.06220645 -0.02343750
v 0.10937500 -0.06158429 -0.01562500
v 0.10937500 -0.05468750 -0.00872821
v 0.10366476 -0.04687500 -0.13281250
v 0.10897815 -0.04687500 -0.12500000
v 0.10937500 -0.04687500 -0.12358981
v 0.10937500 -0.05327731 -0.11718750
v 0.10937500 -0.05437231 -0.10937500
v 0.10937500 -0.05447900 -0.10156250
v 0.10937500 -0.05452245 -0.09375000
v 0.10937500 -0.05455703 -0.00781250
v 0.10937500 -0.05447328 0.00000000
v 0.10937500 -0.05239332 0.00781250
v 0.10937500 -0.04687500 0.01333082
v 0.10926962 -0.03906250 -0.14062500
v 0.10937500 -0.03906250 -0.14046788
v 0.10937500 -0.04658103 -0.13281250
v 0.10937500 -0.04664266 -0.12500000
v 0.10879624 -0.03906250 0.01562500
v 0.10937500 -0.03906250 0.01529229
v 0.10937500 -0.03866142 -0.14062500
v 0.10937500 -0.03125000 -0.14770734
v 0.10937500 -0.03882617 0.01562500
v 0.10937500 -0.03861862 0.02343750
v 0.10937500 -0.03742623 0.03125000
v 0.10937500 -0.03125000 0.03742623
v 0.10937500 -0.02416766 -0.14062500
v 0.10834444 -0.02343750 -0.14062500
v 0.10937500 -0.02343750 -0.13994288
v 0.10937500 -0.03073609 0.03906250
v 0.10268998 -0.02343750 0.04687500
v 0.10937500 -0.03012258 0.04687500
v 0.10937500 -0.02343750 0.05356002
v 0.10937500 -0.01630712 -0.13281250
v 0.10937500 -0.01594645 -0.12500000
v 0.10872662 -0.01562500 -0.12500000
v 0.10937500 -0.01562500 -0.12331849
v 0.10937500 -0.01562500 0.01512825
v 0.10937500 -0.01594865 0.01562500
v 0.10937500 -0.01599079 0.02343750
v 0.10937500 -0.01562500 0.02419305
v 0.10937500 -0.01562500 0.04605746
v 0.10937500 -0.01675242 0.04687500
v 0.10937500 -0.00949401 -0.11718750
v 0.10937500 -0.00812399 -0.10937500
v 0.10937500 -0.00798863 -0.10156250
v 0.10881889 -0.00781250 -0.10156250
v 0.10937500 -0.00794804 -0.09375000
v 0.10895860 -0.00781250 -0.09375000
v 0.10937500 -0.00781250 -0.09159535
v 0.10937500 -0.00781250 -0.02903610
v 0.10937500 -0.00792807 -0.02343750
v 0.10937500 -0.00793767 -0.01562500
v 0.10937500 -0.00796980 -0.00781250
v 0.10937500 -0.00804073 0.00000000
v 0.10937500 -0.00830925 0.00781250
v 0.10937500 -0.00856805 0.03125000
v 0.10937500 -0.00863010 0.03906250
v 0.10937500 -0.00215465 -0.08593750
v 0.10937500 -0.00109839 -0.07812500
v 0.10937500 -0.00090539 -0.07031250
v 0.10937500 -0.00071293 -0.06250000
v 0.10937500 -0.00089395 -0.05468750
v 0.10937500 -0.00202245 -0.04687500
v 0.10937500 -0.00221360 -0.03906250
v 0.10937500 -0.00559860 -0.03125000
v 0.11572015 -0.05468750 -0.08593750
v 0.11666858 -0.05468750 -0.07812500
v 0.11686265 -0.05468750 -0.07031250
v 0.11718750 -0.05468750 -0.06878072
v 0.11718750 -0.06096822 -0.06250000
v 0.11718750 -0.06175959 -0.05468750
v 0.11718750 -0.06205720 -0.04687500
v 0.11718750 -0.06206906 -0.03906250
v 0.11718750 -0.06185615 -0.03125000
v 0.11718750 -0.05872601 -0.02343750
v 0.11627185 -0.05468750 -0.01562500
v 0.11718750 -0.05468750 -0.01939899
v 0.11577725 -0.04687500 -0.11718750
v 0.11687231 -0.04687500 -0.10937500
v 0.11697900 -0.04687500 -0.10156250
v 0.11718750 -0.04687500 -0.10085499
v 0.11718750 -0.05397999 -0.09375000
v 0.11718750 -0.05433708 -0.08593750
v 0.11718750 -0.05445647 -0.07812500
v 0.11718750 -0.05451626 -0.07031250
v 0.11718750 -0.05451506 -0.01562500
v 0.11718750 -0.05440527 -0.00781250
v 0.11718750 -0.05375516 0.00000000
v 0.11489332 -0.04687500 0.00781250
v 0.11718750 -0.04687500 0.00688016
v 0.11689353 -0.03906250 -0.13281250
v 0.11695516 -0.03906250 -0.12500000
v 0.11698568 -0.03906250 -0.11718750
v 0.11718750 -0.03906250 -0.11451995
v 0.11718750 -0.04420745 -0.10937500
v 0.11718750 -0.04623330 -0.10156250
v 0.11718750 -0.04238272 0.00781250
v 0.11718750 -0.03906250 0.01113272
v 0.11645734 -0.03125000 -0.14062500
v 0.11706805 -0.03125000 -0.13281250
v 0.11718750 -0.03125000 -0.13251466
v 0.11718750 -0.03854215 -0.12500000
v 0.11718750 -0.03875393 -0.11718750
v 0.11718750 -0.03815746 0.01562500
v 0.11674368 -0.03125000 0.02343750
v 0.11718750 -0.03125000 0.02253246
v 0.11555123 -0.03125000 0.03125000
v 0.11650538 -0.02343750 -0.13281250
v 0.11718750 -0.02365506 -0.12500000
v 0.11705518 -0.02343750 -0.12500000
v 0.11718750 -0.02343750 -0.12476110
v 0.11718750 -0.02943194 0.02343750
v 0.11718750 -0.02859908 0.03125000
v 0.11718750 -0.03045142 0.03906250
v 0.11718750 -0.03059924 0.04687500
v 0.11718750 -0.02343750 0.05403674
v 0.11718750 -0.01619422 -0.11718750
v 0.11550593 -0.01562500 -0.11718750
v 0.11718750 -0.01583242 -0.10937500
v 0.11687601 -0.01562500 -0.10937500
v 0.11718750 -0.01562500 -0.10900509
v 0.11669075 -0.01562500 0.00781250
v 0.11718750 -0.01562500 0.00745332
v 0.11718750 -0.01586342 0.00781250
v 0.11718750 -0.01653874 0.01562500
v 0.11718750 -0.01744306 0.02343750
v 0.11718750 -0.01827592 0.03125000
v 0.11643195 -0.01562500 0.03125000
v 0.11718750 -0.01642358 0.03906250
v 0.11636996 -0.01562500 0.03906250
v 0.11718750 -0.01602530 0.04687500
v 0.11718750 -0.00818241 -0.10156250
v 0.11718750 -0.00802857 -0.09375000
v 0.11718750 -0.00797474 -0.08593750
v 0.11503291 -0.00781250 -0.08593750
v 0.11718750 -0.00795144 -0.07812500
v 0.11608911 -0.00781250 -0.07812500
v 0.11718750 -0.00794029 -0.07031250
v 0.11628211 -0.00781250 -0.07031250
v 0.11718750 -0.00793779 -0.06250000
v 0.11647463 -0.00781250 -0.06250000
v 0.11718750 -0.00793499 -0.05468750
v 0.11629355 -0.00781250 -0.05468750
v 0.11718750 -0.00793588 -0.04687500
v 0.11516500 -0.00781250 -0.04687500
v 0.11718750 -0.00793499 -0.03906250
v 0.11497390 -0.00781250 -0.03906250
v 0.11718750 -0.00793689 -0.03125000
v 0.11158895 -0.00781250 -0.03125000
v 0.11718750 -0.00795847 -0.02343750
v 0.11718750 -0.00798225 -0.01562500
v 0.11718750 -0.00803155 -0.00781250
v 0.11718750 -0.00817168 0.00000000
v 0.12346816 -0.05468750 -0.06250000
v 0.12425959 -0.05468750 -0.05468750
v 0.12455714 -0.05468750 -0.04687500
v 0.12456906 -0.05468750 -0.03906250
v 0.12435615 -0.05468750 -0.03125000
v 0.12122595 -0.05468750 -0.02343750
v 0.12429249 -0.04687500 -0.09375000
v 0.12464952 -0.04687500 -0.08593750
v 0.12476897 -0.04687500 -0.07812500
v 0.12500000 -0.04687500 -0.07727522
v 0.12500000 -0.05383772 -0.07031250
v 0.12500000 -0.05430937 -0.06250000
v 0.12500000 -0.05442709 -0.05468750
v 0.12500000 -0.05445862 -0.04687500
v 0.12500000 -0.05445534 -0.03906250
v 0.12500000 -0.05444098 -0.03125000
v 0.12500000 -0.05440873 -0.02343750
v 0.12500000 -0.05411643 -0.01562500
v 0.12471771 -0.04687500 -0.00781250
v 0.12500000 -0.04687500 -0.00838357
v 0.12406766 -0.04687500 0.00000000
v 0.12233245 -0.03906250 -0.10937500
v 0.12435830 -0.03906250 -0.10156250
v 0.12469220 -0.03906250 -0.09375000
v 0.12475884 -0.03906250 -0.08593750
v 0.12500000 -0.03906250 -0.08263195
v 0.12500000 -0.04356945 -0.07812500
v 0.12500000 -0.04643738 -0.00781250
v 0.12476182 -0.03906250 0.00000000
v 0.12500000 -0.03906250 -0.00042695
v 0.12050772 -0.03906250 0.00781250
v 0.12447965 -0.03125000 -0.12500000
v 0.12469137 -0.03125000 -0.11718750
v 0.12480998 -0.03125000 -0.10937500
v 0.12500000 -0.03125000 -0.10867029
v 0.12500000 -0.03835779 -0.10156250
v 0.12500000 -0.03876996 -0.09375000
v 0.12500000 -0.03886700 -0.08593750
v 0.12500000 -0.03888851 0.00000000
v 0.12500000 -0.03834897 0.00781250
v 0.12409496 -0.03125000 0.01562500
v 0.12500000 -0.03125000 0.01491141
v 0.12443078 -0.02343750 -0.11718750
v 0.12500000 -0.02343750 -0.11670327
v 0.12500000 -0.03076577 -0.10937500
v 0.12408626 -0.02343750 0.01562500
v 0.12500000 -0.02343750 0.01491094
v 0.12318194 -0.02343750 0.02343750
v 0.12234914 -0.02343750 0.03125000
v 0.12420142 -0.02343750 0.03906250
v 0.12491667 -0.02343750 0.04687500
v 0.12500000 -0.01610923 -0.10937500
v 0.12500000 -0.01580751 -0.10156250
v 0.12463009 -0.01562500 -0.10156250
v 0.12500000 -0.01562500 -0.10087347
v 0.12500000 -0.01562500 0.00538599
v 0.12500000 -0.01633906 0.00781250
v 0.12500000 -0.00850153 -0.09375000
v 0.12500000 -0.00810891 -0.08593750
v 0.12500000 -0.00802851 -0.07812500
v 0.12500000 -0.00800920 -0.07031250
v 0.12500000 -0.00799656 -0.06250000
v 0.12500000 -0.00798869 -0.05468750
v 0.12500000 -0.00799298 -0.04687500
v 0.12500000 -0.00799906 -0.03906250
v 0.12500000 -0.00799942 -0.03125000
v 0.12500000 -0.00804675 -0.02343750
v 0.12500000 -0.00812149 -0.01562500
v 0.12500000 -0.00829023 -0.00781250
v 0.12500000 -0.01023906 0.00000000
v 0.13196278 -0.04687500 -0.07031250
v 0.13243437 -0.04687500 -0.06250000
v 0.13255203 -0.04687500 -0.05468750
v 0.13281250 -0.04687500 -0.04930931
v 0.13281250 -0.04930931 -0.04687500
v 0.13271236 -0.04687500 -0.03906250
v 0.13281250 -0.04687500 -0.04284108
v 0.13268936 -0.04687500 -0.03125000
v 0.13253379 -0.04687500 -0.02343750
v 0.13224137 -0.04687500 -0.01562500
v 0.12950695 -0.03906250 -0.07812500
v 0.13210976 -0.03906250 -0.07031250
v 0.13241541 -0.03906250 -0.06250000
v 0.13253975 -0.03906250 -0.05468750
v 0.13281250 -0.04231238 -0.04687500
v 0.13274074 -0.03906250 -0.04687500
v 0.13281250 -0.04360747 -0.03906250
v 0.13281250 -0.03906250 -0.04411364
v 0.13281250 -0.04507190 -0.03125000
v 0.13281250 -0.04260015 -0.02343750
v 0.13252926 -0.03906250 -0.01562500
v 0.13281250 -0.03906250 -0.01989985
v 0.13237488 -0.03906250 -0.00781250
v 0.13210785 -0.03125000 -0.10156250
v 0.13251996 -0.03125000 -0.09375000
v 0.13261700 -0.03125000 -0.08593750
v 0.13281250 -0.03125000 -0.08504385
v 0.13281250 -0.03816885 -0.07812500
v 0.13281250 -0.03873330 -0.07031250
v 0.13281250 -0.03885549 -0.06250000
v 0.13281250 -0.03891438 -0.05468750
v 0.13281250 -0.03902012 -0.04687500
v 0.13281250 -0.03894109 -0.01562500
v 0.13281250 -0.03890467 -0.00781250
v 0.13281250 -0.03869373 0.00000000
v 0.13209891 -0.03125000 0.00781250
v 0.13281250 -0.03125000 0.00744379
v 0.13232827 -0.02343750 -0.10937500
v 0.13281250 -0.02343750 -0.10895610
v 0.13281250 -0.03083110 -0.10156250
v 0.13281250 -0.03101957 -0.09375000
v 0.13281250 -0.03108311 -0.08593750
v 0.13209844 -0.02343750 0.00781250
v 0.13281250 -0.02343750 0.00744641
v 0.13281250 -0.01604390 -0.10156250
v 0.13281250 -0.01585543 -0.09375000
v 0.13212347 -0.01562500 -0.09375000
v 0.13281250 -0.01579189 -0.08593750
v 0.13251615 -0.01562500 -0.08593750
v 0.13281250 -0.01562500 -0.08188248
v 0.13273978 -0.01562500 -0.00781250
v 0.13281250 -0.01562500 -0.00800622
v 0.13281250 -0.01564950 -0.00781250
v 0.13281250 -0.01599109 0.00000000
v 0.13038599 -0.01562500 0.00000000
v 0.13281250 -0.01186752 -0.07812500
v 0.13281250 -0.00856787 -0.07031250
v 0.13281250 -0.00825822 -0.06250000
v 0.13281250 -0.00814980 -0.05468750
v 0.13281250 -0.00814599 -0.04687500
v 0.13281250 -0.00815505 -0.03906250
v 0.13281250 -0.00814450 -0.03125000
v 0.13281250 -0.00832146 -0.02343750
v 0.13281250 -0.00898314 -0.01562500
v 0.13524687 -0.04687500 -0.04687500
v 0.13571060 -0.03906250 -0.03906250
v 0.13766444 -0.03906250 -0.03125000
v 0.13635015 -0.03906250 -0.02343750
v 0.13973141 -0.03125000 -0.07812500
v 0.14029586 -0.03125000 -0.07031250
v 0.14041805 -0.03125000 -0.06250000
v 0.14062500 -0.03125000 -0.06180608
v 0.14062500 -0.03836858 -0.05468750
v 0.14062500 -0.03866494 -0.04687500
v 0.14062500 -0.03871655 -0.03906250
v 0.14062500 -0.03878653 -0.03125000
v 0.14062500 -0.03881854 -0.02343750
v 0.14062500 -0.03879589 -0.01562500
v 0.14062500 -0.03868043 -0.00781250
v 0.14062500 -0.03192025 0.00000000
v 0.14062500 -0.03125000 0.00067019
v 0.14020610 -0.02343750 -0.10156250
v 0.14039457 -0.02343750 -0.09375000
v 0.14045811 -0.02343750 -0.08593750
v 0.14062500 -0.02343750 -0.08547968
v 0.14062500 -0.03079218 -0.07812500
v 0.14062500 -0.03101170 -0.07031250
v 0.14062500 -0.03106201 -0.06250000
v 0.14062500 -0.02343750 0.00635326
v 0.14062500 -0.01608282 -0.07812500
v 0.13656998 -0.01562500 -0.07812500
v 0.14062500 -0.01586330 -0.07031250
v 0.13986957 -0.01562500 -0.07031250
v 0.14062500 -0.01581299 -0.06250000
v 0.14017928 -0.01562500 -0.06250000
v 0.14062500 -0.01579911 -0.05468750
v 0.14028764 -0.01562500 -0.05468750
v 0.14062500 -0.01579762 -0.04687500
v 0.14029145 -0.01562500 -0.04687500
v 0.14062500 -0.01579899 -0.03906250
v 0.14028251 -0.01562500 -0.03906250
v 0.14062500 -0.01579028 -0.03125000
v 0.14029300 -0.01562500 -0.03125000
v 0.14062500 -0.01579201 -0.02343750
v 0.14011610 -0.01562500 -0.02343750
v 0.14062500 -0.01583582 -0.01562500
v 0.13945436 -0.01562500 -0.01562500
v 0.14062500 -0.01590222 -0.00781250
v 0.14062500 -0.01708424 0.00000000
v 0.14774358 -0.03125000 -0.05468750
v 0.14803994 -0.03125000 -0.04687500
v 0.14809155 -0.03125000 -0.03906250
v 0.14816153 -0.03125000 -0.03125000
v 0.14819360 -0.03125000 -0.02343750
v 0.14817333 -0.03125000 -0.01562500
v 0.14805543 -0.03125000 -0.00781250
v 0.14129519 -0.03125000 0.00000000
v 0.14797974 -0.02343750 -0.07812500
v 0.14819920 -0.02343750 -0.07031250
v 0.14824951 -0.02343750 -0.06250000
v 0.14826334 -0.02343750 -0.05468750
v 0.14826488 -0.02343750 -0.04687500
v 0.14826345 -0.02343750 -0.03906250
v 0.14827216 -0.02343750 -0.03125000
v 0.14827049 -0.02343750 -0.02343750
v 0.14822674 -0.02343750 -0.01562500
v 0.14816022 -0.02343750 -0.00781250
v 0.14697826 -0.02343750 0.00000000
f 3 2 1
f 4 1 2
f 5 3 1
f 5 1 4
f 3 6 2
f 6 4 2
f 5 6 3
f 6 5 4
f 9 8 7
f 11 10 7
f 11 7 8
f 12 10 11
f 15 14 13
f 17 16 13
f 17 13 14
f 19 18 16
f 19 16 17
f 20 18 19
f 21 9 7
f 23 22 21
f 7 23 21
f 10 23 7
f 10 12 24
f 25 10 24
f 23 10 25
f 27 26 25
f 27 25 24
f 29 28 26
f 29 26 27
f 28 29 15
f 13 28 15
f 30 28 13
f 31 13 16
f 30 13 31
f 32 16 18
f 31 16 32
f 18 20 33
f 34 18 33
f 32 18 34
f 36 35 34
f 36 34 33
f 37 35 36
f 38 22 23
f 38 23 25
f 38 25 39
f 39 25 26
f 39 26 40
f 40 26 28
f 40 28 41
f 41 28 30
f 41 30 42
f 42 30 31
f 42 31 43
f 43 31 32
f 43 32 44
f 44 32 34
f 44 34 45
f 45 34 35
f 45 35 46
f 46 35 37
f 49 48 47
f 51 50 47
f 51 47 48
f 53 52 50
f 53 50 51
f 55 54 52
f 55 52 53
f 57 56 54
f 57 54 55
f 59 58 56
f 59 56 57
f 61 60 58
f 61 58 59
f 63 62 60
f 63 60 61
f 64 62 63
f 67 66 65
f 69 68 65
f 69 65 66
f 71 70 68
f 71 68 69
f 73 72 70
f 73 70 71
f 75 74 72
f 75 72 73
f 74 75 49
f 47 74 49
f 76 74 47
f 77 47 50
f 76 47 77
f 78 50 52
f 77 50 78
f 79 52 54
f 78 52 79
f 80 54 56
f 79 54 80
f 81 56 58
f 80 56 81
f 82 58 60
f 81 58 82
f 83 60 62
f 82 60 83
f 62 64 84
f 85 62 84
f 83 62 85
f 86 85 84
f 67 65 87
f 67 87 88
f 89 65 68
f 87 65 89
f 90 68 70
f 89 68 90
f 91 70 72
f 90 70 91
f 9 91 8
f 91 74 8
f 91 72 74
f 8 74 11
f 11 74 76
f 11 76 12
f 76 92 12
f 76 77 92
f 93 77 78
f 92 77 93
f 94 78 79
f 93 78 94
f 15 94 14
f 94 80 14
f 94 79 80
f 14 80 17
f 17 80 81
f 17 81 19
f 19 81 82
f 19 82 20
f 82 95 20
f 82 83 95
f 96 83 85
f 95 83 96
f 85 86 97
f 98 85 97
f 96 85 98
f 99 98 97
f 88 87 100
f 88 100 101
f 102 87 89
f 100 87 102
f 103 89 90
f 102 89 103
f 104 90 91
f 103 90 104
f 21 105 9
f 105 91 9
f 105 104 91
f 22 105 21
f 92 24 12
f 24 92 27
f 27 92 93
f 27 93 29
f 29 93 94
f 29 94 15
f 95 33 20
f 33 95 36
f 36 95 96
f 36 96 37
f 96 106 37
f 96 98 106
f 98 99 107
f 98 107 106
f 108 101 100
f 108 100 102
f 108 102 109
f 109 102 103
f 109 103 110
f 110 103 104
f 110 104 111
f 113 112 111
f 104 113 111
f 105 113 104
f 38 114 22
f 114 105 22
f 114 113 105
f 39 115 38
f 38 115 114
f 40 116 39
f 39 116 115
f 41 117 40
f 40 117 116
f 42 118 41
f 41 118 117
f 43 119 42
f 42 119 118
f 44 120 43
f 43 120 119
f 45 121 44
f 44 121 120
f 46 122 45
f 45 122 121
f 123 122 46
f 123 46 37
f 124 123 37
f 106 124 37
f 124 106 107
f 125 112 113
f 125 113 114
f 125 114 126
f 126 114 115
f 126 115 127
f 127 115 116
f 127 116 128
f 128 116 117
f 128 117 129
f 129 117 118
f 129 118 130
f 130 118 119
f 130 119 131
f 131 119 120
f 131 120 132
f 132 120 121
f 132 121 133
f 133 121 122
f 133 122 134
f 134 122 123
f 137 136 135
f 139 138 135
f 139 135 136
f 141 140 138
f 141 138 139
f 143 142 140
f 143 140 141
f 144 142 143
f 147 146 145
f 149 148 145
f 149 145 146
f 151 150 148
f 151 148 149
f 48 49 150
f 151 48 150
f 152 48 151
f 48 153 51
f 152 153 48
f 51 154 53
f 153 154 51
f 135 55 137
f 55 154 137
f 55 53 154
f 55 135 57
f 57 135 138
f 57 138 59
f 59 138 140
f 59 140 61
f 61 140 142
f 144 155 142
f 155 61 142
f 155 63 61
f 157 156 64
f 63 157 64
f 155 157 63
f 159 158 156
f 159 156 157
f 161 160 158
f 161 158 159
f 162 160 161
f 165 164 163
f 167 166 163
f 167 163 164
f 169 168 166
f 169 166 167
f 66 67 168
f 169 66 168
f 170 66 169
f 66 171 69
f 170 171 66
f 145 71 147
f 71 171 147
f 71 69 171
f 71 145 73
f 73 145 148
f 73 148 75
f 75 148 150
f 75 150 49
f 156 84 64
f 84 156 86
f 156 172 86
f 156 158 172
f 173 158 160
f 172 158 173
f 160 162 174
f 160 174 173
f 175 165 163
f 177 176 175
f 163 177 175
f 166 177 163
f 178 166 168
f 177 166 178
f 88 178 67
f 67 178 168
f 172 97 86
f 97 172 99
f 172 179 99
f 172 173 179
f 173 174 180
f 173 180 179
f 176 177 181
f 176 181 182
f 183 177 178
f 181 177 183
f 101 183 88
f 88 183 178
f 184 107 179
f 179 107 99
f 179 180 185
f 186 179 185
f 184 179 186
f 187 186 185
f 188 182 181
f 188 181 183
f 188 183 189
f 191 189 190
f 190 189 108
f 189 183 108
f 183 101 108
f 109 192 108
f 108 192 190
f 110 193 109
f 109 193 192
f 111 194 110
f 110 194 193
f 112 194 111
f 195 123 124
f 107 184 124
f 184 195 124
f 184 196 195
f 186 198 197
f 196 186 197
f 184 186 196
f 198 186 187
f 199 191 190
f 199 190 192
f 199 192 200
f 200 192 193
f 200 193 201
f 201 193 194
f 201 194 202
f 202 194 112
f 125 202 112
f 203 202 125
f 204 125 126
f 204 203 125
f 205 126 127
f 205 204 126
f 206 127 128
f 206 205 127
f 207 128 129
f 207 206 128
f 208 129 130
f 208 207 129
f 209 130 131
f 209 208 130
f 210 131 132
f 210 209 131
f 211 132 133
f 211 210 132
f 212 133 134
f 212 211 133
f 134 123 195
f 213 134 195
f 212 134 213
f 213 195 196
f 213 196 214
f 214 196 197
f 217 216 215
f 219 218 215
f 219 215 216
f 221 220 218
f 221 218 219
f 223 222 220
f 223 220 221
f 136 137 222
f 223 136 222
f 224 136 223
f 136 225 139
f 224 225 136
f 139 226 141
f 225 226 139
f 141 227 143
f 226 227 141
f 229 228 144
f 143 229 144
f 227 229 143
f 231 230 228
f 231 228 229
f 233 232 230
f 233 230 231
f 234 232 233
f 237 236 235
f 239 238 235
f 239 235 236
f 241 240 238
f 241 238 239
f 243 242 240
f 243 240 241
f 146 147 242
f 243 146 242
f 244 146 243
f 146 245 149
f 244 245 146
f 215 151 217
f 151 245 217
f 151 149 245
f 151 215 152
f 152 215 218
f 152 218 153
f 153 218 220
f 153 220 154
f 154 220 222
f 154 222 137
f 228 155 144
f 155 228 157
f 157 228 230
f 157 230 159
f 159 230 232
f 234 246 232
f 246 159 232
f 246 161 159
f 248 247 162
f 161 248 162
f 246 248 161
f 250 249 247
f 250 247 248
f 251 249 250
f 254 253 252
f 164 165 252
f 253 164 252
f 255 164 253
f 235 167 237
f 167 255 237
f 167 164 255
f 167 235 169
f 169 235 238
f 169 238 170
f 170 238 240
f 170 240 171
f 171 240 242
f 171 242 147
f 256 174 247
f 247 174 162
f 257 247 249
f 256 247 257
f 249 251 258
f 249 258 257
f 259 254 252
f 261 259 260
f 260 259 175
f 259 252 175
f 252 165 175
f 176 260 175
f 262 180 256
f 256 180 174
f 257 264 263
f 262 257 263
f 256 257 262
f 264 257 258
f 261 260 265
f 261 265 266
f 182 265 176
f 176 265 260
f 262 185 180
f 268 267 187
f 268 187 185
f 263 268 185
f 262 263 185
f 269 267 268
f 270 266 265
f 272 270 271
f 271 270 188
f 270 265 188
f 265 182 188
f 189 273 188
f 188 273 271
f 191 273 189
f 274 197 198
f 275 274 198
f 275 198 187
f 276 275 187
f 267 276 187
f 276 267 269
f 277 272 271
f 277 271 273
f 277 273 278
f 278 273 191
f 199 278 191
f 279 278 199
f 280 199 200
f 280 279 199
f 282 280 281
f 280 201 281
f 280 200 201
f 202 283 201
f 201 283 281
f 203 284 202
f 202 284 283
f 204 285 203
f 203 285 284
f 285 204 286
f 204 287 286
f 204 205 287
f 289 287 288
f 287 206 288
f 287 205 206
f 288 206 290
f 206 291 290
f 206 207 291
f 292 207 208
f 292 291 207
f 293 208 209
f 293 292 208
f 294 209 210
f 294 293 209
f 295 210 211
f 295 294 210
f 296 211 212
f 296 295 211
f 297 212 213
f 297 296 212
f 298 213 214
f 298 297 213
f 214 197 274
f 299 214 274
f 298 214 299
f 299 274 275
f 300 282 281
f 300 281 283
f 300 283 301
f 301 283 284
f 301 284 302
f 302 284 285
f 302 285 303
f 303 285 286
f 304 289 288
f 304 288 290
f 307 306 305
f 309 308 305
f 309 305 306
f 216 217 308
f 309 216 308
f 310 216 309
f 216 311 219
f 310 311 216
f 219 312 221
f 311 312 219
f 221 313 223
f 312 313 221
f 223 314 224
f 313 314 223
f 224 315 225
f 314 315 224
f 225 316 226
f 315 316 225
f 226 317 227
f 316 317 226
f 227 318 229
f 317 318 227
f 229 319 231
f 318 319 229
f 231 320 233
f 319 320 231
f 322 321 234
f 233 322 234
f 320 322 233
f 323 321 322
f 326 325 324
f 236 237 324
f 325 236 324
f 327 236 325
f 236 328 239
f 327 328 236
f 239 329 241
f 328 329 239
f 241 330 243
f 329 330 241
f 305 244 307
f 244 330 307
f 244 243 330
f 244 305 245
f 245 305 308
f 245 308 217
f 321 246 234
f 323 331 321
f 331 246 321
f 331 248 246
f 248 332 250
f 331 332 248
f 251 250 332
f 251 332 333
f 336 335 334
f 253 254 334
f 335 253 334
f 337 253 335
f 324 255 326
f 255 337 326
f 255 253 337
f 255 324 237
f 339 258 338
f 258 333 338
f 258 251 333
f 340 339 338
f 336 334 341
f 336 341 342
f 259 343 254
f 343 334 254
f 343 341 334
f 261 343 259
f 344 263 264
f 258 339 264
f 339 344 264
f 339 345 344
f 339 340 346
f 339 346 345
f 347 342 341
f 347 341 343
f 347 343 348
f 343 261 348
f 261 349 348
f 261 266 349
f 344 268 263
f 268 344 269
f 344 350 269
f 344 345 350
f 345 346 351
f 352 345 351
f 350 345 352
f 353 352 351
f 266 270 354
f 355 266 354
f 349 266 355
f 272 354 270
f 356 275 276
f 357 356 276
f 357 276 269
f 358 357 269
f 350 358 269
f 358 350 352
f 358 352 359
f 359 352 353
f 360 355 354
f 360 354 272
f 277 360 272
f 361 360 277
f 362 277 278
f 362 361 277
f 364 362 363
f 362 279 363
f 362 278 279
f 280 365 279
f 279 365 363
f 282 365 280
f 366 286 287
f 289 366 287
f 367 290 291
f 292 368 291
f 291 368 367
f 293 369 292
f 292 369 368
f 294 370 293
f 293 370 369
f 370 294 371
f 294 372 371
f 294 295 372
f 373 295 296
f 373 372 295
f 374 296 297
f 374 373 296
f 375 297 298
f 375 374 297
f 376 298 299
f 376 375 298
f 299 275 356
f 377 299 356
f 376 299 377
f 377 356 357
f 378 364 363
f 378 363 365
f 378 365 379
f 379 365 282
f 300 379 282
f 380 379 300
f 381 300 301
f 381 380 300
f 382 301 302
f 382 381 301
f 383 302 303
f 383 382 302
f 303 286 366
f 384 303 366
f 383 303 384
f 384 366 289
f 304 384 289
f 385 384 304
f 304 290 367
f 386 304 367
f 385 304 386
f 386 367 368
f 386 368 387
f 387 368 369
f 387 369 388
f 388 369 370
f 388 370 389
f 389 370 371
f 391 390 306
f 391 306 307
f 306 392 309
f 390 392 306
f 309 393 310
f 392 393 309
f 310 394 311
f 393 394 310
f 311 395 312
f 394 395 311
f 312 396 313
f 395 396 312
f 313 397 314
f 396 397 313
f 314 398 315
f 397 398 314
f 315 399 316
f 398 399 315
f 316 400 317
f 399 400 316
f 317 401 318
f 400 401 317
f 318 402 319
f 401 402 318
f 319 403 320
f 402 403 319
f 320 404 322
f 403 404 320
f 323 322 404
f 323 404 405
f 408 407 406
f 325 326 406
f 407 325 406
f 409 325 407
f 325 410 327
f 409 410 325
f 327 411 328
f 410 411 327
f 328 412 329
f 411 412 328
f 329 413 330
f 412 413 329
f 307 330 391
f 391 330 413
f 405 414 323
f 323 414 331
f 331 415 332
f 414 415 331
f 417 416 333
f 332 417 333
f 415 417 332
f 418 416 417
f 421 420 419
f 335 336 419
f 420 335 419
f 422 335 420
f 406 337 408
f 337 422 408
f 337 335 422
f 337 406 326
f 416 338 333
f 424 423 340
f 424 340 338
f 418 424 338
f 416 418 338
f 426 425 423
f 426 423 424
f 427 425 426
f 421 419 428
f 421 428 429
f 342 428 336
f 336 428 419
f 430 346 423
f 423 346 340
f 425 432 431
f 430 425 431
f 423 425 430
f 432 425 427
f 433 429 428
f 433 428 342
f 347 433 342
f 434 433 347
f 435 347 348
f 435 434 347
f 348 349 435
f 435 349 436
f 430 351 346
f 438 437 353
f 438 353 351
f 431 438 351
f 430 431 351
f 439 437 438
f 355 436 349
f 355 440 436
f 442 441 358
f 358 441 357
f 444 442 443
f 442 359 443
f 442 358 359
f 445 443 359
f 445 359 353
f 446 445 353
f 437 446 353
f 446 437 439
f 447 440 355
f 447 355 360
f 448 360 361
f 448 447 360
f 449 361 362
f 449 448 361
f 362 364 449
f 449 364 450
f 451 371 372
f 451 372 452
f 372 453 452
f 372 373 453
f 454 373 374
f 454 453 373
f 455 374 375
f 455 454 374
f 456 375 376
f 456 455 375
f 457 376 377
f 457 456 376
f 377 357 441
f 377 441 457
f 458 444 443
f 458 443 445
f 459 450 364
f 459 364 378
f 460 378 379
f 460 459 378
f 461 379 380
f 461 460 379
f 462 380 381
f 462 461 380
f 463 381 382
f 463 462 381
f 464 382 383
f 464 463 382
f 465 383 384
f 465 464 383
f 466 384 385
f 466 465 384
f 467 385 386
f 467 466 385
f 468 386 387
f 468 467 386
f 469 387 388
f 469 468 387
f 470 388 389
f 470 469 388
f 389 371 451
f 471 389 451
f 470 389 471
f 471 451 452
f 391 472 390
f 390 472 473
f 474 390 473
f 392 390 474
f 392 475 393
f 474 475 392
f 393 476 394
f 475 476 393
f 394 477 395
f 476 477 394
f 395 478 396
f 477 478 395
f 396 479 397
f 478 479 396
f 397 480 398
f 479 480 397
f 398 481 399
f 480 481 398
f 399 482 400
f 481 482 399
f 400 483 401
f 482 483 400
f 401 484 402
f 483 484 401
f 402 485 403
f 484 485 402
f 403 486 404
f 485 486 403
f 405 404 486
f 405 486 487
f 490 489 488
f 407 408 488
f 489 407 488
f 491 407 489
f 407 492 409
f 491 492 407
f 409 493 410
f 492 493 409
f 410 494 411
f 493 494 410
f 411 495 412
f 494 495 411
f 412 496 413
f 495 496 412
f 391 413 472
f 413 497 472
f 413 496 497
f 472 497 473
f 487 498 405
f 405 498 414
f 414 499 415
f 498 499 414
f 415 500 417
f 499 500 415
f 418 417 500
f 418 500 501
f 503 502 420
f 503 420 421
f 488 422 490
f 422 502 490
f 422 420 502
f 422 488 408
f 501 504 418
f 418 504 424
f 424 505 426
f 504 505 424
f 427 426 505
f 427 505 506
f 429 503 421
f 429 507 503
f 508 431 432
f 509 508 432
f 427 509 432
f 506 509 427
f 510 507 429
f 510 429 433
f 511 433 434
f 511 510 433
f 513 511 512
f 511 435 512
f 511 434 435
f 436 512 435
f 508 438 431
f 439 438 508
f 509 439 508
f 514 439 509
f 515 513 512
f 512 436 515
f 436 516 515
f 436 440 516
f 517 441 442
f 444 517 442
f 518 445 446
f 519 518 446
f 439 519 446
f 514 519 439
f 520 516 440
f 520 440 447
f 521 447 448
f 521 520 447
f 523 521 522
f 521 449 522
f 521 448 449
f 450 522 449
f 525 524 453
f 453 524 452
f 526 453 454
f 526 525 453
f 527 454 455
f 527 526 454
f 528 455 456
f 528 527 455
f 529 456 457
f 529 528 456
f 457 441 517
f 530 457 517
f 529 457 530
f 530 517 444
f 458 530 444
f 531 530 458
f 458 445 518
f 532 458 518
f 531 458 532
f 532 518 519
f 533 523 522
f 533 522 450
f 459 533 450
f 534 533 459
f 535 459 460
f 535 534 459
f 536 460 461
f 536 535 460
f 537 461 462
f 537 536 461
f 538 462 463
f 538 537 462
f 539 463 464
f 539 538 463
f 540 464 465
f 540 539 464
f 541 465 466
f 541 540 465
f 542 466 467
f 542 541 466
f 543 467 468
f 543 542 467
f 544 468 469
f 544 543 468
f 545 469 470
f 545 544 469
f 546 470 471
f 546 545 470
f 471 452 524
f 471 524 546
f 548 547 474
f 548 474 473
f 474 549 475
f 547 549 474
f 475 550 476
f 549 550 475
f 476 551 477
f 550 551 476
f 477 552 478
f 551 552 477
f 478 553 479
f 552 553 478
f 479 554 480
f 553 554 479
f 480 555 481
f 554 555 480
f 481 556 482
f 555 556 481
f 482 557 483
f 556 557 482
f 483 558 484
f 557 558 483
f 484 559 485
f 558 559 484
f 485 560 486
f 559 560 485
f 487 486 560
f 487 560 561
f 563 562 489
f 563 489 490
f 489 564 491
f 562 564 489
f 491 565 492
f 564 565 491
f 492 566 493
f 565 566 492
f 493 567 494
f 566 567 493
f 494 568 495
f 567 568 494
f 495 569 496
f 568 569 495
f 496 570 497
f 569 570 496
f 473 497 548
f 548 497 570
f 561 571 487
f 487 571 498
f 498 572 499
f 571 572 498
f 499 573 500
f 572 573 499
f 501 500 573
f 501 573 574
f 576 575 502
f 576 502 503
f 490 502 563
f 563 502 575
f 574 577 501
f 501 577 504
f 504 578 505
f 577 578 504
f 506 505 578
f 506 578 579
f 507 576 503
f 507 580 576
f 579 509 506
f 581 509 579
f 582 580 507
f 582 507 510
f 583 510 511
f 583 582 510
f 511 513 583
f 583 513 584
f 581 514 509
f 585 514 581
f 586 584 513
f 586 513 515
f 515 516 586
f 586 516 587
f 585 519 514
f 588 519 585
f 589 587 516
f 589 516 520
f 590 520 521
f 590 589 520
f 521 523 590
f 590 523 591
f 592 524 525
f 592 525 593
f 525 594 593
f 525 526 594
f 595 526 527
f 595 594 526
f 596 527 528
f 596 595 527
f 597 528 529
f 597 596 528
f 598 529 530
f 598 597 529
f 599 530 531
f 599 598 530
f 600 531 532
f 600 599 531
f 532 519 588
f 532 588 600
f 601 591 523
f 601 523 533
f 602 533 534
f 602 601 533
f 603 534 535
f 603 602 534
f 604 535 536
f 604 603 535
f 605 536 537
f 605 604 536
f 606 537 538
f 606 605 537
f 607 538 539
f 607 606 538
f 608 539 540
f 608 607 539
f 609 540 541
f 609 608 540
f 610 541 542
f 610 609 541
f 611 542 543
f 611 610 542
f 612 543 544
f 612 611 543
f 613 544 545
f 613 612 544
f 614 545 546
f 614 613 545
f 546 524 592
f 615 546 592
f 614 546 615
f 615 592 593
f 617 616 547
f 617 547 548
f 547 618 549
f 616 618 547
f 549 619 550
f 618 619 549
f 550 620 551
f 619 620 550
f 551 621 552
f 620 621 551
f 552 622 553
f 621 622 552
f 553 623 554
f 622 623 553
f 554 624 555
f 623 624 554
f 555 625 556
f 624 625 555
f 556 626 557
f 625 626 556
f 557 627 558
f 626 627 557
f 558 628 559
f 627 628 558
f 559 629 560
f 628 629 559
f 561 560 629
f 561 629 630
f 632 631 562
f 632 562 563
f 562 633 564
f 631 633 562
f 564 634 565
f 633 634 564
f 565 635 566
f 634 635 565
f 566 636 567
f 635 636 566
f 567 637 568
f 636 637 567
f 568 638 569
f 637 638 568
f 569 639 570
f 638 639 569
f 548 570 617
f 617 570 639
f 630 640 561
f 561 640 571
f 571 641 572
f 640 641 571
f 572 642 573
f 641 642 572
f 574 573 642
f 574 642 643
f 645 644 575
f 645 575 576
f 563 575 632
f 632 575 644
f 643 646 574
f 574 646 577
f 577 647 578
f 646 647 577
f 579 578 647
f 579 647 648
f 580 645 576
f 580 649 645
f 648 581 579
f 650 581 648
f 651 649 580
f 651 580 582
f 653 651 652
f 651 583 652
f 651 582 583
f 584 652 583
f 655 585 654
f 585 650 654
f 585 581 650
f 656 655 654
f 657 653 652
f 659 657 658
f 658 657 586
f 657 652 586
f 652 584 586
f 587 658 586
f 661 660 655
f 660 585 655
f 660 588 585
f 661 655 656
f 662 659 658
f 662 658 587
f 589 662 587
f 663 662 589
f 664 589 590
f 664 663 589
f 590 591 664
f 664 591 665
f 667 666 594
f 594 666 593
f 668 594 595
f 668 667 594
f 669 595 596
f 669 668 595
f 670 596 597
f 670 669 596
f 671 597 598
f 671 670 597
f 672 598 599
f 672 671 598
f 673 599 600
f 673 672 599
f 600 588 660
f 600 660 673
f 674 665 591
f 674 591 601
f 675 601 602
f 675 674 601
f 676 602 603
f 676 675 602
f 677 603 604
f 677 676 603
f 678 604 605
f 678 677 604
f 679 605 606
f 679 678 605
f 680 606 607
f 680 679 606
f 681 607 608
f 681 680 607
f 682 608 609
f 682 681 608
f 683 609 610
f 683 682 609
f 684 610 611
f 684 683 610
f 685 611 612
f 685 684 611
f 686 612 613
f 686 685 612
f 687 613 614
f 687 686 613
f 688 614 615
f 688 687 614
f 615 593 666
f 615 666 688
f 690 689 616
f 690 616 617
f 616 691 618
f 689 691 616
f 618 692 619
f 691 692 618
f 619 693 620
f 692 693 619
f 620 694 621
f 693 694 620
f 621 695 622
f 694 695 621
f 622 696 623
f 695 696 622
f 623 697 624
f 696 697 623
f 624 698 625
f 697 698 624
f 625 699 626
f 698 699 625
f 626 700 627
f 699 700 626
f 627 701 628
f 700 701 627
f 628 702 629
f 701 702 628
f 630 629 702
f 630 702 703
f 705 704 631
f 705 631 632
f 631 706 633
f 704 706 631
f 633 707 634
f 706 707 633
f 634 708 635
f 707 708 634
f 635 709 636
f 708 709 635
f 636 710 637
f 709 710 636
f 637 711 638
f 710 711 637
f 638 712 639
f 711 712 638
f 617 639 690
f 690 639 712
f 703 713 630
f 630 713 640
f 640 714 641
f 713 714 640
f 641 715 642
f 714 715 641
f 643 642 715
f 643 715 716
f 718 717 644
f 718 644 645
f 632 644 705
f 705 644 717
f 716 719 643
f 643 719 646
f 646 720 647
f 719 720 646
f 648 647 720
f 648 720 721
f 649 718 645
f 649 722 718
f 721 650 648
f 723 650 721
f 724 722 649
f 724 649 651
f 651 653 724
f 724 653 725
f 723 726 650
f 650 726 654
f 656 654 726
f 656 726 727
f 728 725 653
f 728 653 657
f 657 659 728
f 728 659 729
f 731 730 661
f 661 730 660
f 661 656 727
f 661 727 731
f 732 729 659
f 732 659 662
f 733 662 663
f 733 732 662
f 734 663 664
f 734 733 663
f 664 665 734
f 734 665 735
f 736 666 667
f 736 667 737
f 667 738 737
f 667 668 738
f 739 668 669
f 739 738 668
f 740 669 670
f 740 739 669
f 741 670 671
f 741 740 670
f 742 671 672
f 742 741 671
f 743 672 673
f 743 742 672
f 673 660 730
f 673 730 743
f 744 735 665
f 744 665 674
f 745 674 675
f 745 744 674
f 746 675 676
f 746 745 675
f 747 676 677
f 747 746 676
f 748 677 678
f 748 747 677
f 749 678 679
f 749 748 678
f 750 679 680
f 750 749 679
f 751 680 681
f 751 750 680
f 752 681 682
f 752 751 681
f 753 682 683
f 753 752 682
f 754 683 684
f 754 753 683
f 755 684 685
f 755 754 684
f 756 685 686
f 756 755 685
f 757 686 687
f 757 756 686
f 758 687 688
f 758 757 687
f 688 666 736
f 759 688 736
f 758 688 759
f 759 736 737
f 690 760 689
f 689 760 761
f 762 689 761
f 691 689 762
f 691 763 692
f 762 763 691
f 692 764 693
f 763 764 692
f 693 765 694
f 764 765 693
f 694 766 695
f 765 766 694
f 695 767 696
f 766 767 695
f 696 768 697
f 767 768 696
f 697 769 698
f 768 769 697
f 698 770 699
f 769 770 698
f 699 771 700
f 770 771 699
f 700 772 701
f 771 772 700
f 772 774 773
f 702 772 773
f 701 772 702
f 773 703 702
f 776 775 704
f 776 704 705
f 704 777 706
f 775 777 704
f 706 778 707
f 777 778 706
f 707 779 708
f 778 779 707
f 708 780 709
f 779 780 708
f 709 781 710
f 780 781 709
f 710 782 711
f 781 782 710
f 711 783 712
f 782 783 711
f 690 712 760
f 712 784 760
f 712 783 784
f 760 784 761
f 774 785 773
f 773 785 703
f 785 713 703
f 785 786 713
f 713 787 714
f 786 787 713
f 714 788 715
f 787 788 714
f 716 715 788
f 716 788 789
f 791 790 717
f 791 717 718
f 705 717 776
f 776 717 790
f 789 792 716
f 716 792 719
f 719 793 720
f 792 793 719
f 721 720 793
f 721 793 794
f 722 791 718
f 722 795 791
f 794 723 721
f 796 723 794
f 797 795 722
f 797 722 724
f 724 725 797
f 797 725 798
f 796 799 723
f 723 799 726
f 727 726 799
f 727 799 800
f 801 798 725
f 801 725 728
f 728 729 801
f 801 729 802
f 804 803 731
f 731 803 730
f 731 727 800
f 731 800 804
f 805 802 729
f 805 729 732
f 806 732 733
f 806 805 732
f 807 733 734
f 807 806 733
f 734 735 807
f 807 735 808
f 810 809 738
f 738 809 737
f 811 738 739
f 811 810 738
f 812 739 740
f 812 811 739
f 813 740 741
f 813 812 740
f 814 741 742
f 814 813 741
f 815 742 743
f 815 814 742
f 743 730 803
f 743 803 815
f 816 808 735
f 816 735 744
f 817 744 745
f 817 816 744
f 818 745 746
f 818 817 745
f 819 746 747
f 819 818 746
f 820 747 748
f 820 819 747
f 821 748 749
f 821 820 748
f 822 749 750
f 822 821 749
f 823 750 751
f 823 822 750
f 824 751 752
f 824 823 751
f 825 752 753
f 825 824 752
f 826 753 754
f 826 825 753
f 827 754 755
f 827 826 754
f 828 755 756
f 828 827 755
f 829 756 757
f 829 828 756
f 830 757 758
f 830 829 757
f 831 758 759
f 831 830 758
f 759 737 809
f 759 809 831
f 833 832 762
f 833 762 761
f 762 834 763
f 832 834 762
f 763 835 764
f 834 835 763
f 764 836 765
f 835 836 764
f 765 837 766
f 836 837 765
f 766 838 767
f 837 838 766
f 767 839 768
f 838 839 767
f 768 840 769
f 839 840 768
f 769 841 770
f 840 841 769
f 770 842 771
f 841 842 770
f 771 843 772
f 842 843 771
f 774 772 843
f 774 843 844
f 776 845 775
f 775 845 846
f 847 775 846
f 777 775 847
f 777 848 778
f 847 848 777
f 778 849 779
f 848 849 778
f 779 850 780
f 849 850 779
f 780 851 781
f 850 851 780
f 781 852 782
f 851 852 781
f 782 853 783
f 852 853 782
f 783 854 784
f 853 854 783
f 761 784 833
f 833 784 854
f 844 855 774
f 774 855 785
f 785 856 786
f 855 856 785
f 786 857 787
f 856 857 786
f 787 858 788
f 857 858 787
f 789 788 858
f 789 858 859
f 861 860 790
f 861 790 791
f 776 790 845
f 790 862 845
f 790 860 862
f 845 862 846
f 859 863 789
f 789 863 792
f 792 864 793
f 863 864 792
f 794 793 864
f 794 864 865
f 795 861 791
f 795 866 861
f 865 796 794
f 867 796 865
f 868 866 795
f 868 795 797
f 797 798 868
f 868 798 869
f 867 870 796
f 796 870 799
f 800 799 870
f 800 870 871
f 872 869 798
f 872 798 801
f 801 802 872
f 872 802 873
f 875 874 804
f 804 874 803
f 804 800 871
f 804 871 875
f 876 873 802
f 876 802 805
f 877 805 806
f 877 876 805
f 878 806 807
f 878 877 806
f 807 808 878
f 878 808 879
f 881 880 810
f 810 880 809
f 882 810 811
f 882 881 810
f 883 811 812
f 883 882 811
f 884 812 813
f 884 883 812
f 885 813 814
f 885 884 813
f 886 814 815
f 886 885 814
f 815 803 874
f 815 874 886
f 887 879 808
f 887 808 816
f 888 816 817
f 888 887 816
f 889 817 818
f 889 888 817
f 890 818 819
f 890 889 818
f 891 819 820
f 891 890 819
f 892 820 821
f 892 891 820
f 893 821 822
f 893 892 821
f 894 822 823
f 894 893 822
f 895 823 824
f 895 894 823
f 896 824 825
f 896 895 824
f 897 825 826
f 897 896 825
f 898 826 827
f 898 897 826
f 899 827 828
f 899 898 827
f 900 828 829
f 900 899 828
f 901 829 830
f 901 900 829
f 902 830 831
f 902 901 830
f 831 809 880
f 831 880 902
f 904 903 832
f 904 832 833
f 832 905 834
f 903 905 832
f 834 906 835
f 905 906 834
f 835 907 836
f 906 907 835
f 836 908 837
f 907 908 836
f 837 909 838
f 908 909 837
f 838 910 839
f 909 910 838
f 839 911 840
f 910 911 839
f 840 912 841
f 911 912 840
f 841 913 842
f 912 913 841
f 842 914 843
f 913 914 842
f 844 843 914
f 844 914 915
f 917 916 847
f 917 847 846
f 847 918 848
f 916 918 847
f 848 919 849
f 918 919 848
f 849 920 850
f 919 920 849
f 850 921 851
f 920 921 850
f 851 922 852
f 921 922 851
f 852 923 853
f 922 923 852
f 853 924 854
f 923 924 853
f 833 854 904
f 904 854 924
f 915 925 844
f 844 925 855
f 855 926 856
f 925 926 855
f 856 927 857
f 926 927 856
f 857 928 858
f 927 928 857
f 859 858 928
f 859 928 929
f 861 930 860
f 860 930 931
f 932 860 931
f 862 860 932
f 846 862 917
f 917 862 932
f 929 933 859
f 859 933 863
f 863 934 864
f 933 934 863
f 865 864 934
f 865 934 935
f 866 936 930
f 866 930 861
f 931 930 937
f 937 930 936
f 935 867 865
f 938 867 935
f 868 936 866
f 868 869 936
f 869 937 936
f 869 939 937
f 938 940 867
f 867 940 870
f 871 870 940
f 871 940 941
f 942 939 869
f 942 869 872
f 872 873 942
f 942 873 943
f 945 944 875
f 875 944 874
f 875 871 941
f 875 941 945
f 946 943 873
f 946 873 876
f 947 876 877
f 947 946 876
f 948 877 878
f 948 947 877
f 878 879 948
f 948 879 949
f 951 950 881
f 881 950 880
f 952 881 882
f 952 951 881
f 953 882 883
f 953 952 882
f 954 883 884
f 954 953 883
f 955 884 885
f 955 954 884
f 956 885 886
f 956 955 885
f 886 874 944
f 886 944 956
f 957 949 879
f 957 879 887
f 958 887 888
f 958 957 887
f 959 888 889
f 959 958 888
f 960 889 890
f 960 959 889
f 961 890 891
f 961 960 890
f 962 891 892
f 962 961 891
f 963 892 893
f 963 962 892
f 964 893 894
f 964 963 893
f 965 894 895
f 965 964 894
f 966 895 896
f 966 965 895
f 967 896 897
f 967 966 896
f 968 897 898
f 968 967 897
f 969 898 899
f 969 968 898
f 970 899 900
f 970 969 899
f 971 900 901
f 971 970 900
f 972 901 902
f 972 971 901
f 902 880 950
f 902 950 972
f 974 973 903
f 974 903 904
f 903 975 905
f 973 975 903
f 905 976 906
f 975 976 905
f 906 977 907
f 976 977 906
f 907 978 908
f 977 978 907
f 908 979 909
f 978 979 908
f 909 980 910
f 979 980 909
f 910 981 911
f 980 981 910
f 911 982 912
f 981 982 911
f 912 983 913
f 982 983 912
f 913 984 914
f 983 984 913
f 915 914 984
f 915 984 985
f 987 986 916
f 987 916 917
f 916 988 918
f 986 988 916
f 918 989 919
f 988 989 918
f 919 990 920
f 989 990 919
f 920 991 921
f 990 991 920
f 921 992 922
f 991 992 921
f 922 993 923
f 992 993 922
f 923 994 924
f 993 994 923
f 904 924 974
f 974 924 994
f 985 995 915
f 915 995 925
f 925 996 926
f 995 996 925
f 926 997 927
f 996 997 926
f 997 999 998
f 928 997 998
f 927 997 928
f 998 929 928
f 1001 1000 932
f 1001 932 931
f 917 932 987
f 987 932 1000
f 999 1002 998
f 998 1002 929
f 1002 933 929
f 1002 1003 933
f 1003 1005 1004
f 934 1003 1004
f 933 1003 934
f 1004 935 934
f 937 1001 931
f 937 1006 1001
f 1005 1007 1004
f 935 1004 1007
f 1008 935 1007
f 938 935 1008
f 939 1006 937
f 939 1009 1006
f 1008 1010 938
f 938 1010 940
f 941 940 1010
f 941 1010 1011
f 1012 1009 939
f 1012 939 942
f 942 943 1012
f 1012 943 1013
f 1014 944 945
f 1015 1014 945
f 941 1015 945
f 1011 1015 941
f 1016 1013 943
f 1016 943 946
f 1017 946 947
f 1017 1016 946
f 1018 947 948
f 1018 1017 947
f 948 949 1018
f 1018 949 1019
f 1022 1021 1020
f 950 951 1020
f 951 1022 1020
f 951 1023 1022
f 1024 951 952
f 1024 1023 951
f 1025 952 953
f 1025 1024 952
f 1026 953 954
f 1026 1025 953
f 1027 954 955
f 1027 1026 954
f 1028 955 956
f 1028 1027 955
f 956 944 1014
f 1029 956 1014
f 1028 956 1029
f 1029 1014 1015
f 1030 1019 949
f 1030 949 957
f 1031 957 958
f 1031 1030 957
f 1032 958 959
f 1032 1031 958
f 1033 959 960
f 1033 1032 959
f 1034 960 961
f 1034 1033 960
f 1035 961 962
f 1035 1034 961
f 1036 962 963
f 1036 1035 962
f 1037 963 964
f 1037 1036 963
f 1038 964 965
f 1038 1037 964
f 1039 965 966
f 1039 1038 965
f 1040 966 967
f 1040 1039 966
f 1041 967 968
f 1041 1040 967
f 1042 968 969
f 1042 1041 968
f 1043 969 970
f 1043 1042 969
f 1044 970 971
f 1044 1043 970
f 972 1020 1021
f 1044 972 1021
f 971 972 1044
f 1020 972 950
f 1046 1045 973
f 1046 973 974
f 973 1047 975
f 1045 1047 973
f 975 1048 976
f 1047 1048 975
f 976 1049 977
f 1048 1049 976
f 977 1050 978
f 1049 1050 977
f 978 1051 979
f 1050 1051 978
f 979 1052 980
f 1051 1052 979
f 980 1053 981
f 1052 1053 980
f 981 1054 982
f 1053 1054 981
f 982 1055 983
f 1054 1055 982
f 1055 1057 1056
f 984 1055 1056
f 983 1055 984
f 1056 985 984
f 987 1058 986
f 986 1058 1059
f 1060 986 1059
f 988 986 1060
f 988 1061 989
f 1060 1061 988
f 989 1062 990
f 1061 1062 989
f 990 1063 991
f 1062 1063 990
f 991 1064 992
f 1063 1064 991
f 992 1065 993
f 1064 1065 992
f 993 1066 994
f 1065 1066 993
f 974 994 1046
f 1046 994 1066
f 1057 1067 1056
f 1056 1067 985
f 1067 995 985
f 1067 1068 995
f 995 1069 996
f 1068 1069 995
f 996 1070 997
f 1069 1070 996
f 999 997 1070
f 999 1070 1071
f 1001 1072 1000
f 1072 1073 1000
f 1000 1073 987
f 1073 1074 987
f 1074 1058 987
f 1058 1074 1059
f 1071 1075 999
f 999 1075 1002
f 1075 1077 1076
f 1003 1075 1076
f 1002 1075 1003
f 1076 1005 1003
f 1006 1078 1072
f 1006 1072 1001
f 1073 1072 1079
f 1079 1072 1078
f 1077 1080 1076
f 1076 1080 1005
f 1080 1007 1005
f 1080 1081 1007
f 1008 1007 1081
f 1008 1081 1082
f 1084 1083 1078
f 1006 1084 1078
f 1009 1084 1006
f 1078 1083 1079
f 1082 1085 1008
f 1008 1085 1010
f 1011 1010 1085
f 1011 1085 1086
f 1087 1084 1009
f 1087 1009 1012
f 1012 1013 1087
f 1087 1013 1088
f 1091 1090 1089
f 1086 1091 1089
f 1015 1086 1089
f 1011 1086 1015
f 1092 1088 1013
f 1092 1013 1016
f 1093 1016 1017
f 1093 1092 1016
f 1094 1017 1018
f 1094 1093 1017
f 1096 1095 1019
f 1095 1018 1019
f 1095 1094 1018
f 1096 1097 1095
f 1099 1098 1022
f 1022 1098 1021
f 1100 1022 1023
f 1100 1099 1022
f 1101 1023 1024
f 1101 1100 1023
f 1102 1024 1025
f 1102 1101 1024
f 1103 1025 1026
f 1103 1102 1025
f 1104 1026 1027
f 1104 1103 1026
f 1105 1027 1028
f 1105 1104 1027
f 1029 1089 1090
f 1105 1029 1090
f 1028 1029 1105
f 1089 1029 1015
f 1030 1096 1019
f 1106 1097 1096
f 1030 1106 1096
f 1031 1106 1030
f 1107 1031 1032
f 1107 1106 1031
f 1108 1032 1033
f 1108 1107 1032
f 1109 1033 1034
f 1109 1108 1033
f 1110 1034 1035
f 1110 1109 1034
f 1111 1035 1036
f 1111 1110 1035
f 1112 1036 1037
f 1112 1111 1036
f 1113 1037 1038
f 1113 1112 1037
f 1114 1038 1039
f 1114 1113 1038
f 1115 1039 1040
f 1115 1114 1039
f 1116 1040 1041
f 1116 1115 1040
f 1117 1041 1042
f 1117 1116 1041
f 1118 1042 1043
f 1118 1117 1042
f 1119 1043 1044
f 1119 1118 1043
f 1044 1021 1098
f 1044 1098 1119
f 1046 1120 1045
f 1045 1120 1121
f 1122 1045 1121
f 1047 1045 1122
f 1047 1123 1048
f 1122 1123 1047
f 1048 1124 1049
f 1123 1124 1048
f 1049 1125 1050
f 1124 1125 1049
f 1050 1126 1051
f 1125 1126 1050
f 1051 1127 1052
f 1126 1127 1051
f 1052 1128 1053
f 1127 1128 1052
f 1053 1129 1054
f 1128 1129 1053
f 1054 1130 1055
f 1129 1130 1054
f 1057 1055 1130
f 1057 1130 1131
f 1133 1132 1060
f 1133 1060 1059
f 1060 1134 1061
f 1132 1134 1060
f 1061 1135 1062
f 1134 1135 1061
f 1062 1136 1063
f 1135 1136 1062
f 1063 1137 1064
f 1136 1137 1063
f 1064 1138 1065
f 1137 1138 1064
f 1065 1139 1066
f 1138 1139 1065
f 1046 1066 1120
f 1066 1140 1120
f 1066 1139 1140
f 1120 1140 1121
f 1131 1141 1057
f 1057 1141 1067
f 1067 1142 1068
f 1141 1142 1067
f 1068 1143 1069
f 1142 1143 1068
f 1143 1145 1144
f 1070 1143 1144
f 1069 1143 1070
f 1144 1071 1070
f 1073 1146 1074
f 1146 1147 1074
f 1147 1059 1074
f 1147 1133 1059
f 1145 1148 1144
f 1148 1150 1149
f 1148 1149 1075
f 1144 1148 1075
f 1071 1144 1075
f 1149 1077 1075
f 1079 1151 1146
f 1079 1146 1073
f 1147 1146 1152
f 1152 1146 1151
f 1150 1153 1149
f 1149 1153 1077
f 1153 1080 1077
f 1153 1154 1080
f 1080 1155 1081
f 1154 1155 1080
f 1082 1081 1155
f 1082 1155 1156
f 1084 1157 1083
f 1157 1158 1083
f 1083 1158 1079
f 1158 1159 1079
f 1159 1151 1079
f 1151 1159 1152
f 1156 1160 1082
f 1082 1160 1085
f 1086 1085 1160
f 1086 1160 1161
f 1087 1157 1084
f 1163 1162 1088
f 1088 1162 1087
f 1162 1158 1087
f 1158 1157 1087
f 1163 1164 1162
f 1167 1166 1165
f 1169 1168 1165
f 1165 1168 1167
f 1090 1091 1169
f 1091 1168 1169
f 1091 1170 1168
f 1091 1086 1161
f 1091 1161 1170
f 1092 1163 1088
f 1171 1164 1163
f 1092 1171 1163
f 1093 1171 1092
f 1172 1093 1094
f 1172 1171 1093
f 1173 1094 1095
f 1173 1172 1094
f 1095 1097 1173
f 1173 1097 1174
f 1176 1175 1099
f 1099 1175 1098
f 1177 1099 1100
f 1177 1176 1099
f 1178 1100 1101
f 1178 1177 1100
f 1179 1101 1102
f 1179 1178 1101
f 1180 1102 1103
f 1180 1179 1102
f 1104 1165 1166
f 1180 1104 1166
f 1103 1104 1180
f 1165 1104 1105
f 1165 1105 1169
f 1169 1105 1090
f 1181 1174 1097
f 1181 1097 1106
f 1182 1106 1107
f 1182 1181 1106
f 1183 1107 1108
f 1183 1182 1107
f 1184 1108 1109
f 1184 1183 1108
f 1185 1109 1110
f 1185 1184 1109
f 1186 1110 1111
f 1186 1185 1110
f 1187 1111 1112
f 1187 1186 1111
f 1188 1112 1113
f 1188 1187 1112
f 1189 1113 1114
f 1189 1188 1113
f 1190 1114 1115
f 1190 1189 1114
f 1191 1115 1116
f 1191 1190 1115
f 1192 1116 1117
f 1192 1191 1116
f 1193 1117 1118
f 1193 1192 1117
f 1194 1118 1119
f 1194 1193 1118
f 1119 1098 1175
f 1119 1175 1194
f 1196 1195 1122
f 1196 1122 1121
f 1122 1197 1123
f 1195 1197 1122
f 1123 1198 1124
f 1197 1198 1123
f 1124 1199 1125
f 1198 1199 1124
f 1125 1200 1126
f 1199 1200 1125
f 1126 1201 1127
f 1200 1201 1126
f 1127 1202 1128
f 1201 1202 1127
f 1128 1203 1129
f 1202 1203 1128
f 1129 1204 1130
f 1203 1204 1129
f 1131 1130 1204
f 1131 1204 1205
f 1207 1206 1132
f 1207 1132 1133
f 1132 1208 1134
f 1206 1208 1132
f 1134 1209 1135
f 1208 1209 1134
f 1135 1210 1136
f 1209 1210 1135
f 1136 1211 1137
f 1210 1211 1136
f 1137 1212 1138
f 1211 1212 1137
f 1138 1213 1139
f 1212 1213 1138
f 1139 1214 1140
f 1213 1214 1139
f 1121 1140 1196
f 1196 1140 1214
f 1205 1215 1131
f 1131 1215 1141
f 1141 1216 1142
f 1215 1216 1141
f 1142 1217 1143
f 1216 1217 1142
f 1145 1143 1217
f 1145 1217 1218
f 1147 1207 1133
f 1147 1219 1207
f 1218 1220 1145
f 1145 1220 1148
f 1150 1148 1220
f 1150 1220 1221
f 1152 1219 1147
f 1152 1222 1219
f 1221 1223 1150
f 1150 1223 1153
f 1153 1224 1154
f 1223 1224 1153
f 1154 1225 1155
f 1224 1225 1154
f 1156 1155 1225
f 1156 1225 1226
f 1228 1227 1159
f 1228 1159 1158
f 1152 1159 1222
f 1222 1159 1227
f 1226 1229 1156
f 1156 1229 1160
f 1161 1160 1229
f 1161 1229 1230
f 1231 1228 1158
f 1231 1158 1162
f 1162 1164 1231
f 1231 1164 1232
f 1234 1233 1167
f 1167 1233 1166
f 1235 1167 1168
f 1235 1234 1167
f 1236 1168 1170
f 1236 1235 1168
f 1170 1161 1230
f 1170 1230 1236
f 1237 1232 1164
f 1237 1164 1171
f 1238 1171 1172
f 1238 1237 1171
f 1239 1172 1173
f 1239 1238 1172
f 1173 1174 1239
f 1239 1174 1240
f 1242 1241 1176
f 1176 1241 1175
f 1243 1176 1177
f 1243 1242 1176
f 1244 1177 1178
f 1244 1243 1177
f 1245 1178 1179
f 1245 1244 1178
f 1246 1179 1180
f 1246 1245 1179
f 1180 1166 1233
f 1180 1233 1246
f 1247 1240 1174
f 1247 1174 1181
f 1248 1181 1182
f 1248 1247 1181
f 1249 1182 1183
f 1249 1248 1182
f 1250 1183 1184
f 1250 1249 1183
f 1251 1184 1185
f 1251 1250 1184
f 1252 1185 1186
f 1252 1251 1185
f 1253 1186 1187
f 1253 1252 1186
f 1254 1187 1188
f 1254 1253 1187
f 1255 1188 1189
f 1255 1254 1188
f 1256 1189 1190
f 1256 1255 1189
f 1257 1190 1191
f 1257 1256 1190
f 1258 1191 1192
f 1258 1257 1191
f 1259 1192 1193
f 1259 1258 1192
f 1260 1193 1194
f 1260 1259 1193
f 1194 1175 1241
f 1194 1241 1260
f 1262 1261 1195
f 1262 1195 1196
f 1195 1263 1197
f 1261 1263 1195
f 1197 1264 1198
f 1263 1264 1197
f 1198 1265 1199
f 1264 1265 1198
f 1199 1266 1200
f 1265 1266 1199
f 1200 1267 1201
f 1266 1267 1200
f 1201 1268 1202
f 1267 1268 1201
f 1202 1269 1203
f 1268 1269 1202
f 1203 1270 1204
f 1269 1270 1203
f 1205 1204 1270
f 1205 1270 1271
f 1273 1272 1206
f 1273 1206 1207
f 1206 1274 1208
f 1272 1274 1206
f 1208 1275 1209
f 1274 1275 1208
f 1209 1276 1210
f 1275 1276 1209
f 1210 1277 1211
f 1276 1277 1210
f 1211 1278 1212
f 1277 1278 1211
f 1212 1279 1213
f 1278 1279 1212
f 1213 1280 1214
f 1279 1280 1213
f 1196 1214 1262
f 1262 1214 1280
f 1271 1281 1205
f 1205 1281 1215
f 1215 1282 1216
f 1281 1282 1215
f 1216 1283 1217
f 1282 1283 1216
f 1218 1217 1283
f 1218 1283 1284
f 1219 1273 1207
f 1219 1285 1273
f 1284 1286 1218
f 1218 1286 1220
f 1221 1220 1286
f 1221 1286 1287
f 1222 1285 1219
f 1222 1288 1285
f 1287 1289 1221
f 1221 1289 1223
f 1223 1290 1224
f 1289 1290 1223
f 1224 1291 1225
f 1290 1291 1224
f 1226 1225 1291
f 1226 1291 1292
f 1294 1293 1227
f 1294 1227 1228
f 1222 1227 1288
f 1288 1227 1293
f 1292 1295 1226
f 1226 1295 1229
f 1230 1229 1295
f 1230 1295 1296
f 1297 1294 1228
f 1297 1228 1231
f 1231 1232 1297
f 1297 1232 1298
f 1300 1299 1234
f 1234 1299 1233
f 1301 1234 1235
f 1301 1300 1234
f 1302 1235 1236
f 1302 1301 1235
f 1236 1230 1296
f 1236 1296 1302
f 1303 1298 1232
f 1303 1232 1237
f 1304 1237 1238
f 1304 1303 1237
f 1305 1238 1239
f 1305 1304 1238
f 1239 1240 1305
f 1305 1240 1306
f 1308 1307 1242
f 1242 1307 1241
f 1309 1242 1243
f 1309 1308 1242
f 1310 1243 1244
f 1310 1309 1243
f 1311 1244 1245
f 1311 1310 1244
f 1312 1245 1246
f 1312 1311 1245
f 1246 1233 1299
f 1246 1299 1312
f 1313 1306 1240
f 1313 1240 1247
f 1314 1247 1248
f 1314 1313 1247
f 1315 1248 1249
f 1315 1314 1248
f 1316 1249 1250
f 1316 1315 1249
f 1317 1250 1251
f 1317 1316 1250
f 1318 1251 1252
f 1318 1317 1251
f 1319 1252 1253
f 1319 1318 1252
f 1320 1253 1254
f 1320 1319 1253
f 1321 1254 1255
f 1321 1320 1254
f 1322 1255 1256
f 1322 1321 1255
f 1323 1256 1257
f 1323 1322 1256
f 1324 1257 1258
f 1324 1323 1257
f 1325 1258 1259
f 1325 1324 1258
f 1326 1259 1260
f 1326 1325 1259
f 1260 1241 1307
f 1260 1307 1326
f 1328 1327 1261
f 1328 1261 1262
f 1261 1329 1263
f 1327 1329 1261
f 1263 1330 1264
f 1329 1330 1263
f 1264 1331 1265
f 1330 1331 1264
f 1265 1332 1266
f 1331 1332 1265
f 1266 1333 1267
f 1332 1333 1266
f 1267 1334 1268
f 1333 1334 1267
f 1268 1335 1269
f 1334 1335 1268
f 1269 1336 1270
f 1335 1336 1269
f 1271 1270 1336
f 1271 1336 1337
f 1339 1338 1272
f 1339 1272 1273
f 1272 1340 1274
f 1338 1340 1272
f 1274 1341 1275
f 1340 1341 1274
f 1275 1342 1276
f 1341 1342 1275
f 1276 1343 1277
f 1342 1343 1276
f 1277 1344 1278
f 1343 1344 1277
f 1278 1345 1279
f 1344 1345 1278
f 1279 1346 1280
f 1345 1346 1279
f 1262 1280 1328
f 1328 1280 1346
f 1337 1347 1271
f 1271 1347 1281
f 1281 1348 1282
f 1347 1348 1281
f 1282 1349 1283
f 1348 1349 1282
f 1284 1283 1349
f 1284 1349 1350
f 1285 1339 1273
f 1285 1351 1339
f 1350 1352 1284
f 1284 1352 1286
f 1287 1286 1352
f 1287 1352 1353
f 1288 1351 1285
f 1288 1354 1351
f 1353 1355 1287
f 1287 1355 1289
f 1289 1356 1290
f 1355 1356 1289
f 1290 1357 1291
f 1356 1357 1290
f 1292 1291 1357
f 1292 1357 1358
f 1360 1359 1293
f 1360 1293 1294
f 1288 1293 1354
f 1354 1293 1359
f 1358 1361 1292
f 1292 1361 1295
f 1296 1295 1361
f 1296 1361 1362
f 1363 1360 1294
f 1363 1294 1297
f 1297 1298 1363
f 1363 1298 1364
f 1366 1365 1300
f 1300 1365 1299
f 1367 1300 1301
f 1367 1366 1300
f 1368 1301 1302
f 1368 1367 1301
f 1302 1296 1362
f 1302 1362 1368
f 1369 1364 1298
f 1369 1298 1303
f 1370 1303 1304
f 1370 1369 1303
f 1371 1304 1305
f 1371 1370 1304
f 1305 1306 1371
f 1371 1306 1372
f 1374 1373 1308
f 1308 1373 1307
f 1375 1308 1309
f 1375 1374 1308
f 1376 1309 1310
f 1376 1375 1309
f 1377 1310 1311
f 1377 1376 1310
f 1378 1311 1312
f 1378 1377 1311
f 1312 1299 1365
f 1312 1365 1378
f 1379 1372 1306
f 1379 1306 1313
f 1380 1313 1314
f 1380 1379 1313
f 1381 1314 1315
f 1381 1380 1314
f 1382 1315 1316
f 1382 1381 1315
f 1383 1316 1317
f 1383 1382 1316
f 1384 1317 1318
f 1384 1383 1317
f 1385 1318 1319
f 1385 1384 1318
f 1386 1319 1320
f 1386 1385 1319
f 1387 1320 1321
f 1387 1386 1320
f 1388 1321 1322
f 1388 1387 1321
f 1389 1322 1323
f 1389 1388 1322
f 1390 1323 1324
f 1390 1389 1323
f 1391 1324 1325
f 1391 1390 1324
f 1392 1325 1326
f 1392 1391 1325
f 1326 1307 1373
f 1326 1373 1392
f 1395 1394 1393
f 1327 1328 1393
f 1394 1327 1393
f 1396 1327 1394
f 1327 1397 1329
f 1396 1397 1327
f 1329 1398 1330
f 1397 1398 1329
f 1330 1399 1331
f 1398 1399 1330
f 1331 1400 1332
f 1399 1400 1331
f 1332 1401 1333
f 1400 1401 1332
f 1333 1402 1334
f 1401 1402 1333
f 1334 1403 1335
f 1402 1403 1334
f 1335 1404 1336
f 1403 1404 1335
f 1337 1336 1404
f 1337 1404 1405
f 1408 1407 1406
f 1338 1339 1406
f 1407 1338 1406
f 1409 1338 1407
f 1338 1410 1340
f 1409 1410 1338
f 1340 1411 1341
f 1410 1411 1340
f 1341 1412 1342
f 1411 1412 1341
f 1342 1413 1343
f 1412 1413 1342
f 1343 1414 1344
f 1413 1414 1343
f 1344 1415 1345
f 1414 1415 1344
f 1393 1346 1395
f 1346 1415 1395
f 1346 1345 1415
f 1346 1393 1328
f 1405 1416 1337
f 1337 1416 1347
f 1347 1417 1348
f 1416 1417 1347
f 1348 1418 1349
f 1417 1418 1348
f 1420 1419 1350
f 1349 1420 1350
f 1418 1420 1349
f 1421 1419 1420
f 1424 1423 1422
f 1422 1423 1408
f 1406 1422 1408
f 1425 1422 1406
f 1351 1425 1339
f 1339 1425 1406
f 1419 1352 1350
f 1427 1426 1353
f 1427 1353 1352
f 1421 1427 1352
f 1419 1421 1352
f 1428 1426 1427
f 1429 1424 1422
f 1431 1430 1429
f 1422 1431 1429
f 1425 1431 1422
f 1354 1431 1351
f 1351 1431 1425
f 1426 1355 1353
f 1428 1432 1426
f 1432 1355 1426
f 1432 1356 1355
f 1356 1433 1357
f 1432 1433 1356
f 1358 1357 1433
f 1358 1433 1434
f 1437 1436 1435
f 1435 1436 1430
f 1435 1430 1431
f 1360 1435 1431
f 1359 1360 1431
f 1359 1431 1354
f 1434 1438 1358
f 1358 1438 1361
f 1440 1439 1362
f 1361 1440 1362
f 1438 1440 1361
f 1441 1439 1440
f 1442 1437 1435
f 1444 1442 1443
f 1443 1442 1363
f 1442 1435 1363
f 1435 1360 1363
f 1364 1443 1363
f 1445 1365 1366
f 1367 1446 1366
f 1366 1446 1445
f 1446 1367 1447
f 1367 1448 1447
f 1367 1368 1448
f 1368 1362 1439
f 1449 1368 1439
f 1448 1368 1449
f 1449 1439 1441
f 1450 1444 1443
f 1450 1443 1364
f 1369 1450 1364
f 1451 1450 1369
f 1452 1369 1370
f 1452 1451 1369
f 1454 1452 1453
f 1452 1371 1453
f 1452 1370 1371
f 1372 1453 1371
f 1456 1455 1374
f 1374 1455 1373
f 1457 1374 1375
f 1457 1456 1374
f 1458 1375 1376
f 1458 1457 1375
f 1459 1376 1377
f 1459 1458 1376
f 1460 1377 1378
f 1460 1459 1377
f 1378 1365 1445
f 1461 1378 1445
f 1460 1378 1461
f 1461 1445 1446
f 1461 1446 1462
f 1462 1446 1447
f 1463 1454 1453
f 1463 1453 1372
f 1379 1463 1372
f 1464 1463 1379
f 1465 1379 1380
f 1465 1464 1379
f 1466 1380 1381
f 1466 1465 1380
f 1467 1381 1382
f 1467 1466 1381
f 1468 1382 1383
f 1468 1467 1382
f 1469 1383 1384
f 1469 1468 1383
f 1470 1384 1385
f 1470 1469 1384
f 1471 1385 1386
f 1471 1470 1385
f 1472 1386 1387
f 1472 1471 1386
f 1473 1387 1388
f 1473 1472 1387
f 1474 1388 1389
f 1474 1473 1388
f 1475 1389 1390
f 1475 1474 1389
f 1476 1390 1391
f 1476 1475 1390
f 1477 1391 1392
f 1477 1476 1391
f 1392 1373 1455
f 1392 1455 1477
f 1479 1478 1394
f 1479 1394 1395
f 1394 1480 1396
f 1478 1480 1394
f 1396 1481 1397
f 1480 1481 1396
f 1397 1482 1398
f 1481 1482 1397
f 1398 1483 1399
f 1482 1483 1398
f 1399 1484 1400
f 1483 1484 1399
f 1400 1485 1401
f 1484 1485 1400
f 1401 1486 1402
f 1485 1486 1401
f 1402 1487 1403
f 1486 1487 1402
f 1403 1488 1404
f 1487 1488 1403
f 1490 1489 1405
f 1404 1490 1405
f 1488 1490 1404
f 1491 1489 1490
f 1494 1493 1492
f 1407 1408 1492
f 1493 1407 1492
f 1495 1407 1493
f 1407 1496 1409
f 1495 1496 1407
f 1409 1497 1410
f 1496 1497 1409
f 1410 1498 1411
f 1497 1498 1410
f 1411 1499 1412
f 1498 1499 1411
f 1412 1500 1413
f 1499 1500 1412
f 1413 1501 1414
f 1500 1501 1413
f 1414 1502 1415
f 1501 1502 1414
f 1395 1415 1479
f 1479 1415 1502
f 1489 1416 1405
f 1491 1503 1489
f 1503 1416 1489
f 1503 1417 1416
f 1417 1504 1418
f 1503 1504 1417
f 1418 1505 1420
f 1504 1505 1418
f 1507 1506 1421
f 1420 1507 1421
f 1505 1507 1420
f 1508 1506 1507
f 1511 1510 1509
f 1509 1510 1494
f 1509 1494 1492
f 1424 1509 1492
f 1423 1424 1492
f 1423 1492 1408
f 1506 1427 1421
f 1513 1512 1428
f 1513 1428 1427
f 1508 1513 1427
f 1506 1508 1427
f 1515 1514 1512
f 1515 1512 1513
f 1516 1514 1515
f 1511 1509 1517
f 1511 1517 1518
f 1429 1519 1424
f 1519 1509 1424
f 1519 1517 1509
f 1430 1519 1429
f 1512 1432 1428
f 1432 1512 1433
f 1433 1512 1514
f 1434 1433 1514
f 1516 1434 1514
f 1520 1434 1516
f 1521 1518 1517
f 1437 1522 1436
f 1522 1517 1436
f 1517 1519 1436
f 1522 1521 1517
f 1436 1519 1430
f 1520 1523 1434
f 1434 1523 1438
f 1523 1525 1524
f 1440 1523 1524
f 1438 1523 1440
f 1524 1441 1440
f 1526 1522 1437
f 1526 1437 1442
f 1442 1444 1526
f 1526 1444 1527
f 1528 1447 1448
f 1525 1529 1524
f 1529 1448 1524
f 1448 1449 1524
f 1448 1529 1528
f 1524 1449 1441
f 1530 1527 1444
f 1530 1444 1450
f 1531 1450 1451
f 1531 1530 1450
f 1532 1451 1452
f 1532 1531 1451
f 1452 1454 1532
f 1532 1454 1533
f 1534 1455 1456
f 1534 1456 1535
f 1456 1536 1535
f 1456 1457 1536
f 1537 1457 1458
f 1537 1536 1457
f 1538 1458 1459
f 1538 1537 1458
f 1539 1459 1460
f 1539 1538 1459
f 1540 1460 1461
f 1540 1539 1460
f 1541 1461 1462
f 1541 1540 1461
f 1462 1447 1528
f 1542 1462 1528
f 1541 1462 1542
f 1542 1528 1529
f 1543 1533 1454
f 1543 1454 1463
f 1544 1463 1464
f 1544 1543 1463
f 1545 1464 1465
f 1545 1544 1464
f 1546 1465 1466
f 1546 1545 1465
f 1547 1466 1467
f 1547 1546 1466
f 1548 1467 1468
f 1548 1547 1467
f 1549 1468 1469
f 1549 1548 1468
f 1550 1469 1470
f 1550 1549 1469
f 1551 1470 1471
f 1551 1550 1470
f 1552 1471 1472
f 1552 1551 1471
f 1553 1472 1473
f 1553 1552 1472
f 1554 1473 1474
f 1554 1553 1473
f 1555 1474 1475
f 1555 1554 1474
f 1556 1475 1476
f 1556 1555 1475
f 1557 1476 1477
f 1557 1556 1476
f 1477 1455 1534
f 1558 1477 1534
f 1557 1477 1558
f 1558 1534 1535
f 1560 1559 1478
f 1560 1478 1479
f 1478 1561 1480
f 1559 1561 1478
f 1480 1562 1481
f 1561 1562 1480
f 1481 1563 1482
f 1562 1563 1481
f 1482 1564 1483
f 1563 1564 1482
f 1483 1565 1484
f 1564 1565 1483
f 1484 1566 1485
f 1565 1566 1484
f 1485 1567 1486
f 1566 1567 1485
f 1486 1568 1487
f 1567 1568 1486
f 1487 1569 1488
f 1568 1569 1487
f 1488 1570 1490
f 1569 1570 1488
f 1491 1490 1570
f 1491 1570 1571
f 1573 1572 1493
f 1573 1493 1494
f 1493 1574 1495
f 1572 1574 1493
f 1495 1575 1496
f 1574 1575 1495
f 1496 1576 1497
f 1575 1576 1496
f 1497 1577 1498
f 1576 1577 1497
f 1498 1578 1499
f 1577 1578 1498
f 1499 1579 1500
f 1578 1579 1499
f 1500 1580 1501
f 1579 1580 1500
f 1501 1581 1502
f 1580 1581 1501
f 1479 1502 1560
f 1560 1502 1581
f 1571 1582 1491
f 1491 1582 1503
f 1503 1583 1504
f 1582 1583 1503
f 1504 1584 1505
f 1583 1584 1504
f 1584 1586 1585
f 1507 1584 1585
f 1505 1584 1507
f 1585 1508 1507
f 1588 1587 1510
f 1588 1510 1511
f 1494 1510 1573
f 1573 1510 1587
f 1586 1589 1585
f 1585 1589 1508
f 1589 1513 1508
f 1589 1590 1513
f 1513 1591 1515
f 1590 1591 1513
f 1516 1515 1591
f 1516 1591 1592
f 1518 1588 1511
f 1518 1593 1588
f 1592 1520 1516
f 1594 1520 1592
f 1595 1593 1518
f 1595 1518 1521
f 1521 1522 1595
f 1595 1522 1596
f 1594 1597 1520
f 1520 1597 1523
f 1525 1523 1597
f 1525 1597 1598
f 1599 1596 1522
f 1599 1522 1526
f 1526 1527 1599
f 1599 1527 1600
f 1603 1602 1601
f 1598 1603 1601
f 1529 1598 1601
f 1525 1598 1529
f 1604 1600 1527
f 1604 1527 1530
f 1605 1530 1531
f 1605 1604 1530
f 1606 1531 1532
f 1606 1605 1531
f 1532 1533 1606
f 1606 1533 1607
f 1609 1608 1536
f 1536 1608 1535
f 1610 1536 1537
f 1610 1609 1536
f 1611 1537 1538
f 1611 1610 1537
f 1612 1538 1539
f 1612 1611 1538
f 1613 1539 1540
f 1613 1612 1539
f 1614 1540 1541
f 1614 1613 1540
f 1542 1601 1602
f 1614 1542 1602
f 1541 1542 1614
f 1601 1542 1529
f 1615 1607 1533
f 1615 1533 1543
f 1616 1543 1544
f 1616 1615 1543
f 1617 1544 1545
f 1617 1616 1544
f 1618 1545 1546
f 1618 1617 1545
f 1619 1546 1547
f 1619 1618 1546
f 1620 1547 1548
f 1620 1619 1547
f 1621 1548 1549
f 1621 1620 1548
f 1622 1549 1550
f 1622 1621 1549
f 1623 1550 1551
f 1623 1622 1550
f 1624 1551 1552
f 1624 1623 1551
f 1625 1552 1553
f 1625 1624 1552
f 1626 1553 1554
f 1626 1625 1553
f 1627 1554 1555
f 1627 1626 1554
f 1628 1555 1556
f 1628 1627 1555
f 1629 1556 1557
f 1629 1628 1556
f 1630 1557 1558
f 1630 1629 1557
f 1558 1535 1608
f 1558 1608 1630
f 1632 1631 1559
f 1632 1559 1560
f 1559 1633 1561
f 1631 1633 1559
f 1561 1634 1562
f 1633 1634 1561
f 1562 1635 1563
f 1634 1635 1562
f 1563 1636 1564
f 1635 1636 1563
f 1564 1637 1565
f 1636 1637 1564
f 1565 1638 1566
f 1637 1638 1565
f 1566 1639 1567
f 1638 1639 1566
f 1567 1640 1568
f 1639 1640 1567
f 1568 1641 1569
f 1640 1641 1568
f 1569 1642 1570
f 1641 1642 1569
f 1571 1570 1642
f 1571 1642 1643
f 1645 1644 1572
f 1645 1572 1573
f 1572 1646 1574
f 1644 1646 1572
f 1574 1647 1575
f 1646 1647 1574
f 1575 1648 1576
f 1647 1648 1575
f 1576 1649 1577
f 1648 1649 1576
f 1577 1650 1578
f 1649 1650 1577
f 1578 1651 1579
f 1650 1651 1578
f 1579 1652 1580
f 1651 1652 1579
f 1580 1653 1581
f 1652 1653 1580
f 1560 1581 1632
f 1632 1581 1653
f 1643 1654 1571
f 1571 1654 1582
f 1582 1655 1583
f 1654 1655 1582
f 1583 1656 1584
f 1655 1656 1583
f 1586 1584 1656
f 1586 1656 1657
f 1659 1658 1587
f 1659 1587 1588
f 1573 1587 1645
f 1645 1587 1658
f 1657 1660 1586
f 1586 1660 1589
f 1589 1661 1590
f 1660 1661 1589
f 1590 1662 1591
f 1661 1662 1590
f 1592 1591 1662
f 1592 1662 1663
f 1593 1659 1588
f 1593 1664 1659
f 1663 1594 1592
f 1665 1594 1663
f 1666 1664 1593
f 1666 1593 1595
f 1595 1596 1666
f 1666 1596 1667
f 1665 1668 1594
f 1594 1668 1597
f 1598 1597 1668
f 1598 1668 1669
f 1670 1667 1596
f 1670 1596 1599
f 1599 1600 1670
f 1670 1600 1671
f 1673 1672 1603
f 1603 1672 1602
f 1603 1598 1669
f 1603 1669 1673
f 1674 1671 1600
f 1674 1600 1604
f 1675 1604 1605
f 1675 1674 1604
f 1676 1605 1606
f 1676 1675 1605
f 1606 1607 1676
f 1676 1607 1677
f 1679 1678 1609
f 1609 1678 1608
f 1680 1609 1610
f 1680 1679 1609
f 1681 1610 1611
f 1681 1680 1610
f 1682 1611 1612
f 1682 1681 1611
f 1683 1612 1613
f 1683 1682 1612
f 1684 1613 1614
f 1684 1683 1613
f 1614 1602 1672
f 1614 1672 1684
f 1685 1677 1607
f 1685 1607 1615
f 1686 1615 1616
f 1686 1685 1615
f 1687 1616 1617
f 1687 1686 1616
f 1688 1617 1618
f 1688 1687 1617
f 1689 1618 1619
f 1689 1688 1618
f 1690 1619 1620
f 1690 1689 1619
f 1691 1620 1621
f 1691 1690 1620
f 1692 1621 1622
f 1692 1691 1621
f 1693 1622 1623
f 1693 1692 1622
f 1694 1623 1624
f 1694 1693 1623
f 1695 1624 1625
f 1695 1694 1624
f 1696 1625 1626
f 1696 1695 1625
f 1697 1626 1627
f 1697 1696 1626
f 1698 1627 1628
f 1698 1697 1627
f 1699 1628 1629
f 1699 1698 1628
f 1700 1629 1630
f 1700 1699 1629
f 1630 1608 1678
f 1630 1678 1700
f 1702 1701 1631
f 1702 1631 1632
f 1631 1703 1633
f 1701 1703 1631
f 1633 1704 1634
f 1703 1704 1633
f 1634 1705 1635
f 1704 1705 1634
f 1635 1706 1636
f 1705 1706 1635
f 1636 1707 1637
f 1706 1707 1636
f 1637 1708 1638
f 1707 1708 1637
f 1638 1709 1639
f 1708 1709 1638
f 1639 1710 1640
f 1709 1710 1639
f 1640 1711 1641
f 1710 1711 1640
f 1641 1712 1642
f 1711 1712 1641
f 1643 1642 1712
f 1643 1712 1713
f 1715 1714 1644
f 1715 1644 1645
f 1644 1716 1646
f 1714 1716 1644
f 1646 1717 1647
f 1716 1717 1646
f 1647 1718 1648
f 1717 1718 1647
f 1648 1719 1649
f 1718 1719 1648
f 1649 1720 1650
f 1719 1720 1649
f 1650 1721 1651
f 1720 1721 1650
f 1651 1722 1652
f 1721 1722 1651
f 1652 1723 1653
f 1722 1723 1652
f 1632 1653 1702
f 1702 1653 1723
f 1713 1724 1643
f 1643 1724 1654
f 1654 1725 1655
f 1724 1725 1654
f 1655 1726 1656
f 1725 1726 1655
f 1657 1656 1726
f 1657 1726 1727
f 1729 1728 1658
f 1729 1658 1659
f 1645 1658 1715
f 1715 1658 1728
f 1727 1730 1657
f 1657 1730 1660
f 1660 1731 1661
f 1730 1731 1660
f 1731 1733 1732
f 1662 1731 1732
f 1661 1731 1662
f 1732 1663 1662
f 1664 1729 1659
f 1664 1734 1729
f 1733 1735 1732
f 1663 1732 1735
f 1736 1663 1735
f 1665 1663 1736
f 1737 1734 1664
f 1737 1664 1666
f 1739 1738 1667
f 1738 1666 1667
f 1738 1737 1666
f 1739 1740 1738
f 1668 1665 1741
f 1665 1742 1741
f 1665 1736 1742
f 1741 1669 1668
f 1670 1739 1667
f 1744 1743 1671
f 1671 1743 1670
f 1743 1740 1670
f 1740 1739 1670
f 1744 1745 1743
f 1741 1742 1673
f 1742 1672 1673
f 1742 1746 1672
f 1741 1673 1669
f 1674 1744 1671
f 1747 1745 1744
f 1674 1747 1744
f 1675 1747 1674
f 1748 1675 1676
f 1748 1747 1675
f 1676 1677 1748
f 1748 1677 1749
f 1751 1750 1679
f 1679 1750 1678
f 1752 1679 1680
f 1752 1751 1679
f 1753 1680 1681
f 1753 1752 1680
f 1754 1681 1682
f 1754 1753 1681
f 1755 1682 1683
f 1755 1754 1682
f 1756 1683 1684
f 1756 1755 1683
f 1684 1672 1746
f 1684 1746 1756
f 1757 1749 1677
f 1757 1677 1685
f 1758 1685 1686
f 1758 1757 1685
f 1759 1686 1687
f 1759 1758 1686
f 1760 1687 1688
f 1760 1759 1687
f 1761 1688 1689
f 1761 1760 1688
f 1762 1689 1690
f 1762 1761 1689
f 1763 1690 1691
f 1763 1762 1690
f 1764 1691 1692
f 1764 1763 1691
f 1765 1692 1693
f 1765 1764 1692
f 1766 1693 1694
f 1766 1765 1693
f 1767 1694 1695
f 1767 1766 1694
f 1768 1695 1696
f 1768 1767 1695
f 1769 1696 1697
f 1769 1768 1696
f 1770 1697 1698
f 1770 1769 1697
f 1771 1698 1699
f 1771 1770 1698
f 1772 1699 1700
f 1772 1771 1699
f 1700 1678 1750
f 1700 1750 1772
f 1774 1773 1701
f 1774 1701 1702
f 1701 1775 1703
f 1773 1775 1701
f 1703 1776 1704
f 1775 1776 1703
f 1704 1777 1705
f 1776 1777 1704
f 1705 1778 1706
f 1777 1778 1705
f 1706 1779 1707
f 1778 1779 1706
f 1707 1780 1708
f 1779 1780 1707
f 1708 1781 1709
f 1780 1781 1708
f 1709 1782 1710
f 1781 1782 1709
f 1710 1783 1711
f 1782 1783 1710
f 1711 1784 1712
f 1783 1784 1711
f 1786 1785 1713
f 1712 1786 1713
f 1784 1786 1712
f 1787 1785 1786
f 1789 1788 1714
f 1789 1714 1715
f 1714 1790 1716
f 1788 1790 1714
f 1716 1791 1717
f 1790 1791 1716
f 1717 1792 1718
f 1791 1792 1717
f 1718 1793 1719
f 1792 1793 1718
f 1719 1794 1720
f 1793 1794 1719
f 1720 1795 1721
f 1794 1795 1720
f 1721 1796 1722
f 1795 1796 1721
f 1722 1797 1723
f 1796 1797 1722
f 1702 1723 1774
f 1774 1723 1797
f 1785 1724 1713
f 1787 1798 1785
f 1798 1724 1785
f 1798 1725 1724
f 1725 1799 1726
f 1798 1799 1725
f 1727 1726 1799
f 1727 1799 1800
f 1802 1801 1728
f 1802 1728 1729
f 1715 1728 1789
f 1789 1728 1801
f 1800 1803 1727
f 1727 1803 1730
f 1730 1804 1731
f 1803 1804 1730
f 1733 1731 1804
f 1733 1804 1805
f 1734 1807 1806
f 1802 1734 1806
f 1729 1734 1802
f 1807 1808 1806
f 1805 1809 1733
f 1733 1809 1735
f 1736 1735 1809
f 1736 1809 1810
f 1737 1807 1734
f 1811 1808 1807
f 1737 1811 1807
f 1738 1811 1737
f 1738 1740 1811
f 1811 1740 1812
f 1810 1742 1736
f 1813 1742 1810
f 1814 1812 1740
f 1814 1740 1743
f 1743 1745 1814
f 1814 1745 1815
f 1813 1746 1742
f 1816 1746 1813
f 1817 1815 1745
f 1817 1745 1747
f 1818 1747 1748
f 1818 1817 1747
f 1748 1749 1818
f 1818 1749 1819
f 1822 1821 1820
f 1750 1751 1820
f 1751 1822 1820
f 1751 1823 1822
f 1824 1751 1752
f 1824 1823 1751
f 1825 1752 1753
f 1825 1824 1752
f 1826 1753 1754
f 1826 1825 1753
f 1827 1754 1755
f 1827 1826 1754
f 1828 1755 1756
f 1828 1827 1755
f 1756 1746 1816
f 1756 1816 1828
f 1829 1819 1749
f 1829 1749 1757
f 1830 1757 1758
f 1830 1829 1757
f 1831 1758 1759
f 1831 1830 1758
f 1832 1759 1760
f 1832 1831 1759
f 1833 1760 1761
f 1833 1832 1760
f 1834 1761 1762
f 1834 1833 1761
f 1835 1762 1763
f 1835 1834 1762
f 1836 1763 1764
f 1836 1835 1763
f 1837 1764 1765
f 1837 1836 1764
f 1838 1765 1766
f 1838 1837 1765
f 1839 1766 1767
f 1839 1838 1766
f 1840 1767 1768
f 1840 1839 1767
f 1841 1768 1769
f 1841 1840 1768
f 1842 1769 1770
f 1842 1841 1769
f 1843 1770 1771
f 1843 1842 1770
f 1772 1820 1821
f 1843 1772 1821
f 1771 1772 1843
f 1820 1772 1750
f 1846 1845 1844
f 1773 1774 1844
f 1845 1773 1844
f 1847 1773 1845
f 1773 1848 1775
f 1847 1848 1773
f 1775 1849 1776
f 1848 1849 1775
f 1776 1850 1777
f 1849 1850 1776
f 1777 1851 1778
f 1850 1851 1777
f 1778 1852 1779
f 1851 1852 1778
f 1779 1853 1780
f 1852 1853 1779
f 1780 1854 1781
f 1853 1854 1780
f 1781 1855 1782
f 1854 1855 1781
f 1782 1856 1783
f 1855 1856 1782
f 1783 1857 1784
f 1856 1857 1783
f 1784 1858 1786
f 1857 1858 1784
f 1787 1786 1858
f 1787 1858 1859
f 1789 1860 1788
f 1788 1860 1861
f 1862 1788 1861
f 1790 1788 1862
f 1790 1863 1791
f 1862 1863 1790
f 1791 1864 1792
f 1863 1864 1791
f 1792 1865 1793
f 1864 1865 1792
f 1793 1866 1794
f 1865 1866 1793
f 1794 1867 1795
f 1866 1867 1794
f 1795 1868 1796
f 1867 1868 1795
f 1844 1797 1846
f 1797 1868 1846
f 1797 1796 1868
f 1797 1844 1774
f 1859 1869 1787
f 1787 1869 1798
f 1798 1870 1799
f 1869 1870 1798
f 1800 1799 1870
f 1800 1870 1871
f 1802 1872 1801
f 1872 1873 1801
f 1801 1873 1789
f 1873 1874 1789
f 1874 1860 1789
f 1860 1874 1861
f 1871 1875 1800
f 1800 1875 1803
f 1803 1876 1804
f 1875 1876 1803
f 1805 1804 1876
f 1805 1876 1877
f 1806 1872 1802
f 1879 1878 1808
f 1808 1878 1806
f 1878 1873 1806
f 1873 1872 1806
f 1879 1880 1878
f 1877 1881 1805
f 1805 1881 1809
f 1810 1809 1881
f 1810 1881 1882
f 1811 1879 1808
f 1884 1883 1812
f 1812 1883 1811
f 1883 1880 1811
f 1880 1879 1811
f 1884 1885 1883
f 1882 1813 1810
f 1886 1813 1882
f 1814 1884 1812
f 1814 1815 1884
f 1815 1885 1884
f 1815 1887 1885
f 1890 1889 1888
f 1892 1891 1888
f 1888 1891 1890
f 1886 1891 1892
f 1816 1886 1892
f 1813 1886 1816
f 1893 1887 1815
f 1893 1815 1817
f 1894 1817 1818
f 1894 1893 1817
f 1818 1819 1894
f 1894 1819 1895
f 1897 1896 1822
f 1822 1896 1821
f 1898 1822 1823
f 1898 1897 1822
f 1899 1823 1824
f 1899 1898 1823
f 1900 1824 1825
f 1900 1899 1824
f 1901 1825 1826
f 1901 1900 1825
f 1827 1888 1889
f 1901 1827 1889
f 1826 1827 1901
f 1888 1827 1828
f 1888 1828 1892
f 1892 1828 1816
f 1902 1895 1819
f 1902 1819 1829
f 1903 1829 1830
f 1903 1902 1829
f 1904 1830 1831
f 1904 1903 1830
f 1905 1831 1832
f 1905 1904 1831
f 1906 1832 1833
f 1906 1905 1832
f 1907 1833 1834
f 1907 1906 1833
f 1908 1834 1835
f 1908 1907 1834
f 1909 1835 1836
f 1909 1908 1835
f 1910 1836 1837
f 1910 1909 1836
f 1911 1837 1838
f 1911 1910 1837
f 1912 1838 1839
f 1912 1911 1838
f 1913 1839 1840
f 1913 1912 1839
f 1914 1840 1841
f 1914 1913 1840
f 1915 1841 1842
f 1915 1914 1841
f 1916 1842 1843
f 1916 1915 1842
f 1843 1821 1896
f 1843 1896 1916
f 1918 1917 1845
f 1918 1845 1846
f 1845 1919 1847
f 1917 1919 1845
f 1847 1920 1848
f 1919 1920 1847
f 1848 1921 1849
f 1920 1921 1848
f 1849 1922 1850
f 1921 1922 1849
f 1850 1923 1851
f 1922 1923 1850
f 1851 1924 1852
f 1923 1924 1851
f 1852 1925 1853
f 1924 1925 1852
f 1853 1926 1854
f 1925 1926 1853
f 1854 1927 1855
f 1926 1927 1854
f 1855 1928 1856
f 1927 1928 1855
f 1856 1929 1857
f 1928 1929 1856
f 1857 1930 1858
f 1929 1930 1857
f 1859 1858 1930
f 1859 1930 1931
f 1861 1932 1862
f 1862 1932 1933
f 1934 1862 1933
f 1863 1862 1934
f 1863 1935 1864
f 1934 1935 1863
f 1864 1936 1865
f 1935 1936 1864
f 1865 1937 1866
f 1936 1937 1865
f 1866 1938 1867
f 1937 1938 1866
f 1867 1939 1868
f 1938 1939 1867
f 1846 1868 1918
f 1918 1868 1939
f 1931 1940 1859
f 1859 1940 1869
f 1869 1941 1870
f 1940 1941 1869
f 1871 1870 1941
f 1871 1941 1942
f 1944 1943 1874
f 1944 1874 1873
f 1861 1874 1932
f 1874 1945 1932
f 1874 1943 1945
f 1932 1945 1933
f 1942 1946 1871
f 1871 1946 1875
f 1875 1947 1876
f 1946 1947 1875
f 1877 1876 1947
f 1877 1947 1948
f 1949 1944 1873
f 1949 1873 1878
f 1878 1880 1949
f 1949 1880 1950
f 1948 1951 1877
f 1877 1951 1881
f 1882 1881 1951
f 1882 1951 1952
f 1953 1950 1880
f 1953 1880 1883
f 1883 1885 1953
f 1953 1885 1954
f 1952 1886 1882
f 1955 1886 1952
f 1887 1957 1956
f 1954 1887 1956
f 1885 1887 1954
f 1957 1958 1956
f 1961 1960 1959
f 1889 1890 1959
f 1890 1961 1959
f 1890 1962 1961
f 1963 1890 1891
f 1963 1962 1890
f 1891 1886 1955
f 1891 1955 1963
f 1893 1957 1887
f 1964 1958 1957
f 1893 1964 1957
f 1894 1964 1893
f 1966 1965 1895
f 1965 1894 1895
f 1965 1964 1894
f 1966 1967 1965
f 1969 1968 1897
f 1897 1968 1896
f 1970 1897 1898
f 1970 1969 1897
f 1971 1898 1899
f 1971 1970 1898
f 1972 1899 1900
f 1972 1971 1899
f 1901 1959 1960
f 1972 1901 1960
f 1900 1901 1972
f 1959 1901 1889
f 1902 1966 1895
f 1973 1967 1966
f 1902 1973 1966
f 1903 1973 1902
f 1974 1903 1904
f 1974 1973 1903
f 1975 1904 1905
f 1975 1974 1904
f 1976 1905 1906
f 1976 1975 1905
f 1977 1906 1907
f 1977 1976 1906
f 1978 1907 1908
f 1978 1977 1907
f 1979 1908 1909
f 1979 1978 1908
f 1980 1909 1910
f 1980 1979 1909
f 1981 1910 1911
f 1981 1980 1910
f 1982 1911 1912
f 1982 1981 1911
f 1983 1912 1913
f 1983 1982 1912
f 1984 1913 1914
f 1984 1983 1913
f 1985 1914 1915
f 1985 1984 1914
f 1986 1915 1916
f 1986 1985 1915
f 1916 1896 1968
f 1916 1968 1986
f 1989 1988 1987
f 1917 1918 1987
f 1988 1917 1987
f 1990 1917 1988
f 1917 1991 1919
f 1990 1991 1917
f 1919 1992 1920
f 1991 1992 1919
f 1920 1993 1921
f 1992 1993 1920
f 1921 1994 1922
f 1993 1994 1921
f 1922 1995 1923
f 1994 1995 1922
f 1923 1996 1924
f 1995 1996 1923
f 1924 1997 1925
f 1996 1997 1924
f 1925 1998 1926
f 1997 1998 1925
f 1926 1999 1927
f 1998 1999 1926
f 1927 2000 1928
f 1999 2000 1927
f 1928 2001 1929
f 2000 2001 1928
f 1929 2002 1930
f 2001 2002 1929
f 1931 1930 2002
f 1931 2002 2003
f 2005 2004 1934
f 2005 1934 1933
f 1934 2006 1935
f 2004 2006 1934
f 1935 2007 1936
f 2006 2007 1935
f 1936 2008 1937
f 2007 2008 1936
f 1937 2009 1938
f 2008 2009 1937
f 1987 1939 1989
f 1939 2009 1989
f 1939 1938 2009
f 1939 1987 1918
f 2003 2010 1931
f 1931 2010 1940
f 1940 2011 1941
f 2010 2011 1940
f 1942 1941 2011
f 1942 2011 2012
f 1944 2013 1943
f 1943 2013 2014
f 2015 1943 2014
f 1945 1943 2015
f 1933 1945 2005
f 2005 1945 2015
f 2012 2016 1942
f 1942 2016 1946
f 1946 2017 1947
f 2016 2017 1946
f 1948 1947 2017
f 1948 2017 2018
f 1949 2013 1944
f 1949 1950 2013
f 1950 2014 2013
f 1950 2019 2014
f 2018 2020 1948
f 1948 2020 1951
f 1952 1951 2020
f 1952 2020 2021
f 2022 2019 1950
f 2022 1950 1953
f 1953 1954 2022
f 2022 1954 2023
f 2021 1955 1952
f 2024 1955 2021
f 2025 2023 1954
f 2025 1954 1956
f 1956 1958 2025
f 2025 1958 2026
f 2028 2027 1961
f 1961 2027 1960
f 2029 1961 1962
f 2029 2028 1961
f 2030 1962 1963
f 2030 2029 1962
f 1963 1955 2024
f 1963 2024 2030
f 2031 2026 1958
f 2031 1958 1964
f 2032 1964 1965
f 2032 2031 1964
f 2034 2033 1967
f 2033 1965 1967
f 2033 2032 1965
f 2034 2035 2033
f 2037 2036 1969
f 1969 2036 1968
f 2038 1969 1970
f 2038 2037 1969
f 2039 1970 1971
f 2039 2038 1970
f 2040 1971 1972
f 2040 2039 1971
f 1972 1960 2027
f 1972 2027 2040
f 1973 2034 1967
f 2041 2035 2034
f 1973 2041 2034
f 1974 2041 1973
f 2042 1974 1975
f 2042 2041 1974
f 2043 1975 1976
f 2043 2042 1975
f 2044 1976 1977
f 2044 2043 1976
f 2045 1977 1978
f 2045 2044 1977
f 2046 1978 1979
f 2046 2045 1978
f 2047 1979 1980
f 2047 2046 1979
f 2048 1980 1981
f 2048 2047 1980
f 2049 1981 1982
f 2049 2048 1981
f 2050 1982 1983
f 2050 2049 1982
f 2051 1983 1984
f 2051 2050 1983
f 2052 1984 1985
f 2052 2051 1984
f 2053 1985 1986
f 2053 2052 1985
f 1986 1968 2036
f 1986 2036 2053
f 2055 2054 1988
f 2055 1988 1989
f 1988 2056 1990
f 2054 2056 1988
f 1990 2057 1991
f 2056 2057 1990
f 1991 2058 1992
f 2057 2058 1991
f 1992 2059 1993
f 2058 2059 1992
f 1993 2060 1994
f 2059 2060 1993
f 1994 2061 1995
f 2060 2061 1994
f 1995 2062 1996
f 2061 2062 1995
f 1996 2063 1997
f 2062 2063 1996
f 1997 2064 1998
f 2063 2064 1997
f 1998 2065 1999
f 2064 2065 1998
f 1999 2066 2000
f 2065 2066 1999
f 2000 2067 2001
f 2066 2067 2000
f 2001 2068 2002
f 2067 2068 2001
f 2003 2002 2068
f 2003 2068 2069
f 2071 2070 2004
f 2071 2004 2005
f 2004 2072 2006
f 2070 2072 2004
f 2006 2073 2007
f 2072 2073 2006
f 2007 2074 2008
f 2073 2074 2007
f 2008 2075 2009
f 2074 2075 2008
f 1989 2009 2055
f 2055 2009 2075
f 2069 2076 2003
f 2003 2076 2010
f 2010 2077 2011
f 2076 2077 2010
f 2012 2011 2077
f 2012 2077 2078
f 2014 2079 2015
f 2079 2080 2015
f 2080 2005 2015
f 2080 2071 2005
f 2078 2081 2012
f 2012 2081 2016
f 2016 2082 2017
f 2081 2082 2016
f 2018 2017 2082
f 2018 2082 2083
f 2019 2084 2079
f 2019 2079 2014
f 2080 2079 2085
f 2085 2079 2084
f 2083 2086 2018
f 2018 2086 2020
f 2021 2020 2086
f 2021 2086 2087
f 2022 2084 2019
f 2022 2023 2084
f 2023 2085 2084
f 2023 2088 2085
f 2087 2024 2021
f 2089 2024 2087
f 2090 2088 2023
f 2090 2023 2025
f 2025 2026 2090
f 2090 2026 2091
f 2093 2092 2028
f 2028 2092 2027
f 2094 2028 2029
f 2094 2093 2028
f 2096 2094 2095
f 2094 2030 2095
f 2094 2029 2030
f 2097 2095 2030
f 2024 2097 2030
f 2089 2097 2024
f 2098 2091 2026
f 2098 2026 2031
f 2099 2031 2032
f 2099 2098 2031
f 2100 2032 2033
f 2100 2099 2032
f 2033 2035 2100
f 2100 2035 2101
f 2103 2102 2037
f 2037 2102 2036
f 2104 2037 2038
f 2104 2103 2037
f 2105 2038 2039
f 2105 2104 2038
f 2106 2039 2040
f 2106 2105 2039
f 2040 2027 2092
f 2040 2092 2106
f 2107 2096 2095
f 2107 2095 2097
f 2108 2101 2035
f 2108 2035 2041
f 2109 2041 2042
f 2109 2108 2041
f 2110 2042 2043
f 2110 2109 2042
f 2111 2043 2044
f 2111 2110 2043
f 2112 2044 2045
f 2112 2111 2044
f 2113 2045 2046
f 2113 2112 2045
f 2114 2046 2047
f 2114 2113 2046
f 2115 2047 2048
f 2115 2114 2047
f 2116 2048 2049
f 2116 2115 2048
f 2117 2049 2050
f 2117 2116 2049
f 2118 2050 2051
f 2118 2117 2050
f 2119 2051 2052
f 2119 2118 2051
f 2120 2052 2053
f 2120 2119 2052
f 2053 2036 2102
f 2053 2102 2120
f 2122 2121 2054
f 2122 2054 2055
f 2054 2123 2056
f 2121 2123 2054
f 2056 2124 2057
f 2123 2124 2056
f 2057 2125 2058
f 2124 2125 2057
f 2058 2126 2059
f 2125 2126 2058
f 2059 2127 2060
f 2126 2127 2059
f 2060 2128 2061
f 2127 2128 2060
f 2061 2129 2062
f 2128 2129 2061
f 2062 2130 2063
f 2129 2130 2062
f 2063 2131 2064
f 2130 2131 2063
f 2064 2132 2065
f 2131 2132 2064
f 2065 2133 2066
f 2132 2133 2065
f 2066 2134 2067
f 2133 2134 2066
f 2067 2135 2068
f 2134 2135 2067
f 2069 2068 2135
f 2069 2135 2136
f 2071 2137 2070
f 2070 2137 2138
f 2139 2070 2138
f 2072 2070 2139
f 2072 2140 2073
f 2139 2140 2072
f 2073 2141 2074
f 2140 2141 2073
f 2074 2142 2075
f 2141 2142 2074
f 2055 2075 2122
f 2122 2075 2142
f 2136 2143 2069
f 2069 2143 2076
f 2076 2144 2077
f 2143 2144 2076
f 2078 2077 2144
f 2078 2144 2145
f 2147 2146 2137
f 2071 2147 2137
f 2080 2147 2071
f 2137 2146 2138
f 2145 2148 2078
f 2078 2148 2081
f 2081 2149 2082
f 2148 2149 2081
f 2083 2082 2149
f 2083 2149 2150
f 2085 2147 2080
f 2085 2151 2147
f 2150 2152 2083
f 2083 2152 2086
f 2087 2086 2152
f 2087 2152 2153
f 2088 2151 2085
f 2088 2154 2151
f 2156 2089 2155
f 2089 2153 2155
f 2089 2087 2153
f 2157 2156 2155
f 2158 2154 2088
f 2158 2088 2090
f 2160 2159 2091
f 2159 2090 2091
f 2159 2158 2090
f 2160 2161 2159
f 2163 2162 2093
f 2093 2162 2092
f 2164 2093 2094
f 2164 2163 2093
f 2094 2096 2164
f 2164 2096 2165
f 2167 2166 2156
f 2166 2089 2156
f 2166 2097 2089
f 2167 2156 2157
f 2098 2160 2091
f 2168 2161 2160
f 2098 2168 2160
f 2099 2168 2098
f 2169 2099 2100
f 2169 2168 2099
f 2171 2170 2101
f 2170 2100 2101
f 2170 2169 2100
f 2171 2172 2170
f 2174 2173 2103
f 2103 2173 2102
f 2175 2103 2104
f 2175 2174 2103
f 2176 2104 2105
f 2176 2175 2104
f 2177 2105 2106
f 2177 2176 2105
f 2106 2092 2162
f 2106 2162 2177
f 2178 2165 2096
f 2178 2096 2107
f 2107 2097 2166
f 2107 2166 2178
f 2108 2171 2101
f 2179 2172 2171
f 2108 2179 2171
f 2109 2179 2108
f 2180 2109 2110
f 2180 2179 2109
f 2181 2110 2111
f 2181 2180 2110
f 2182 2111 2112
f 2182 2181 2111
f 2183 2112 2113
f 2183 2182 2112
f 2184 2113 2114
f 2184 2183 2113
f 2185 2114 2115
f 2185 2184 2114
f 2186 2115 2116
f 2186 2185 2115
f 2187 2116 2117
f 2187 2186 2116
f 2188 2117 2118
f 2188 2187 2117
f 2189 2118 2119
f 2189 2188 2118
f 2190 2119 2120
f 2190 2189 2119
f 2120 2102 2173
f 2120 2173 2190
f 2122 2191 2121
f 2121 2191 2192
f 2193 2121 2192
f 2123 2121 2193
f 2123 2194 2124
f 2193 2194 2123
f 2124 2195 2125
f 2194 2195 2124
f 2125 2196 2126
f 2195 2196 2125
f 2126 2197 2127
f 2196 2197 2126
f 2127 2198 2128
f 2197 2198 2127
f 2128 2199 2129
f 2198 2199 2128
f 2129 2200 2130
f 2199 2200 2129
f 2130 2201 2131
f 2200 2201 2130
f 2131 2202 2132
f 2201 2202 2131
f 2132 2203 2133
f 2202 2203 2132
f 2133 2204 2134
f 2203 2204 2133
f 2204 2206 2205
f 2135 2204 2205
f 2134 2204 2135
f 2205 2136 2135
f 2138 2207 2139
f 2139 2207 2208
f 2209 2139 2208
f 2140 2139 2209
f 2140 2210 2141
f 2209 2210 2140
f 2141 2211 2142
f 2210 2211 2141
f 2122 2142 2191
f 2142 2212 2191
f 2142 2211 2212
f 2191 2212 2192
f 2206 2213 2205
f 2205 2213 2136
f 2213 2143 2136
f 2213 2214 2143
f 2143 2215 2144
f 2214 2215 2143
f 2145 2144 2215
f 2145 2215 2216
f 2147 2217 2146
f 2217 2218 2146
f 2146 2218 2138
f 2218 2219 2138
f 2219 2207 2138
f 2207 2219 2208
f 2216 2220 2145
f 2145 2220 2148
f 2220 2222 2221
f 2149 2220 2221
f 2148 2220 2149
f 2221 2150 2149
f 2151 2223 2217
f 2151 2217 2147
f 2218 2217 2224
f 2224 2217 2223
f 2222 2225 2221
f 2221 2225 2150
f 2225 2152 2150
f 2225 2226 2152
f 2153 2152 2226
f 2153 2226 2227
f 2154 2228 2223
f 2154 2223 2151
f 2224 2223 2229
f 2229 2223 2228
f 2227 2230 2153
f 2153 2230 2155
f 2157 2155 2230
f 2157 2230 2231
f 2158 2228 2154
f 2232 2229 2228
f 2158 2232 2228
f 2159 2232 2158
f 2234 2233 2161
f 2233 2159 2161
f 2233 2232 2159
f 2234 2235 2233
f 2237 2236 2163
f 2163 2236 2162
f 2238 2163 2164
f 2238 2237 2163
f 2164 2165 2238
f 2238 2165 2239
f 2240 2166 2167
f 2241 2240 2167
f 2157 2241 2167
f 2231 2241 2157
f 2168 2234 2161
f 2242 2235 2234
f 2168 2242 2234
f 2169 2242 2168
f 2243 2169 2170
f 2243 2242 2169
f 2245 2244 2172
f 2244 2170 2172
f 2244 2243 2170
f 2245 2246 2244
f 2249 2248 2247
f 2173 2174 2247
f 2174 2249 2247
f 2174 2250 2249
f 2251 2174 2175
f 2251 2250 2174
f 2252 2175 2176
f 2252 2251 2175
f 2253 2176 2177
f 2253 2252 2176
f 2177 2162 2236
f 2177 2236 2253
f 2254 2239 2165
f 2254 2165 2178
f 2178 2166 2240
f 2255 2178 2240
f 2254 2178 2255
f 2255 2240 2241
f 2179 2245 2172
f 2256 2246 2245
f 2179 2256 2245
f 2180 2256 2179
f 2257 2180 2181
f 2257 2256 2180
f 2258 2181 2182
f 2258 2257 2181
f 2259 2182 2183
f 2259 2258 2182
f 2260 2183 2184
f 2260 2259 2183
f 2261 2184 2185
f 2261 2260 2184
f 2262 2185 2186
f 2262 2261 2185
f 2263 2186 2187
f 2263 2262 2186
f 2264 2187 2188
f 2264 2263 2187
f 2265 2188 2189
f 2265 2264 2188
f 2190 2247 2248
f 2265 2190 2248
f 2189 2190 2265
f 2247 2190 2173
f 2192 2266 2193
f 2267 2194 2193
f 2267 2193 2266
f 2194 2267 2268
f 2269 2194 2268
f 2195 2194 2269
f 2195 2270 2196
f 2269 2270 2195
f 2196 2271 2197
f 2270 2271 2196
f 2197 2272 2198
f 2271 2272 2197
f 2198 2273 2199
f 2272 2273 2198
f 2199 2274 2200
f 2273 2274 2199
f 2200 2275 2201
f 2274 2275 2200
f 2201 2276 2202
f 2275 2276 2201
f 2202 2277 2203
f 2276 2277 2202
f 2203 2278 2204
f 2277 2278 2203
f 2206 2204 2278
f 2206 2278 2279
f 2208 2280 2209
f 2281 2210 2209
f 2281 2209 2280
f 2210 2281 2282
f 2283 2210 2282
f 2211 2210 2283
f 2211 2284 2212
f 2283 2284 2211
f 2192 2212 2266
f 2212 2285 2266
f 2212 2284 2285
f 2266 2285 2267
f 2267 2285 2286
f 2267 2286 2268
f 2279 2287 2206
f 2206 2287 2213
f 2213 2288 2214
f 2287 2288 2213
f 2214 2289 2215
f 2288 2289 2214
f 2216 2215 2289
f 2216 2289 2290
f 2218 2291 2219
f 2291 2292 2219
f 2219 2292 2208
f 2292 2293 2208
f 2293 2280 2208
f 2280 2293 2281
f 2281 2293 2294
f 2281 2294 2282
f 2220 2216 2295
f 2216 2296 2295
f 2216 2290 2296
f 2295 2222 2220
f 2298 2297 2291
f 2218 2298 2291
f 2224 2298 2218
f 2291 2297 2292
f 2296 2299 2295
f 2295 2299 2222
f 2299 2225 2222
f 2299 2300 2225
f 2225 2301 2226
f 2300 2301 2225
f 2227 2226 2301
f 2227 2301 2302
f 2229 2304 2303
f 2298 2229 2303
f 2224 2229 2298
f 2304 2305 2303
f 2302 2306 2227
f 2227 2306 2230
f 2308 2307 2231
f 2230 2308 2231
f 2306 2308 2230
f 2309 2307 2308
f 2232 2304 2229
f 2310 2305 2304
f 2232 2310 2304
f 2233 2310 2232
f 2312 2311 2235
f 2311 2233 2235
f 2311 2310 2233
f 2312 2313 2311
f 2315 2314 2237
f 2237 2314 2236
f 2316 2237 2238
f 2316 2315 2237
f 2238 2239 2316
f 2316 2239 2317
f 2319 2318 2307
f 2318 2231 2307
f 2318 2241 2231
f 2319 2307 2309
f 2242 2312 2235
f 2320 2313 2312
f 2242 2320 2312
f 2243 2320 2242
f 2321 2243 2244
f 2321 2320 2243
f 2323 2322 2246
f 2322 2244 2246
f 2322 2321 2244
f 2325 2324 2323
f 2323 2324 2322
f 2325 2326 2324
f 2328 2327 2249
f 2249 2327 2248
f 2329 2249 2250
f 2329 2328 2249
f 2330 2250 2251
f 2330 2329 2250
f 2331 2251 2252
f 2331 2330 2251
f 2332 2252 2253
f 2332 2331 2252
f 2253 2236 2314
f 2253 2314 2332
f 2333 2317 2239
f 2333 2239 2254
f 2334 2254 2255
f 2334 2333 2254
f 2255 2241 2318
f 2255 2318 2334
f 2256 2323 2246
f 2323 2256 2257
f 2323 2257 2325
f 2335 2326 2325
f 2257 2335 2325
f 2258 2335 2257
f 2336 2258 2259
f 2336 2335 2258
f 2337 2259 2260
f 2337 2336 2259
f 2338 2260 2261
f 2338 2337 2260
f 2339 2261 2262
f 2339 2338 2261
f 2340 2262 2263
f 2340 2339 2262
f 2341 2263 2264
f 2341 2340 2263
f 2342 2264 2265
f 2342 2341 2264
f 2265 2248 2327
f 2265 2327 2342
f 2268 2343 2269
f 2344 2270 2269
f 2344 2269 2343
f 2345 2271 2270
f 2345 2270 2344
f 2271 2345 2346
f 2347 2271 2346
f 2272 2271 2347
f 2272 2348 2273
f 2347 2348 2272
f 2273 2349 2274
f 2348 2349 2273
f 2274 2350 2275
f 2349 2350 2274
f 2275 2351 2276
f 2350 2351 2275
f 2276 2352 2277
f 2351 2352 2276
f 2352 2354 2353
f 2278 2352 2353
f 2277 2352 2278
f 2353 2279 2278
f 2282 2355 2283
f 2356 2284 2283
f 2356 2283 2355
f 2357 2285 2284
f 2357 2284 2356
f 2285 2357 2358
f 2359 2285 2358
f 2286 2285 2359
f 2268 2286 2343
f 2286 2360 2343
f 2286 2359 2360
f 2343 2360 2344
f 2344 2360 2361
f 2344 2361 2345
f 2345 2361 2362
f 2345 2362 2346
f 2354 2363 2353
f 2353 2363 2279
f 2363 2287 2279
f 2363 2364 2287
f 2287 2365 2288
f 2364 2365 2287
f 2365 2367 2366
f 2289 2365 2366
f 2288 2365 2289
f 2366 2290 2289
f 2292 2368 2293
f 2369 2294 2293
f 2369 2293 2368
f 2355 2282 2294
f 2369 2355 2294
f 2370 2355 2369
f 2372 2356 2371
f 2356 2370 2371
f 2356 2355 2370
f 2356 2372 2357
f 2357 2372 2373
f 2357 2373 2358
f 2367 2374 2366
f 2290 2366 2374
f 2375 2290 2374
f 2296 2290 2375
f 2298 2376 2297
f 2368 2292 2297
f 2376 2368 2297
f 2377 2368 2376
f 2379 2369 2378
f 2369 2377 2378
f 2369 2368 2377
f 2369 2379 2370
f 2370 2379 2380
f 2370 2380 2371
f 2375 2381 2296
f 2296 2381 2299
f 2381 2383 2382
f 2300 2381 2382
f 2299 2381 2300
f 2384 2301 2300
f 2384 2300 2382
f 2384 2302 2301
f 2303 2376 2298
f 2376 2303 2305
f 2385 2376 2305
f 2377 2376 2385
f 2378 2377 2386
f 2377 2387 2386
f 2377 2385 2387
f 2387 2388 2386
f 2383 2389 2382
f 2382 2389 2384
f 2384 2389 2390
f 2384 2390 2302
f 2390 2306 2302
f 2390 2391 2306
f 2306 2392 2308
f 2391 2392 2306
f 2309 2308 2392
f 2309 2392 2393
f 2310 2385 2305
f 2385 2310 2311
f 2385 2311 2387
f 2395 2394 2313
f 2313 2394 2311
f 2394 2388 2311
f 2388 2387 2311
f 2397 2396 2395
f 2395 2396 2394
f 2397 2398 2396
f 2401 2400 2399
f 2314 2315 2399
f 2315 2401 2399
f 2315 2402 2401
f 2403 2315 2316
f 2403 2402 2315
f 2405 2404 2317
f 2404 2316 2317
f 2404 2403 2316
f 2407 2406 2405
f 2405 2406 2404
f 2318 2319 2407
f 2319 2406 2407
f 2319 2408 2406
f 2319 2309 2393
f 2319 2393 2408
f 2320 2395 2313
f 2395 2320 2321
f 2395 2321 2397
f 2409 2398 2397
f 2321 2409 2397
f 2322 2409 2321
f 2410 2322 2324
f 2410 2409 2322
f 2412 2411 2326
f 2411 2324 2326
f 2411 2410 2324
f 2414 2413 2412
f 2412 2413 2411
f 2416 2415 2414
f 2414 2415 2413
f 2418 2417 2416
f 2416 2417 2415
f 2420 2419 2418
f 2418 2419 2417
f 2422 2421 2420
f 2420 2421 2419
f 2424 2423 2422
f 2422 2423 2421
f 2426 2425 2424
f 2424 2425 2423
f 2327 2328 2426
f 2328 2425 2426
f 2328 2427 2425
f 2428 2328 2329
f 2428 2427 2328
f 2429 2329 2330
f 2429 2428 2329
f 2430 2330 2331
f 2430 2429 2330
f 2332 2399 2400
f 2430 2332 2400
f 2331 2332 2430
f 2399 2332 2314
f 2333 2405 2317
f 2405 2333 2334
f 2405 2334 2407
f 2407 2334 2318
f 2335 2412 2326
f 2412 2335 2336
f 2412 2336 2414
f 2414 2336 2337
f 2414 2337 2416
f 2416 2337 2338
f 2416 2338 2418
f 2418 2338 2339
f 2418 2339 2420
f 2420 2339 2340
f 2420 2340 2422
f 2422 2340 2341
f 2422 2341 2424
f 2424 2341 2342
f 2424 2342 2426
f 2426 2342 2327
f 2346 2431 2347
f 2432 2348 2347
f 2432 2347 2431
f 2433 2349 2348
f 2433 2348 2432
f 2434 2350 2349
f 2434 2349 2433
f 2435 2351 2350
f 2435 2350 2434
f 2436 2352 2351
f 2436 2351 2435
f 2436 2354 2352
f 2358 2437 2359
f 2438 2360 2359
f 2438 2359 2437
f 2439 2361 2360
f 2439 2360 2438
f 2361 2439 2440
f 2441 2361 2440
f 2362 2361 2441
f 2346 2362 2431
f 2362 2442 2431
f 2362 2441 2442
f 2431 2442 2432
f 2432 2442 2443
f 2432 2443 2433
f 2433 2443 2444
f 2433 2444 2434
f 2434 2444 2445
f 2434 2445 2435
f 2435 2445 2446
f 2435 2446 2436
f 2436 2446 2447
f 2436 2447 2354
f 2447 2363 2354
f 2447 2448 2363
f 2448 2450 2449
f 2364 2448 2449
f 2363 2448 2364
f 2451 2365 2364
f 2451 2364 2449
f 2451 2367 2365
f 2371 2452 2372
f 2453 2373 2372
f 2453 2372 2452
f 2437 2358 2373
f 2453 2437 2373
f 2454 2437 2453
f 2437 2455 2438
f 2437 2454 2455
f 2457 2439 2456
f 2439 2455 2456
f 2439 2438 2455
f 2439 2457 2440
f 2450 2458 2449
f 2460 2459 2458
f 2459 2449 2458
f 2459 2451 2449
f 2461 2374 2367
f 2451 2461 2367
f 2459 2461 2451
f 2461 2375 2374
f 2378 2462 2379
f 2463 2380 2379
f 2463 2379 2462
f 2452 2371 2380
f 2463 2452 2380
f 2464 2452 2463
f 2466 2453 2465
f 2453 2464 2465
f 2453 2452 2464
f 2453 2466 2454
f 2454 2466 2467
f 2454 2467 2455
f 2455 2467 2468
f 2455 2468 2456
f 2460 2469 2459
f 2459 2469 2461
f 2461 2469 2470
f 2470 2472 2471
f 2470 2471 2381
f 2461 2470 2381
f 2375 2461 2381
f 2471 2383 2381
f 2386 2462 2378
f 2462 2386 2388
f 2473 2462 2388
f 2463 2462 2473
f 2475 2464 2474
f 2464 2473 2474
f 2464 2463 2473
f 2464 2475 2465
f 2471 2472 2476
f 2476 2472 2477
f 2478 2389 2383
f 2471 2478 2383
f 2476 2478 2471
f 2479 2390 2389
f 2479 2389 2478
f 2480 2391 2390
f 2480 2390 2479
f 2481 2392 2391
f 2481 2391 2480
f 2481 2393 2392
f 2394 2473 2388
f 2482 2474 2473
f 2394 2482 2473
f 2396 2482 2394
f 2484 2483 2398
f 2483 2396 2398
f 2483 2482 2396
f 2484 2485 2483
f 2487 2486 2401
f 2401 2486 2400
f 2402 2476 2477
f 2487 2402 2477
f 2401 2402 2487
f 2476 2402 2403
f 2476 2403 2478
f 2478 2403 2404
f 2478 2404 2479
f 2479 2404 2406
f 2479 2406 2480
f 2480 2406 2408
f 2480 2408 2481
f 2481 2408 2393
f 2409 2484 2398
f 2488 2485 2484
f 2409 2488 2484
f 2410 2488 2409
f 2489 2410 2411
f 2489 2488 2410
f 2490 2411 2413
f 2490 2489 2411
f 2491 2413 2415
f 2491 2490 2413
f 2492 2415 2417
f 2492 2491 2415
f 2493 2417 2419
f 2493 2492 2417
f 2494 2419 2421
f 2494 2493 2419
f 2495 2421 2423
f 2495 2494 2421
f 2496 2423 2425
f 2496 2495 2423
f 2497 2425 2427
f 2497 2496 2425
f 2498 2427 2428
f 2498 2497 2427
f 2499 2428 2429
f 2499 2498 2428
f 2500 2429 2430
f 2500 2499 2429
f 2430 2400 2486
f 2430 2486 2500
f 2440 2501 2441
f 2502 2442 2441
f 2502 2441 2501
f 2503 2443 2442
f 2503 2442 2502
f 2443 2503 2504
f 2505 2443 2504
f 2444 2443 2505
f 2505 2507 2506
f 2445 2505 2506
f 2444 2505 2445
f 2508 2446 2445
f 2508 2445 2506
f 2509 2447 2446
f 2509 2446 2508
f 2510 2448 2447
f 2510 2447 2509
f 2510 2450 2448
f 2456 2511 2457
f 2501 2440 2457
f 2511 2501 2457
f 2512 2501 2511
f 2501 2513 2502
f 2501 2512 2513
f 2502 2514 2503
f 2502 2513 2514
f 2504 2503 2515
f 2503 2516 2515
f 2503 2514 2516
f 2517 2506 2507
f 2516 2518 2515
f 2506 2517 2508
f 2508 2517 2519
f 2508 2519 2509
f 2509 2519 2520
f 2522 2521 2520
f 2521 2509 2520
f 2521 2510 2509
f 2523 2458 2450
f 2510 2523 2450
f 2521 2523 2510
f 2523 2460 2458
f 2465 2524 2466
f 2525 2467 2466
f 2525 2466 2524
f 2526 2468 2467
f 2526 2467 2525
f 2526 2527 2468
f 2468 2527 2456
f 2527 2528 2456
f 2528 2511 2456
f 2511 2528 2512
f 2512 2528 2529
f 2512 2529 2513
f 2513 2529 2530
f 2513 2530 2514
f 2514 2530 2531
f 2514 2531 2516
f 2516 2531 2532
f 2516 2532 2518
f 2522 2533 2521
f 2521 2533 2523
f 2523 2533 2534
f 2523 2534 2460
f 2534 2469 2460
f 2534 2535 2469
f 2535 2537 2536
f 2470 2535 2536
f 2469 2535 2470
f 2536 2472 2470
f 2474 2538 2475
f 2538 2539 2475
f 2475 2539 2465
f 2539 2540 2465
f 2540 2524 2465
f 2524 2540 2525
f 2525 2540 2541
f 2525 2541 2526
f 2526 2541 2542
f 2526 2542 2527
f 2536 2537 2543
f 2543 2537 2544
f 2543 2477 2472
f 2543 2472 2536
f 2482 2538 2474
f 2545 2539 2538
f 2482 2545 2538
f 2483 2545 2482
f 2547 2546 2485
f 2546 2483 2485
f 2546 2545 2483
f 2549 2548 2547
f 2547 2548 2546
f 2549 2550 2548
f 2553 2552 2551
f 2555 2554 2551
f 2551 2554 2553
f 2554 2555 2544
f 2544 2555 2543
f 2555 2486 2543
f 2486 2487 2543
f 2543 2487 2477
f 2488 2547 2485
f 2547 2488 2489
f 2547 2489 2549
f 2556 2550 2549
f 2489 2556 2549
f 2490 2556 2489
f 2557 2490 2491
f 2557 2556 2490
f 2558 2491 2492
f 2558 2557 2491
f 2559 2492 2493
f 2559 2558 2492
f 2560 2493 2494
f 2560 2559 2493
f 2561 2494 2495
f 2561 2560 2494
f 2562 2495 2496
f 2562 2561 2495
f 2563 2496 2497
f 2563 2562 2496
f 2564 2497 2498
f 2564 2563 2497
f 2499 2551 2552
f 2564 2499 2552
f 2498 2499 2564
f 2551 2499 2500
f 2551 2500 2555
f 2555 2500 2486
f 2504 2565 2505
f 2565 2507 2505
f 2515 2565 2504
f 2566 2515 2518
f 2566 2565 2515
f 2566 2517 2507
f 2565 2566 2507
f 2567 2519 2517
f 2567 2517 2566
f 2568 2520 2519
f 2568 2519 2567
f 2568 2522 2520
f 2527 2569 2528
f 2570 2529 2528
f 2570 2528 2569
f 2571 2530 2529
f 2571 2529 2570
f 2530 2571 2572
f 2573 2530 2572
f 2531 2530 2573
f 2531 2574 2532
f 2573 2574 2531
f 2518 2532 2566
f 2532 2575 2566
f 2532 2574 2575
f 2566 2575 2567
f 2567 2575 2576
f 2567 2576 2568
f 2568 2576 2577
f 2568 2577 2522
f 2577 2533 2522
f 2577 2578 2533
f 2533 2579 2534
f 2578 2579 2533
f 2534 2580 2535
f 2579 2580 2534
f 2537 2535 2580
f 2537 2580 2581
f 2539 2582 2540
f 2583 2541 2540
f 2583 2540 2582
f 2584 2542 2541
f 2584 2541 2583
f 2584 2585 2542
f 2542 2585 2527
f 2585 2586 2527
f 2586 2569 2527
f 2569 2586 2570
f 2570 2586 2587
f 2570 2587 2571
f 2571 2587 2588
f 2571 2588 2572
f 2581 2544 2537
f 2589 2544 2581
f 2545 2582 2539
f 2582 2545 2546
f 2582 2546 2583
f 2583 2546 2548
f 2583 2548 2584
f 2591 2590 2550
f 2550 2590 2548
f 2590 2585 2548
f 2585 2584 2548
f 2593 2592 2591
f 2591 2592 2590
f 2595 2594 2593
f 2593 2594 2592
f 2597 2596 2595
f 2595 2596 2594
f 2599 2598 2597
f 2597 2598 2596
f 2601 2600 2599
f 2599 2600 2598
f 2603 2602 2601
f 2601 2602 2600
f 2605 2604 2603
f 2603 2604 2602
f 2607 2606 2605
f 2605 2606 2604
f 2552 2553 2607
f 2553 2606 2607
f 2553 2608 2606
f 2609 2553 2554
f 2609 2608 2553
f 2554 2544 2589
f 2554 2589 2609
f 2556 2591 2550
f 2591 2556 2557
f 2591 2557 2593
f 2593 2557 2558
f 2593 2558 2595
f 2595 2558 2559
f 2595 2559 2597
f 2597 2559 2560
f 2597 2560 2599
f 2599 2560 2561
f 2599 2561 2601
f 2601 2561 2562
f 2601 2562 2603
f 2603 2562 2563
f 2603 2563 2605
f 2605 2563 2564
f 2605 2564 2607
f 2607 2564 2552
f 2572 2610 2573
f 2611 2574 2573
f 2611 2573 2610
f 2612 2575 2574
f 2612 2574 2611
f 2613 2576 2575
f 2613 2575 2612
f 2614 2577 2576
f 2614 2576 2613
f 2615 2578 2577
f 2615 2577 2614
f 2616 2579 2578
f 2616 2578 2615
f 2617 2580 2579
f 2617 2579 2616
f 2617 2581 2580
f 2585 2618 2586
f 2619 2587 2586
f 2619 2586 2618
f 2620 2588 2587
f 2620 2587 2619
f 2610 2572 2588
f 2620 2610 2588
f 2621 2610 2620
f 2610 2622 2611
f 2610 2621 2622
f 2611 2623 2612
f 2611 2622 2623
f 2612 2624 2613
f 2612 2623 2624
f 2613 2625 2614
f 2613 2624 2625
f 2614 2626 2615
f 2614 2625 2626
f 2615 2627 2616
f 2615 2626 2627
f 2616 2628 2617
f 2616 2627 2628
f 2628 2589 2581
f 2628 2581 2617
f 2590 2618 2585
f 2618 2590 2592
f 2618 2592 2619
f 2619 2592 2594
f 2619 2594 2620
f 2620 2594 2596
f 2620 2596 2621
f 2621 2596 2598
f 2621 2598 2622
f 2622 2598 2600
f 2622 2600 2623
f 2623 2600 2602
f 2623 2602 2624
f 2624 2602 2604
f 2624 2604 2625
f 2625 2604 2606
f 2625 2606 2626
f 2626 2606 2608
f 2626 2608 2627
f 2627 2608 2609
f 2627 2609 2628
f 2628 2609 2589