# https://github.com/mikedh/trimesh
v -0.51564276 0.03906250 0.02343750
v -0.51562500 0.03902686 0.02343750
v -0.51562500 0.03906250 0.02328980
v -0.51574677 0.03906250 0.03125000
v -0.51562500 0.03880489 0.03125000
v -0.51585898 0.03906250 0.03906250
v -0.51562500 0.03864527 0.03906250
v -0.51591364 0.03906250 0.04687500
v -0.51562500 0.03864956 0.04687500
v -0.51594183 0.03906250 0.05468750
v -0.51562500 0.03870142 0.05468750
v -0.51597416 0.03906250 0.06250000
v -0.51562500 0.03875232 0.06250000
v -0.51562500 0.03906250 0.06521964
v -0.51562500 0.04216540 0.02343750
v -0.51562500 0.04520345 0.03125000
v -0.51562500 0.04571605 0.03906250
v -0.51562500 0.04573786 0.04687500
v -0.51562500 0.04566479 0.05468750
v -0.51562500 0.04561830 0.06250000
v -0.50784123 0.03906250 0.00781250
v -0.50781250 0.03904939 0.00781250
v -0.50781250 0.03906250 0.00601530
v -0.50808573 0.03906250 0.01562500
v -0.50781250 0.03895712 0.01562500
v -0.50781250 0.03877938 0.02343750
v -0.50781250 0.03862619 0.03125000
v -0.50781250 0.03849876 0.03906250
v -0.50781250 0.03848076 0.04687500
v -0.50781250 0.03856552 0.05468750
v -0.50781250 0.03868651 0.06250000
v -0.50781250 0.03906250 0.06863868
v -0.50781250 0.04014254 0.00781250
v -0.50781250 0.04338515 0.01562500
v -0.50781250 0.04505491 0.02343750
v -0.50781250 0.04560697 0.03125000
v -0.50781250 0.04586637 0.03906250
v -0.50781250 0.04592013 0.04687500
v -0.50781250 0.04587233 0.05468750
v -0.50781250 0.04569650 0.06250000
v -0.50421607 0.03906250 -0.03906250
v -0.50000000 0.03898537 -0.03906250
v -0.50000000 0.03906250 -0.04493278
v -0.50535333 0.03906250 -0.03125000
v -0.50000000 0.03891230 -0.03125000
v -0.50546765 0.03906250 -0.02343750
v -0.50000000 0.03889704 -0.02343750
v -0.50545818 0.03906250 -0.01562500
v -0.50000000 0.03889251 -0.01562500
v -0.50556833 0.03906250 -0.00781250
v -0.50000000 0.03888786 -0.00781250
v -0.50628686 0.03906250 0.00000000
v -0.50000000 0.03888738 0.00000000
v -0.50000000 0.03890777 0.00781250
v -0.50000000 0.03886902 0.01562500
v -0.50000000 0.03869152 0.02343750
v -0.50000000 0.03854358 0.03125000
v -0.50000000 0.03842938 0.03906250
v -0.50000000 0.03837109 0.04687500
v -0.50000000 0.03850698 0.05468750
v -0.50000000 0.03861284 0.06250000
v -0.50643146 0.03906250 0.07031250
v -0.50000000 0.03857875 0.07031250
v -0.50000000 0.03906250 0.07256722
v -0.50000000 0.04327857 -0.03906250
v -0.50000000 0.04441583 -0.03125000
v -0.50000000 0.04453015 -0.02343750
v -0.50000000 0.04452074 -0.01562500
v -0.50000000 0.04450226 -0.00781250
v -0.50000000 0.04444325 0.00000000
v -0.50000000 0.04415822 0.00781250
v -0.50000000 0.04447794 0.01562500
v -0.50000000 0.04535651 0.02343750
v -0.50000000 0.04569268 0.03125000
v -0.50000000 0.04587924 0.03906250
v -0.50000000 0.04596519 0.04687500
v -0.50000000 0.04585886 0.05468750
v -0.50000000 0.04574800 0.06250000
v -0.50000000 0.04591608 0.07031250
v -0.49297869 0.03906250 -0.12500000
v -0.49218750 0.03859007 -0.12500000
v -0.49218750 0.03906250 -0.12747878
v -0.49315029 0.03906250 -0.11718750
v -0.49218750 0.03879476 -0.11718750
v -0.49818081 0.03906250 -0.10937500
v -0.49218750 0.03888595 -0.10937500
v -0.49661243 0.03906250 -0.10156250
v -0.49218750 0.03899050 -0.10156250
v -0.49218750 0.03906250 -0.09483051
v -0.49741864 0.03906250 -0.04687500
v -0.49218750 0.03901172 -0.04687500
v -0.49218750 0.03906250 -0.05324835
v -0.49218750 0.03897512 -0.03906250
v -0.49218750 0.03895164 -0.03125000
v -0.49218750 0.03893256 -0.02343750
v -0.49218750 0.03895116 -0.01562500
v -0.49218750 0.03894579 -0.00781250
v -0.49218750 0.03893983 0.00000000
v -0.49218750 0.03895760 0.00781250
v -0.49218750 0.03892422 0.01562500
v -0.49218750 0.03881824 0.02343750
v -0.49218750 0.03873503 0.03125000
v -0.49218750 0.03858697 0.03906250
v -0.49218750 0.03853023 0.04687500
v -0.49218750 0.03863931 0.05468750
v -0.49218750 0.03869724 0.06250000
v -0.49218750 0.03862739 0.07031250
v -0.49218750 0.03906250 0.07302713
v -0.49218750 0.04613566 -0.12500000
v -0.49218750 0.04560852 -0.11718750
v -0.49218750 0.04505575 -0.10937500
v -0.49218750 0.04348743 -0.10156250
v -0.49218750 0.04250073 -0.04687500
v -0.49218750 0.04344070 -0.03906250
v -0.49218750 0.04379570 -0.03125000
v -0.49218750 0.04402721 -0.02343750
v -0.49218750 0.04367113 -0.01562500
v -0.49218750 0.04370010 -0.00781250
v -0.49218750 0.04373288 0.00000000
v -0.49218750 0.04335272 0.00781250
v -0.49218750 0.04381537 0.01562500
v -0.49218750 0.04473209 0.02343750
v -0.49218750 0.04508722 0.03125000
v -0.49218750 0.04548144 0.03906250
v -0.49218750 0.04560053 0.04687500
v -0.49218750 0.04547906 0.05468750
v -0.49218750 0.04541051 0.06250000
v -0.49218750 0.04574943 0.07031250
v -0.48921239 0.03906250 -0.12500000
v -0.48437500 0.03906250 -0.11975205
v -0.48437500 0.03867114 -0.11718750
v -0.48437500 0.03864086 -0.10937500
v -0.48437500 0.03873634 -0.10156250
v -0.49182719 0.03906250 -0.09375000
v -0.48437500 0.03882468 -0.09375000
v -0.48947769 0.03906250 -0.08593750
v -0.48437500 0.03895473 -0.08593750
v -0.48577589 0.03906250 -0.07812500
v -0.48437500 0.03904939 -0.07812500
v -0.48437500 0.03906250 -0.07587892
v -0.48762071 0.03906250 -0.04687500
v -0.48555517 0.03906250 -0.03906250
v -0.48457813 0.03906250 -0.03125000
v -0.48437500 0.03906250 -0.03030044
v -0.48437500 0.03903711 -0.02343750
v -0.48486269 0.03906250 -0.01562500
v -0.48437500 0.03906250 -0.01753223
v -0.48446667 0.03906250 -0.00781250
v -0.48445582 0.03906250 0.00000000
v -0.48583162 0.03906250 0.00781250
v -0.48437500 0.03906250 0.01417279
v -0.48437500 0.03905618 0.01562500
v -0.48437500 0.03898990 0.02343750
v -0.48437500 0.03890812 0.03125000
v -0.48437500 0.03879058 0.03906250
v -0.48437500 0.03877962 0.04687500
v -0.48437500 0.03887427 0.05468750
v -0.48437500 0.03891408 0.06250000
v -0.48437500 0.03881133 0.07031250
v -0.48437500 0.03906250 0.07259691
v -0.48699528 0.04687500 -0.16406250
v -0.48437500 0.04593110 -0.16406250
v -0.48437500 0.04687500 -0.17067885
v -0.48437500 0.04687500 -0.15679586
v -0.48437500 0.04596674 -0.11718750
v -0.48437500 0.04601812 -0.10937500
v -0.48437500 0.04577899 -0.10156250
v -0.48437500 0.04541087 -0.09375000
v -0.48437500 0.04416525 -0.08593750
v -0.48437500 0.04046345 -0.07812500
v -0.48437500 0.04084921 -0.02343750
v -0.48437500 0.03953063 0.01562500
v -0.48437500 0.04231429 0.02343750
v -0.48437500 0.04369402 0.03125000
v -0.48437500 0.04462957 0.03906250
v -0.48437500 0.04478443 0.04687500
v -0.48437500 0.04426003 0.05468750
v -0.48437500 0.04404306 0.06250000
v -0.48437500 0.04511726 0.07031250
v -0.48437500 0.05414164 -0.16406250
v -0.48236781 0.03906250 -0.11718750
v -0.47776473 0.03906250 -0.10937500
v -0.47656250 0.03906250 -0.10823160
v -0.47656250 0.03859615 -0.10156250
v -0.47656250 0.03873491 -0.09375000
v -0.47656250 0.03888881 -0.08593750
v -0.47656250 0.03905213 -0.07812500
v -0.47656250 0.03906250 -0.07703477
v -0.48232061 0.03906250 -0.02343750
v -0.48390687 0.03906250 0.01562500
v -0.48112327 0.03906250 0.02343750
v -0.47906512 0.03906250 0.03125000
v -0.47738981 0.03906250 0.03906250
v -0.47773486 0.03906250 0.04687500
v -0.47897321 0.03906250 0.05468750
v -0.47939444 0.03906250 0.06250000
v -0.47656250 0.03906250 0.06660008
v -0.47656250 0.03899860 0.07031250
v -0.47656250 0.03906250 0.07115853
v -0.48334175 0.04687500 -0.17187500
v -0.47656250 0.04580462 -0.17187500
v -0.47656250 0.04687500 -0.17413169
v -0.47656250 0.04624712 -0.16406250
v -0.47656250 0.04687500 -0.15710294
v -0.47656250 0.04606211 -0.10156250
v -0.47656250 0.04571700 -0.09375000
v -0.47656250 0.04485738 -0.08593750
v -0.47656250 0.04015279 -0.07812500
v -0.47656250 0.04277492 0.07031250
v -0.47658348 0.05468750 -0.19531250
v -0.47656250 0.05467069 -0.19531250
v -0.47656250 0.05468750 -0.19533360
v -0.47656250 0.05468750 -0.19377244
v -0.47656250 0.05422223 -0.17187500
v -0.47656250 0.05383456 -0.16406250
v -0.47656250 0.05622756 -0.19531250
v -0.47353142 0.03906250 -0.10156250
v -0.46875000 0.03906250 -0.09623575
v -0.46875000 0.03868091 -0.09375000
v -0.46875000 0.03882515 -0.08593750
v -0.46875000 0.03896511 -0.07812500
v -0.46875000 0.03906250 -0.07194591
v -0.47285014 0.03906250 0.07031250
v -0.46875000 0.04572594 -0.17187500
v -0.46875000 0.04687500 -0.17559087
v -0.46875000 0.04643893 -0.16406250
v -0.46875000 0.04687500 -0.15745604
v -0.46875000 0.04581046 -0.09375000
v -0.46875000 0.04521823 -0.08593750
v -0.46875000 0.04366779 -0.07812500
v -0.47223395 0.05468750 -0.19531250
v -0.46875000 0.05424011 -0.17187500
v -0.46875000 0.05348146 -0.16406250
v -0.46694893 0.03906250 -0.09375000
v -0.46593249 0.03906250 -0.08593750
v -0.46093750 0.03906250 -0.08055168
v -0.46093750 0.03885651 -0.07812500
v -0.46659994 0.03906250 -0.07031250
v -0.46093750 0.03898907 -0.07031250
v -0.46093750 0.03906250 -0.06594056
v -0.46101332 0.04687500 -0.17968750
v -0.46093750 0.04686069 -0.17968750
v -0.46093750 0.04687500 -0.17971730
v -0.46093750 0.04604459 -0.17187500
v -0.46093750 0.04670453 -0.16406250
v -0.46093750 0.04687500 -0.15869832
v -0.46093750 0.04490614 -0.07812500
v -0.46093750 0.04296815 -0.07031250
v -0.46093750 0.04805470 -0.17968750
v -0.46093750 0.05405188 -0.17187500
v -0.46093750 0.05212188 -0.16406250
v -0.45931858 0.03906250 -0.07812500
v -0.45312500 0.03906250 -0.07060516
v -0.45312500 0.03902841 -0.07031250
v -0.45661616 0.03906250 -0.06250000
v -0.45312500 0.03901231 -0.06250000
v -0.45312500 0.03906250 -0.05710977
v -0.45312500 0.04601717 -0.17968750
v -0.45312500 0.04687500 -0.18151152
v -0.45312500 0.04642236 -0.17187500
v -0.45312500 0.04678774 -0.16406250
v -0.45312500 0.04687500 -0.16007125
v -0.45312500 0.04145694 -0.07031250
v -0.45312500 0.04209840 -0.06250000
v -0.45312500 0.05407941 -0.17968750
v -0.45312500 0.05354488 -0.17187500
v -0.45312500 0.05086625 -0.16406250
v -0.45281285 0.03906250 -0.07031250
v -0.44531250 0.03906250 -0.06346130
v -0.44531250 0.03894651 -0.06250000
v -0.44531250 0.03906250 -0.05523753
v -0.44531250 0.04642034 -0.17968750
v -0.44531250 0.04687500 -0.18078709
v -0.44531250 0.04668057 -0.17187500
v -0.44913375 0.04687500 -0.16406250
v -0.44531250 0.04687500 -0.16630220
v -0.44531250 0.04373741 -0.06250000
v -0.44531250 0.05355835 -0.17968750
v -0.44531250 0.05244780 -0.17187500
v -0.44382477 0.03906250 -0.06250000
v -0.43750000 0.03906250 -0.05550581
v -0.43750000 0.03900421 -0.05468750
v -0.44428009 0.03906250 -0.05468750
v -0.43765295 0.03906250 -0.04687500
v -0.43750000 0.03906143 -0.04687500
v -0.43750000 0.03906250 -0.04677641
v -0.43750000 0.04656613 -0.17968750
v -0.43750000 0.04687500 -0.18037200
v -0.43852288 0.04687500 -0.17187500
v -0.43750000 0.04687500 -0.17255062
v -0.43750000 0.04238784 -0.05468750
v -0.43750000 0.03916109 -0.04687500
v -0.43750000 0.05311227 -0.17968750
v -0.42968750 0.03896761 -0.05468750
v -0.42968750 0.03906250 -0.05529094
v -0.42968750 0.03903270 -0.04687500
v -0.42968750 0.03906250 -0.04478252
v -0.43258286 0.04687500 -0.17968750
v -0.42968750 0.04339468 -0.05468750
v -0.42968750 0.04115498 -0.04687500
v -0.42904353 0.03906250 -0.05468750
v -0.42929220 0.03906250 -0.04687500
v -0.42187500 0.03888488 -0.03906250
v -0.42187500 0.03906250 -0.04091084
v -0.42718929 0.03906250 -0.03906250
v -0.42342556 0.03906250 -0.03125000
v -0.42187500 0.03904021 -0.03125000
v -0.42187500 0.03906250 -0.02969944
v -0.42187500 0.04437685 -0.03906250
v -0.42187500 0.04061306 -0.03125000
v -0.42039341 0.03906250 -0.03906250
v -0.41406250 0.03906250 -0.03181398
v -0.41406250 0.03899860 -0.03125000
v -0.41406250 0.03906250 -0.02801365
v -0.41406250 0.04229879 -0.03125000
v -0.41082615 0.03906250 -0.03125000
v -0.29141134 0.03906250 -0.02343750
v -0.28906250 0.03901315 -0.02343750
v -0.28906250 0.03906250 -0.02952385
v -0.29214221 0.03906250 -0.01562500
v -0.28906250 0.03898907 -0.01562500
v -0.29241312 0.03906250 -0.00781250
v -0.28906250 0.03897810 -0.00781250
v -0.29247576 0.03906250 0.00000000
v -0.28906250 0.03897572 0.00000000
v -0.29261297 0.03906250 0.00781250
v -0.28906250 0.03896952 0.00781250
v -0.29354006 0.03906250 0.01562500
v -0.28906250 0.03891373 0.01562500
v -0.29321355 0.03906250 0.02343750
v -0.28906250 0.03893447 0.02343750
v -0.29233629 0.03906250 0.03125000
v -0.28906250 0.03898096 0.03125000
v -0.29073101 0.03906250 0.03906250
v -0.28906250 0.03903258 0.03906250
v -0.28906250 0.03906250 0.04107285
v -0.28906250 0.04141140 -0.02343750
v -0.28906250 0.04214215 -0.01562500
v -0.28906250 0.04241312 -0.00781250
v -0.28906250 0.04247582 0.00000000
v -0.28906250 0.04261303 0.00781250
v -0.28906250 0.04354000 0.01562500
v -0.28906250 0.04321361 0.02343750
v -0.28906250 0.04233623 0.03125000
v -0.28906250 0.04073107 0.03906250
v -0.28213412 0.03906250 -0.05468750
v -0.28125000 0.03904831 -0.05468750
v -0.28125000 0.03906250 -0.05627024
v -0.28453285 0.03906250 -0.04687500
v -0.28125000 0.03898096 -0.04687500
v -0.28600466 0.03906250 -0.03906250
v -0.28125000 0.03888774 -0.03906250
v -0.28871351 0.03906250 -0.03125000
v -0.28125000 0.03877592 -0.03125000
v -0.28125000 0.03888702 -0.02343750
v -0.28125000 0.03898513 -0.01562500
v -0.28125000 0.03900111 -0.00781250
v -0.28125000 0.03895533 0.00000000
v -0.28125000 0.03871632 0.00781250
v -0.28125000 0.03872275 0.01562500
v -0.28125000 0.03867328 0.02343750
v -0.28125000 0.03867900 0.03125000
v -0.28125000 0.03869796 0.03906250
v -0.28673971 0.03906250 0.04687500
v -0.28125000 0.03887272 0.04687500
v -0.28520507 0.03906250 0.05468750
v -0.28125000 0.03895903 0.05468750
v -0.28125000 0.03906250 0.06197178
v -0.28125000 0.03994668 -0.05468750
v -0.28125000 0.04234529 -0.04687500
v -0.28125000 0.04381716 -0.03906250
v -0.28125000 0.04470944 -0.03125000
v -0.28125000 0.04386342 -0.02343750
v -0.28125000 0.04228449 -0.01562500
v -0.28125000 0.04187453 -0.00781250
v -0.28125000 0.04298115 0.00000000
v -0.28125000 0.04509568 0.00781250
v -0.28125000 0.04509175 0.01562500
v -0.28125000 0.04527462 0.02343750
v -0.28125000 0.04525101 0.03125000
v -0.28125000 0.04519260 0.03906250
v -0.28125000 0.04413617 0.04687500
v -0.28125000 0.04301763 0.05468750
v -0.27739590 0.03906250 -0.07031250
v -0.27343750 0.03895080 -0.07031250
v -0.27343750 0.03906250 -0.07427090
v -0.27978402 0.03906250 -0.06250000
v -0.27343750 0.03883064 -0.06250000
v -0.27343750 0.03880930 -0.05468750
v -0.27343750 0.03874075 -0.04687500
v -0.27689946 0.03906250 -0.03906250
v -0.27343750 0.03906250 -0.04137367
v -0.27821970 0.03906250 -0.03125000
v -0.27945995 0.03906250 -0.02343750
v -0.28043264 0.03906250 -0.01562500
v -0.28063303 0.03906250 -0.00781250
v -0.28022408 0.03906250 0.00000000
v -0.27843773 0.03906250 0.00781250
v -0.27865773 0.03906250 0.01562500
v -0.27804410 0.03906250 0.02343750
v -0.27815014 0.03906250 0.03125000
v -0.27718472 0.03906250 0.03906250
v -0.27343750 0.03906250 0.04252768
v -0.27343750 0.03865337 0.04687500
v -0.27343750 0.03882849 0.05468750
v -0.28027350 0.03906250 0.06250000
v -0.27343750 0.03901112 0.06250000
v -0.27508527 0.03906250 0.07031250
v -0.27343750 0.03904164 0.07031250
v -0.27343750 0.03906250 0.07167006
v -0.27343750 0.04302084 -0.07031250
v -0.27343750 0.04441392 -0.06250000
v -0.27343750 0.04453981 -0.05468750
v -0.27343750 0.04489481 -0.04687500
v -0.27343750 0.04537654 0.04687500
v -0.27343750 0.04457855 0.05468750
v -0.27343750 0.04173672 0.06250000
v -0.27343750 0.04042006 0.07031250
v -0.26562500 0.03885269 -0.07031250
v -0.26562500 0.03906250 -0.07742053
v -0.26562500 0.03875208 -0.06250000
v -0.26562500 0.03868282 -0.05468750
v -0.26562500 0.03887248 -0.04687500
v -0.26562500 0.03906250 -0.04431248
v -0.26655692 0.03906250 0.04687500
v -0.26562500 0.03906250 0.04799271
v -0.26562500 0.03873980 0.05468750
v -0.26562500 0.03884006 0.06250000
v -0.26562500 0.03894269 0.07031250
v -0.26562500 0.03906250 0.07459986
v -0.26562500 0.04417849 -0.07031250
v -0.26562500 0.04484701 -0.06250000
v -0.26562500 0.04512751 -0.05468750
v -0.26562500 0.04393613 -0.04687500
v -0.26562500 0.04510689 0.05468750
v -0.26562500 0.04451728 0.06250000
v -0.26562500 0.04334986 0.07031250
v -0.26330340 0.03906250 -0.07812500
v -0.25781250 0.03901041 -0.07812500
v -0.25781250 0.03906250 -0.08052987
v -0.25781250 0.03883982 -0.07031250
v -0.25781250 0.03872931 -0.06250000
v -0.25781250 0.03864264 -0.05468750
v -0.25781250 0.03898752 -0.04687500
v -0.25781250 0.03906250 -0.04558504
v -0.25965202 0.03906250 0.05468750
v -0.25781250 0.03906250 0.05631924
v -0.25781250 0.03868091 0.06250000
v -0.25781250 0.03881311 0.07031250
v -0.25781250 0.03906250 0.07721066
v -0.25781250 0.04146731 -0.07812500
v -0.25781250 0.04422283 -0.07031250
v -0.25781250 0.04489768 -0.06250000
v -0.25781250 0.04521942 -0.05468750
v -0.25781250 0.04206431 -0.04687500
v -0.25781250 0.04530871 0.06250000
v -0.25781250 0.04465747 0.07031250
v -0.25000000 0.03897059 -0.07812500
v -0.25000000 0.03906250 -0.08153063
v -0.25000000 0.03886235 -0.07031250
v -0.25000000 0.03875434 -0.06250000
v -0.25000000 0.03864372 -0.05468750
v -0.25000000 0.03890669 -0.04687500
v -0.25000000 0.03906250 -0.04437602
v -0.25000000 0.03867102 0.06250000
v -0.25000000 0.03906250 0.05498981
v -0.25000000 0.03872490 0.07031250
v -0.25432563 0.03906250 0.07812500
v -0.25000000 0.03901982 0.07812500
v -0.25000000 0.03906250 0.08041584
v -0.25000000 0.04246819 -0.07812500
v -0.25000000 0.04399288 -0.07031250
v -0.25000000 0.04475355 -0.06250000
v -0.25000000 0.04518843 -0.05468750
v -0.25000000 0.04346764 -0.04687500
v -0.25000000 0.04529679 0.06250000
v -0.25000000 0.04507303 0.07031250
v -0.25000000 0.04135334 0.07812500
v -0.24218750 0.03900206 -0.07812500
v -0.24218750 0.03906250 -0.08073932
v -0.24218750 0.03888774 -0.07031250
v -0.24218750 0.03878427 -0.06250000
v -0.24218750 0.03866041 -0.05468750
v -0.24218750 0.03882039 -0.04687500
v -0.24218750 0.03906250 -0.04365891
v -0.24886274 0.03906250 0.05468750
v -0.24218750 0.03896451 0.05468750
v -0.24218750 0.03906250 0.04914892
v -0.24218750 0.03864944 0.06250000
v -0.24218750 0.03869689 0.07031250
v -0.24218750 0.03896606 0.07812500
v -0.24218750 0.03906250 0.08185887
v -0.24218750 0.04167688 -0.07812500
v -0.24218750 0.04374015 -0.07031250
v -0.24218750 0.04458952 -0.06250000
v -0.24218750 0.04512942 -0.05468750
v -0.24218750 0.04429400 -0.04687500
v -0.24218750 0.04283381 0.05468750
v -0.24218750 0.04533935 0.06250000
v -0.24218750 0.04516053 0.07031250
v -0.24218750 0.04279637 0.07812500
v -0.23437500 0.03897166 -0.07812500
v -0.23437500 0.03906250 -0.08164293
v -0.23437500 0.03884304 -0.07031250
v -0.23437500 0.03877294 -0.06250000
v -0.23437500 0.03864789 -0.05468750
v -0.23437500 0.03896892 -0.04687500
v -0.23437500 0.03906250 -0.04521263
v -0.24074376 0.03906250 0.04687500
v -0.23437500 0.03887320 0.04687500
v -0.23437500 0.03906250 0.04476368
v -0.23437500 0.03876972 0.05468750
v -0.23437500 0.03860831 0.06250000
v -0.23437500 0.03869569 0.07031250
v -0.23437500 0.03894007 0.07812500
v -0.23437500 0.03906250 0.08230686
v -0.23437500 0.04246390 -0.07812500
v -0.23437500 0.04417956 -0.07031250
v -0.23437500 0.04465795 -0.06250000
v -0.23437500 0.04517603 -0.05468750
v -0.23437500 0.04246211 -0.04687500
v -0.23437500 0.04397082 0.04687500
v -0.23437500 0.04483557 0.05468750
v -0.23437500 0.04545701 0.06250000
v -0.23437500 0.04517198 0.07031250
v -0.23437500 0.04324436 0.07812500
v -0.22656250 0.03892815 -0.07812500
v -0.22656250 0.03906250 -0.08417934
v -0.22656250 0.03881431 -0.07031250
v -0.22656250 0.03873467 -0.06250000
v -0.22656250 0.03863609 -0.05468750
v -0.22656250 0.03898907 -0.04687500
v -0.22656250 0.03906250 -0.04545021
v -0.22656250 0.03865862 0.04687500
v -0.22656250 0.03906250 0.04201782
v -0.22656250 0.03876126 0.05468750
v -0.22656250 0.03859890 0.06250000
v -0.22656250 0.03870785 0.07031250
v -0.22656250 0.03897440 0.07812500
v -0.22656250 0.03906250 0.08164585
v -0.22656250 0.04324687 -0.07812500
v -0.22656250 0.04441047 -0.07031250
v -0.22656250 0.04486024 -0.06250000
v -0.22656250 0.04521179 -0.05468750
v -0.22656250 0.04199719 -0.04687500
v -0.22656250 0.04520440 0.04687500
v -0.22656250 0.04487205 0.05468750
v -0.22656250 0.04548669 0.06250000
v -0.22656250 0.04512656 0.07031250
v -0.22656250 0.04258335 0.07812500
v -0.21875000 0.03891003 -0.07812500
v -0.21875000 0.03906250 -0.08575803
v -0.21875000 0.03880394 -0.07031250
v -0.21875000 0.03871059 -0.06250000
v -0.21875000 0.03862226 -0.05468750
v -0.21875000 0.03900778 -0.04687500
v -0.21875000 0.03906250 -0.04582125
v -0.21875000 0.03861701 0.04687500
v -0.21875000 0.03906250 0.04163420
v -0.21875000 0.03866291 0.05468750
v -0.21875000 0.03867543 0.06250000
v -0.21875000 0.03871322 0.07031250
v -0.21875000 0.03900194 0.07812500
v -0.21875000 0.03906250 0.08093250
v -0.21875000 0.04350424 -0.07812500
v -0.21875000 0.04448354 -0.07031250
v -0.21875000 0.04496288 -0.06250000
v -0.21875000 0.04525185 -0.05468750
v -0.21875000 0.04147136 -0.04687500
v -0.21875000 0.04533112 0.04687500
v -0.21875000 0.04527950 0.05468750
v -0.21875000 0.04525721 0.06250000
v -0.21875000 0.04510498 0.07031250
v -0.21875000 0.04187000 0.07812500
v -0.21644831 0.03906250 -0.08593750
v -0.21093750 0.03905380 -0.08593750
v -0.21093750 0.03906250 -0.08647710
v -0.21093750 0.03890443 -0.07812500
v -0.21093750 0.03879130 -0.07031250
v -0.21093750 0.03871477 -0.06250000
v -0.21093750 0.03869212 -0.05468750
v -0.21442801 0.03906250 -0.04687500
v -0.21093750 0.03906250 -0.04766649
v -0.21093750 0.03863323 0.04687500
v -0.21093750 0.03906250 0.04123402
v -0.21093750 0.03864408 0.05468750
v -0.21093750 0.03883159 0.06250000
v -0.21093750 0.03871810 0.07031250
v -0.21093750 0.03903604 0.07812500
v -0.21093750 0.03906250 0.07965457
v -0.21093750 0.03960204 -0.08593750
v -0.21093750 0.04358697 -0.07812500
v -0.21093750 0.04457760 -0.07031250
v -0.21093750 0.04495072 -0.06250000
v -0.21093750 0.04501212 -0.05468750
v -0.21093750 0.04528165 0.04687500
v -0.21093750 0.04533172 0.05468750
v -0.21093750 0.04447484 0.06250000
v -0.21093750 0.04508865 0.07031250
v -0.21093750 0.04059207 0.07812500
v -0.20312500 0.03905034 -0.08593750
v -0.20312500 0.03906250 -0.08667713
v -0.20312500 0.03889024 -0.07812500
v -0.20312500 0.03880489 -0.07031250
v -0.20312500 0.03870964 -0.06250000
v -0.20312500 0.03873599 -0.05468750
v -0.20312500 0.03906250 -0.04791909
v -0.20312500 0.03859377 0.04687500
v -0.20312500 0.03906250 0.04153287
v -0.20312500 0.03869581 0.05468750
v -0.20312500 0.03886282 0.06250000
v -0.20312500 0.03870749 0.07031250
v -0.20312500 0.03901064 0.07812500
v -0.20312500 0.03906250 0.08064640
v -0.20312500 0.03980219 -0.08593750
v -0.20312500 0.04376769 -0.07812500
v -0.20312500 0.04450095 -0.07031250
v -0.20312500 0.04497659 -0.06250000
v -0.20312500 0.04482007 -0.05468750
v -0.20312500 0.04539871 0.04687500
v -0.20312500 0.04515123 0.05468750
v -0.20312500 0.04422295 0.06250000
v -0.20312500 0.04512870 0.07031250
v -0.20312500 0.04158390 0.07812500
v -0.19531250 0.03900993 -0.08593750
v -0.19531250 0.03906250 -0.08838212
v -0.19531250 0.03889596 -0.07812500
v -0.19531250 0.03880358 -0.07031250
v -0.19531250 0.03871906 -0.06250000
v -0.19531250 0.03880465 -0.05468750
v -0.19531250 0.03906250 -0.04941112
v -0.19531250 0.03863096 0.04687500
v -0.19531250 0.03906250 0.04147971
v -0.19531250 0.03870761 0.05468750
v -0.19531250 0.03892183 0.06250000
v -0.19531250 0.03868306 0.07031250
v -0.19531250 0.03898108 0.07812500
v -0.19531250 0.03906250 0.08147264
v -0.19531250 0.04150712 -0.08593750
v -0.19531250 0.04371333 -0.07812500
v -0.19531250 0.04451478 -0.07031250
v -0.19531250 0.04494119 -0.06250000
v -0.19531250 0.04443526 -0.05468750
v -0.19531250 0.04527843 0.04687500
v -0.19531250 0.04509485 0.05468750
v -0.19531250 0.04355812 0.06250000
v -0.19531250 0.04521728 0.07031250
v -0.19531250 0.04241014 0.07812500
v -0.18750000 0.03900433 -0.08593750
v -0.18750000 0.03906250 -0.08860505
v -0.18750000 0.03891814 -0.07812500
v -0.18750000 0.03880453 -0.07031250
v -0.18750000 0.03872955 -0.06250000
v -0.18750000 0.03880763 -0.05468750
v -0.18750000 0.03906250 -0.05066156
v -0.18750000 0.03867710 0.04687500
v -0.18750000 0.03906250 0.04073703
v -0.18750000 0.03865981 0.05468750
v -0.18750000 0.03890157 0.06250000
v -0.18750000 0.03867519 0.07031250
v -0.18750000 0.03896880 0.07812500
v -0.18750000 0.03906250 0.08173835
v -0.18750000 0.04169393 -0.08593750
v -0.18750000 0.04344118 -0.07812500
v -0.18750000 0.04451251 -0.07031250
v -0.18750000 0.04489923 -0.06250000
v -0.18750000 0.04441786 -0.05468750
v -0.18750000 0.04511428 0.04687500
v -0.18750000 0.04525995 0.05468750
v -0.18750000 0.04380286 0.06250000
v -0.18750000 0.04523849 0.07031250
v -0.18750000 0.04267585 0.07812500
v -0.17968750 0.03899813 -0.08593750
v -0.17968750 0.03906250 -0.08956885
v -0.17968750 0.03893697 -0.07812500
v -0.17968750 0.03883004 -0.07031250
v -0.17968750 0.03875160 -0.06250000
v -0.17968750 0.03886616 -0.05468750
v -0.17968750 0.03906250 -0.05199903
v -0.17968750 0.03862441 0.04687500
v -0.17968750 0.03906250 0.04034007
v -0.17968750 0.03866529 0.05468750
v -0.17968750 0.03889644 0.06250000
v -0.17968750 0.03867364 0.07031250
v -0.17968750 0.03896892 0.07812500
v -0.17968750 0.03906250 0.08172727
v -0.17968750 0.04188251 -0.08593750
v -0.17968750 0.04317129 -0.07812500
v -0.17968750 0.04433262 -0.07031250
v -0.17968750 0.04479229 -0.06250000
v -0.17968750 0.04393864 -0.05468750
v -0.17968750 0.04528010 0.04687500
v -0.17968750 0.04523265 0.05468750
v -0.17968750 0.04384804 0.06250000
v -0.17968750 0.04523611 0.07031250
v -0.17968750 0.04266477 0.07812500
v -0.17187500 0.03902435 -0.08593750
v -0.17187500 0.03906250 -0.08914119
v -0.17187500 0.03895974 -0.07812500
v -0.17187500 0.03884733 -0.07031250
v -0.17187500 0.03875983 -0.06250000
v -0.17187500 0.03886092 -0.05468750
v -0.17187500 0.03906250 -0.04983497
v -0.17187500 0.03859973 0.04687500
v -0.17187500 0.03906250 0.04084873
v -0.17187500 0.03867137 0.05468750
v -0.17187500 0.03888965 0.06250000
v -0.17187500 0.03867793 0.07031250
v -0.17187500 0.03897321 0.07812500
v -0.17187500 0.03906250 0.08162928
v -0.17187500 0.04101801 -0.08593750
v -0.17187500 0.04277110 -0.07812500
v -0.17187500 0.04419017 -0.07031250
v -0.17187500 0.04474473 -0.06250000
v -0.17187500 0.04399323 -0.05468750
v -0.17187500 0.04534900 0.04687500
v -0.17187500 0.04521024 0.05468750
v -0.17187500 0.04392743 0.06250000
v -0.17187500 0.04521763 0.07031250
v -0.17187500 0.04256678 0.07812500
v -0.16406250 0.03902245 -0.08593750
v -0.16406250 0.03906250 -0.09008145
v -0.16406250 0.03897929 -0.07812500
v -0.16406250 0.03887367 -0.07031250
v -0.16406250 0.03878784 -0.06250000
v -0.16406250 0.03880489 -0.05468750
v -0.16617227 0.03906250 -0.04687500
v -0.16406250 0.03901482 -0.04687500
v -0.16406250 0.03906250 -0.04597348
v -0.16406250 0.03857100 0.04687500
v -0.16406250 0.03906250 0.04069638
v -0.16406250 0.03870714 0.05468750
v -0.16406250 0.03888369 0.06250000
v -0.16406250 0.03867877 0.07031250
v -0.16406250 0.03898239 0.07812500
v -0.16406250 0.03906250 0.08140481
v -0.16406250 0.04109454 -0.08593750
v -0.16406250 0.04236472 -0.07812500
v -0.16406250 0.04394901 -0.07031250
v -0.16406250 0.04458630 -0.06250000
v -0.16406250 0.04443371 -0.05468750
v -0.16406250 0.04123878 -0.04687500
v -0.16406250 0.04542422 0.04687500
v -0.16406250 0.04506910 0.05468750
v -0.16406250 0.04398692 0.06250000
v -0.16406250 0.04521012 0.07031250
v -0.16406250 0.04234231 0.07812500
v -0.15625000 0.03902316 -0.08593750
v -0.15625000 0.03906250 -0.09084427
v -0.15625000 0.03899610 -0.07812500
v -0.15625000 0.03890431 -0.07031250
v -0.15625000 0.03880358 -0.06250000
v -0.15625000 0.03875017 -0.05468750
v -0.15625000 0.03885877 -0.04687500
v -0.15625000 0.03906250 -0.04308546
v -0.15625000 0.03852832 0.04687500
v -0.15625000 0.03906250 0.04069328
v -0.15625000 0.03869176 0.05468750
v -0.15625000 0.03889275 0.06250000
v -0.15625000 0.03868282 0.07031250
v -0.15625000 0.03898251 0.07812500
v -0.15625000 0.03906250 0.08139038
v -0.15625000 0.04105842 -0.08593750
v -0.15625000 0.04194915 -0.07812500
v -0.15625000 0.04361033 -0.07031250
v -0.15625000 0.04448283 -0.06250000
v -0.15625000 0.04475117 -0.05468750
v -0.15625000 0.04396880 -0.04687500
v -0.15625000 0.04552317 0.04687500
v -0.15625000 0.04512894 0.05468750
v -0.15625000 0.04387772 0.06250000
v -0.15625000 0.04518986 0.07031250
v -0.15625000 0.04232788 0.07812500
v -0.14843750 0.03901696 -0.08593750
v -0.14843750 0.03906250 -0.09335905
v -0.14843750 0.03899598 -0.07812500
v -0.14843750 0.03891826 -0.07031250
v -0.14843750 0.03885448 -0.06250000
v -0.14843750 0.03881192 -0.05468750
v -0.14843750 0.03875208 -0.04687500
v -0.14843750 0.03906250 -0.04043412
v -0.14843750 0.03846800 0.04687500
v -0.14843750 0.03906250 0.04068112
v -0.14843750 0.03868628 0.05468750
v -0.14843750 0.03893757 0.06250000
v -0.14843750 0.03869390 0.07031250
v -0.14843750 0.03898871 0.07812500
v -0.14843750 0.03906250 0.08122849
v -0.14843750 0.04127502 -0.08593750
v -0.14843750 0.04194605 -0.07812500
v -0.14843750 0.04343593 -0.07031250
v -0.14843750 0.04408824 -0.06250000
v -0.14843750 0.04437757 -0.05468750
v -0.14843750 0.04470551 -0.04687500
v -0.14843750 0.04564750 0.04687500
v -0.14843750 0.04514897 0.05468750
v -0.14843750 0.04328191 0.06250000
v -0.14843750 0.04514635 0.07031250
v -0.14843750 0.04216599 0.07812500
v -0.14589596 0.03906250 -0.09375000
v -0.14062500 0.03905749 -0.09375000
v -0.14062500 0.03906250 -0.09407324
v -0.14062500 0.03899693 -0.08593750
v -0.14062500 0.03899705 -0.07812500
v -0.14062500 0.03894043 -0.07031250
v -0.14062500 0.03892100 -0.06250000
v -0.14062500 0.03887475 -0.05468750
v -0.14062500 0.03880215 -0.04687500
v -0.14480561 0.03906250 -0.03906250
v -0.14062500 0.03898394 -0.03906250
v -0.14062500 0.03906250 -0.03755194
v -0.14062500 0.03848314 0.04687500
v -0.14062500 0.03906250 0.04036748
v -0.14062500 0.03871953 0.05468750
v -0.14062500 0.03888357 0.06250000
v -0.14062500 0.03868866 0.07031250
v -0.14062500 0.03899956 0.07812500
v -0.14062500 0.03906250 0.08092582
v -0.14062500 0.03938580 -0.09375000
v -0.14062500 0.04189777 -0.08593750
v -0.14062500 0.04190290 -0.07812500
v -0.14062500 0.04309392 -0.07031250
v -0.14062500 0.04334617 -0.06250000
v -0.14062500 0.04384875 -0.05468750
v -0.14062500 0.04440951 -0.04687500
v -0.14062500 0.04210436 -0.03906250
v -0.14062500 0.04562140 0.04687500
v -0.14062500 0.04500914 0.05468750
v -0.14062500 0.04396832 0.06250000
v -0.14062500 0.04516101 0.07031250
v -0.14062500 0.04186332 0.07812500
v -0.13281250 0.03904939 -0.09375000
v -0.13281250 0.03906250 -0.09455222
v -0.13281250 0.03896368 -0.08593750
v -0.13281250 0.03900087 -0.07812500
v -0.13281250 0.03898275 -0.07031250
v -0.13281250 0.03896725 -0.06250000
v -0.13281250 0.03892875 -0.05468750
v -0.13281250 0.03885651 -0.04687500
v -0.13281250 0.03885627 -0.03906250
v -0.13281250 0.03906250 -0.03445172
v -0.13281250 0.03850138 0.04687500
v -0.13281250 0.03906250 0.04014444
v -0.13281250 0.03876328 0.05468750
v -0.13281250 0.03883719 0.06250000
v -0.13281250 0.03871107 0.07031250
v -0.13281250 0.03901780 0.07812500
v -0.13281250 0.03906250 0.08033562
v -0.13281250 0.03986466 -0.09375000
v -0.13281250 0.04267478 -0.08593750
v -0.13281250 0.04178715 -0.07812500
v -0.13281250 0.04224277 -0.07031250
v -0.13281250 0.04255188 -0.06250000
v -0.13281250 0.04318035 -0.05468750
v -0.13281250 0.04398727 -0.04687500
v -0.13281250 0.04397953 -0.03906250
v -0.13281250 0.04558229 0.04687500
v -0.13281250 0.04480028 0.05468750
v -0.13281250 0.04437923 0.06250000
v -0.13281250 0.04506469 0.07031250
v -0.13281250 0.04127312 0.07812500
v -0.12500000 0.03905404 -0.09375000
v -0.12500000 0.03906250 -0.09428251
v -0.12500000 0.03894567 -0.08593750
v -0.12500000 0.03903019 -0.07812500
v -0.12500000 0.03904009 -0.07031250
v -0.12500000 0.03901362 -0.06250000
v -0.12500000 0.03898394 -0.05468750
v -0.12500000 0.03890872 -0.04687500
v -0.12500000 0.03881752 -0.03906250
v -0.12600225 0.03906250 -0.03125000
v -0.12500000 0.03904080 -0.03125000
v -0.12500000 0.03906250 -0.03093666
v -0.12500000 0.03851140 0.04687500
v -0.12500000 0.03906250 0.03945196
v -0.12500000 0.03871036 0.05468750
v -0.12500000 0.03882027 0.06250000
v -0.12500000 0.03873754 0.07031250
v -0.12500000 0.03903222 0.07812500
v -0.12500000 0.03906250 0.07976782
v -0.12500000 0.03959501 -0.09375000
v -0.12500000 0.04300809 -0.08593750
v -0.12500000 0.04076123 -0.07812500
v -0.12500000 0.04030967 -0.07031250
v -0.12500000 0.04132593 -0.06250000
v -0.12500000 0.04212904 -0.05468750
v -0.12500000 0.04342103 -0.04687500
v -0.12500000 0.04428315 -0.03906250
v -0.12500000 0.04021776 -0.03125000
v -0.12500000 0.04555655 0.04687500
v -0.12500000 0.04504597 0.05468750
v -0.12500000 0.04449797 0.06250000
v -0.12500000 0.04494917 0.07031250
v -0.12500000 0.04070532 0.07812500
v -0.11958885 0.03906250 -0.09375000
v -0.11718750 0.03906250 -0.09349918
v -0.11718750 0.03895068 -0.08593750
v -0.12036073 0.03906250 -0.07812500
v -0.11718750 0.03906250 -0.07939547
v -0.12253010 0.03906250 -0.07031250
v -0.11898947 0.03906250 -0.06250000
v -0.11718750 0.03906250 -0.05967087
v -0.11718750 0.03903580 -0.05468750
v -0.11718750 0.03895688 -0.04687500
v -0.11718750 0.03886330 -0.03906250
v -0.11718750 0.03887916 -0.03125000
v -0.11718750 0.03906250 -0.02836734
v -0.12267739 0.03906250 0.03906250
v -0.11718750 0.03898728 0.03906250
v -0.11718750 0.03906250 0.03821087
v -0.11718750 0.03854251 0.04687500
v -0.11718750 0.03869915 0.05468750
v -0.11718750 0.03873050 0.06250000
v -0.11718750 0.03877056 0.07031250
v -0.12016660 0.03906250 0.07812500
v -0.11718750 0.03906250 0.07768047
v -0.11718750 0.04292643 -0.08593750
v -0.11718750 0.04044700 -0.05468750
v -0.11718750 0.04264963 -0.04687500
v -0.11718750 0.04388189 -0.03906250
v -0.11718750 0.04372835 -0.03125000
v -0.11718750 0.04202485 0.03906250
v -0.11718750 0.04548430 0.04687500
v -0.11718750 0.04508543 0.05468750
v -0.11718750 0.04500246 0.06250000
v -0.11718750 0.04477489 0.07031250
v -0.10937500 0.03901672 -0.08593750
v -0.10937500 0.03906250 -0.08985573
v -0.10937500 0.03906250 -0.08260137
v -0.11271566 0.03906250 -0.05468750
v -0.10937500 0.03906250 -0.05230153
v -0.10937500 0.03901601 -0.04687500
v -0.10937500 0.03890860 -0.03906250
v -0.10937500 0.03883410 -0.03125000
v -0.10937500 0.03906250 -0.02552950
v -0.10937500 0.03886604 0.03906250
v -0.10937500 0.03906250 0.03666556
v -0.10937500 0.03857386 0.04687500
v -0.10937500 0.03861117 0.05468750
v -0.10937500 0.03867042 0.06250000
v -0.10937500 0.03879404 0.07031250
v -0.10937500 0.03906250 0.07670116
v -0.10937500 0.04127324 -0.08593750
v -0.10937500 0.04115558 -0.04687500
v -0.10937500 0.04336607 -0.03906250
v -0.10937500 0.04412043 -0.03125000
v -0.10937500 0.04387522 0.03906250
v -0.10937500 0.04539227 0.04687500
v -0.10937500 0.04537535 0.05468750
v -0.10937500 0.04522657 0.06250000
v -0.10937500 0.04462767 0.07031250
v -0.10286289 0.03906250 -0.08593750
v -0.10217708 0.03906250 -0.04687500
v -0.10156250 0.03906250 -0.04656374
v -0.10156250 0.03896582 -0.03906250
v -0.10156250 0.03889072 -0.03125000
v -0.10618114 0.03906250 -0.02343750
v -0.10156250 0.03893888 -0.02343750
v -0.10156250 0.03906250 -0.02169079
v -0.10156250 0.03872180 0.03906250
v -0.10156250 0.03906250 0.03539932
v -0.10156250 0.03860641 0.04687500
v -0.10156250 0.03863788 0.05468750
v -0.10156250 0.03869295 0.06250000
v -0.10156250 0.03883100 0.07031250
v -0.10156250 0.03906250 0.07561767
v -0.10156250 0.04241848 -0.03906250
v -0.10156250 0.04356229 -0.03125000
v -0.10156250 0.04291141 -0.02343750
v -0.10156250 0.04482555 0.03906250
v -0.10156250 0.04529011 0.04687500
v -0.10156250 0.04528785 0.05468750
v -0.10156250 0.04514074 0.06250000
v -0.10156250 0.04436767 0.07031250
v -0.09375000 0.03902447 -0.03906250
v -0.09375000 0.03906250 -0.04239017
v -0.09375000 0.03894329 -0.03125000
v -0.09375000 0.03880453 -0.02343750
v -0.09375000 0.03906250 -0.01939654
v -0.09375000 0.03862417 0.03906250
v -0.09375000 0.03906250 0.03442788
v -0.09375000 0.03864825 0.04687500
v -0.09375000 0.03867316 0.05468750
v -0.09375000 0.03872418 0.06250000
v -0.09375000 0.03887403 0.07031250
v -0.09375000 0.03906250 0.07523370
v -0.09375000 0.04081726 -0.03906250
v -0.09375000 0.04281187 -0.03125000
v -0.09375000 0.04431021 -0.02343750
v -0.09375000 0.04518771 0.03906250
v -0.09375000 0.04515135 0.04687500
v -0.09375000 0.04515851 0.05468750
v -0.09375000 0.04500175 0.06250000
v -0.09375000 0.04398370 0.07031250
v -0.08820206 0.03906250 -0.03906250
v -0.08593750 0.03906250 -0.03754210
v -0.08593750 0.03899777 -0.03125000
v -0.08593750 0.03883743 -0.02343750
v -0.08593750 0.03906250 -0.01601624
v -0.08593750 0.03854799 0.03906250
v -0.08593750 0.03906250 0.03285682
v -0.08593750 0.03869390 0.04687500
v -0.08593750 0.03871453 0.05468750
v -0.08593750 0.03876340 0.06250000
v -0.08593750 0.03890717 0.07031250
v -0.08593750 0.03906250 0.07485020
v -0.08593750 0.04162931 -0.03125000
v -0.08593750 0.04403770 -0.02343750
v -0.08593750 0.04539216 0.03906250
v -0.08593750 0.04496324 0.04687500
v -0.08593750 0.04498827 0.05468750
v -0.08593750 0.04480374 0.06250000
v -0.08593750 0.04360020 0.07031250
v -0.07812500 0.03902793 -0.03125000
v -0.07812500 0.03906250 -0.03457457
v -0.07812500 0.03886664 -0.02343750
v -0.08534467 0.03906250 -0.01562500
v -0.07812500 0.03891492 -0.01562500
v -0.08151954 0.03906250 -0.00781250
v -0.07812500 0.03895462 -0.00781250
v -0.07812500 0.03906250 -0.00184923
v -0.07903516 0.03906250 0.00781250
v -0.07812500 0.03904033 0.00781250
v -0.07812500 0.03906250 0.00473082
v -0.07812500 0.03906250 0.01470363
v -0.07903463 0.03906250 0.03125000
v -0.07812500 0.03904307 0.03125000
v -0.07812500 0.03906250 0.03064644
v -0.07812500 0.03858709 0.03906250
v -0.07812500 0.03874266 0.04687500
v -0.07812500 0.03874910 0.05468750
v -0.07812500 0.03879738 0.06250000
v -0.07812500 0.03897321 0.07031250
v -0.07812500 0.03906250 0.07374620
v -0.07812500 0.04066038 -0.03125000
v -0.07812500 0.04374909 -0.02343750
v -0.07812500 0.04319978 -0.01562500
v -0.07812500 0.04256308 -0.00781250
v -0.07812500 0.04016328 0.00781250
v -0.07812500 0.04005563 0.03125000
v -0.07812500 0.04527521 0.03906250
v -0.07812500 0.04472876 0.04687500
v -0.07812500 0.04481220 0.05468750
v -0.07812500 0.04459882 0.06250000
v -0.07812500 0.04249620 0.07031250
v -0.07031250 0.03906119 -0.03125000
v -0.07031250 0.03906250 -0.03136182
v -0.07031250 0.03889728 -0.02343750
v -0.07031250 0.03875363 -0.01562500
v -0.07031250 0.03880954 -0.00781250
v -0.07657129 0.03906250 0.00000000
v -0.07031250 0.03892612 0.00000000
v -0.07031250 0.03887749 0.00781250
v -0.07801938 0.03906250 0.01562500
v -0.07031250 0.03885031 0.01562500
v -0.07031250 0.03906250 0.02313387
v -0.07031250 0.03889251 0.03125000
v -0.07031250 0.03906250 0.02381253
v -0.07031250 0.03861952 0.03906250
v -0.07031250 0.03877330 0.04687500
v -0.07031250 0.03878391 0.05468750
v -0.07031250 0.03883314 0.06250000
v -0.07031250 0.03903556 0.07031250
v -0.07031250 0.03906250 0.07179570
v -0.07031250 0.03913546 -0.03125000
v -0.07031250 0.04339314 -0.02343750
v -0.07031250 0.04456568 -0.01562500
v -0.07031250 0.04420388 -0.00781250
v -0.07031250 0.04299629 0.00000000
v -0.07031250 0.04358959 0.00781250
v -0.07031250 0.04387069 0.01562500
v -0.07031250 0.04345334 0.03125000
v -0.07031250 0.04516542 0.03906250
v -0.07031250 0.04454851 0.04687500
v -0.07031250 0.04460633 0.05468750
v -0.07031250 0.04433477 0.06250000
v -0.07031250 0.04054570 0.07031250
v -0.06998992 0.03906250 -0.03125000
v -0.06250000 0.03906250 -0.02983570
v -0.06250000 0.03892887 -0.02343750
v -0.06250000 0.03877926 -0.01562500
v -0.06250000 0.03869271 -0.00781250
v -0.06250000 0.03871799 0.00000000
v -0.06250000 0.03868091 0.00781250
v -0.06250000 0.03866303 0.01562500
v -0.06992930 0.03906250 0.02343750
v -0.06250000 0.03889394 0.02343750
v -0.06250000 0.03868902 0.03125000
v -0.06250000 0.03865039 0.03906250
v -0.06250000 0.03880465 0.04687500
v -0.06250000 0.03880692 0.05468750
v -0.06250000 0.03887498 0.06250000
v -0.06675923 0.03906250 0.07031250
v -0.06250000 0.03906250 0.06919205
v -0.06250000 0.04295111 -0.02343750
v -0.06250000 0.04439712 -0.01562500
v -0.06250000 0.04483783 -0.00781250
v -0.06250000 0.04470825 0.00000000
v -0.06250000 0.04486394 0.00781250
v -0.06250000 0.04494619 0.01562500
v -0.06250000 0.04340982 0.02343750
v -0.06250000 0.04485059 0.03125000
v -0.06250000 0.04504347 0.03906250
v -0.06250000 0.04433286 0.04687500
v -0.06250000 0.04444301 0.05468750
v -0.06250000 0.04395747 0.06250000
v -0.05468750 0.03895402 -0.02343750
v -0.05468750 0.03906250 -0.02889317
v -0.05468750 0.03881097 -0.01562500
v -0.05468750 0.03871870 -0.00781250
v -0.05468750 0.03861010 0.00000000
v -0.05468750 0.03854966 0.00781250
v -0.05468750 0.03853083 0.01562500
v -0.05468750 0.03871441 0.02343750
v -0.05468750 0.03852797 0.03125000
v -0.05468750 0.03866529 0.03906250
v -0.05468750 0.03883541 0.04687500
v -0.05468750 0.03882957 0.05468750
v -0.05468750 0.03890038 0.06250000
v -0.05468750 0.03906250 0.06777096
v -0.05468750 0.04250896 -0.02343750
v -0.05468750 0.04416382 -0.01562500
v -0.05468750 0.04470587 -0.00781250
v -0.05468750 0.04511535 0.00000000
v -0.05468750 0.04528487 0.00781250
v -0.05468750 0.04534173 0.01562500
v -0.05468750 0.04472053 0.02343750
v -0.05468750 0.04535484 0.03125000
v -0.05468750 0.04497683 0.03906250
v -0.05468750 0.04408157 0.04687500
v -0.05468750 0.04426897 0.05468750
v -0.05468750 0.04366779 0.06250000
v -0.04687500 0.03898847 -0.02343750
v -0.04687500 0.03906250 -0.02726769
v -0.04687500 0.03884149 -0.01562500
v -0.04687500 0.03874481 -0.00781250
v -0.04687500 0.03864002 0.00000000
v -0.04687500 0.03857803 0.00781250
v -0.04687500 0.03854823 0.01562500
v -0.04687500 0.03850842 0.02343750
v -0.04687500 0.03852630 0.03125000
v -0.04687500 0.03868914 0.03906250
v -0.04687500 0.03886878 0.04687500
v -0.04687500 0.03885305 0.05468750
v -0.04687500 0.03892612 0.06250000
v -0.04687500 0.03906250 0.06674957
v -0.04687500 0.04176402 -0.02343750
v -0.04687500 0.04389238 -0.01562500
v -0.04687500 0.04456031 -0.00781250
v -0.04687500 0.04499948 0.00000000
v -0.04687500 0.04519117 0.00781250
v -0.04687500 0.04528511 0.01562500
v -0.04687500 0.04538894 0.02343750
v -0.04687500 0.04534590 0.03125000
v -0.04687500 0.04487050 0.03906250
v -0.04687500 0.04377389 0.04687500
v -0.04687500 0.04406738 0.05468750
v -0.04687500 0.04331207 0.06250000
v -0.03906250 0.03902805 -0.02343750
v -0.03906250 0.03906250 -0.02522880
v -0.03906250 0.03887653 -0.01562500
v -0.03906250 0.03877842 -0.00781250
v -0.03906250 0.03867650 0.00000000
v -0.03906250 0.03859782 0.00781250
v -0.03906250 0.03857636 0.01562500
v -0.03906250 0.03852963 0.02343750
v -0.03906250 0.03855622 0.03125000
v -0.03906250 0.03872216 0.03906250
v -0.03906250 0.03889108 0.04687500
v -0.03906250 0.03888428 0.05468750
v -0.03906250 0.03895640 0.06250000
v -0.03906250 0.03906250 0.06623816
v -0.03906250 0.04057467 -0.02343750
v -0.03906250 0.04353690 -0.01562500
v -0.03906250 0.04433644 -0.00781250
v -0.03906250 0.04485190 0.00000000
v -0.03906250 0.04512393 0.00781250
v -0.03906250 0.04519165 0.01562500
v -0.03906250 0.04532325 0.02343750
v -0.03906250 0.04525840 0.03125000
v -0.03906250 0.04471147 0.03906250
v -0.03906250 0.04352987 0.04687500
v -0.03906250 0.04374993 0.05468750
v -0.03906250 0.04280066 0.06250000
v -0.03307825 0.03906250 -0.02343750
v -0.03125000 0.03906250 -0.02293980
v -0.03125000 0.03890979 -0.01562500
v -0.03125000 0.03881705 -0.00781250
v -0.03125000 0.03871763 0.00000000
v -0.03125000 0.03863358 0.00781250
v -0.03125000 0.03860617 0.01562500
v -0.03125000 0.03855264 0.02343750
v -0.03125000 0.03858256 0.03125000
v -0.03125000 0.03873646 0.03906250
v -0.03125000 0.03892374 0.04687500
v -0.03125000 0.03890586 0.05468750
v -0.03125000 0.03900087 0.06250000
v -0.03125000 0.03906250 0.06519663
v -0.03125000 0.04311502 -0.01562500
v -0.03125000 0.04405320 -0.00781250
v -0.03125000 0.04464746 0.00000000
v -0.03125000 0.04499114 0.00781250
v -0.03125000 0.04509389 0.01562500
v -0.03125000 0.04525065 0.02343750
v -0.03125000 0.04516912 0.03125000
v -0.03125000 0.04462934 0.03906250
v -0.03125000 0.04309916 0.04687500
v -0.03125000 0.04348338 0.05468750
v -0.03125000 0.04175913 0.06250000
v -0.02343750 0.03894711 -0.01562500
v -0.02343750 0.03906250 -0.02168536
v -0.02343750 0.03884900 -0.00781250
v -0.02343750 0.03875077 0.00000000
v -0.02343750 0.03867090 0.00781250
v -0.02343750 0.03862131 0.01562500
v -0.02343750 0.03858387 0.02343750
v -0.02343750 0.03860152 0.03125000
v -0.02343750 0.03874886 0.03906250
v -0.02343750 0.03894329 0.04687500
v -0.02343750 0.03893459 0.05468750
v -0.02343750 0.03903627 0.06250000
v -0.02343750 0.03906250 0.06391490
v -0.02343750 0.04252553 -0.01562500
v -0.02343750 0.04376245 -0.00781250
v -0.02343750 0.04445076 0.00000000
v -0.02343750 0.04483831 0.00781250
v -0.02343750 0.04502845 0.01562500
v -0.02343750 0.04515183 0.02343750
v -0.02343750 0.04510236 0.03125000
v -0.02343750 0.04455101 0.03906250
v -0.02343750 0.04278874 0.04687500
v -0.02343750 0.04307139 0.05468750
v -0.02343750 0.04047740 0.06250000
v -0.01562500 0.03898931 -0.01562500
v -0.01562500 0.03906250 -0.01970649
v -0.01562500 0.03888488 -0.00781250
v -0.01562500 0.03878045 0.00000000
v -0.01562500 0.03870535 0.00781250
v -0.01562500 0.03865075 0.01562500
v -0.01562500 0.03859890 0.02343750
v -0.01562500 0.03861165 0.03125000
v -0.01562500 0.03877759 0.03906250
v -0.01562500 0.03896642 0.04687500
v -0.01562500 0.03896248 0.05468750
v -0.01961327 0.03906250 0.06250000
v -0.01562500 0.03906250 0.06077969
v -0.01562500 0.04165602 -0.01562500
v -0.01562500 0.04337835 -0.00781250
v -0.01562500 0.04425800 0.00000000
v -0.01562500 0.04466712 0.00781250
v -0.01562500 0.04491270 0.01562500
v -0.01562500 0.04509735 0.02343750
v -0.01562500 0.04506063 0.03125000
v -0.01562500 0.04438221 0.03906250
v -0.01562500 0.04235971 0.04687500
v -0.01562500 0.04257488 0.05468750
v -0.00781250 0.03902256 -0.01562500
v -0.00781250 0.03906250 -0.01787496
v -0.00781250 0.03891408 -0.00781250
v -0.00781250 0.03881180 0.00000000
v -0.00781250 0.03872228 0.00781250
v -0.00781250 0.03866494 0.01562500
v -0.00781250 0.03860211 0.02343750
v -0.00781250 0.03861868 0.03125000
v -0.00781250 0.03878868 0.03906250
v -0.00781250 0.03897631 0.04687500
v -0.00781250 0.03899908 0.05468750
v -0.00781250 0.03906250 0.05860305
v -0.00781250 0.04071009 -0.01562500
v -0.00781250 0.04300702 -0.00781250
v -0.00781250 0.04403019 0.00000000
v -0.00781250 0.04457402 0.00781250
v -0.00781250 0.04485381 0.01562500
v -0.00781250 0.04509521 0.02343750
v -0.00781250 0.04504359 0.03125000
v -0.00781250 0.04430544 0.03906250
v -0.00781250 0.04215240 0.04687500
v -0.00781250 0.04171407 0.05468750
v 0.00000000 0.03901744 -0.01562500
v 0.00000000 0.03906250 -0.01809156
v 0.00000000 0.03891385 -0.00781250
v 0.00000000 0.03882444 0.00000000
v 0.00000000 0.03872335 0.00781250
v 0.00000000 0.03865051 0.01562500
v 0.00000000 0.03858936 0.02343750
v 0.00000000 0.03860593 0.03125000
v 0.00000000 0.03877318 0.03906250
v 0.00000000 0.03895736 0.04687500
v 0.00000000 0.03901136 0.05468750
v 0.00000000 0.03906250 0.05812216
v 0.00000000 0.04086852 -0.01562500
v 0.00000000 0.04300845 -0.00781250
v 0.00000000 0.04393363 0.00000000
v 0.00000000 0.04457104 0.00781250
v 0.00000000 0.04491830 0.01562500
v 0.00000000 0.04513979 0.02343750
v 0.00000000 0.04508972 0.03125000
v 0.00000000 0.04441953 0.03906250
v 0.00000000 0.04254770 0.04687500
v 0.00000000 0.04135430 0.05468750
v 0.00781250 0.03901064 -0.01562500
v 0.00781250 0.03906250 -0.01842183
v 0.00781250 0.03889978 -0.00781250
v 0.00781250 0.03880250 0.00000000
v 0.00781250 0.03871059 0.00781250
v 0.00781250 0.03862882 0.01562500
v 0.00781250 0.03856885 0.02343750
v 0.00781250 0.03858066 0.03125000
v 0.00781250 0.03875375 0.03906250
v 0.00781250 0.03893101 0.04687500
v 0.00781250 0.03901374 0.05468750
v 0.00781250 0.03906250 0.05792487
v 0.00781250 0.04107904 -0.01562500
v 0.00781250 0.04318738 -0.00781250
v 0.00781250 0.04410195 0.00000000
v 0.00781250 0.04463995 0.00781250
v 0.00781250 0.04499841 0.01562500
v 0.00781250 0.04520762 0.02343750
v 0.00781250 0.04517961 0.03125000
v 0.00781250 0.04454339 0.03906250
v 0.00781250 0.04299939 0.04687500
v 0.00781250 0.04128158 0.05468750
v 0.01562500 0.03900576 -0.01562500
v 0.01562500 0.03906250 -0.01889926
v 0.01562500 0.03888857 -0.00781250
v 0.01562500 0.03878999 0.00000000
v 0.01562500 0.03868723 0.00781250
v 0.01562500 0.03861320 0.01562500
v 0.01562500 0.03855658 0.02343750
v 0.01562500 0.03856909 0.03125000
v 0.01562500 0.03873587 0.03906250
v 0.01562500 0.03891146 0.04687500
v 0.01562500 0.03901494 0.05468750
v 0.01562500 0.03906250 0.05783105
v 0.01562500 0.04122019 -0.01562500
v 0.01562500 0.04332018 -0.00781250
v 0.01562500 0.04419005 0.00000000
v 0.01562500 0.04475272 0.00781250
v 0.01562500 0.04505992 0.01562500
v 0.01562500 0.04524994 0.02343750
v 0.01562500 0.04521871 0.03125000
v 0.01562500 0.04464793 0.03906250
v 0.01562500 0.04328048 0.04687500
v 0.01562500 0.04125142 0.05468750
v 0.02343750 0.03899837 -0.01562500
v 0.02343750 0.03906250 -0.01930165
v 0.02343750 0.03887701 -0.00781250
v 0.02343750 0.03877962 0.00000000
v 0.02343750 0.03867280 0.00781250
v 0.02343750 0.03859496 0.01562500
v 0.02343750 0.03853977 0.02343750
v 0.02343750 0.03854799 0.03125000
v 0.02343750 0.03870666 0.03906250
v 0.02343750 0.03889346 0.04687500
v 0.02343750 0.03902280 0.05468750
v 0.02343750 0.03906250 0.05748487
v 0.02343750 0.04141736 -0.01562500
v 0.02343750 0.04344606 -0.00781250
v 0.02343750 0.04426372 0.00000000
v 0.02343750 0.04481971 0.00781250
v 0.02343750 0.04512715 0.01562500
v 0.02343750 0.04529715 0.02343750
v 0.02343750 0.04527831 0.03125000
v 0.02343750 0.04479086 0.03906250
v 0.02343750 0.04350817 0.04687500
v 0.02343750 0.04097557 0.05468750
v 0.03125000 0.03896749 -0.01562500
v 0.03125000 0.03906250 -0.02092713
v 0.03125000 0.03885162 -0.00781250
v 0.03125000 0.03875661 0.00000000
v 0.03125000 0.03865755 0.00781250
v 0.03125000 0.03857470 0.01562500
v 0.03125000 0.03851867 0.02343750
v 0.03125000 0.03853548 0.03125000
v 0.03125000 0.03867853 0.03906250
v 0.03125000 0.03887129 0.04687500
v 0.03125000 0.03900552 0.05468750
v 0.03125000 0.03906250 0.05833077
v 0.03125000 0.04212523 -0.01562500
v 0.03125000 0.04370415 -0.00781250
v 0.03125000 0.04440987 0.00000000
v 0.03125000 0.04488862 0.00781250
v 0.03125000 0.04519928 0.01562500
v 0.03125000 0.04535627 0.02343750
v 0.03125000 0.04531574 0.03125000
v 0.03125000 0.04491973 0.03906250
v 0.03125000 0.04375172 0.04687500
v 0.03125000 0.04155147 0.05468750
v 0.03906250 0.03893542 -0.01562500
v 0.03906250 0.03906250 -0.02226883
v 0.03906250 0.03882706 -0.00781250
v 0.03906250 0.03875017 0.00000000
v 0.03906250 0.03864753 0.00781250
v 0.03906250 0.03856587 0.01562500
v 0.03906250 0.03851211 0.02343750
v 0.03906250 0.03852642 0.03125000
v 0.03906250 0.03866804 0.03906250
v 0.03906250 0.03885543 0.04687500
v 0.03906250 0.03899658 0.05468750
v 0.03906250 0.03906250 0.05875182
v 0.03906250 0.04270172 -0.01562500
v 0.03906250 0.04393113 -0.00781250
v 0.03906250 0.04445672 0.00000000
v 0.03906250 0.04493296 0.00781250
v 0.03906250 0.04522681 0.01562500
v 0.03906250 0.04537463 0.02343750
v 0.03906250 0.04534578 0.03125000
v 0.03906250 0.04496562 0.03906250
v 0.03906250 0.04391062 0.04687500
v 0.03906250 0.04181695 0.05468750
v 0.04602993 0.03906250 -0.02343750
v 0.04687500 0.03905976 -0.02343750
v 0.04687500 0.03906250 -0.02358019
v 0.04687500 0.03891528 -0.01562500
v 0.04687500 0.03879511 -0.00781250
v 0.04687500 0.03873622 0.00000000
v 0.04687500 0.03863847 0.00781250
v 0.04687500 0.03854489 0.01562500
v 0.04687500 0.03849816 0.02343750
v 0.04687500 0.03851354 0.03125000
v 0.04687500 0.03864574 0.03906250
v 0.04687500 0.03883767 0.04687500
v 0.04687500 0.03898335 0.05468750
v 0.04687500 0.03906250 0.05941367
v 0.04687500 0.03920519 -0.02343750
v 0.04687500 0.04301226 -0.01562500
v 0.04687500 0.04419601 -0.00781250
v 0.04687500 0.04455030 0.00000000
v 0.04687500 0.04498184 0.00781250
v 0.04687500 0.04529357 0.01562500
v 0.04687500 0.04541755 0.02343750
v 0.04687500 0.04538262 0.03125000
v 0.04687500 0.04505849 0.03906250
v 0.04687500 0.04407895 0.04687500
v 0.04687500 0.04216373 0.05468750
v 0.05468750 0.03904331 -0.02343750
v 0.05468750 0.03906250 -0.02434492
v 0.05468750 0.03889990 -0.01562500
v 0.05468750 0.03877997 -0.00781250
v 0.05468750 0.03871405 0.00000000
v 0.05468750 0.03862369 0.00781250
v 0.05468750 0.03853798 0.01562500
v 0.05468750 0.03862751 0.02343750
v 0.05468750 0.03855729 0.03125000
v 0.05468750 0.03862560 0.03906250
v 0.05468750 0.03880477 0.04687500
v 0.05468750 0.03893626 0.05468750
v 0.05468750 0.03906250 0.06072688
v 0.05468750 0.03996992 -0.02343750
v 0.05468750 0.04323447 -0.01562500
v 0.05468750 0.04432094 -0.00781250
v 0.05468750 0.04469085 0.00000000
v 0.05468750 0.04505098 0.00781250
v 0.05468750 0.04532504 0.01562500
v 0.05468750 0.04507089 0.02343750
v 0.05468750 0.04528010 0.03125000
v 0.05468750 0.04513836 0.03906250
v 0.05468750 0.04433477 0.04687500
v 0.05468750 0.04307938 0.05468750
v 0.06250000 0.03901911 -0.02343750
v 0.06250000 0.03906250 -0.02540839
v 0.06250000 0.03887761 -0.01562500
v 0.06250000 0.03875351 -0.00781250
v 0.06250000 0.03869021 0.00000000
v 0.06250000 0.03859687 0.00781250
v 0.06250000 0.03857732 0.01562500
v 0.06250000 0.03864920 0.02343750
v 0.06250000 0.03871095 0.03125000
v 0.06250000 0.03859711 0.03906250
v 0.06250000 0.03877890 0.04687500
v 0.06250000 0.03890705 0.05468750
v 0.06250000 0.03906250 0.06197870
v 0.06250000 0.04087341 -0.02343750
v 0.06250000 0.04350388 -0.01562500
v 0.06250000 0.04449821 -0.00781250
v 0.06250000 0.04480886 0.00000000
v 0.06250000 0.04515779 0.00781250
v 0.06250000 0.04522884 0.01562500
v 0.06250000 0.04500663 0.02343750
v 0.06250000 0.04474914 0.03125000
v 0.06250000 0.04522717 0.03906250
v 0.06250000 0.04450119 0.04687500
v 0.06250000 0.04349041 0.05468750
v 0.07031250 0.03897262 -0.02343750
v 0.07031250 0.03906250 -0.02749580
v 0.07031250 0.03884840 -0.01562500
v 0.07031250 0.03872371 -0.00781250
v 0.07031250 0.03864789 0.00000000
v 0.07031250 0.03861058 0.00781250
v 0.07031250 0.03878546 0.01562500
v 0.07031250 0.03876138 0.02343750
v 0.07031250 0.03882730 0.03125000
v 0.07031250 0.03856230 0.03906250
v 0.07031250 0.03874063 0.04687500
v 0.07031250 0.03886592 0.05468750
v 0.06408978 0.03906250 0.06250000
v 0.07031250 0.03901887 0.06250000
v 0.07031250 0.03906250 0.06459355
v 0.07031250 0.04210246 -0.02343750
v 0.07031250 0.04381442 -0.01562500
v 0.07031250 0.04467499 -0.00781250
v 0.07031250 0.04499328 0.00000000
v 0.07031250 0.04512691 0.00781250
v 0.07031250 0.04435730 0.01562500
v 0.07031250 0.04450548 0.02343750
v 0.07031250 0.04406106 0.03125000
v 0.07031250 0.04532623 0.03906250
v 0.07031250 0.04471672 0.04687500
v 0.07031250 0.04394317 0.05468750
v 0.07031250 0.04115605 0.06250000
v 0.07812500 0.03893530 -0.02343750
v 0.07812500 0.03906250 -0.02970475
v 0.07812500 0.03880990 -0.01562500
v 0.07812500 0.03868520 -0.00781250
v 0.07812500 0.03871870 0.00000000
v 0.07812500 0.03885067 0.00781250
v 0.07812500 0.03893876 0.01562500
v 0.07812500 0.03888881 0.02343750
v 0.07812500 0.03893018 0.03125000
v 0.07812500 0.03851521 0.03906250
v 0.07812500 0.03870583 0.04687500
v 0.07812500 0.03881454 0.05468750
v 0.07812500 0.03898358 0.06250000
v 0.07812500 0.03906250 0.06562090
v 0.07812500 0.04280591 -0.02343750
v 0.07812500 0.04415011 -0.01562500
v 0.07812500 0.04486489 -0.00781250
v 0.07812500 0.04472268 0.00000000
v 0.07812500 0.04386270 0.00781250
v 0.07812500 0.04282331 0.01562500
v 0.07812500 0.04349637 0.02343750
v 0.07812500 0.04295456 0.03125000
v 0.07812500 0.04544604 0.03906250
v 0.07812500 0.04488647 0.04687500
v 0.07812500 0.04436994 0.05468750
v 0.07812500 0.04218340 0.06250000
v 0.08352685 0.03906250 -0.03125000
v 0.08593750 0.03904831 -0.03125000
v 0.08593750 0.03906250 -0.03203076
v 0.08593750 0.03888822 -0.02343750
v 0.08593750 0.03876638 -0.01562500
v 0.08593750 0.03875220 -0.00781250
v 0.08593750 0.03890550 0.00000000
v 0.08593750 0.03905869 0.00781250
v 0.08189011 0.03906250 0.01562500
v 0.08593750 0.03906250 0.00802565
v 0.08513987 0.03906250 0.02343750
v 0.08593750 0.03906250 0.02697873
v 0.08593750 0.03903842 0.03125000
v 0.08593750 0.03862119 0.03906250
v 0.08593750 0.03867030 0.04687500
v 0.08593750 0.03877044 0.05468750
v 0.08593750 0.03895247 0.06250000
v 0.08593750 0.03906250 0.06626630
v 0.08593750 0.03978062 -0.03125000
v 0.08593750 0.04346550 -0.02343750
v 0.08593750 0.04446447 -0.01562500
v 0.08593750 0.04457104 -0.00781250
v 0.08593750 0.04329884 0.00000000
v 0.08593750 0.03927517 0.00781250
v 0.08593750 0.04025412 0.03125000
v 0.08593750 0.04516876 0.03906250
v 0.08593750 0.04503000 0.04687500
v 0.08593750 0.04464555 0.05468750
v 0.08593750 0.04282880 0.06250000
v 0.09375000 0.03899670 -0.03125000
v 0.09375000 0.03906250 -0.03550774
v 0.09375000 0.03884792 -0.02343750
v 0.09375000 0.03873813 -0.01562500
v 0.09375000 0.03891110 -0.00781250
v 0.09375000 0.03901482 0.00000000
v 0.08612180 0.03906250 0.00781250
v 0.09375000 0.03906250 0.00183904
v 0.08716464 0.03906250 0.03125000
v 0.09375000 0.03906250 0.03364909
v 0.09375000 0.03878987 0.03906250
v 0.09375000 0.03863907 0.04687500
v 0.09375000 0.03874099 0.05468750
v 0.09375000 0.03892374 0.06250000
v 0.09375000 0.03906250 0.06673157
v 0.09375000 0.04160893 -0.03125000
v 0.09375000 0.04390752 -0.02343750
v 0.09375000 0.04464531 -0.01562500
v 0.09375000 0.04325235 -0.00781250
v 0.09375000 0.04111671 0.00000000
v 0.09375000 0.04441762 0.03906250
v 0.09375000 0.04514325 0.04687500
v 0.09375000 0.04480481 0.05468750
v 0.09375000 0.04329407 0.06250000
v 0.10156250 0.03895986 -0.03125000
v 0.10156250 0.03906250 -0.03781533
v 0.10156250 0.03880930 -0.02343750
v 0.10156250 0.03872108 -0.01562500
v 0.09869862 0.03906250 -0.00781250
v 0.10156250 0.03906250 -0.00937384
v 0.09524381 0.03906250 0.00000000
v 0.10156250 0.03886497 0.03906250
v 0.10156250 0.03906250 0.03539801
v 0.10156250 0.03861046 0.04687500
v 0.10156250 0.03870189 0.05468750
v 0.10156250 0.03890038 0.06250000
v 0.10156250 0.03906250 0.06703508
v 0.10156250 0.04246485 -0.03125000
v 0.10156250 0.04423654 -0.02343750
v 0.10156250 0.04475200 -0.01562500
v 0.10156250 0.04383600 0.03906250
v 0.10156250 0.04523826 0.04687500
v 0.10156250 0.04498172 0.05468750
v 0.10156250 0.04359758 0.06250000
v 0.10846388 0.03906250 -0.08593750
v 0.10937500 0.03905690 -0.08593750
v 0.10937500 0.03906250 -0.08636719
v 0.10937500 0.03906250 -0.08531058
v 0.10498309 0.03906250 -0.03906250
v 0.10937500 0.03903723 -0.03906250
v 0.10937500 0.03906250 -0.04121029
v 0.10937500 0.03891349 -0.03125000
v 0.10937500 0.03877342 -0.02343750
v 0.10937500 0.03897130 -0.01562500
v 0.10937500 0.03906250 -0.01381135
v 0.10937500 0.03896141 0.03906250
v 0.10937500 0.03906250 0.03727949
v 0.10937500 0.03859520 0.04687500
v 0.10937500 0.03867006 0.05468750
v 0.10937500 0.03887093 0.06250000
v 0.10937500 0.03906250 0.06735790
v 0.10937500 0.03941429 -0.08593750
v 0.10937500 0.04029977 -0.03906250
v 0.10937500 0.04323006 -0.03125000
v 0.10937500 0.04449832 -0.02343750
v 0.10937500 0.04228497 -0.01562500
v 0.10937500 0.04252863 0.03906250
v 0.10937500 0.04529691 0.04687500
v 0.10937500 0.04510689 0.05468750
v 0.10937500 0.04392040 0.06250000
v 0.11718750 0.03900325 -0.08593750
v 0.11718750 0.03906250 -0.09017599
v 0.11718750 0.03906250 -0.07888025
v 0.11718750 0.03899670 -0.03906250
v 0.11718750 0.03906250 -0.04449010
v 0.11718750 0.03886962 -0.03125000
v 0.11718750 0.03890395 -0.02343750
v 0.11177659 0.03906250 -0.01562500
v 0.11718750 0.03906250 -0.01998854
v 0.11522770 0.03906250 0.03906250
v 0.11718750 0.03906250 0.03953063
v 0.11718750 0.03856993 0.04687500
v 0.11718750 0.03863347 0.05468750
v 0.11718750 0.03884566 0.06250000
v 0.11718750 0.03906250 0.06758893
v 0.11718750 0.04167855 -0.08593750
v 0.11718750 0.04166114 -0.03906250
v 0.11718750 0.04376328 -0.03125000
v 0.11718750 0.04340315 -0.02343750
v 0.11718750 0.04536963 0.04687500
v 0.11718750 0.04522860 0.05468750
v 0.11718750 0.04415143 0.06250000
v 0.12500000 0.03897345 -0.08593750
v 0.12500000 0.03906250 -0.09207273
v 0.11928833 0.03906250 -0.07812500
v 0.12500000 0.03904510 -0.07812500
v 0.12500000 0.03906250 -0.07682335
v 0.12318301 0.03906250 -0.04687500
v 0.12500000 0.03905380 -0.04687500
v 0.12500000 0.03906250 -0.04784805
v 0.12500000 0.03896105 -0.03906250
v 0.12500000 0.03883922 -0.03125000
v 0.12338912 0.03906250 -0.02343750
v 0.12500000 0.03906250 -0.02464807
v 0.12500000 0.03854012 0.04687500
v 0.12500000 0.03906250 0.04099607
v 0.12500000 0.03861582 0.05468750
v 0.12500000 0.03882253 0.06250000
v 0.12500000 0.03906250 0.06777525
v 0.12500000 0.04243803 -0.08593750
v 0.12500000 0.04006064 -0.07812500
v 0.12500000 0.03954875 -0.04687500
v 0.12500000 0.04248726 -0.03906250
v 0.12500000 0.04405570 -0.03125000
v 0.12500000 0.04545069 0.04687500
v 0.12500000 0.04528308 0.05468750
v 0.12500000 0.04433775 0.06250000
v 0.13281250 0.03896129 -0.08593750
v 0.13281250 0.03906250 -0.09339374
v 0.13281250 0.03902805 -0.07812500
v 0.13281250 0.03906250 -0.07529682
v 0.13281250 0.03900933 -0.04687500
v 0.13281250 0.03906250 -0.05214769
v 0.13281250 0.03892624 -0.03906250
v 0.13281250 0.03880417 -0.03125000
v 0.13281250 0.03906250 -0.02706391
v 0.13281250 0.03852618 0.04687500
v 0.13281250 0.03906250 0.04188240
v 0.13281250 0.03859293 0.05468750
v 0.13281250 0.03880596 0.06250000
v 0.13281250 0.03906250 0.06788611
v 0.13281250 0.04268754 -0.08593750
v 0.13281250 0.04082215 -0.07812500
v 0.13281250 0.04133630 -0.04687500
v 0.13281250 0.04308450 -0.03906250
v 0.13281250 0.04432690 -0.03125000
v 0.13281250 0.04548836 0.04687500
v 0.13281250 0.04535270 0.05468750
v 0.13281250 0.04444861 0.06250000
v 0.13422179 0.03906250 -0.09375000
v 0.14062500 0.03904057 -0.09375000
v 0.14062500 0.03906250 -0.09498602
v 0.14062500 0.03895569 -0.08593750
v 0.14062500 0.03902221 -0.07812500
v 0.14062500 0.03906250 -0.07426262
v 0.13759673 0.03906250 -0.05468750
v 0.14062500 0.03904653 -0.05468750
v 0.14062500 0.03906250 -0.05744416
v 0.14062500 0.03897345 -0.04687500
v 0.14062500 0.03889501 -0.03906250
v 0.14062500 0.03884947 -0.03125000
v 0.14062500 0.03906250 -0.02841294
v 0.14062500 0.03850973 0.04687500
v 0.14062500 0.03906250 0.04215467
v 0.14062500 0.03857160 0.05468750
v 0.14062500 0.03878295 0.06250000
v 0.14062500 0.03906250 0.06803560
v 0.14062500 0.04029858 -0.09375000
v 0.14062500 0.04280722 -0.08593750
v 0.14062500 0.04105139 -0.07812500
v 0.14062500 0.03993154 -0.05468750
v 0.14062500 0.04226208 -0.04687500
v 0.14062500 0.04350615 -0.03906250
v 0.14062500 0.04399264 -0.03125000
v 0.14062500 0.04552674 0.04687500
v 0.14062500 0.04541028 0.05468750
v 0.14062500 0.04459810 0.06250000
v 0.14843750 0.03903294 -0.09375000
v 0.14843750 0.03906250 -0.09532833
v 0.14843750 0.03896546 -0.08593750
v 0.14843750 0.03904450 -0.07812500
v 0.14843750 0.03906250 -0.07592046
v 0.14843750 0.03903472 -0.05468750
v 0.14843750 0.03906250 -0.05835032
v 0.14843750 0.03895319 -0.04687500
v 0.14843750 0.03888583 -0.03906250
v 0.14843750 0.03891635 -0.03125000
v 0.14843750 0.03906250 -0.02937609
v 0.14843750 0.03851449 0.04687500
v 0.14843750 0.03906250 0.04192746
v 0.14843750 0.03858161 0.05468750
v 0.14843750 0.03878534 0.06250000
v 0.14843750 0.03906250 0.06800914
v 0.14843750 0.04064083 -0.09375000
v 0.14843750 0.04261076 -0.08593750
v 0.14843750 0.04008806 -0.07812500
v 0.14843750 0.04045522 -0.05468750
v 0.14843750 0.04266798 -0.04687500
v 0.14843750 0.04360342 -0.03906250
v 0.14843750 0.04327035 -0.03125000
v 0.14843750 0.04551589 0.04687500
v 0.14843750 0.04538095 0.05468750
v 0.14843750 0.04457164 0.06250000
v 0.15625000 0.03905892 -0.09375000
v 0.15625000 0.03906250 -0.09398264
v 0.15625000 0.03900194 -0.08593750
v 0.15298581 0.03906250 -0.07812500
v 0.15625000 0.03906250 -0.07949078
v 0.15625000 0.03905463 -0.05468750
v 0.15625000 0.03906250 -0.05584919
v 0.15625000 0.03897989 -0.04687500
v 0.15625000 0.03890932 -0.03906250
v 0.15625000 0.03878760 -0.03125000
v 0.15625000 0.03906250 -0.02796948
v 0.15625000 0.03852606 0.04687500
v 0.15625000 0.03906250 0.04160070
v 0.15625000 0.03859448 0.05468750
v 0.15625000 0.03880775 0.06250000
v 0.15625000 0.03906250 0.06785560
v 0.15625000 0.03929508 -0.09375000
v 0.15625000 0.04170752 -0.08593750
v 0.15625000 0.03951240 -0.05468750
v 0.15625000 0.04212296 -0.04687500
v 0.15625000 0.04332900 -0.03906250
v 0.15625000 0.04445660 -0.03125000
v 0.15625000 0.04548299 0.04687500
v 0.15625000 0.04534483 0.05468750
v 0.15625000 0.04441810 0.06250000
v 0.15723515 0.03906250 -0.09375000
v 0.16406250 0.03906250 -0.08631271
v 0.16406250 0.03906119 -0.08593750
v 0.16406250 0.03906250 -0.08574486
v 0.15815520 0.03906250 -0.05468750
v 0.16406250 0.03906250 -0.05230188
v 0.16406250 0.03900707 -0.04687500
v 0.16406250 0.03892875 -0.03906250
v 0.16406250 0.03879905 -0.03125000
v 0.16406250 0.03906250 -0.02806520
v 0.16406250 0.03855968 0.04687500
v 0.16406250 0.03906250 0.04021215
v 0.16406250 0.03862214 0.05468750
v 0.16406250 0.03884268 0.06250000
v 0.16406250 0.03906250 0.06759357
v 0.16406250 0.03914547 -0.08593750
v 0.16406250 0.04141557 -0.04687500
v 0.16406250 0.04305661 -0.03906250
v 0.16406250 0.04439020 -0.03125000
v 0.16406250 0.04539919 0.04687500
v 0.16406250 0.04526532 0.05468750
v 0.16406250 0.04415607 0.06250000
v 0.16429126 0.03906250 -0.08593750
v 0.17187500 0.03902328 -0.04687500
v 0.17187500 0.03906250 -0.05095667
v 0.17187500 0.03894258 -0.03906250
v 0.17187500 0.03884840 -0.03125000
v 0.17187500 0.03906250 -0.02880132
v 0.16970062 0.03906250 0.03906250
v 0.17187500 0.03902626 0.03906250
v 0.17187500 0.03906250 0.03838682
v 0.17187500 0.03859007 0.04687500
v 0.17187500 0.03865635 0.05468750
v 0.17187500 0.03886819 0.06250000
v 0.17187500 0.03906250 0.06736314
v 0.17187500 0.04088426 -0.04687500
v 0.17187500 0.04284632 -0.03906250
v 0.17187500 0.04401922 -0.03125000
v 0.17187500 0.04079866 0.03906250
v 0.17187500 0.04531646 0.04687500
v 0.17187500 0.04515314 0.05468750
v 0.17187500 0.04392564 0.06250000
v 0.17968750 0.03902185 -0.04687500
v 0.17968750 0.03906250 -0.05105972
v 0.17968750 0.03893077 -0.03906250
v 0.17968750 0.03887272 -0.03125000
v 0.17968750 0.03906250 -0.02930707
v 0.17968750 0.03894866 0.03906250
v 0.17968750 0.03906250 0.03741956
v 0.17968750 0.03862202 0.04687500
v 0.17968750 0.03869009 0.05468750
v 0.17968750 0.03890097 0.06250000
v 0.17968750 0.03906250 0.06700873
v 0.17968750 0.04094863 -0.04687500
v 0.17968750 0.04303634 -0.03906250
v 0.17968750 0.04379666 -0.03125000
v 0.17968750 0.04277766 0.03906250
v 0.17968750 0.04521990 0.04687500
v 0.17968750 0.04503036 0.05468750
v 0.17968750 0.04357123 0.06250000
v 0.18711531 0.03906250 -0.05468750
v 0.18750000 0.03906071 -0.05468750
v 0.18750000 0.03906250 -0.05493438
v 0.18750000 0.03898382 -0.04687500
v 0.18750000 0.03886771 -0.03906250
v 0.18597770 0.03906250 -0.03125000
v 0.18750000 0.03906250 -0.03276420
v 0.18750000 0.03890681 0.03906250
v 0.18750000 0.03906250 0.03700387
v 0.18750000 0.03864110 0.04687500
v 0.18750000 0.03872716 0.05468750
v 0.18750000 0.03894424 0.06250000
v 0.18750000 0.03906250 0.06639683
v 0.18750000 0.03917253 -0.05468750
v 0.18750000 0.04204953 -0.04687500
v 0.18750000 0.04380906 -0.03906250
v 0.18750000 0.04340565 0.03906250
v 0.18750000 0.04516029 0.04687500
v 0.18750000 0.04486847 0.05468750
v 0.18750000 0.04295933 0.06250000
v 0.19531250 0.03902137 -0.05468750
v 0.19531250 0.03906250 -0.06232995
v 0.19531250 0.03893375 -0.04687500
v 0.19531250 0.03882933 -0.03906250
v 0.19531250 0.03906250 -0.03390902
v 0.19531250 0.03880811 0.03906250
v 0.19531250 0.03906250 0.03624094
v 0.19531250 0.03866780 0.04687500
v 0.19531250 0.03877258 0.05468750
v 0.19531250 0.03898954 0.06250000
v 0.19531250 0.03906250 0.06546438
v 0.19531250 0.04099393 -0.05468750
v 0.19531250 0.04301727 -0.04687500
v 0.19531250 0.04416370 -0.03906250
v 0.19531250 0.04434323 0.03906250
v 0.19531250 0.04507411 0.04687500
v 0.19531250 0.04464078 0.05468750
v 0.19531250 0.04202688 0.06250000
v 0.20242381 0.03906250 -0.08593750
v 0.20312500 0.03905940 -0.08593750
v 0.20312500 0.03906250 -0.08613223
v 0.20312500 0.03906250 -0.08499026
v 0.19546282 0.03906250 -0.06250000
v 0.20312500 0.03901744 -0.06250000
v 0.20312500 0.03906250 -0.06870741
v 0.20312500 0.03896558 -0.05468750
v 0.20312500 0.03889024 -0.04687500
v 0.20312500 0.03878653 -0.03906250
v 0.20312500 0.03906250 -0.03453290
v 0.20312500 0.03893483 0.03906250
v 0.20312500 0.03906250 0.03747714
v 0.20312500 0.03866923 0.04687500
v 0.20312500 0.03884089 0.05468750
v 0.20194721 0.03906250 0.06250000
v 0.20312500 0.03906250 0.06208205
v 0.20312500 0.03925729 -0.08593750
v 0.20312500 0.04118347 -0.06250000
v 0.20312500 0.04250038 -0.05468750
v 0.20312500 0.04360688 -0.04687500
v 0.20312500 0.04447234 -0.03906250
v 0.20312500 0.04304397 0.03906250
v 0.20312500 0.04508376 0.04687500
v 0.20312500 0.04419994 0.05468750
v 0.21093750 0.03899837 -0.08593750
v 0.21093750 0.03906250 -0.08886021
v 0.20552981 0.03906250 -0.07812500
v 0.21093750 0.03901350 -0.07812500
v 0.20410454 0.03906250 -0.07031250
v 0.21093750 0.03898418 -0.07031250
v 0.21093750 0.03895533 -0.06250000
v 0.21093750 0.03891695 -0.05468750
v 0.21093750 0.03883469 -0.04687500
v 0.21093750 0.03875005 -0.03906250
v 0.21093750 0.03906250 -0.03511733
v 0.21093750 0.03891766 0.03906250
v 0.21093750 0.03906250 0.03748977
v 0.21093750 0.03867507 0.04687500
v 0.21093750 0.03886235 0.05468750
v 0.21093750 0.03906250 0.06079066
v 0.21093750 0.04180539 -0.08593750
v 0.21093750 0.04136026 -0.07812500
v 0.21093750 0.04220295 -0.07031250
v 0.21093750 0.04278541 -0.06250000
v 0.21093750 0.04332280 -0.05468750
v 0.21093750 0.04415095 -0.04687500
v 0.21093750 0.04468608 -0.03906250
v 0.21093750 0.04330361 0.03906250
v 0.21093750 0.04507351 0.04687500
v 0.21093750 0.04401696 0.05468750
v 0.21875000 0.03901982 -0.08593750
v 0.21875000 0.03906250 -0.08802056
v 0.21875000 0.03894675 -0.07812500
v 0.21875000 0.03889370 -0.07031250
v 0.21875000 0.03883398 -0.06250000
v 0.21875000 0.03884292 -0.05468750
v 0.21875000 0.03880048 -0.04687500
v 0.21875000 0.03883779 -0.03906250
v 0.21875000 0.03906250 -0.03645170
v 0.21875000 0.03891218 0.03906250
v 0.21875000 0.03906250 0.03752339
v 0.21875000 0.03866994 0.04687500
v 0.21875000 0.03885281 0.05468750
v 0.21875000 0.03906250 0.06092572
v 0.21875000 0.04114556 -0.08593750
v 0.21875000 0.04297924 -0.07812500
v 0.21875000 0.04373968 -0.07031250
v 0.21875000 0.04427981 -0.06250000
v 0.21875000 0.04414666 -0.05468750
v 0.21875000 0.04440260 -0.04687500
v 0.21875000 0.04411423 -0.03906250
v 0.21875000 0.04339731 0.03906250
v 0.21875000 0.04509902 0.04687500
v 0.21875000 0.04409933 0.05468750
v 0.22656250 0.03905976 -0.08593750
v 0.22656250 0.03906250 -0.08611608
v 0.22656250 0.03888714 -0.07812500
v 0.22623181 0.03906250 -0.07031250
v 0.22656250 0.03906250 -0.07062984
v 0.22452569 0.03906250 -0.06250000
v 0.22656250 0.03906250 -0.06079566
v 0.22656250 0.03877044 -0.05468750
v 0.22656250 0.03874636 -0.04687500
v 0.22656250 0.03894699 -0.03906250
v 0.22656250 0.03906250 -0.03762954
v 0.22656250 0.03887451 0.03906250
v 0.22656250 0.03906250 0.03705072
v 0.22656250 0.03866696 0.04687500
v 0.22656250 0.03885162 0.05468750
v 0.22656250 0.03906250 0.06096101
v 0.22656250 0.03924108 -0.08593750
v 0.22656250 0.04382026 -0.07812500
v 0.22656250 0.04466856 -0.05468750
v 0.22656250 0.04473317 -0.04687500
v 0.22656250 0.04282188 -0.03906250
v 0.22656250 0.04383969 0.03906250
v 0.22656250 0.04511178 0.04687500
v 0.22656250 0.04412591 0.05468750
v 0.23437500 0.03905022 -0.08593750
v 0.23437500 0.03906250 -0.08668840
v 0.23049021 0.03906250 -0.07812500
v 0.23437500 0.03906250 -0.08543307
v 0.23216927 0.03906250 -0.05468750
v 0.23437500 0.03906250 -0.05220717
v 0.23437500 0.03880787 -0.04687500
v 0.23437500 0.03904176 -0.03906250
v 0.23437500 0.03906250 -0.03877395
v 0.23437500 0.03890586 0.03906250
v 0.23437500 0.03906250 0.03707337
v 0.23437500 0.03863502 0.04687500
v 0.23437500 0.03879404 0.05468750
v 0.23231924 0.03906250 0.06250000
v 0.23437500 0.03904378 0.06250000
v 0.23437500 0.03906250 0.06358540
v 0.23437500 0.03981340 -0.08593750
v 0.23437500 0.04439390 -0.04687500
v 0.23437500 0.04016626 -0.03906250
v 0.23437500 0.04349053 0.03906250
v 0.23437500 0.04523146 0.04687500
v 0.23437500 0.04456329 0.05468750
v 0.23437500 0.04014790 0.06250000
v 0.24218750 0.03905225 -0.08593750
v 0.24218750 0.03906250 -0.08658725
v 0.24218750 0.03906250 -0.08567059
v 0.24217737 0.03906250 -0.04687500
v 0.23520470 0.03906250 -0.03906250
v 0.24218750 0.03888345 0.03906250
v 0.24218750 0.03906250 0.03604829
v 0.24218750 0.03862154 0.04687500
v 0.24218750 0.03877401 0.05468750
v 0.24218750 0.03901446 0.06250000
v 0.24218750 0.03906250 0.06480896
v 0.24218750 0.03971219 -0.08593750
v 0.24218750 0.04377794 0.03906250
v 0.24218750 0.04529369 0.04687500
v 0.24218750 0.04470444 0.05468750
v 0.24218750 0.04137146 0.06250000
v 0.24319696 0.03906250 -0.08593750
v 0.25000000 0.03900039 -0.07812500
v 0.25000000 0.03906250 -0.08186305
v 0.24859810 0.03906250 -0.07812500
v 0.25000000 0.03906250 -0.07756913
v 0.25000000 0.03867102 0.03906250
v 0.25000000 0.03906250 0.03411329
v 0.25000000 0.03861642 0.04687500
v 0.25000000 0.03878856 0.05468750
v 0.25000000 0.03905666 0.06250000
v 0.25000000 0.03906250 0.06288600
v 0.25000000 0.04186964 -0.07812500
v 0.25000000 0.04515302 0.03906250
v 0.25000000 0.04534638 0.04687500
v 0.25000000 0.04466212 0.05468750
v 0.25000000 0.03944850 0.06250000
v 0.25781250 0.03899550 -0.07812500
v 0.25781250 0.03906250 -0.08104891
v 0.25781250 0.03906250 -0.07748663
v 0.25781250 0.03849912 0.03906250
v 0.25781250 0.03906250 0.03296614
v 0.25781250 0.03870761 0.04687500
v 0.25781250 0.03888321 0.05468750
v 0.25067735 0.03906250 0.06250000
v 0.25781250 0.03906250 0.06054652
v 0.25781250 0.04198635 -0.07812500
v 0.25781250 0.04563117 0.03906250
v 0.25781250 0.04503047 0.04687500
v 0.25781250 0.04391789 0.05468750
v 0.26081085 0.03906250 -0.07812500
v 0.26562500 0.03894627 -0.07031250
v 0.26562500 0.03906250 -0.07435530
v 0.26458693 0.03906250 -0.07031250
v 0.26562500 0.03906250 -0.06885302
v 0.25999856 0.03906250 0.03125000
v 0.26562500 0.03864527 0.03125000
v 0.26562500 0.03906250 0.02414823
v 0.26562500 0.03863168 0.03906250
v 0.26562500 0.03887689 0.04687500
v 0.26562500 0.03905678 0.05468750
v 0.26562500 0.03906250 0.05506814
v 0.26562500 0.04302621 -0.07031250
v 0.26562500 0.04525626 0.03125000
v 0.26562500 0.04530776 0.03906250
v 0.26562500 0.04392111 0.04687500
v 0.26562500 0.03944314 0.05468750
v 0.26978457 0.03906250 -0.07031250
v 0.27343750 0.03899801 -0.06250000
v 0.27343750 0.03906250 -0.06543648
v 0.27259111 0.03906250 -0.06250000
v 0.27150762 0.03906250 -0.05468750
v 0.27343750 0.03892410 -0.05468750
v 0.27072346 0.03906250 -0.04687500
v 0.27343750 0.03888881 -0.04687500
v 0.27055645 0.03906250 -0.03906250
v 0.27343750 0.03881574 -0.03906250
v 0.27004075 0.03906250 -0.03125000
v 0.27343750 0.03874016 -0.03125000
v 0.26854873 0.03906250 -0.02343750
v 0.27343750 0.03864264 -0.02343750
v 0.26951110 0.03906250 -0.01562500
v 0.27343750 0.03875005 -0.01562500
v 0.26802659 0.03906250 -0.00781250
v 0.27343750 0.03871346 -0.00781250
v 0.26665199 0.03906250 0.00000000
v 0.27343750 0.03860235 0.00000000
v 0.26657176 0.03906250 0.00781250
v 0.27343750 0.03856075 0.00781250
v 0.26697183 0.03906250 0.01562500
v 0.27343750 0.03853214 0.01562500
v 0.26628196 0.03906250 0.02343750
v 0.27343750 0.03859997 0.02343750
v 0.27343750 0.03868866 0.03125000
v 0.27343750 0.03879917 0.03906250
v 0.27343750 0.03905022 0.04687500
v 0.26600564 0.03906250 0.05468750
v 0.27343750 0.03906250 0.04761338
v 0.27343750 0.04181731 -0.06250000
v 0.27343750 0.04330254 -0.05468750
v 0.27343750 0.04372704 -0.04687500
v 0.27343750 0.04432940 -0.03906250
v 0.27343750 0.04476738 -0.03125000
v 0.27343750 0.04516280 -0.02343750
v 0.27343750 0.04473066 -0.01562500
v 0.27343750 0.04491663 -0.00781250
v 0.27343750 0.04531467 0.00000000
v 0.27343750 0.04543388 0.00781250
v 0.27343750 0.04552269 0.01562500
v 0.27343750 0.04536390 0.02343750
v 0.27343750 0.04507709 0.03125000
v 0.27343750 0.04454982 0.03906250
v 0.27343750 0.03980088 0.04687500
v 0.27619231 0.03906250 -0.06250000
v 0.27767754 0.03906250 -0.05468750
v 0.27813280 0.03906250 -0.04687500
v 0.27988672 0.03906250 -0.03906250
v 0.28125000 0.03906250 -0.03439564
v 0.28125000 0.03902352 -0.03125000
v 0.28125000 0.03892767 -0.02343750
v 0.28125000 0.03881323 -0.01562500
v 0.28125000 0.03875184 -0.00781250
v 0.28125000 0.03872669 0.00000000
v 0.28125000 0.03873014 0.00781250
v 0.28125000 0.03869808 0.01562500
v 0.28125000 0.03873420 0.02343750
v 0.28125000 0.03880799 0.03125000
v 0.28125000 0.03892183 0.03906250
v 0.27423775 0.03906250 0.04687500
v 0.28125000 0.03906250 0.04344237
v 0.28125000 0.04084134 -0.03125000
v 0.28125000 0.04301190 -0.02343750
v 0.28125000 0.04422772 -0.01562500
v 0.28125000 0.04462802 -0.00781250
v 0.28125000 0.04475272 0.00000000
v 0.28125000 0.04474473 0.00781250
v 0.28125000 0.04490590 0.01562500
v 0.28125000 0.04474974 0.02343750
v 0.28125000 0.04433715 0.03125000
v 0.28125000 0.04326975 0.03906250
v 0.28302884 0.03906250 -0.03125000
v 0.28519940 0.03906250 -0.02343750
v 0.28641522 0.03906250 -0.01562500
v 0.28681552 0.03906250 -0.00781250
v 0.28706443 0.03906250 0.00000000
v 0.28746736 0.03906250 0.00781250
v 0.28790832 0.03906250 0.01562500
v 0.28824949 0.03906250 0.02343750
v 0.28868878 0.03906250 0.03125000
v 0.28584754 0.03906250 0.03906250
v 0.45921743 0.04687500 -0.17187500
v 0.46093750 0.04685152 -0.17187500
v 0.46093750 0.04687500 -0.17192554
v 0.46093750 0.04687500 -0.17015493
v 0.46093750 0.04859507 -0.17187500
v 0.46768641 0.03906250 -0.11718750
v 0.46875000 0.03905320 -0.11718750
v 0.46875000 0.03906250 -0.11725497
v 0.46875000 0.03906250 -0.11612397
v 0.46098900 0.04687500 -0.17187500
v 0.46875000 0.04685616 -0.16406250
v 0.46875000 0.04687500 -0.16410774
v 0.46719706 0.04687500 -0.16406250
v 0.46875000 0.04687500 -0.16250950
v 0.46875000 0.04012609 -0.11718750
v 0.46875000 0.04842794 -0.16406250
v 0.46878302 0.03906250 -0.11718750
v 0.46878278 0.04687500 -0.16406250
f 3 2 1
f 5 4 1
f 5 1 2
f 7 6 4
f 7 4 5
f 9 8 6
f 9 6 7
f 11 10 8
f 11 8 9
f 13 12 10
f 13 10 11
f 14 12 13
f 15 3 1
f 15 1 4
f 15 4 16
f 16 4 6
f 16 6 17
f 17 6 8
f 17 8 18
f 18 8 10
f 18 10 19
f 19 10 12
f 19 12 20
f 20 12 14
f 23 22 21
f 25 24 21
f 25 21 22
f 2 3 24
f 25 2 24
f 26 2 25
f 2 27 5
f 26 27 2
f 5 28 7
f 27 28 5
f 7 29 9
f 28 29 7
f 9 30 11
f 29 30 9
f 11 31 13
f 30 31 11
f 14 13 31
f 14 31 32
f 33 23 21
f 33 21 24
f 33 24 34
f 34 24 3
f 15 34 3
f 35 34 15
f 36 15 16
f 36 35 15
f 37 16 17
f 37 36 16
f 38 17 18
f 38 37 17
f 39 18 19
f 39 38 18
f 40 19 20
f 40 39 19
f 20 14 32
f 20 32 40
f 43 42 41
f 45 44 41
f 45 41 42
f 47 46 44
f 47 44 45
f 49 48 46
f 49 46 47
f 51 50 48
f 51 48 49
f 53 52 50
f 53 50 51
f 22 23 52
f 53 22 52
f 54 22 53
f 22 55 25
f 54 55 22
f 25 56 26
f 55 56 25
f 26 57 27
f 56 57 26
f 27 58 28
f 57 58 27
f 28 59 29
f 58 59 28
f 29 60 30
f 59 60 29
f 30 61 31
f 60 61 30
f 63 62 32
f 31 63 32
f 61 63 31
f 64 62 63
f 65 43 41
f 65 41 44
f 65 44 66
f 66 44 46
f 66 46 67
f 67 46 48
f 67 48 68
f 68 48 50
f 68 50 69
f 69 50 52
f 69 52 70
f 70 52 23
f 33 70 23
f 71 70 33
f 72 33 34
f 72 71 33
f 73 34 35
f 73 72 34
f 74 35 36
f 74 73 35
f 75 36 37
f 75 74 36
f 76 37 38
f 76 75 37
f 77 38 39
f 77 76 38
f 78 39 40
f 78 77 39
f 40 32 62
f 79 40 62
f 78 40 79
f 79 62 64
f 82 81 80
f 84 83 80
f 84 80 81
f 86 85 83
f 86 83 84
f 88 87 85
f 88 85 86
f 89 87 88
f 92 91 90
f 42 43 90
f 91 42 90
f 93 42 91
f 42 94 45
f 93 94 42
f 45 95 47
f 94 95 45
f 47 96 49
f 95 96 47
f 49 97 51
f 96 97 49
f 51 98 53
f 97 98 51
f 53 99 54
f 98 99 53
f 54 100 55
f 99 100 54
f 55 101 56
f 100 101 55
f 56 102 57
f 101 102 56
f 57 103 58
f 102 103 57
f 58 104 59
f 103 104 58
f 59 105 60
f 104 105 59
f 60 106 61
f 105 106 60
f 61 107 63
f 106 107 61
f 64 63 107
f 64 107 108
f 109 82 80
f 109 80 83
f 109 83 110
f 110 83 85
f 110 85 111
f 111 85 87
f 111 87 112
f 112 87 89
f 113 92 90
f 113 90 43
f 65 113 43
f 114 113 65
f 115 65 66
f 115 114 65
f 116 66 67
f 116 115 66
f 117 67 68
f 117 116 67
f 118 68 69
f 118 117 68
f 119 69 70
f 119 118 69
f 120 70 71
f 120 119 70
f 121 71 72
f 121 120 71
f 122 72 73
f 122 121 72
f 123 73 74
f 123 122 73
f 124 74 75
f 124 123 74
f 125 75 76
f 125 124 75
f 126 76 77
f 126 125 76
f 127 77 78
f 127 126 77
f 128 78 79
f 128 127 78
f 79 64 108
f 79 108 128
f 82 129 81
f 81 129 130
f 131 81 130
f 84 81 131
f 84 132 86
f 131 132 84
f 86 133 88
f 132 133 86
f 135 134 89
f 88 135 89
f 133 135 88
f 137 136 134
f 137 134 135
f 139 138 136
f 139 136 137
f 140 138 139
f 92 141 91
f 142 93 91
f 142 91 141
f 143 94 93
f 143 93 142
f 94 143 144
f 145 94 144
f 95 94 145
f 145 147 146
f 96 145 146
f 95 145 96
f 148 97 96
f 148 96 146
f 149 98 97
f 149 97 148
f 150 99 98
f 150 98 149
f 99 150 151
f 152 99 151
f 100 99 152
f 100 153 101
f 152 153 100
f 101 154 102
f 153 154 101
f 102 155 103
f 154 155 102
f 103 156 104
f 155 156 103
f 104 157 105
f 156 157 104
f 105 158 106
f 157 158 105
f 106 159 107
f 158 159 106
f 108 107 159
f 108 159 160
f 163 162 161
f 164 161 162
f 109 129 82
f 165 130 129
f 109 165 129
f 110 165 109
f 166 110 111
f 166 165 110
f 167 111 112
f 167 166 111
f 112 89 134
f 168 112 134
f 167 112 168
f 168 134 136
f 168 136 169
f 169 136 138
f 169 138 170
f 170 138 140
f 113 141 92
f 141 113 114
f 141 114 142
f 142 114 115
f 142 115 143
f 171 144 143
f 115 171 143
f 116 171 115
f 117 146 147
f 171 117 147
f 116 117 171
f 146 117 118
f 146 118 148
f 148 118 119
f 148 119 149
f 149 119 120
f 149 120 150
f 172 151 150
f 120 172 150
f 121 172 120
f 173 121 122
f 173 172 121
f 174 122 123
f 174 173 122
f 175 123 124
f 175 174 123
f 176 124 125
f 176 175 124
f 177 125 126
f 177 176 125
f 178 126 127
f 178 177 126
f 179 127 128
f 179 178 127
f 128 108 160
f 128 160 179
f 180 163 161
f 180 161 164
f 130 181 131
f 182 132 131
f 182 131 181
f 132 182 183
f 184 132 183
f 133 132 184
f 133 185 135
f 184 185 133
f 135 186 137
f 185 186 135
f 137 187 139
f 186 187 137
f 140 139 187
f 140 187 188
f 144 189 145
f 189 147 145
f 151 190 152
f 191 153 152
f 191 152 190
f 192 154 153
f 192 153 191
f 193 155 154
f 193 154 192
f 194 156 155
f 194 155 193
f 195 157 156
f 195 156 194
f 196 158 157
f 196 157 195
f 158 196 197
f 198 158 197
f 159 158 198
f 160 159 198
f 160 198 199
f 202 201 200
f 162 163 200
f 201 162 200
f 203 162 201
f 164 162 203
f 164 203 204
f 165 181 130
f 181 165 166
f 181 166 182
f 205 183 182
f 166 205 182
f 167 205 166
f 206 167 168
f 206 205 167
f 207 168 169
f 207 206 168
f 208 169 170
f 208 207 169
f 170 140 188
f 170 188 208
f 171 189 144
f 189 171 147
f 172 190 151
f 190 172 173
f 190 173 191
f 191 173 174
f 191 174 192
f 192 174 175
f 192 175 193
f 193 175 176
f 193 176 194
f 194 176 177
f 194 177 195
f 195 177 178
f 195 178 196
f 209 197 196
f 178 209 196
f 179 209 178
f 179 160 199
f 179 199 209
f 212 211 210
f 213 210 211
f 214 202 200
f 214 200 163
f 180 214 163
f 215 214 180
f 180 164 204
f 180 204 215
f 216 212 210
f 216 210 213
f 183 217 184
f 184 217 218
f 219 184 218
f 185 184 219
f 185 220 186
f 219 220 185
f 186 221 187
f 220 221 186
f 188 187 221
f 188 221 222
f 197 223 198
f 223 199 198
f 225 224 201
f 225 201 202
f 201 226 203
f 224 226 201
f 204 203 226
f 204 226 227
f 205 217 183
f 228 218 217
f 205 228 217
f 206 228 205
f 229 206 207
f 229 228 206
f 230 207 208
f 230 229 207
f 208 188 222
f 208 222 230
f 209 223 197
f 223 209 199
f 212 231 211
f 231 213 211
f 232 225 202
f 232 202 214
f 233 214 215
f 233 232 214
f 215 204 227
f 215 227 233
f 216 231 212
f 231 216 213
f 218 234 219
f 235 220 219
f 235 219 234
f 220 235 236
f 237 220 236
f 221 220 237
f 239 238 222
f 221 239 222
f 237 239 221
f 240 238 239
f 243 242 241
f 224 225 241
f 242 224 241
f 244 224 242
f 224 245 226
f 244 245 224
f 227 226 245
f 227 245 246
f 228 234 218
f 234 228 229
f 234 229 235
f 247 236 235
f 229 247 235
f 230 247 229
f 230 222 238
f 248 230 238
f 247 230 248
f 248 238 240
f 249 243 241
f 249 241 225
f 232 249 225
f 250 249 232
f 251 232 233
f 251 250 232
f 233 227 246
f 233 246 251
f 236 252 237
f 237 252 253
f 254 237 253
f 239 237 254
f 256 255 240
f 239 256 240
f 254 256 239
f 257 255 256
f 259 258 242
f 259 242 243
f 242 260 244
f 258 260 242
f 244 261 245
f 260 261 244
f 246 245 261
f 246 261 262
f 247 252 236
f 263 253 252
f 247 263 252
f 248 263 247
f 248 240 255
f 264 248 255
f 263 248 264
f 264 255 257
f 265 259 243
f 265 243 249
f 266 249 250
f 266 265 249
f 267 250 251
f 267 266 250
f 251 246 262
f 251 262 267
f 253 268 254
f 254 268 269
f 270 254 269
f 256 254 270
f 257 256 270
f 257 270 271
f 273 272 258
f 273 258 259
f 258 274 260
f 272 274 258
f 274 276 275
f 261 274 275
f 260 274 261
f 275 262 261
f 263 268 253
f 277 269 268
f 263 277 268
f 264 277 263
f 264 257 271
f 264 271 277
f 278 273 259
f 278 259 265
f 279 265 266
f 279 278 265
f 267 275 276
f 279 267 276
f 266 267 279
f 275 267 262
f 269 280 270
f 282 280 281
f 282 270 280
f 282 283 271
f 270 282 271
f 285 284 283
f 285 283 282
f 286 284 285
f 288 287 272
f 288 272 273
f 287 290 289
f 274 287 289
f 272 287 274
f 289 276 274
f 277 280 269
f 277 281 280
f 277 291 281
f 277 271 283
f 291 277 283
f 291 283 284
f 291 284 292
f 292 284 286
f 293 288 273
f 293 273 278
f 279 289 290
f 293 279 290
f 278 279 293
f 289 279 276
f 295 294 282
f 295 282 281
f 282 296 285
f 294 296 282
f 286 285 296
f 286 296 297
f 288 298 287
f 298 290 287
f 299 295 281
f 299 281 291
f 300 291 292
f 300 299 291
f 292 286 297
f 292 297 300
f 293 298 288
f 298 293 290
f 295 301 294
f 302 296 294
f 302 294 301
f 297 296 302
f 305 304 303
f 307 306 305
f 307 305 303
f 308 306 307
f 299 301 295
f 301 299 300
f 301 300 302
f 305 309 304
f 297 302 300
f 309 305 306
f 309 306 310
f 310 306 308
f 304 311 303
f 303 311 312
f 313 303 312
f 307 303 313
f 308 307 313
f 308 313 314
f 309 311 304
f 315 312 311
f 309 315 311
f 310 315 309
f 310 308 314
f 310 314 315
f 312 316 313
f 316 314 313
f 315 316 312
f 316 315 314
f 319 318 317
f 321 320 317
f 321 317 318
f 323 322 320
f 323 320 321
f 325 324 322
f 325 322 323
f 327 326 324
f 327 324 325
f 329 328 326
f 329 326 327
f 331 330 328
f 331 328 329
f 333 332 330
f 333 330 331
f 335 334 332
f 335 332 333
f 336 334 335
f 337 319 317
f 337 317 320
f 337 320 338
f 338 320 322
f 338 322 339
f 339 322 324
f 339 324 340
f 340 324 326
f 340 326 341
f 341 326 328
f 341 328 342
f 342 328 330
f 342 330 343
f 343 330 332
f 343 332 344
f 344 332 334
f 344 334 345
f 345 334 336
f 348 347 346
f 350 349 346
f 350 346 347
f 352 351 349
f 352 349 350
f 354 353 351
f 354 351 352
f 318 319 353
f 354 318 353
f 355 318 354
f 318 356 321
f 355 356 318
f 321 357 323
f 356 357 321
f 323 358 325
f 357 358 323
f 325 359 327
f 358 359 325
f 327 360 329
f 359 360 327
f 329 361 331
f 360 361 329
f 331 362 333
f 361 362 331
f 333 363 335
f 362 363 333
f 365 364 336
f 335 365 336
f 363 365 335
f 367 366 364
f 367 364 365
f 368 366 367
f 369 348 346
f 369 346 349
f 369 349 370
f 370 349 351
f 370 351 371
f 371 351 353
f 371 353 372
f 372 353 319
f 337 372 319
f 373 372 337
f 374 337 338
f 374 373 337
f 375 338 339
f 375 374 338
f 376 339 340
f 376 375 339
f 377 340 341
f 377 376 340
f 378 341 342
f 378 377 341
f 379 342 343
f 379 378 342
f 380 343 344
f 380 379 343
f 381 344 345
f 381 380 344
f 345 336 364
f 382 345 364
f 381 345 382
f 382 364 366
f 382 366 383
f 383 366 368
f 386 385 384
f 388 387 384
f 388 384 385
f 347 348 387
f 388 347 387
f 389 347 388
f 347 390 350
f 389 390 347
f 390 392 391
f 352 390 391
f 350 390 352
f 393 354 352
f 393 352 391
f 394 355 354
f 394 354 393
f 395 356 355
f 395 355 394
f 396 357 356
f 396 356 395
f 397 358 357
f 397 357 396
f 398 359 358
f 398 358 397
f 399 360 359
f 399 359 398
f 400 361 360
f 400 360 399
f 401 362 361
f 401 361 400
f 402 363 362
f 402 362 401
f 363 402 403
f 404 363 403
f 365 363 404
f 365 405 367
f 404 405 365
f 407 406 368
f 367 407 368
f 405 407 367
f 409 408 406
f 409 406 407
f 410 408 409
f 411 386 384
f 411 384 387
f 411 387 412
f 412 387 348
f 369 412 348
f 413 412 369
f 414 369 370
f 414 413 369
f 371 391 392
f 414 371 392
f 370 371 414
f 391 371 372
f 391 372 393
f 393 372 373
f 393 373 394
f 394 373 374
f 394 374 395
f 395 374 375
f 395 375 396
f 396 375 376
f 396 376 397
f 397 376 377
f 397 377 398
f 398 377 378
f 398 378 399
f 399 378 379
f 399 379 400
f 400 379 380
f 400 380 401
f 401 380 381
f 401 381 402
f 415 403 402
f 381 415 402
f 382 415 381
f 416 382 383
f 416 415 382
f 383 368 406
f 417 383 406
f 416 383 417
f 417 406 408
f 417 408 418
f 418 408 410
f 420 419 385
f 420 385 386
f 385 421 388
f 419 421 385
f 388 422 389
f 421 422 388
f 389 423 390
f 422 423 389
f 392 390 423
f 392 423 424
f 403 425 404
f 404 425 426
f 427 404 426
f 405 404 427
f 405 428 407
f 427 428 405
f 407 429 409
f 428 429 407
f 410 409 429
f 410 429 430
f 431 420 386
f 431 386 411
f 432 411 412
f 432 431 411
f 433 412 413
f 433 432 412
f 434 413 414
f 434 433 413
f 414 392 424
f 414 424 434
f 415 425 403
f 435 426 425
f 415 435 425
f 416 435 415
f 436 416 417
f 436 435 416
f 437 417 418
f 437 436 417
f 418 410 430
f 418 430 437
f 440 439 438
f 419 420 438
f 439 419 438
f 441 419 439
f 419 442 421
f 441 442 419
f 421 443 422
f 442 443 421
f 422 444 423
f 443 444 422
f 424 423 444
f 424 444 445
f 426 446 427
f 427 446 447
f 448 427 447
f 428 427 448
f 428 449 429
f 448 449 428
f 430 429 449
f 430 449 450
f 451 440 438
f 451 438 420
f 431 451 420
f 452 451 431
f 453 431 432
f 453 452 431
f 454 432 433
f 454 453 432
f 455 433 434
f 455 454 433
f 434 424 445
f 434 445 455
f 435 446 426
f 456 447 446
f 435 456 446
f 436 456 435
f 457 436 437
f 457 456 436
f 437 430 450
f 437 450 457
f 459 458 439
f 459 439 440
f 439 460 441
f 458 460 439
f 441 461 442
f 460 461 441
f 442 462 443
f 461 462 442
f 443 463 444
f 462 463 443
f 445 444 463
f 445 463 464
f 466 465 448
f 466 448 447
f 448 467 449
f 465 467 448
f 469 468 450
f 449 469 450
f 467 469 449
f 470 468 469
f 471 459 440
f 471 440 451
f 472 451 452
f 472 471 451
f 473 452 453
f 473 472 452
f 474 453 454
f 474 473 453
f 475 454 455
f 475 474 454
f 455 445 464
f 455 464 475
f 476 466 447
f 476 447 456
f 477 456 457
f 477 476 456
f 457 450 468
f 478 457 468
f 477 457 478
f 478 468 470
f 480 479 458
f 480 458 459
f 458 481 460
f 479 481 458
f 460 482 461
f 481 482 460
f 461 483 462
f 482 483 461
f 462 484 463
f 483 484 462
f 464 463 484
f 464 484 485
f 488 487 486
f 465 466 486
f 487 465 486
f 489 465 487
f 465 490 467
f 489 490 465
f 467 491 469
f 490 491 467
f 470 469 491
f 470 491 492
f 493 480 459
f 493 459 471
f 494 471 472
f 494 493 471
f 495 472 473
f 495 494 472
f 496 473 474
f 496 495 473
f 497 474 475
f 497 496 474
f 475 464 485
f 475 485 497
f 498 488 486
f 498 486 466
f 476 498 466
f 499 498 476
f 500 476 477
f 500 499 476
f 501 477 478
f 501 500 477
f 478 470 492
f 478 492 501
f 503 502 479
f 503 479 480
f 479 504 481
f 502 504 479
f 481 505 482
f 504 505 481
f 482 506 483
f 505 506 482
f 483 507 484
f 506 507 483
f 485 484 507
f 485 507 508
f 511 510 509
f 487 488 509
f 510 487 509
f 512 487 510
f 487 513 489
f 512 513 487
f 489 514 490
f 513 514 489
f 490 515 491
f 514 515 490
f 492 491 515
f 492 515 516
f 517 503 480
f 517 480 493
f 518 493 494
f 518 517 493
f 519 494 495
f 519 518 494
f 520 495 496
f 520 519 495
f 521 496 497
f 521 520 496
f 497 485 508
f 497 508 521
f 522 511 509
f 522 509 488
f 498 522 488
f 523 522 498
f 524 498 499
f 524 523 498
f 525 499 500
f 525 524 499
f 526 500 501
f 526 525 500
f 501 492 516
f 501 516 526
f 528 527 502
f 528 502 503
f 502 529 504
f 527 529 502
f 504 530 505
f 529 530 504
f 505 531 506
f 530 531 505
f 506 532 507
f 531 532 506
f 508 507 532
f 508 532 533
f 535 534 510
f 535 510 511
f 510 536 512
f 534 536 510
f 512 537 513
f 536 537 512
f 513 538 514
f 537 538 513
f 514 539 515
f 538 539 514
f 516 515 539
f 516 539 540
f 541 528 503
f 541 503 517
f 542 517 518
f 542 541 517
f 543 518 519
f 543 542 518
f 544 519 520
f 544 543 519
f 545 520 521
f 545 544 520
f 521 508 533
f 521 533 545
f 546 535 511
f 546 511 522
f 547 522 523
f 547 546 522
f 548 523 524
f 548 547 523
f 549 524 525
f 549 548 524
f 550 525 526
f 550 549 525
f 526 516 540
f 526 540 550
f 552 551 527
f 552 527 528
f 527 553 529
f 551 553 527
f 529 554 530
f 553 554 529
f 530 555 531
f 554 555 530
f 531 556 532
f 555 556 531
f 533 532 556
f 533 556 557
f 559 558 534
f 559 534 535
f 534 560 536
f 558 560 534
f 536 561 537
f 560 561 536
f 537 562 538
f 561 562 537
f 538 563 539
f 562 563 538
f 540 539 563
f 540 563 564
f 565 552 528
f 565 528 541
f 566 541 542
f 566 565 541
f 567 542 543
f 567 566 542
f 568 543 544
f 568 567 543
f 569 544 545
f 569 568 544
f 545 533 557
f 545 557 569
f 570 559 535
f 570 535 546
f 571 546 547
f 571 570 546
f 572 547 548
f 572 571 547
f 573 548 549
f 573 572 548
f 574 549 550
f 574 573 549
f 550 540 564
f 550 564 574
f 577 576 575
f 551 552 575
f 576 551 575
f 578 551 576
f 551 579 553
f 578 579 551
f 553 580 554
f 579 580 553
f 554 581 555
f 580 581 554
f 581 583 582
f 556 581 582
f 555 581 556
f 582 557 556
f 585 584 558
f 585 558 559
f 558 586 560
f 584 586 558
f 560 587 561
f 586 587 560
f 561 588 562
f 587 588 561
f 562 589 563
f 588 589 562
f 564 563 589
f 564 589 590
f 591 577 575
f 591 575 552
f 565 591 552
f 592 591 565
f 593 565 566
f 593 592 565
f 594 566 567
f 594 593 566
f 595 567 568
f 595 594 567
f 569 582 583
f 595 569 583
f 568 569 595
f 582 569 557
f 596 585 559
f 596 559 570
f 597 570 571
f 597 596 570
f 598 571 572
f 598 597 571
f 599 572 573
f 599 598 572
f 600 573 574
f 600 599 573
f 574 564 590
f 574 590 600
f 602 601 576
f 602 576 577
f 576 603 578
f 601 603 576
f 578 604 579
f 603 604 578
f 579 605 580
f 604 605 579
f 580 606 581
f 605 606 580
f 583 581 606
f 583 606 607
f 609 608 584
f 609 584 585
f 584 610 586
f 608 610 584
f 586 611 587
f 610 611 586
f 587 612 588
f 611 612 587
f 588 613 589
f 612 613 588
f 590 589 613
f 590 613 614
f 615 602 577
f 615 577 591
f 616 591 592
f 616 615 591
f 617 592 593
f 617 616 592
f 618 593 594
f 618 617 593
f 619 594 595
f 619 618 594
f 595 583 607
f 595 607 619
f 620 609 585
f 620 585 596
f 621 596 597
f 621 620 596
f 622 597 598
f 622 621 597
f 623 598 599
f 623 622 598
f 624 599 600
f 624 623 599
f 600 590 614
f 600 614 624
f 626 625 601
f 626 601 602
f 601 627 603
f 625 627 601
f 603 628 604
f 627 628 603
f 604 629 605
f 628 629 604
f 605 630 606
f 629 630 605
f 607 606 630
f 607 630 631
f 633 632 608
f 633 608 609
f 608 634 610
f 632 634 608
f 610 635 611
f 634 635 610
f 611 636 612
f 635 636 611
f 612 637 613
f 636 637 612
f 614 613 637
f 614 637 638
f 639 626 602
f 639 602 615
f 640 615 616
f 640 639 615
f 641 616 617
f 641 640 616
f 642 617 618
f 642 641 617
f 643 618 619
f 643 642 618
f 619 607 631
f 619 631 643
f 644 633 609
f 644 609 620
f 645 620 621
f 645 644 620
f 646 621 622
f 646 645 621
f 647 622 623
f 647 646 622
f 648 623 624
f 648 647 623
f 624 614 638
f 624 638 648
f 650 649 625
f 650 625 626
f 625 651 627
f 649 651 625
f 627 652 628
f 651 652 627
f 628 653 629
f 652 653 628
f 629 654 630
f 653 654 629
f 631 630 654
f 631 654 655
f 657 656 632
f 657 632 633
f 632 658 634
f 656 658 632
f 634 659 635
f 658 659 634
f 635 660 636
f 659 660 635
f 636 661 637
f 660 661 636
f 638 637 661
f 638 661 662
f 663 650 626
f 663 626 639
f 664 639 640
f 664 663 639
f 665 640 641
f 665 664 640
f 666 641 642
f 666 665 641
f 667 642 643
f 667 666 642
f 643 631 655
f 643 655 667
f 668 657 633
f 668 633 644
f 669 644 645
f 669 668 644
f 670 645 646
f 670 669 645
f 671 646 647
f 671 670 646
f 672 647 648
f 672 671 647
f 648 638 662
f 648 662 672
f 674 673 649
f 674 649 650
f 649 675 651
f 673 675 649
f 651 676 652
f 675 676 651
f 652 677 653
f 676 677 652
f 653 678 654
f 677 678 653
f 655 654 678
f 655 678 679
f 681 680 656
f 681 656 657
f 656 682 658
f 680 682 656
f 658 683 659
f 682 683 658
f 659 684 660
f 683 684 659
f 660 685 661
f 684 685 660
f 662 661 685
f 662 685 686
f 687 674 650
f 687 650 663
f 688 663 664
f 688 687 663
f 689 664 665
f 689 688 664
f 690 665 666
f 690 689 665
f 691 666 667
f 691 690 666
f 667 655 679
f 667 679 691
f 692 681 657
f 692 657 668
f 693 668 669
f 693 692 668
f 694 669 670
f 694 693 669
f 695 670 671
f 695 694 670
f 696 671 672
f 696 695 671
f 672 662 686
f 672 686 696
f 698 697 673
f 698 673 674
f 673 699 675
f 697 699 673
f 675 700 676
f 699 700 675
f 676 701 677
f 700 701 676
f 677 702 678
f 701 702 677
f 679 678 702
f 679 702 703
f 705 704 680
f 705 680 681
f 680 706 682
f 704 706 680
f 682 707 683
f 706 707 682
f 683 708 684
f 707 708 683
f 684 709 685
f 708 709 684
f 686 685 709
f 686 709 710
f 711 698 674
f 711 674 687
f 712 687 688
f 712 711 687
f 713 688 689
f 713 712 688
f 714 689 690
f 714 713 689
f 715 690 691
f 715 714 690
f 691 679 703
f 691 703 715
f 716 705 681
f 716 681 692
f 717 692 693
f 717 716 692
f 718 693 694
f 718 717 693
f 719 694 695
f 719 718 694
f 720 695 696
f 720 719 695
f 696 686 710
f 696 710 720
f 722 721 697
f 722 697 698
f 697 723 699
f 721 723 697
f 699 724 700
f 723 724 699
f 700 725 701
f 724 725 700
f 701 726 702
f 725 726 701
f 728 727 703
f 702 728 703
f 726 728 702
f 729 727 728
f 731 730 704
f 731 704 705
f 704 732 706
f 730 732 704
f 706 733 707
f 732 733 706
f 707 734 708
f 733 734 707
f 708 735 709
f 734 735 708
f 710 709 735
f 710 735 736
f 737 722 698
f 737 698 711
f 738 711 712
f 738 737 711
f 739 712 713
f 739 738 712
f 740 713 714
f 740 739 713
f 741 714 715
f 741 740 714
f 715 703 727
f 742 715 727
f 741 715 742
f 742 727 729
f 743 731 705
f 743 705 716
f 744 716 717
f 744 743 716
f 745 717 718
f 745 744 717
f 746 718 719
f 746 745 718
f 747 719 720
f 747 746 719
f 720 710 736
f 720 736 747
f 749 748 721
f 749 721 722
f 721 750 723
f 748 750 721
f 723 751 724
f 750 751 723
f 724 752 725
f 751 752 724
f 725 753 726
f 752 753 725
f 726 754 728
f 753 754 726
f 729 728 754
f 729 754 755
f 757 756 730
f 757 730 731
f 730 758 732
f 756 758 730
f 732 759 733
f 758 759 732
f 733 760 734
f 759 760 733
f 734 761 735
f 760 761 734
f 736 735 761
f 736 761 762
f 763 749 722
f 763 722 737
f 764 737 738
f 764 763 737
f 765 738 739
f 765 764 738
f 766 739 740
f 766 765 739
f 767 740 741
f 767 766 740
f 768 741 742
f 768 767 741
f 742 729 755
f 742 755 768
f 769 757 731
f 769 731 743
f 770 743 744
f 770 769 743
f 771 744 745
f 771 770 744
f 772 745 746
f 772 771 745
f 773 746 747
f 773 772 746
f 747 736 762
f 747 762 773
f 775 774 748
f 775 748 749
f 748 776 750
f 774 776 748
f 750 777 751
f 776 777 750
f 751 778 752
f 777 778 751
f 752 779 753
f 778 779 752
f 753 780 754
f 779 780 753
f 755 754 780
f 755 780 781
f 783 782 756
f 783 756 757
f 756 784 758
f 782 784 756
f 758 785 759
f 784 785 758
f 759 786 760
f 785 786 759
f 760 787 761
f 786 787 760
f 762 761 787
f 762 787 788
f 789 775 749
f 789 749 763
f 790 763 764
f 790 789 763
f 791 764 765
f 791 790 764
f 792 765 766
f 792 791 765
f 793 766 767
f 793 792 766
f 794 767 768
f 794 793 767
f 768 755 781
f 768 781 794
f 795 783 757
f 795 757 769
f 796 769 770
f 796 795 769
f 797 770 771
f 797 796 770
f 798 771 772
f 798 797 771
f 799 772 773
f 799 798 772
f 773 762 788
f 773 788 799
f 802 801 800
f 774 775 800
f 801 774 800
f 803 774 801
f 774 804 776
f 803 804 774
f 776 805 777
f 804 805 776
f 777 806 778
f 805 806 777
f 778 807 779
f 806 807 778
f 779 808 780
f 807 808 779
f 810 809 781
f 780 810 781
f 808 810 780
f 811 809 810
f 813 812 782
f 813 782 783
f 782 814 784
f 812 814 782
f 784 815 785
f 814 815 784
f 785 816 786
f 815 816 785
f 786 817 787
f 816 817 786
f 788 787 817
f 788 817 818
f 819 802 800
f 819 800 775
f 789 819 775
f 820 819 789
f 821 789 790
f 821 820 789
f 822 790 791
f 822 821 790
f 823 791 792
f 823 822 791
f 824 792 793
f 824 823 792
f 825 793 794
f 825 824 793
f 794 781 809
f 826 794 809
f 825 794 826
f 826 809 811
f 827 813 783
f 827 783 795
f 828 795 796
f 828 827 795
f 829 796 797
f 829 828 796
f 830 797 798
f 830 829 797
f 831 798 799
f 831 830 798
f 799 788 818
f 799 818 831
f 833 832 801
f 833 801 802
f 801 834 803
f 832 834 801
f 803 835 804
f 834 835 803
f 804 836 805
f 835 836 804
f 805 837 806
f 836 837 805
f 806 838 807
f 837 838 806
f 807 839 808
f 838 839 807
f 808 840 810
f 839 840 808
f 811 810 840
f 811 840 841
f 843 842 812
f 843 812 813
f 812 844 814
f 842 844 812
f 814 845 815
f 844 845 814
f 815 846 816
f 845 846 815
f 816 847 817
f 846 847 816
f 818 817 847
f 818 847 848
f 849 833 802
f 849 802 819
f 850 819 820
f 850 849 819
f 851 820 821
f 851 850 820
f 852 821 822
f 852 851 821
f 853 822 823
f 853 852 822
f 854 823 824
f 854 853 823
f 855 824 825
f 855 854 824
f 856 825 826
f 856 855 825
f 826 811 841
f 826 841 856
f 857 843 813
f 857 813 827
f 858 827 828
f 858 857 827
f 859 828 829
f 859 858 828
f 860 829 830
f 860 859 829
f 861 830 831
f 861 860 830
f 831 818 848
f 831 848 861
f 863 862 832
f 863 832 833
f 832 864 834
f 862 864 832
f 834 865 835
f 864 865 834
f 835 866 836
f 865 866 835
f 836 867 837
f 866 867 836
f 837 868 838
f 867 868 837
f 838 869 839
f 868 869 838
f 839 870 840
f 869 870 839
f 872 871 841
f 840 872 841
f 870 872 840
f 873 871 872
f 875 874 842
f 875 842 843
f 842 876 844
f 874 876 842
f 844 877 845
f 876 877 844
f 845 878 846
f 877 878 845
f 846 879 847
f 878 879 846
f 848 847 879
f 848 879 880
f 881 863 833
f 881 833 849
f 882 849 850
f 882 881 849
f 883 850 851
f 883 882 850
f 884 851 852
f 884 883 851
f 885 852 853
f 885 884 852
f 886 853 854
f 886 885 853
f 887 854 855
f 887 886 854
f 888 855 856
f 888 887 855
f 856 841 871
f 889 856 871
f 888 856 889
f 889 871 873
f 890 875 843
f 890 843 857
f 891 857 858
f 891 890 857
f 892 858 859
f 892 891 858
f 893 859 860
f 893 892 859
f 894 860 861
f 894 893 860
f 861 848 880
f 861 880 894
f 863 895 862
f 862 895 896
f 897 862 896
f 864 862 897
f 897 899 898
f 865 897 898
f 864 897 865
f 900 866 865
f 900 865 898
f 901 867 866
f 901 866 900
f 867 901 902
f 903 867 902
f 868 867 903
f 868 904 869
f 903 904 868
f 869 905 870
f 904 905 869
f 870 906 872
f 905 906 870
f 873 872 906
f 873 906 907
f 910 909 908
f 874 875 908
f 909 874 908
f 911 874 909
f 874 912 876
f 911 912 874
f 876 913 877
f 912 913 876
f 877 914 878
f 913 914 877
f 914 916 915
f 879 914 915
f 878 914 879
f 915 880 879
f 881 895 863
f 917 896 895
f 881 917 895
f 882 917 881
f 883 898 899
f 917 883 899
f 882 883 917
f 898 883 884
f 898 884 900
f 900 884 885
f 900 885 901
f 918 902 901
f 885 918 901
f 886 918 885
f 919 886 887
f 919 918 886
f 920 887 888
f 920 919 887
f 921 888 889
f 921 920 888
f 889 873 907
f 889 907 921
f 922 910 908
f 922 908 875
f 890 922 875
f 923 922 890
f 924 890 891
f 924 923 890
f 925 891 892
f 925 924 891
f 926 892 893
f 926 925 892
f 894 915 916
f 926 894 916
f 893 894 926
f 915 894 880
f 928 927 897
f 928 897 896
f 899 897 927
f 899 927 929
f 902 930 903
f 903 930 931
f 932 903 931
f 904 903 932
f 904 933 905
f 932 933 904
f 905 934 906
f 933 934 905
f 907 906 934
f 907 934 935
f 937 936 909
f 937 909 910
f 909 938 911
f 936 938 909
f 911 939 912
f 938 939 911
f 912 940 913
f 939 940 912
f 913 941 914
f 940 941 913
f 916 914 941
f 916 941 942
f 943 928 896
f 943 896 917
f 917 899 929
f 917 929 943
f 918 930 902
f 944 931 930
f 918 944 930
f 919 944 918
f 945 919 920
f 945 944 919
f 946 920 921
f 946 945 920
f 921 907 935
f 921 935 946
f 947 937 910
f 947 910 922
f 948 922 923
f 948 947 922
f 949 923 924
f 949 948 923
f 950 924 925
f 950 949 924
f 951 925 926
f 951 950 925
f 926 916 942
f 926 942 951
f 928 952 927
f 952 929 927
f 931 953 932
f 932 953 954
f 955 932 954
f 933 932 955
f 933 956 934
f 955 956 933
f 958 957 935
f 934 958 935
f 956 958 934
f 959 957 958
f 961 960 936
f 961 936 937
f 936 962 938
f 960 962 936
f 938 963 939
f 962 963 938
f 939 964 940
f 963 964 939
f 940 965 941
f 964 965 940
f 942 941 965
f 942 965 966
f 943 952 928
f 952 943 929
f 944 953 931
f 967 954 953
f 944 967 953
f 945 967 944
f 968 945 946
f 968 967 945
f 946 935 957
f 969 946 957
f 968 946 969
f 969 957 959
f 970 961 937
f 970 937 947
f 971 947 948
f 971 970 947
f 972 948 949
f 972 971 948
f 973 949 950
f 973 972 949
f 974 950 951
f 974 973 950
f 951 942 966
f 951 966 974
f 976 975 955
f 976 955 954
f 955 977 956
f 975 977 955
f 956 978 958
f 977 978 956
f 959 958 978
f 959 978 979
f 981 980 960
f 981 960 961
f 960 982 962
f 980 982 960
f 962 983 963
f 982 983 962
f 963 984 964
f 983 984 963
f 964 985 965
f 984 985 964
f 966 965 985
f 966 985 986
f 987 976 954
f 987 954 967
f 988 967 968
f 988 987 967
f 989 968 969
f 989 988 968
f 969 959 979
f 969 979 989
f 990 981 961
f 990 961 970
f 991 970 971
f 991 990 970
f 992 971 972
f 992 991 971
f 993 972 973
f 993 992 972
f 994 973 974
f 994 993 973
f 974 966 986
f 974 986 994
f 976 995 975
f 975 995 996
f 997 975 996
f 977 975 997
f 977 998 978
f 997 998 977
f 979 978 998
f 979 998 999
f 1001 1000 980
f 1001 980 981
f 980 1002 982
f 1000 1002 980
f 982 1003 983
f 1002 1003 982
f 983 1004 984
f 1003 1004 983
f 984 1005 985
f 1004 1005 984
f 986 985 1005
f 986 1005 1006
f 987 995 976
f 1007 996 995
f 987 1007 995
f 988 1007 987
f 1008 988 989
f 1008 1007 988
f 989 979 999
f 989 999 1008
f 1009 1001 981
f 1009 981 990
f 1010 990 991
f 1010 1009 990
f 1011 991 992
f 1011 1010 991
f 1012 992 993
f 1012 1011 992
f 1013 993 994
f 1013 1012 993
f 994 986 1006
f 994 1006 1013
f 1015 1014 997
f 1015 997 996
f 997 1016 998
f 1014 1016 997
f 1018 1017 999
f 998 1018 999
f 1016 1018 998
f 1020 1019 1017
f 1020 1017 1018
f 1021 1019 1020
f 1024 1023 1022
f 1025 1022 1023
f 1028 1027 1026
f 1000 1001 1026
f 1027 1000 1026
f 1029 1000 1027
f 1000 1030 1002
f 1029 1030 1000
f 1002 1031 1003
f 1030 1031 1002
f 1003 1032 1004
f 1031 1032 1003
f 1004 1033 1005
f 1032 1033 1004
f 1006 1005 1033
f 1006 1033 1034
f 1035 1015 996
f 1035 996 1007
f 1036 1007 1008
f 1036 1035 1007
f 1008 999 1017
f 1037 1008 1017
f 1036 1008 1037
f 1037 1017 1019
f 1037 1019 1038
f 1038 1019 1021
f 1039 1024 1022
f 1039 1022 1025
f 1040 1028 1026
f 1040 1026 1001
f 1009 1040 1001
f 1041 1040 1009
f 1042 1009 1010
f 1042 1041 1009
f 1043 1010 1011
f 1043 1042 1010
f 1044 1011 1012
f 1044 1043 1011
f 1045 1012 1013
f 1045 1044 1012
f 1013 1006 1034
f 1013 1034 1045
f 1047 1046 1014
f 1047 1014 1015
f 1014 1048 1016
f 1046 1048 1014
f 1016 1049 1018
f 1048 1049 1016
f 1018 1050 1020
f 1049 1050 1018
f 1052 1051 1021
f 1020 1052 1021
f 1050 1052 1020
f 1023 1024 1051
f 1052 1023 1051
f 1053 1023 1052
f 1055 1054 1025
f 1023 1055 1025
f 1053 1055 1023
f 1056 1054 1055
f 1058 1057 1027
f 1058 1027 1028
f 1027 1059 1029
f 1057 1059 1027
f 1029 1060 1030
f 1059 1060 1029
f 1030 1061 1031
f 1060 1061 1030
f 1031 1062 1032
f 1061 1062 1031
f 1032 1063 1033
f 1062 1063 1032
f 1034 1033 1063
f 1034 1063 1064
f 1065 1047 1015
f 1065 1015 1035
f 1066 1035 1036
f 1066 1065 1035
f 1067 1036 1037
f 1067 1066 1036
f 1068 1037 1038
f 1068 1067 1037
f 1038 1021 1051
f 1069 1038 1051
f 1068 1038 1069
f 1069 1051 1024
f 1039 1069 1024
f 1070 1069 1039
f 1039 1025 1054
f 1071 1039 1054
f 1070 1039 1071
f 1071 1054 1056
f 1072 1058 1028
f 1072 1028 1040
f 1073 1040 1041
f 1073 1072 1040
f 1074 1041 1042
f 1074 1073 1041
f 1075 1042 1043
f 1075 1074 1042
f 1076 1043 1044
f 1076 1075 1043
f 1077 1044 1045
f 1077 1076 1044
f 1045 1034 1064
f 1045 1064 1077
f 1047 1078 1046
f 1046 1078 1079
f 1080 1046 1079
f 1048 1046 1080
f 1048 1081 1049
f 1080 1081 1048
f 1049 1082 1050
f 1081 1082 1049
f 1050 1083 1052
f 1082 1083 1050
f 1052 1084 1053
f 1083 1084 1052
f 1053 1085 1055
f 1084 1085 1053
f 1087 1086 1056
f 1055 1087 1056
f 1085 1087 1055
f 1057 1058 1086
f 1087 1057 1086
f 1088 1057 1087
f 1057 1089 1059
f 1088 1089 1057
f 1059 1090 1060
f 1089 1090 1059
f 1060 1091 1061
f 1090 1091 1060
f 1061 1092 1062
f 1091 1092 1061
f 1092 1094 1093
f 1063 1092 1093
f 1062 1092 1063
f 1093 1064 1063
f 1065 1078 1047
f 1095 1079 1078
f 1065 1095 1078
f 1066 1095 1065
f 1096 1066 1067
f 1096 1095 1066
f 1097 1067 1068
f 1097 1096 1067
f 1098 1068 1069
f 1098 1097 1068
f 1099 1069 1070
f 1099 1098 1069
f 1100 1070 1071
f 1100 1099 1070
f 1071 1056 1086
f 1101 1071 1086
f 1100 1071 1101
f 1101 1086 1058
f 1072 1101 1058
f 1102 1101 1072
f 1103 1072 1073
f 1103 1102 1072
f 1104 1073 1074
f 1104 1103 1073
f 1105 1074 1075
f 1105 1104 1074
f 1106 1075 1076
f 1106 1105 1075
f 1077 1093 1094
f 1106 1077 1094
f 1076 1077 1106
f 1093 1077 1064
f 1108 1107 1080
f 1108 1080 1079
f 1080 1109 1081
f 1107 1109 1080
f 1081 1110 1082
f 1109 1110 1081
f 1082 1111 1083
f 1110 1111 1082
f 1083 1112 1084
f 1111 1112 1083
f 1084 1113 1085
f 1112 1113 1084
f 1085 1114 1087
f 1113 1114 1085
f 1087 1115 1088
f 1114 1115 1087
f 1088 1116 1089
f 1115 1116 1088
f 1089 1117 1090
f 1116 1117 1089
f 1090 1118 1091
f 1117 1118 1090
f 1091 1119 1092
f 1118 1119 1091
f 1094 1092 1119
f 1094 1119 1120
f 1121 1108 1079
f 1121 1079 1095
f 1122 1095 1096
f 1122 1121 1095
f 1123 1096 1097
f 1123 1122 1096
f 1124 1097 1098
f 1124 1123 1097
f 1125 1098 1099
f 1125 1124 1098
f 1126 1099 1100
f 1126 1125 1099
f 1127 1100 1101
f 1127 1126 1100
f 1128 1101 1102
f 1128 1127 1101
f 1129 1102 1103
f 1129 1128 1102
f 1130 1103 1104
f 1130 1129 1103
f 1131 1104 1105
f 1131 1130 1104
f 1132 1105 1106
f 1132 1131 1105
f 1106 1094 1120
f 1106 1120 1132
f 1134 1133 1107
f 1134 1107 1108
f 1107 1135 1109
f 1133 1135 1107
f 1109 1136 1110
f 1135 1136 1109
f 1110 1137 1111
f 1136 1137 1110
f 1111 1138 1112
f 1137 1138 1111
f 1112 1139 1113
f 1138 1139 1112
f 1113 1140 1114
f 1139 1140 1113
f 1114 1141 1115
f 1140 1141 1114
f 1115 1142 1116
f 1141 1142 1115
f 1116 1143 1117
f 1142 1143 1116
f 1117 1144 1118
f 1143 1144 1117
f 1118 1145 1119
f 1144 1145 1118
f 1120 1119 1145
f 1120 1145 1146
f 1147 1134 1108
f 1147 1108 1121
f 1148 1121 1122
f 1148 1147 1121
f 1149 1122 1123
f 1149 1148 1122
f 1150 1123 1124
f 1150 1149 1123
f 1151 1124 1125
f 1151 1150 1124
f 1152 1125 1126
f 1152 1151 1125
f 1153 1126 1127
f 1153 1152 1126
f 1154 1127 1128
f 1154 1153 1127
f 1155 1128 1129
f 1155 1154 1128
f 1156 1129 1130
f 1156 1155 1129
f 1157 1130 1131
f 1157 1156 1130
f 1158 1131 1132
f 1158 1157 1131
f 1132 1120 1146
f 1132 1146 1158
f 1160 1159 1133
f 1160 1133 1134
f 1133 1161 1135
f 1159 1161 1133
f 1135 1162 1136
f 1161 1162 1135
f 1136 1163 1137
f 1162 1163 1136
f 1137 1164 1138
f 1163 1164 1137
f 1138 1165 1139
f 1164 1165 1138
f 1139 1166 1140
f 1165 1166 1139
f 1140 1167 1141
f 1166 1167 1140
f 1141 1168 1142
f 1167 1168 1141
f 1142 1169 1143
f 1168 1169 1142
f 1143 1170 1144
f 1169 1170 1143
f 1144 1171 1145
f 1170 1171 1144
f 1146 1145 1171
f 1146 1171 1172
f 1173 1160 1134
f 1173 1134 1147
f 1174 1147 1148
f 1174 1173 1147
f 1175 1148 1149
f 1175 1174 1148
f 1176 1149 1150
f 1176 1175 1149
f 1177 1150 1151
f 1177 1176 1150
f 1178 1151 1152
f 1178 1177 1151
f 1179 1152 1153
f 1179 1178 1152
f 1180 1153 1154
f 1180 1179 1153
f 1181 1154 1155
f 1181 1180 1154
f 1182 1155 1156
f 1182 1181 1155
f 1183 1156 1157
f 1183 1182 1156
f 1184 1157 1158
f 1184 1183 1157
f 1158 1146 1172
f 1158 1172 1184
f 1160 1185 1159
f 1159 1185 1186
f 1187 1159 1186
f 1161 1159 1187
f 1161 1188 1162
f 1187 1188 1161
f 1162 1189 1163
f 1188 1189 1162
f 1163 1190 1164
f 1189 1190 1163
f 1164 1191 1165
f 1190 1191 1164
f 1165 1192 1166
f 1191 1192 1165
f 1166 1193 1167
f 1192 1193 1166
f 1167 1194 1168
f 1193 1194 1167
f 1168 1195 1169
f 1194 1195 1168
f 1169 1196 1170
f 1195 1196 1169
f 1170 1197 1171
f 1196 1197 1170
f 1172 1171 1197
f 1172 1197 1198
f 1173 1185 1160
f 1199 1186 1185
f 1173 1199 1185
f 1174 1199 1173
f 1200 1174 1175
f 1200 1199 1174
f 1201 1175 1176
f 1201 1200 1175
f 1202 1176 1177
f 1202 1201 1176
f 1203 1177 1178
f 1203 1202 1177
f 1204 1178 1179
f 1204 1203 1178
f 1205 1179 1180
f 1205 1204 1179
f 1206 1180 1181
f 1206 1205 1180
f 1207 1181 1182
f 1207 1206 1181
f 1208 1182 1183
f 1208 1207 1182
f 1209 1183 1184
f 1209 1208 1183
f 1184 1172 1198
f 1184 1198 1209
f 1211 1210 1187
f 1211 1187 1186
f 1187 1212 1188
f 1210 1212 1187
f 1188 1213 1189
f 1212 1213 1188
f 1189 1214 1190
f 1213 1214 1189
f 1190 1215 1191
f 1214 1215 1190
f 1191 1216 1192
f 1215 1216 1191
f 1192 1217 1193
f 1216 1217 1192
f 1193 1218 1194
f 1217 1218 1193
f 1194 1219 1195
f 1218 1219 1194
f 1195 1220 1196
f 1219 1220 1195
f 1196 1221 1197
f 1220 1221 1196
f 1198 1197 1221
f 1198 1221 1222
f 1223 1211 1186
f 1223 1186 1199
f 1224 1199 1200
f 1224 1223 1199
f 1225 1200 1201
f 1225 1224 1200
f 1226 1201 1202
f 1226 1225 1201
f 1227 1202 1203
f 1227 1226 1202
f 1228 1203 1204
f 1228 1227 1203
f 1229 1204 1205
f 1229 1228 1204
f 1230 1205 1206
f 1230 1229 1205
f 1231 1206 1207
f 1231 1230 1206
f 1232 1207 1208
f 1232 1231 1207
f 1233 1208 1209
f 1233 1232 1208
f 1209 1198 1222
f 1209 1222 1233
f 1235 1234 1210
f 1235 1210 1211
f 1210 1236 1212
f 1234 1236 1210
f 1212 1237 1213
f 1236 1237 1212
f 1213 1238 1214
f 1237 1238 1213
f 1214 1239 1215
f 1238 1239 1214
f 1215 1240 1216
f 1239 1240 1215
f 1216 1241 1217
f 1240 1241 1216
f 1217 1242 1218
f 1241 1242 1217
f 1218 1243 1219
f 1242 1243 1218
f 1219 1244 1220
f 1243 1244 1219
f 1244 1246 1245
f 1221 1244 1245
f 1220 1244 1221
f 1245 1222 1221
f 1247 1235 1211
f 1247 1211 1223
f 1248 1223 1224
f 1248 1247 1223
f 1249 1224 1225
f 1249 1248 1224
f 1250 1225 1226
f 1250 1249 1225
f 1251 1226 1227
f 1251 1250 1226
f 1252 1227 1228
f 1252 1251 1227
f 1253 1228 1229
f 1253 1252 1228
f 1254 1229 1230
f 1254 1253 1229
f 1255 1230 1231
f 1255 1254 1230
f 1256 1231 1232
f 1256 1255 1231
f 1233 1245 1246
f 1256 1233 1246
f 1232 1233 1256
f 1245 1233 1222
f 1258 1257 1234
f 1258 1234 1235
f 1234 1259 1236
f 1257 1259 1234
f 1236 1260 1237
f 1259 1260 1236
f 1237 1261 1238
f 1260 1261 1237
f 1238 1262 1239
f 1261 1262 1238
f 1239 1263 1240
f 1262 1263 1239
f 1240 1264 1241
f 1263 1264 1240
f 1241 1265 1242
f 1264 1265 1241
f 1242 1266 1243
f 1265 1266 1242
f 1243 1267 1244
f 1266 1267 1243
f 1246 1244 1267
f 1246 1267 1268
f 1269 1258 1235
f 1269 1235 1247
f 1270 1247 1248
f 1270 1269 1247
f 1271 1248 1249
f 1271 1270 1248
f 1272 1249 1250
f 1272 1271 1249
f 1273 1250 1251
f 1273 1272 1250
f 1274 1251 1252
f 1274 1273 1251
f 1275 1252 1253
f 1275 1274 1252
f 1276 1253 1254
f 1276 1275 1253
f 1277 1254 1255
f 1277 1276 1254
f 1278 1255 1256
f 1278 1277 1255
f 1256 1246 1268
f 1256 1268 1278
f 1280 1279 1257
f 1280 1257 1258
f 1257 1281 1259
f 1279 1281 1257
f 1259 1282 1260
f 1281 1282 1259
f 1260 1283 1261
f 1282 1283 1260
f 1261 1284 1262
f 1283 1284 1261
f 1262 1285 1263
f 1284 1285 1262
f 1263 1286 1264
f 1285 1286 1263
f 1264 1287 1265
f 1286 1287 1264
f 1265 1288 1266
f 1287 1288 1265
f 1266 1289 1267
f 1288 1289 1266
f 1268 1267 1289
f 1268 1289 1290
f 1291 1280 1258
f 1291 1258 1269
f 1292 1269 1270
f 1292 1291 1269
f 1293 1270 1271
f 1293 1292 1270
f 1294 1271 1272
f 1294 1293 1271
f 1295 1272 1273
f 1295 1294 1272
f 1296 1273 1274
f 1296 1295 1273
f 1297 1274 1275
f 1297 1296 1274
f 1298 1275 1276
f 1298 1297 1275
f 1299 1276 1277
f 1299 1298 1276
f 1300 1277 1278
f 1300 1299 1277
f 1278 1268 1290
f 1278 1290 1300
f 1302 1301 1279
f 1302 1279 1280
f 1279 1303 1281
f 1301 1303 1279
f 1281 1304 1282
f 1303 1304 1281
f 1282 1305 1283
f 1304 1305 1282
f 1283 1306 1284
f 1305 1306 1283
f 1284 1307 1285
f 1306 1307 1284
f 1285 1308 1286
f 1307 1308 1285
f 1286 1309 1287
f 1308 1309 1286
f 1287 1310 1288
f 1309 1310 1287
f 1288 1311 1289
f 1310 1311 1288
f 1290 1289 1311
f 1290 1311 1312
f 1313 1302 1280
f 1313 1280 1291
f 1314 1291 1292
f 1314 1313 1291
f 1315 1292 1293
f 1315 1314 1292
f 1316 1293 1294
f 1316 1315 1293
f 1317 1294 1295
f 1317 1316 1294
f 1318 1295 1296
f 1318 1317 1295
f 1319 1296 1297
f 1319 1318 1296
f 1320 1297 1298
f 1320 1319 1297
f 1321 1298 1299
f 1321 1320 1298
f 1322 1299 1300
f 1322 1321 1299
f 1300 1290 1312
f 1300 1312 1322
f 1324 1323 1301
f 1324 1301 1302
f 1301 1325 1303
f 1323 1325 1301
f 1303 1326 1304
f 1325 1326 1303
f 1304 1327 1305
f 1326 1327 1304
f 1305 1328 1306
f 1327 1328 1305
f 1306 1329 1307
f 1328 1329 1306
f 1307 1330 1308
f 1329 1330 1307
f 1308 1331 1309
f 1330 1331 1308
f 1309 1332 1310
f 1331 1332 1309
f 1310 1333 1311
f 1332 1333 1310
f 1312 1311 1333
f 1312 1333 1334
f 1335 1324 1302
f 1335 1302 1313
f 1336 1313 1314
f 1336 1335 1313
f 1337 1314 1315
f 1337 1336 1314
f 1338 1315 1316
f 1338 1337 1315
f 1339 1316 1317
f 1339 1338 1316
f 1340 1317 1318
f 1340 1339 1317
f 1341 1318 1319
f 1341 1340 1318
f 1342 1319 1320
f 1342 1341 1319
f 1343 1320 1321
f 1343 1342 1320
f 1344 1321 1322
f 1344 1343 1321
f 1322 1312 1334
f 1322 1334 1344
f 1346 1345 1323
f 1346 1323 1324
f 1323 1347 1325
f 1345 1347 1323
f 1325 1348 1326
f 1347 1348 1325
f 1326 1349 1327
f 1348 1349 1326
f 1327 1350 1328
f 1349 1350 1327
f 1328 1351 1329
f 1350 1351 1328
f 1329 1352 1330
f 1351 1352 1329
f 1330 1353 1331
f 1352 1353 1330
f 1331 1354 1332
f 1353 1354 1331
f 1332 1355 1333
f 1354 1355 1332
f 1334 1333 1355
f 1334 1355 1356
f 1357 1346 1324
f 1357 1324 1335
f 1358 1335 1336
f 1358 1357 1335
f 1359 1336 1337
f 1359 1358 1336
f 1360 1337 1338
f 1360 1359 1337
f 1361 1338 1339
f 1361 1360 1338
f 1362 1339 1340
f 1362 1361 1339
f 1363 1340 1341
f 1363 1362 1340
f 1364 1341 1342
f 1364 1363 1341
f 1365 1342 1343
f 1365 1364 1342
f 1366 1343 1344
f 1366 1365 1343
f 1344 1334 1356
f 1344 1356 1366
f 1368 1367 1345
f 1368 1345 1346
f 1345 1369 1347
f 1367 1369 1345
f 1347 1370 1348
f 1369 1370 1347
f 1348 1371 1349
f 1370 1371 1348
f 1349 1372 1350
f 1371 1372 1349
f 1350 1373 1351
f 1372 1373 1350
f 1351 1374 1352
f 1373 1374 1351
f 1352 1375 1353
f 1374 1375 1352
f 1353 1376 1354
f 1375 1376 1353
f 1354 1377 1355
f 1376 1377 1354
f 1356 1355 1377
f 1356 1377 1378
f 1379 1368 1346
f 1379 1346 1357
f 1380 1357 1358
f 1380 1379 1357
f 1381 1358 1359
f 1381 1380 1358
f 1382 1359 1360
f 1382 1381 1359
f 1383 1360 1361
f 1383 1382 1360
f 1384 1361 1362
f 1384 1383 1361
f 1385 1362 1363
f 1385 1384 1362
f 1386 1363 1364
f 1386 1385 1363
f 1387 1364 1365
f 1387 1386 1364
f 1388 1365 1366
f 1388 1387 1365
f 1366 1356 1378
f 1366 1378 1388
f 1390 1389 1367
f 1390 1367 1368
f 1367 1391 1369
f 1389 1391 1367
f 1369 1392 1370
f 1391 1392 1369
f 1370 1393 1371
f 1392 1393 1370
f 1371 1394 1372
f 1393 1394 1371
f 1372 1395 1373
f 1394 1395 1372
f 1373 1396 1374
f 1395 1396 1373
f 1374 1397 1375
f 1396 1397 1374
f 1375 1398 1376
f 1397 1398 1375
f 1376 1399 1377
f 1398 1399 1376
f 1378 1377 1399
f 1378 1399 1400
f 1401 1390 1368
f 1401 1368 1379
f 1402 1379 1380
f 1402 1401 1379
f 1403 1380 1381
f 1403 1402 1380
f 1404 1381 1382
f 1404 1403 1381
f 1405 1382 1383
f 1405 1404 1382
f 1406 1383 1384
f 1406 1405 1383
f 1407 1384 1385
f 1407 1406 1384
f 1408 1385 1386
f 1408 1407 1385
f 1409 1386 1387
f 1409 1408 1386
f 1410 1387 1388
f 1410 1409 1387
f 1388 1378 1400
f 1388 1400 1410
f 1413 1412 1411
f 1389 1390 1411
f 1412 1389 1411
f 1414 1389 1412
f 1389 1415 1391
f 1414 1415 1389
f 1391 1416 1392
f 1415 1416 1391
f 1392 1417 1393
f 1416 1417 1392
f 1393 1418 1394
f 1417 1418 1393
f 1394 1419 1395
f 1418 1419 1394
f 1395 1420 1396
f 1419 1420 1395
f 1396 1421 1397
f 1420 1421 1396
f 1397 1422 1398
f 1421 1422 1397
f 1398 1423 1399
f 1422 1423 1398
f 1400 1399 1423
f 1400 1423 1424
f 1425 1413 1411
f 1425 1411 1390
f 1401 1425 1390
f 1426 1425 1401
f 1427 1401 1402
f 1427 1426 1401
f 1428 1402 1403
f 1428 1427 1402
f 1429 1403 1404
f 1429 1428 1403
f 1430 1404 1405
f 1430 1429 1404
f 1431 1405 1406
f 1431 1430 1405
f 1432 1406 1407
f 1432 1431 1406
f 1433 1407 1408
f 1433 1432 1407
f 1434 1408 1409
f 1434 1433 1408
f 1435 1409 1410
f 1435 1434 1409
f 1410 1400 1424
f 1410 1424 1435
f 1437 1436 1412
f 1437 1412 1413
f 1412 1438 1414
f 1436 1438 1412
f 1414 1439 1415
f 1438 1439 1414
f 1415 1440 1416
f 1439 1440 1415
f 1416 1441 1417
f 1440 1441 1416
f 1417 1442 1418
f 1441 1442 1417
f 1418 1443 1419
f 1442 1443 1418
f 1419 1444 1420
f 1443 1444 1419
f 1420 1445 1421
f 1444 1445 1420
f 1421 1446 1422
f 1445 1446 1421
f 1422 1447 1423
f 1446 1447 1422
f 1424 1423 1447
f 1424 1447 1448
f 1449 1437 1413
f 1449 1413 1425
f 1450 1425 1426
f 1450 1449 1425
f 1451 1426 1427
f 1451 1450 1426
f 1452 1427 1428
f 1452 1451 1427
f 1453 1428 1429
f 1453 1452 1428
f 1454 1429 1430
f 1454 1453 1429
f 1455 1430 1431
f 1455 1454 1430
f 1456 1431 1432
f 1456 1455 1431
f 1457 1432 1433
f 1457 1456 1432
f 1458 1433 1434
f 1458 1457 1433
f 1459 1434 1435
f 1459 1458 1434
f 1435 1424 1448
f 1435 1448 1459
f 1461 1460 1436
f 1461 1436 1437
f 1436 1462 1438
f 1460 1462 1436
f 1438 1463 1439
f 1462 1463 1438
f 1439 1464 1440
f 1463 1464 1439
f 1440 1465 1441
f 1464 1465 1440
f 1441 1466 1442
f 1465 1466 1441
f 1442 1467 1443
f 1466 1467 1442
f 1443 1468 1444
f 1467 1468 1443
f 1444 1469 1445
f 1468 1469 1444
f 1445 1470 1446
f 1469 1470 1445
f 1446 1471 1447
f 1470 1471 1446
f 1448 1447 1471
f 1448 1471 1472
f 1473 1461 1437
f 1473 1437 1449
f 1474 1449 1450
f 1474 1473 1449
f 1475 1450 1451
f 1475 1474 1450
f 1476 1451 1452
f 1476 1475 1451
f 1477 1452 1453
f 1477 1476 1452
f 1478 1453 1454
f 1478 1477 1453
f 1479 1454 1455
f 1479 1478 1454
f 1480 1455 1456
f 1480 1479 1455
f 1481 1456 1457
f 1481 1480 1456
f 1482 1457 1458
f 1482 1481 1457
f 1483 1458 1459
f 1483 1482 1458
f 1459 1448 1472
f 1459 1472 1483
f 1485 1484 1460
f 1485 1460 1461
f 1460 1486 1462
f 1484 1486 1460
f 1462 1487 1463
f 1486 1487 1462
f 1463 1488 1464
f 1487 1488 1463
f 1464 1489 1465
f 1488 1489 1464
f 1465 1490 1466
f 1489 1490 1465
f 1466 1491 1467
f 1490 1491 1466
f 1467 1492 1468
f 1491 1492 1467
f 1468 1493 1469
f 1492 1493 1468
f 1469 1494 1470
f 1493 1494 1469
f 1470 1495 1471
f 1494 1495 1470
f 1497 1496 1472
f 1471 1497 1472
f 1495 1497 1471
f 1498 1496 1497
f 1499 1485 1461
f 1499 1461 1473
f 1500 1473 1474
f 1500 1499 1473
f 1501 1474 1475
f 1501 1500 1474
f 1502 1475 1476
f 1502 1501 1475
f 1503 1476 1477
f 1503 1502 1476
f 1504 1477 1478
f 1504 1503 1477
f 1505 1478 1479
f 1505 1504 1478
f 1506 1479 1480
f 1506 1505 1479
f 1507 1480 1481
f 1507 1506 1480
f 1508 1481 1482
f 1508 1507 1481
f 1509 1482 1483
f 1509 1508 1482
f 1483 1472 1496
f 1510 1483 1496
f 1509 1483 1510
f 1510 1496 1498
f 1512 1511 1484
f 1512 1484 1485
f 1484 1513 1486
f 1511 1513 1484
f 1486 1514 1487
f 1513 1514 1486
f 1487 1515 1488
f 1514 1515 1487
f 1488 1516 1489
f 1515 1516 1488
f 1489 1517 1490
f 1516 1517 1489
f 1490 1518 1491
f 1517 1518 1490
f 1491 1519 1492
f 1518 1519 1491
f 1492 1520 1493
f 1519 1520 1492
f 1493 1521 1494
f 1520 1521 1493
f 1494 1522 1495
f 1521 1522 1494
f 1495 1523 1497
f 1522 1523 1495
f 1498 1497 1523
f 1498 1523 1524
f 1525 1512 1485
f 1525 1485 1499
f 1526 1499 1500
f 1526 1525 1499
f 1527 1500 1501
f 1527 1526 1500
f 1528 1501 1502
f 1528 1527 1501
f 1529 1502 1503
f 1529 1528 1502
f 1530 1503 1504
f 1530 1529 1503
f 1531 1504 1505
f 1531 1530 1504
f 1532 1505 1506
f 1532 1531 1505
f 1533 1506 1507
f 1533 1532 1506
f 1534 1507 1508
f 1534 1533 1507
f 1535 1508 1509
f 1535 1534 1508
f 1536 1509 1510
f 1536 1535 1509
f 1510 1498 1524
f 1510 1524 1536
f 1539 1538 1537
f 1511 1512 1537
f 1538 1511 1537
f 1540 1511 1538
f 1511 1541 1513
f 1540 1541 1511
f 1513 1542 1514
f 1541 1542 1513
f 1514 1543 1515
f 1542 1543 1514
f 1515 1544 1516
f 1543 1544 1515
f 1544 1546 1545
f 1517 1544 1545
f 1516 1544 1517
f 1547 1518 1517
f 1547 1517 1545
f 1518 1547 1548
f 1549 1518 1548
f 1519 1518 1549
f 1519 1550 1520
f 1549 1550 1519
f 1520 1551 1521
f 1550 1551 1520
f 1521 1552 1522
f 1551 1552 1521
f 1522 1553 1523
f 1552 1553 1522
f 1524 1523 1553
f 1524 1553 1554
f 1555 1539 1537
f 1555 1537 1512
f 1525 1555 1512
f 1556 1555 1525
f 1557 1525 1526
f 1557 1556 1525
f 1558 1526 1527
f 1558 1557 1526
f 1559 1527 1528
f 1559 1558 1527
f 1560 1528 1529
f 1560 1559 1528
f 1530 1545 1546
f 1560 1530 1546
f 1529 1530 1560
f 1545 1530 1531
f 1545 1531 1547
f 1561 1548 1547
f 1531 1561 1547
f 1532 1561 1531
f 1562 1532 1533
f 1562 1561 1532
f 1563 1533 1534
f 1563 1562 1533
f 1564 1534 1535
f 1564 1563 1534
f 1565 1535 1536
f 1565 1564 1535
f 1536 1524 1554
f 1536 1554 1565
f 1567 1566 1538
f 1567 1538 1539
f 1538 1568 1540
f 1566 1568 1538
f 1540 1569 1541
f 1568 1569 1540
f 1541 1570 1542
f 1569 1570 1541
f 1542 1571 1543
f 1570 1571 1542
f 1571 1573 1572
f 1544 1571 1572
f 1543 1571 1544
f 1572 1546 1544
f 1548 1574 1549
f 1549 1574 1575
f 1576 1549 1575
f 1550 1549 1576
f 1550 1577 1551
f 1576 1577 1550
f 1551 1578 1552
f 1577 1578 1551
f 1552 1579 1553
f 1578 1579 1552
f 1554 1553 1579
f 1554 1579 1580
f 1581 1567 1539
f 1581 1539 1555
f 1582 1555 1556
f 1582 1581 1555
f 1583 1556 1557
f 1583 1582 1556
f 1584 1557 1558
f 1584 1583 1557
f 1585 1558 1559
f 1585 1584 1558
f 1560 1572 1573
f 1585 1560 1573
f 1559 1560 1585
f 1572 1560 1546
f 1561 1574 1548
f 1586 1575 1574
f 1561 1586 1574
f 1562 1586 1561
f 1587 1562 1563
f 1587 1586 1562
f 1588 1563 1564
f 1588 1587 1563
f 1589 1564 1565
f 1589 1588 1564
f 1565 1554 1580
f 1565 1580 1589
f 1591 1590 1566
f 1591 1566 1567
f 1566 1592 1568
f 1590 1592 1566
f 1568 1593 1569
f 1592 1593 1568
f 1593 1595 1594
f 1570 1593 1594
f 1569 1593 1570
f 1596 1571 1570
f 1596 1570 1594
f 1596 1573 1571
f 1598 1597 1576
f 1598 1576 1575
f 1576 1599 1577
f 1597 1599 1576
f 1577 1600 1578
f 1599 1600 1577
f 1578 1601 1579
f 1600 1601 1578
f 1580 1579 1601
f 1580 1601 1602
f 1603 1591 1567
f 1603 1567 1581
f 1604 1581 1582
f 1604 1603 1581
f 1605 1582 1583
f 1605 1604 1582
f 1584 1594 1595
f 1605 1584 1595
f 1583 1584 1605
f 1594 1584 1585
f 1594 1585 1596
f 1596 1585 1573
f 1606 1598 1575
f 1606 1575 1586
f 1607 1586 1587
f 1607 1606 1586
f 1608 1587 1588
f 1608 1607 1587
f 1609 1588 1589
f 1609 1608 1588
f 1589 1580 1602
f 1589 1602 1609
f 1612 1611 1610
f 1613 1610 1611
f 1616 1615 1614
f 1590 1591 1614
f 1615 1590 1614
f 1617 1590 1615
f 1590 1618 1592
f 1617 1618 1590
f 1592 1619 1593
f 1618 1619 1592
f 1595 1593 1619
f 1595 1619 1620
f 1622 1621 1597
f 1622 1597 1598
f 1597 1623 1599
f 1621 1623 1597
f 1599 1624 1600
f 1623 1624 1599
f 1600 1625 1601
f 1624 1625 1600
f 1602 1601 1625
f 1602 1625 1626
f 1627 1612 1610
f 1627 1610 1613
f 1628 1616 1614
f 1628 1614 1591
f 1603 1628 1591
f 1629 1628 1603
f 1630 1603 1604
f 1630 1629 1603
f 1631 1604 1605
f 1631 1630 1604
f 1605 1595 1620
f 1605 1620 1631
f 1632 1622 1598
f 1632 1598 1606
f 1633 1606 1607
f 1633 1632 1606
f 1634 1607 1608
f 1634 1633 1607
f 1635 1608 1609
f 1635 1634 1608
f 1609 1602 1626
f 1609 1626 1635
f 1637 1636 1611
f 1637 1611 1612
f 1613 1611 1636
f 1613 1636 1638
f 1640 1639 1615
f 1640 1615 1616
f 1615 1641 1617
f 1639 1641 1615
f 1617 1642 1618
f 1641 1642 1617
f 1642 1644 1643
f 1619 1642 1643
f 1618 1642 1619
f 1643 1620 1619
f 1622 1645 1621
f 1621 1645 1646
f 1647 1621 1646
f 1623 1621 1647
f 1623 1648 1624
f 1647 1648 1623
f 1624 1649 1625
f 1648 1649 1624
f 1626 1625 1649
f 1626 1649 1650
f 1651 1637 1612
f 1651 1612 1627
f 1627 1613 1638
f 1627 1638 1651
f 1652 1640 1616
f 1652 1616 1628
f 1653 1628 1629
f 1653 1652 1628
f 1654 1629 1630
f 1654 1653 1629
f 1631 1643 1644
f 1654 1631 1644
f 1630 1631 1654
f 1643 1631 1620
f 1632 1645 1622
f 1655 1646 1645
f 1632 1655 1645
f 1633 1655 1632
f 1656 1633 1634
f 1656 1655 1633
f 1657 1634 1635
f 1657 1656 1634
f 1635 1626 1650
f 1635 1650 1657
f 1659 1658 1636
f 1659 1636 1637
f 1661 1660 1638
f 1636 1661 1638
f 1658 1661 1636
f 1662 1660 1661
f 1665 1664 1663
f 1639 1640 1663
f 1664 1639 1663
f 1666 1639 1664
f 1639 1667 1641
f 1666 1667 1639
f 1667 1669 1668
f 1642 1667 1668
f 1641 1667 1642
f 1668 1644 1642
f 1671 1670 1647
f 1671 1647 1646
f 1647 1672 1648
f 1670 1672 1647
f 1648 1673 1649
f 1672 1673 1648
f 1650 1649 1673
f 1650 1673 1674
f 1675 1659 1637
f 1675 1637 1651
f 1651 1638 1660
f 1676 1651 1660
f 1675 1651 1676
f 1676 1660 1662
f 1677 1665 1663
f 1677 1663 1640
f 1652 1677 1640
f 1678 1677 1652
f 1679 1652 1653
f 1679 1678 1652
f 1654 1668 1669
f 1679 1654 1669
f 1653 1654 1679
f 1668 1654 1644
f 1680 1671 1646
f 1680 1646 1655
f 1681 1655 1656
f 1681 1680 1655
f 1682 1656 1657
f 1682 1681 1656
f 1657 1650 1674
f 1657 1674 1682
f 1684 1683 1658
f 1684 1658 1659
f 1658 1685 1661
f 1683 1685 1658
f 1662 1661 1685
f 1662 1685 1686
f 1688 1687 1664
f 1688 1664 1665
f 1664 1689 1666
f 1687 1689 1664
f 1666 1690 1667
f 1689 1690 1666
f 1669 1667 1690
f 1669 1690 1691
f 1693 1692 1670
f 1693 1670 1671
f 1670 1694 1672
f 1692 1694 1670
f 1672 1695 1673
f 1694 1695 1672
f 1674 1673 1695
f 1674 1695 1696
f 1697 1684 1659
f 1697 1659 1675
f 1698 1675 1676
f 1698 1697 1675
f 1676 1662 1686
f 1676 1686 1698
f 1699 1688 1665
f 1699 1665 1677
f 1700 1677 1678
f 1700 1699 1677
f 1701 1678 1679
f 1701 1700 1678
f 1679 1669 1691
f 1679 1691 1701
f 1702 1693 1671
f 1702 1671 1680
f 1703 1680 1681
f 1703 1702 1680
f 1704 1681 1682
f 1704 1703 1681
f 1682 1674 1696
f 1682 1696 1704
f 1707 1706 1705
f 1683 1684 1705
f 1706 1683 1705
f 1708 1683 1706
f 1683 1709 1685
f 1708 1709 1683
f 1686 1685 1709
f 1686 1709 1710
f 1713 1712 1711
f 1687 1688 1711
f 1712 1687 1711
f 1714 1687 1712
f 1687 1715 1689
f 1714 1715 1687
f 1689 1716 1690
f 1715 1716 1689
f 1691 1690 1716
f 1691 1716 1717
f 1719 1718 1692
f 1719 1692 1693
f 1692 1720 1694
f 1718 1720 1692
f 1694 1721 1695
f 1720 1721 1694
f 1696 1695 1721
f 1696 1721 1722
f 1723 1707 1705
f 1723 1705 1684
f 1697 1723 1684
f 1724 1723 1697
f 1725 1697 1698
f 1725 1724 1697
f 1698 1686 1710
f 1698 1710 1725
f 1726 1713 1711
f 1726 1711 1688
f 1699 1726 1688
f 1727 1726 1699
f 1728 1699 1700
f 1728 1727 1699
f 1729 1700 1701
f 1729 1728 1700
f 1701 1691 1717
f 1701 1717 1729
f 1730 1719 1693
f 1730 1693 1702
f 1731 1702 1703
f 1731 1730 1702
f 1732 1703 1704
f 1732 1731 1703
f 1704 1696 1722
f 1704 1722 1732
f 1734 1733 1706
f 1734 1706 1707
f 1706 1735 1708
f 1733 1735 1706
f 1708 1736 1709
f 1735 1736 1708
f 1710 1709 1736
f 1710 1736 1737
f 1739 1738 1712
f 1739 1712 1713
f 1712 1740 1714
f 1738 1740 1712
f 1714 1741 1715
f 1740 1741 1714
f 1715 1742 1716
f 1741 1742 1715
f 1717 1716 1742
f 1717 1742 1743
f 1745 1744 1718
f 1745 1718 1719
f 1718 1746 1720
f 1744 1746 1718
f 1720 1747 1721
f 1746 1747 1720
f 1722 1721 1747
f 1722 1747 1748
f 1749 1734 1707
f 1749 1707 1723
f 1750 1723 1724
f 1750 1749 1723
f 1751 1724 1725
f 1751 1750 1724
f 1725 1710 1737
f 1725 1737 1751
f 1752 1739 1713
f 1752 1713 1726
f 1753 1726 1727
f 1753 1752 1726
f 1754 1727 1728
f 1754 1753 1727
f 1755 1728 1729
f 1755 1754 1728
f 1729 1717 1743
f 1729 1743 1755
f 1756 1745 1719
f 1756 1719 1730
f 1757 1730 1731
f 1757 1756 1730
f 1758 1731 1732
f 1758 1757 1731
f 1732 1722 1748
f 1732 1748 1758
f 1760 1759 1733
f 1760 1733 1734
f 1733 1761 1735
f 1759 1761 1733
f 1761 1763 1762
f 1736 1761 1762
f 1735 1761 1736
f 1762 1737 1736
f 1765 1764 1738
f 1765 1738 1739
f 1738 1766 1740
f 1764 1766 1738
f 1740 1767 1741
f 1766 1767 1740
f 1741 1768 1742
f 1767 1768 1741
f 1743 1742 1768
f 1743 1768 1769
f 1771 1770 1744
f 1771 1744 1745
f 1744 1772 1746
f 1770 1772 1744
f 1746 1773 1747
f 1772 1773 1746
f 1748 1747 1773
f 1748 1773 1774
f 1775 1760 1734
f 1775 1734 1749
f 1776 1749 1750
f 1776 1775 1749
f 1751 1762 1763
f 1776 1751 1763
f 1750 1751 1776
f 1762 1751 1737
f 1777 1765 1739
f 1777 1739 1752
f 1778 1752 1753
f 1778 1777 1752
f 1779 1753 1754
f 1779 1778 1753
f 1780 1754 1755
f 1780 1779 1754
f 1755 1743 1769
f 1755 1769 1780
f 1781 1771 1745
f 1781 1745 1756
f 1782 1756 1757
f 1782 1781 1756
f 1783 1757 1758
f 1783 1782 1757
f 1758 1748 1774
f 1758 1774 1783
f 1760 1784 1759
f 1759 1784 1785
f 1786 1759 1785
f 1761 1759 1786
f 1763 1761 1786
f 1763 1786 1787
f 1765 1788 1764
f 1764 1788 1789
f 1790 1764 1789
f 1766 1764 1790
f 1766 1791 1767
f 1790 1791 1766
f 1767 1792 1768
f 1791 1792 1767
f 1769 1768 1792
f 1769 1792 1793
f 1795 1794 1770
f 1795 1770 1771
f 1770 1796 1772
f 1794 1796 1770
f 1772 1797 1773
f 1796 1797 1772
f 1774 1773 1797
f 1774 1797 1798
f 1775 1784 1760
f 1799 1785 1784
f 1775 1799 1784
f 1776 1799 1775
f 1776 1763 1787
f 1776 1787 1799
f 1777 1788 1765
f 1800 1789 1788
f 1777 1800 1788
f 1778 1800 1777
f 1801 1778 1779
f 1801 1800 1778
f 1802 1779 1780
f 1802 1801 1779
f 1780 1769 1793
f 1780 1793 1802
f 1803 1795 1771
f 1803 1771 1781
f 1804 1781 1782
f 1804 1803 1781
f 1805 1782 1783
f 1805 1804 1782
f 1783 1774 1798
f 1783 1798 1805
f 1785 1806 1786
f 1806 1787 1786
f 1808 1807 1790
f 1808 1790 1789
f 1790 1809 1791
f 1807 1809 1790
f 1791 1810 1792
f 1809 1810 1791
f 1793 1792 1810
f 1793 1810 1811
f 1814 1813 1812
f 1794 1795 1812
f 1813 1794 1812
f 1815 1794 1813
f 1794 1816 1796
f 1815 1816 1794
f 1796 1817 1797
f 1816 1817 1796
f 1798 1797 1817
f 1798 1817 1818
f 1799 1806 1785
f 1806 1799 1787
f 1819 1808 1789
f 1819 1789 1800
f 1820 1800 1801
f 1820 1819 1800
f 1821 1801 1802
f 1821 1820 1801
f 1802 1793 1811
f 1802 1811 1821
f 1822 1814 1812
f 1822 1812 1795
f 1803 1822 1795
f 1823 1822 1803
f 1824 1803 1804
f 1824 1823 1803
f 1825 1804 1805
f 1825 1824 1804
f 1805 1798 1818
f 1805 1818 1825
f 1827 1826 1807
f 1827 1807 1808
f 1807 1828 1809
f 1826 1828 1807
f 1809 1829 1810
f 1828 1829 1809
f 1811 1810 1829
f 1811 1829 1830
f 1832 1831 1813
f 1832 1813 1814
f 1813 1833 1815
f 1831 1833 1813
f 1815 1834 1816
f 1833 1834 1815
f 1816 1835 1817
f 1834 1835 1816
f 1818 1817 1835
f 1818 1835 1836
f 1837 1827 1808
f 1837 1808 1819
f 1838 1819 1820
f 1838 1837 1819
f 1839 1820 1821
f 1839 1838 1820
f 1821 1811 1830
f 1821 1830 1839
f 1840 1832 1814
f 1840 1814 1822
f 1841 1822 1823
f 1841 1840 1822
f 1842 1823 1824
f 1842 1841 1823
f 1843 1824 1825
f 1843 1842 1824
f 1825 1818 1836
f 1825 1836 1843
f 1846 1845 1844
f 1826 1827 1844
f 1845 1826 1844
f 1847 1826 1845
f 1826 1848 1828
f 1847 1848 1826
f 1848 1850 1849
f 1829 1848 1849
f 1828 1848 1829
f 1849 1830 1829
f 1852 1851 1831
f 1852 1831 1832
f 1831 1853 1833
f 1851 1853 1831
f 1833 1854 1834
f 1853 1854 1833
f 1834 1855 1835
f 1854 1855 1834
f 1836 1835 1855
f 1836 1855 1856
f 1857 1846 1844
f 1857 1844 1827
f 1837 1857 1827
f 1858 1857 1837
f 1859 1837 1838
f 1859 1858 1837
f 1839 1849 1850
f 1859 1839 1850
f 1838 1839 1859
f 1849 1839 1830
f 1860 1852 1832
f 1860 1832 1840
f 1861 1840 1841
f 1861 1860 1840
f 1862 1841 1842
f 1862 1861 1841
f 1863 1842 1843
f 1863 1862 1842
f 1843 1836 1856
f 1843 1856 1863
f 1865 1864 1845
f 1865 1845 1846
f 1845 1866 1847
f 1864 1866 1845
f 1847 1867 1848
f 1866 1867 1847
f 1850 1848 1867
f 1850 1867 1868
f 1870 1869 1851
f 1870 1851 1852
f 1851 1871 1853
f 1869 1871 1851
f 1853 1872 1854
f 1871 1872 1853
f 1854 1873 1855
f 1872 1873 1854
f 1856 1855 1873
f 1856 1873 1874
f 1875 1865 1846
f 1875 1846 1857
f 1876 1857 1858
f 1876 1875 1857
f 1877 1858 1859
f 1877 1876 1858
f 1859 1850 1868
f 1859 1868 1877
f 1878 1870 1852
f 1878 1852 1860
f 1879 1860 1861
f 1879 1878 1860
f 1880 1861 1862
f 1880 1879 1861
f 1881 1862 1863
f 1881 1880 1862
f 1863 1856 1874
f 1863 1874 1881
f 1884 1883 1882
f 1885 1882 1883
f 1888 1887 1886
f 1864 1865 1886
f 1887 1864 1886
f 1889 1864 1887
f 1864 1890 1866
f 1889 1890 1864
f 1866 1891 1867
f 1890 1891 1866
f 1868 1867 1891
f 1868 1891 1892
f 1894 1893 1869
f 1894 1869 1870
f 1869 1895 1871
f 1893 1895 1869
f 1871 1896 1872
f 1895 1896 1871
f 1896 1898 1897
f 1873 1896 1897
f 1872 1896 1873
f 1897 1874 1873
f 1899 1884 1882
f 1899 1882 1885
f 1900 1888 1886
f 1900 1886 1865
f 1875 1900 1865
f 1901 1900 1875
f 1902 1875 1876
f 1902 1901 1875
f 1903 1876 1877
f 1903 1902 1876
f 1877 1868 1892
f 1877 1892 1903
f 1904 1894 1870
f 1904 1870 1878
f 1905 1878 1879
f 1905 1904 1878
f 1906 1879 1880
f 1906 1905 1879
f 1881 1897 1898
f 1906 1881 1898
f 1880 1881 1906
f 1897 1881 1874
f 1908 1907 1883
f 1908 1883 1884
f 1910 1909 1885
f 1883 1910 1885
f 1907 1910 1883
f 1912 1911 1909
f 1912 1909 1910
f 1887 1888 1911
f 1912 1887 1911
f 1913 1887 1912
f 1887 1914 1889
f 1913 1914 1887
f 1889 1915 1890
f 1914 1915 1889
f 1890 1916 1891
f 1915 1916 1890
f 1892 1891 1916
f 1892 1916 1917
f 1919 1918 1893
f 1919 1893 1894
f 1893 1920 1895
f 1918 1920 1893
f 1895 1921 1896
f 1920 1921 1895
f 1898 1896 1921
f 1898 1921 1922
f 1923 1908 1884
f 1923 1884 1899
f 1899 1885 1909
f 1924 1899 1909
f 1923 1899 1924
f 1924 1909 1911
f 1924 1911 1925
f 1925 1911 1888
f 1900 1925 1888
f 1926 1925 1900
f 1927 1900 1901
f 1927 1926 1900
f 1928 1901 1902
f 1928 1927 1901
f 1929 1902 1903
f 1929 1928 1902
f 1903 1892 1917
f 1903 1917 1929
f 1930 1919 1894
f 1930 1894 1904
f 1931 1904 1905
f 1931 1930 1904
f 1932 1905 1906
f 1932 1931 1905
f 1906 1898 1922
f 1906 1922 1932
f 1934 1933 1907
f 1934 1907 1908
f 1907 1935 1910
f 1933 1935 1907
f 1910 1936 1912
f 1935 1936 1910
f 1912 1937 1913
f 1936 1937 1912
f 1913 1938 1914
f 1937 1938 1913
f 1914 1939 1915
f 1938 1939 1914
f 1915 1940 1916
f 1939 1940 1915
f 1917 1916 1940
f 1917 1940 1941
f 1943 1942 1918
f 1943 1918 1919
f 1918 1944 1920
f 1942 1944 1918
f 1920 1945 1921
f 1944 1945 1920
f 1922 1921 1945
f 1922 1945 1946
f 1947 1934 1908
f 1947 1908 1923
f 1948 1923 1924
f 1948 1947 1923
f 1949 1924 1925
f 1949 1948 1924
f 1950 1925 1926
f 1950 1949 1925
f 1951 1926 1927
f 1951 1950 1926
f 1952 1927 1928
f 1952 1951 1927
f 1953 1928 1929
f 1953 1952 1928
f 1929 1917 1941
f 1929 1941 1953
f 1954 1943 1919
f 1954 1919 1930
f 1955 1930 1931
f 1955 1954 1930
f 1956 1931 1932
f 1956 1955 1931
f 1932 1922 1946
f 1932 1946 1956
f 1958 1957 1933
f 1958 1933 1934
f 1933 1959 1935
f 1957 1959 1933
f 1959 1961 1960
f 1936 1959 1960
f 1935 1959 1936
f 1962 1937 1936
f 1962 1936 1960
f 1937 1962 1963
f 1964 1937 1963
f 1938 1937 1964
f 1938 1965 1939
f 1964 1965 1938
f 1939 1966 1940
f 1965 1966 1939
f 1941 1940 1966
f 1941 1966 1967
f 1969 1968 1942
f 1969 1942 1943
f 1942 1970 1944
f 1968 1970 1942
f 1944 1971 1945
f 1970 1971 1944
f 1946 1945 1971
f 1946 1971 1972
f 1973 1958 1934
f 1973 1934 1947
f 1974 1947 1948
f 1974 1973 1947
f 1949 1960 1961
f 1974 1949 1961
f 1948 1949 1974
f 1960 1949 1950
f 1960 1950 1962
f 1975 1963 1962
f 1950 1975 1962
f 1951 1975 1950
f 1976 1951 1952
f 1976 1975 1951
f 1977 1952 1953
f 1977 1976 1952
f 1953 1941 1967
f 1953 1967 1977
f 1978 1969 1943
f 1978 1943 1954
f 1979 1954 1955
f 1979 1978 1954
f 1980 1955 1956
f 1980 1979 1955
f 1956 1946 1972
f 1956 1972 1980
f 1982 1981 1957
f 1982 1957 1958
f 1981 1984 1983
f 1959 1981 1983
f 1957 1981 1959
f 1983 1961 1959
f 1963 1985 1964
f 1964 1985 1986
f 1987 1964 1986
f 1965 1964 1987
f 1965 1988 1966
f 1987 1988 1965
f 1967 1966 1988
f 1967 1988 1989
f 1991 1990 1968
f 1991 1968 1969
f 1968 1992 1970
f 1990 1992 1968
f 1970 1993 1971
f 1992 1993 1970
f 1995 1994 1972
f 1971 1995 1972
f 1993 1995 1971
f 1996 1994 1995
f 1997 1982 1958
f 1997 1958 1973
f 1974 1983 1984
f 1997 1974 1984
f 1973 1974 1997
f 1983 1974 1961
f 1975 1985 1963
f 1998 1986 1985
f 1975 1998 1985
f 1976 1998 1975
f 1999 1976 1977
f 1999 1998 1976
f 1977 1967 1989
f 1977 1989 1999
f 2000 1991 1969
f 2000 1969 1978
f 2001 1978 1979
f 2001 2000 1978
f 2002 1979 1980
f 2002 2001 1979
f 1980 1972 1994
f 2003 1980 1994
f 2002 1980 2003
f 2003 1994 1996
f 2005 2004 1981
f 2005 1981 1982
f 1984 1981 2004
f 1984 2004 2006
f 1986 2007 1987
f 2008 1988 1987
f 2008 1987 2007
f 2008 1989 1988
f 2010 2009 1990
f 2010 1990 1991
f 1990 2011 1992
f 2009 2011 1990
f 1992 2012 1993
f 2011 2012 1992
f 1993 2013 1995
f 2012 2013 1993
f 1996 1995 2013
f 1996 2013 2014
f 2015 2005 1982
f 2015 1982 1997
f 1997 1984 2006
f 1997 2006 2015
f 1998 2007 1986
f 2007 1998 1999
f 2007 1999 2008
f 2008 1999 1989
f 2016 2010 1991
f 2016 1991 2000
f 2017 2000 2001
f 2017 2016 2000
f 2018 2001 2002
f 2018 2017 2001
f 2019 2002 2003
f 2019 2018 2002
f 2003 1996 2014
f 2003 2014 2019
f 2005 2020 2004
f 2006 2004 2020
f 2023 2022 2021
f 2024 2023 2021
f 2026 2025 2009
f 2026 2009 2010
f 2009 2027 2011
f 2025 2027 2009
f 2011 2028 2012
f 2027 2028 2011
f 2012 2029 2013
f 2028 2029 2012
f 2014 2013 2029
f 2014 2029 2030
f 2015 2020 2005
f 2023 2031 2022
f 2006 2020 2015
f 2031 2023 2024
f 2032 2026 2010
f 2032 2010 2016
f 2033 2016 2017
f 2033 2032 2016
f 2034 2017 2018
f 2034 2033 2017
f 2035 2018 2019
f 2035 2034 2018
f 2019 2014 2030
f 2019 2030 2035
f 2037 2036 2021
f 2037 2021 2022
f 2024 2021 2036
f 2024 2036 2038
f 2040 2039 2025
f 2040 2025 2026
f 2025 2041 2027
f 2039 2041 2025
f 2027 2042 2028
f 2041 2042 2027
f 2042 2044 2043
f 2029 2042 2043
f 2028 2042 2029
f 2043 2030 2029
f 2045 2037 2022
f 2045 2022 2031
f 2031 2024 2038
f 2031 2038 2045
f 2046 2040 2026
f 2046 2026 2032
f 2047 2032 2033
f 2047 2046 2032
f 2048 2033 2034
f 2048 2047 2033
f 2035 2043 2044
f 2048 2035 2044
f 2034 2035 2048
f 2043 2035 2030
f 2037 2049 2036
f 2038 2036 2049
f 2052 2051 2050
f 2053 2052 2050
f 2056 2055 2054
f 2039 2040 2054
f 2055 2039 2054
f 2057 2039 2055
f 2039 2058 2041
f 2057 2058 2039
f 2041 2059 2042
f 2058 2059 2041
f 2044 2042 2059
f 2044 2059 2060
f 2045 2049 2037
f 2052 2061 2051
f 2038 2049 2045
f 2061 2052 2053
f 2062 2056 2054
f 2062 2054 2040
f 2046 2062 2040
f 2063 2062 2046
f 2064 2046 2047
f 2064 2063 2046
f 2065 2047 2048
f 2065 2064 2047
f 2048 2044 2060
f 2048 2060 2065
f 2051 2066 2050
f 2053 2050 2066
f 2069 2068 2067
f 2071 2070 2069
f 2071 2069 2067
f 2073 2072 2070
f 2073 2070 2071
f 2075 2074 2072
f 2075 2072 2073
f 2077 2076 2074
f 2077 2074 2075
f 2079 2078 2076
f 2079 2076 2077
f 2081 2080 2078
f 2081 2078 2079
f 2083 2082 2080
f 2083 2080 2081
f 2085 2084 2082
f 2085 2082 2083
f 2087 2086 2084
f 2087 2084 2085
f 2089 2088 2086
f 2089 2086 2087
f 2091 2090 2088
f 2091 2088 2089
f 2055 2056 2090
f 2091 2055 2090
f 2092 2055 2091
f 2055 2093 2057
f 2092 2093 2055
f 2057 2094 2058
f 2093 2094 2057
f 2094 2096 2095
f 2059 2094 2095
f 2058 2094 2059
f 2095 2060 2059
f 2061 2066 2051
f 2069 2097 2068
f 2053 2066 2061
f 2097 2069 2070
f 2097 2070 2098
f 2098 2070 2072
f 2098 2072 2099
f 2099 2072 2074
f 2099 2074 2100
f 2100 2074 2076
f 2100 2076 2101
f 2101 2076 2078
f 2101 2078 2102
f 2102 2078 2080
f 2102 2080 2103
f 2103 2080 2082
f 2103 2082 2104
f 2104 2082 2084
f 2104 2084 2105
f 2105 2084 2086
f 2105 2086 2106
f 2106 2086 2088
f 2106 2088 2107
f 2107 2088 2090
f 2107 2090 2108
f 2108 2090 2056
f 2062 2108 2056
f 2109 2108 2062
f 2110 2062 2063
f 2110 2109 2062
f 2111 2063 2064
f 2111 2110 2063
f 2065 2095 2096
f 2111 2065 2096
f 2064 2065 2111
f 2095 2065 2060
f 2068 2112 2067
f 2113 2071 2067
f 2113 2067 2112
f 2114 2073 2071
f 2114 2071 2113
f 2115 2075 2073
f 2115 2073 2114
f 2075 2115 2116
f 2117 2075 2116
f 2077 2075 2117
f 2077 2118 2079
f 2117 2118 2077
f 2079 2119 2081
f 2118 2119 2079
f 2081 2120 2083
f 2119 2120 2081
f 2083 2121 2085
f 2120 2121 2083
f 2085 2122 2087
f 2121 2122 2085
f 2087 2123 2089
f 2122 2123 2087
f 2089 2124 2091
f 2123 2124 2089
f 2091 2125 2092
f 2124 2125 2091
f 2092 2126 2093
f 2125 2126 2092
f 2126 2128 2127
f 2094 2126 2127
f 2093 2126 2094
f 2127 2096 2094
f 2097 2112 2068
f 2112 2097 2098
f 2112 2098 2113
f 2113 2098 2099
f 2113 2099 2114
f 2114 2099 2100
f 2114 2100 2115
f 2129 2116 2115
f 2100 2129 2115
f 2101 2129 2100
f 2130 2101 2102
f 2130 2129 2101
f 2131 2102 2103
f 2131 2130 2102
f 2132 2103 2104
f 2132 2131 2103
f 2133 2104 2105
f 2133 2132 2104
f 2134 2105 2106
f 2134 2133 2105
f 2135 2106 2107
f 2135 2134 2106
f 2136 2107 2108
f 2136 2135 2107
f 2137 2108 2109
f 2137 2136 2108
f 2138 2109 2110
f 2138 2137 2109
f 2111 2127 2128
f 2138 2111 2128
f 2110 2111 2138
f 2127 2111 2096
f 2116 2139 2117
f 2140 2118 2117
f 2140 2117 2139
f 2141 2119 2118
f 2141 2118 2140
f 2142 2120 2119
f 2142 2119 2141
f 2143 2121 2120
f 2143 2120 2142
f 2144 2122 2121
f 2144 2121 2143
f 2145 2123 2122
f 2145 2122 2144
f 2146 2124 2123
f 2146 2123 2145
f 2147 2125 2124
f 2147 2124 2146
f 2148 2126 2125
f 2148 2125 2147
f 2148 2128 2126
f 2129 2139 2116
f 2139 2129 2130
f 2139 2130 2140
f 2140 2130 2131
f 2140 2131 2141
f 2141 2131 2132
f 2141 2132 2142
f 2142 2132 2133
f 2142 2133 2143
f 2143 2133 2134
f 2143 2134 2144
f 2144 2134 2135
f 2144 2135 2145
f 2145 2135 2136
f 2145 2136 2146
f 2146 2136 2137
f 2146 2137 2147
f 2147 2137 2138
f 2147 2138 2148
f 2148 2138 2128
f 2151 2150 2149
f 2152 2149 2150
f 2153 2151 2149
f 2153 2149 2152
f 2156 2155 2154
f 2157 2154 2155
f 2151 2158 2150
f 2152 2150 2158
f 2161 2160 2159
f 2162 2161 2159
f 2163 2156 2154
f 2163 2154 2157
f 2153 2158 2151
f 2161 2164 2160
f 2152 2158 2153
f 2164 2161 2162
f 2156 2165 2155
f 2165 2157 2155
f 2160 2166 2159
f 2166 2162 2159
f 2163 2165 2156
f 2165 2163 2157
f 2164 2166 2160
f 2166 2164 2162